Voll,Demand_Segment,Cost_of_Demand_Curtailment_per_MW,Max_Demand_Curtailment,$/MWh,Rep_Periods,Timesteps_per_Rep_Period,Sub_Weights,Time_Index,Demand_MW_z1,Demand_MW_z2,Demand_MW_z3
50000,1,1,1,2000,1,8760,8760,1,23550,6726,3210
,2,0.9,0.04,1800,,,,2,22272,6360,3036
,3,0.55,0.024,1100,,,,3,21321,6087,2907
,4,0.2,0.003,400,,,,4,20841,5952,2841
,,,,,,,,5,20766,5931,2832
,,,,,,,,6,21135,6036,2880
,,,,,,,,7,21921,6261,2988
,,,,,,,,8,22632,6462,3087
,,,,,,,,9,23838,6807,3249
,,,,,,,,10,25020,7146,3411
,,,,,,,,11,25734,7347,3507
,,,,,,,,12,25998,7422,3543
,,,,,,,,13,26121,7461,3561
,,,,,,,,14,25890,7392,3528
,,,,,,,,15,25632,7320,3495
,,,,,,,,16,25782,7362,3513
,,,,,,,,17,28293,8079,3858
,,,,,,,,18,30675,8760,4182
,,,,,,,,19,30495,8709,4158
,,,,,,,,20,29562,8445,4029
,,,,,,,,21,28470,8130,3882
,,,,,,,,22,26946,7695,3675
,,,,,,,,23,25059,7155,3417
,,,,,,,,24,22944,6552,3126
,,,,,,,,25,21153,6039,2883
,,,,,,,,26,20067,5730,2736
,,,,,,,,27,19545,5583,2664
,,,,,,,,28,19428,5547,2649
,,,,,,,,29,19854,5670,2706
,,,,,,,,30,20940,5979,2853
,,,,,,,,31,22569,6444,3075
,,,,,,,,32,23904,6825,3258
,,,,,,,,33,25539,7293,3483
,,,,,,,,34,27216,7773,3708
,,,,,,,,35,28446,8124,3876
,,,,,,,,36,28950,8265,3948
,,,,,,,,37,28905,8253,3939
,,,,,,,,38,28716,8202,3915
,,,,,,,,39,28626,8175,3903
,,,,,,,,40,29061,8298,3963
,,,,,,,,41,31788,9078,4332
,,,,,,,,42,34545,9867,4710
,,,,,,,,43,34242,9780,4668
,,,,,,,,44,33414,9543,4557
,,,,,,,,45,32064,9156,4371
,,,,,,,,46,29937,8550,4080
,,,,,,,,47,27300,7797,3723
,,,,,,,,48,24912,7116,3396
,,,,,,,,49,23328,6663,3180
,,,,,,,,50,22539,6435,3072
,,,,,,,,51,22158,6327,3021
,,,,,,,,52,22203,6342,3027
,,,,,,,,53,23001,6567,3135
,,,,,,,,54,25365,7242,3456
,,,,,,,,55,29544,8436,4029
,,,,,,,,56,31887,9105,4347
,,,,,,,,57,32283,9219,4401
,,,,,,,,58,32505,9282,4431
,,,,,,,,59,32796,9366,4470
,,,,,,,,60,32850,9381,4479
,,,,,,,,61,32715,9345,4461
,,,,,,,,62,32670,9333,4452
,,,,,,,,63,32547,9294,4437
,,,,,,,,64,32997,9423,4497
,,,,,,,,65,35574,10158,4848
,,,,,,,,66,38388,10962,5235
,,,,,,,,67,38463,10983,5244
,,,,,,,,68,37815,10800,5157
,,,,,,,,69,36585,10449,4989
,,,,,,,,70,34428,9831,4695
,,,,,,,,71,31545,9009,4302
,,,,,,,,72,29022,8289,3957
,,,,,,,,73,27453,7842,3741
,,,,,,,,74,26628,7605,3630
,,,,,,,,75,26208,7485,3573
,,,,,,,,76,26256,7497,3579
,,,,,,,,77,26970,7704,3678
,,,,,,,,78,29199,8340,3981
,,,,,,,,79,33252,9498,4533
,,,,,,,,80,35460,10128,4833
,,,,,,,,81,35502,10140,4842
,,,,,,,,82,35409,10113,4827
,,,,,,,,83,35331,10089,4815
,,,,,,,,84,34983,9990,4770
,,,,,,,,85,34482,9849,4701
,,,,,,,,86,34185,9765,4662
,,,,,,,,87,33918,9687,4623
,,,,,,,,88,34269,9786,4671
,,,,,,,,89,36663,10473,4998
,,,,,,,,90,38613,11028,5265
,,,,,,,,91,38316,10941,5223
,,,,,,,,92,37422,10686,5103
,,,,,,,,93,35991,10278,4905
,,,,,,,,94,33621,9603,4584
,,,,,,,,95,30603,8742,4173
,,,,,,,,96,27810,7944,3792
,,,,,,,,97,26028,7434,3546
,,,,,,,,98,25074,7161,3420
,,,,,,,,99,24594,7023,3351
,,,,,,,,100,24504,6999,3342
,,,,,,,,101,25134,7179,3426
,,,,,,,,102,27195,7767,3708
,,,,,,,,103,31113,8886,4242
,,,,,,,,104,33408,9543,4554
,,,,,,,,105,33651,9612,4590
,,,,,,,,106,33801,9654,4608
,,,,,,,,107,33648,9609,4590
,,,,,,,,108,33177,9477,4524
,,,,,,,,109,32769,9357,4467
,,,,,,,,110,32607,9312,4446
,,,,,,,,111,32349,9240,4410
,,,,,,,,112,32559,9300,4437
,,,,,,,,113,34626,9888,4722
,,,,,,,,114,36891,10536,5028
,,,,,,,,115,36756,10497,5013
,,,,,,,,116,35922,10260,4896
,,,,,,,,117,34581,9876,4713
,,,,,,,,118,32364,9243,4413
,,,,,,,,119,29385,8391,4005
,,,,,,,,120,26811,7659,3654
,,,,,,,,121,25128,7176,3423
,,,,,,,,122,24213,6915,3300
,,,,,,,,123,23745,6780,3237
,,,,,,,,124,23628,6747,3222
,,,,,,,,125,24204,6912,3300
,,,,,,,,126,26250,7497,3579
,,,,,,,,127,30096,8595,4104
,,,,,,,,128,32400,9255,4419
,,,,,,,,129,32670,9330,4452
,,,,,,,,130,32703,9339,4458
,,,,,,,,131,32559,9300,4437
,,,,,,,,132,32076,9159,4374
,,,,,,,,133,31545,9009,4302
,,,,,,,,134,31269,8928,4263
,,,,,,,,135,30834,8805,4203
,,,,,,,,136,30981,8850,4224
,,,,,,,,137,32790,9363,4470
,,,,,,,,138,34521,9858,4707
,,,,,,,,139,33966,9702,4632
,,,,,,,,140,32988,9420,4497
,,,,,,,,141,31683,9048,4320
,,,,,,,,142,29982,8565,4089
,,,,,,,,143,27672,7905,3771
,,,,,,,,144,25296,7224,3450
,,,,,,,,145,23457,6702,3198
,,,,,,,,146,22440,6408,3060
,,,,,,,,147,21888,6249,2982
,,,,,,,,148,21663,6189,2952
,,,,,,,,149,21879,6249,2982
,,,,,,,,150,22713,6486,3096
,,,,,,,,151,24219,6915,3300
,,,,,,,,152,25806,7368,3516
,,,,,,,,153,27429,7833,3741
,,,,,,,,154,28413,8112,3873
,,,,,,,,155,28689,8193,3909
,,,,,,,,156,28458,8127,3879
,,,,,,,,157,27936,7977,3807
,,,,,,,,158,27345,7809,3726
,,,,,,,,159,26928,7692,3672
,,,,,,,,160,27216,7773,3708
,,,,,,,,161,29208,8340,3984
,,,,,,,,162,31209,8910,4254
,,,,,,,,163,30840,8808,4206
,,,,,,,,164,29850,8526,4071
,,,,,,,,165,28914,8256,3942
,,,,,,,,166,27561,7872,3756
,,,,,,,,167,25791,7365,3516
,,,,,,,,168,23844,6810,3252
,,,,,,,,169,22212,6342,3030
,,,,,,,,170,21267,6072,2898
,,,,,,,,171,20706,5913,2823
,,,,,,,,172,20556,5871,2802
,,,,,,,,173,20712,5916,2823
,,,,,,,,174,21315,6087,2907
,,,,,,,,175,22482,6420,3063
,,,,,,,,176,23703,6768,3231
,,,,,,,,177,25404,7254,3462
,,,,,,,,178,26718,7632,3642
,,,,,,,,179,27549,7869,3756
,,,,,,,,180,28068,8016,3828
,,,,,,,,181,28158,8040,3840
,,,,,,,,182,28002,7995,3816
,,,,,,,,183,27903,7968,3804
,,,,,,,,184,28293,8082,3858
,,,,,,,,185,30720,8775,4188
,,,,,,,,186,33243,9495,4533
,,,,,,,,187,33192,9480,4527
,,,,,,,,188,32337,9234,4407
,,,,,,,,189,31215,8913,4254
,,,,,,,,190,29373,8388,4005
,,,,,,,,191,26949,7695,3675
,,,,,,,,192,24828,7092,3384
,,,,,,,,193,23439,6693,3195
,,,,,,,,194,22770,6504,3105
,,,,,,,,195,22521,6432,3072
,,,,,,,,196,22608,6456,3081
,,,,,,,,197,23424,6690,3195
,,,,,,,,198,25776,7362,3513
,,,,,,,,199,30009,8571,4089
,,,,,,,,200,32454,9270,4425
,,,,,,,,201,32694,9336,4458
,,,,,,,,202,32727,9345,4461
,,,,,,,,203,32709,9342,4461
,,,,,,,,204,32430,9261,4422
,,,,,,,,205,31881,9105,4347
,,,,,,,,206,31539,9006,4302
,,,,,,,,207,31098,8880,4242
,,,,,,,,208,31203,8910,4254
,,,,,,,,209,33303,9510,4542
,,,,,,,,210,36132,10320,4926
,,,,,,,,211,36045,10293,4914
,,,,,,,,212,35079,10017,4782
,,,,,,,,213,33675,9615,4590
,,,,,,,,214,31359,8955,4275
,,,,,,,,215,28410,8112,3873
,,,,,,,,216,25800,7368,3516
,,,,,,,,217,24087,6879,3285
,,,,,,,,218,23235,6636,3165
,,,,,,,,219,22767,6501,3105
,,,,,,,,220,22734,6492,3099
,,,,,,,,221,23391,6681,3189
,,,,,,,,222,25563,7302,3483
,,,,,,,,223,29679,8475,4047
,,,,,,,,224,31878,9105,4347
,,,,,,,,225,31995,9138,4362
,,,,,,,,226,32157,9183,4383
,,,,,,,,227,32169,9186,4386
,,,,,,,,228,31857,9099,4344
,,,,,,,,229,31332,8949,4272
,,,,,,,,230,31065,8871,4236
,,,,,,,,231,30786,8790,4197
,,,,,,,,232,30996,8850,4224
,,,,,,,,233,33024,9432,4503
,,,,,,,,234,35334,10089,4815
,,,,,,,,235,35073,10017,4782
,,,,,,,,236,34203,9768,4665
,,,,,,,,237,32919,9402,4488
,,,,,,,,238,30750,8781,4194
,,,,,,,,239,27891,7965,3801
,,,,,,,,240,25404,7254,3462
,,,,,,,,241,23826,6807,3249
,,,,,,,,242,23037,6579,3141
,,,,,,,,243,22674,6474,3090
,,,,,,,,244,22776,6504,3105
,,,,,,,,245,23490,6708,3201
,,,,,,,,246,25839,7377,3522
,,,,,,,,247,29973,8562,4089
,,,,,,,,248,32166,9186,4386
,,,,,,,,249,32169,9186,4386
,,,,,,,,250,31977,9132,4359
,,,,,,,,251,31863,9099,4344
,,,,,,,,252,31608,9027,4308
,,,,,,,,253,31164,8898,4248
,,,,,,,,254,30984,8850,4224
,,,,,,,,255,30690,8763,4182
,,,,,,,,256,30897,8823,4212
,,,,,,,,257,32895,9393,4485
,,,,,,,,258,35343,10095,4818
,,,,,,,,259,35211,10056,4800
,,,,,,,,260,34344,9810,4680
,,,,,,,,261,33027,9432,4503
,,,,,,,,262,30765,8787,4194
,,,,,,,,263,27825,7947,3795
,,,,,,,,264,25236,7206,3438
,,,,,,,,265,23526,6717,3207
,,,,,,,,266,22587,6450,3078
,,,,,,,,267,22143,6324,3018
,,,,,,,,268,22134,6321,3015
,,,,,,,,269,22821,6516,3111
,,,,,,,,270,24966,7128,3405
,,,,,,,,271,28824,8232,3930
,,,,,,,,272,31491,8994,4293
,,,,,,,,273,32232,9204,4392
,,,,,,,,274,32757,9357,4467
,,,,,,,,275,33219,9486,4527
,,,,,,,,276,33336,9519,4545
,,,,,,,,277,33204,9483,4527
,,,,,,,,278,33057,9441,4506
,,,,,,,,279,32619,9315,4446
,,,,,,,,280,32541,9294,4437
,,,,,,,,281,34092,9738,4650
,,,,,,,,282,35853,10239,4890
,,,,,,,,283,35490,10134,4839
,,,,,,,,284,34437,9834,4695
,,,,,,,,285,32991,9420,4497
,,,,,,,,286,30672,8760,4179
,,,,,,,,287,27753,7926,3783
,,,,,,,,288,25215,7200,3438
,,,,,,,,289,23433,6693,3195
,,,,,,,,290,22539,6435,3072
,,,,,,,,291,22113,6315,3012
,,,,,,,,292,22032,6294,3003
,,,,,,,,293,22626,6462,3084
,,,,,,,,294,24651,7041,3360
,,,,,,,,295,28503,8139,3885
,,,,,,,,296,31020,8859,4227
,,,,,,,,297,31509,9000,4296
,,,,,,,,298,31644,9036,4314
,,,,,,,,299,31686,9048,4320
,,,,,,,,300,31548,9009,4302
,,,,,,,,301,31260,8928,4263
,,,,,,,,302,31134,8892,4245
,,,,,,,,303,31017,8859,4227
,,,,,,,,304,31467,8985,4290
,,,,,,,,305,33423,9546,4557
,,,,,,,,306,35385,10107,4824
,,,,,,,,307,35064,10014,4782
,,,,,,,,308,34167,9759,4659
,,,,,,,,309,33030,9435,4503
,,,,,,,,310,31335,8949,4272
,,,,,,,,311,29061,8298,3963
,,,,,,,,312,26793,7650,3651
,,,,,,,,313,25023,7146,3411
,,,,,,,,314,23988,6852,3270
,,,,,,,,315,23406,6687,3192
,,,,,,,,316,23226,6633,3165
,,,,,,,,317,23469,6702,3198
,,,,,,,,318,24291,6939,3312
,,,,,,,,319,25833,7377,3522
,,,,,,,,320,27384,7821,3732
,,,,,,,,321,29139,8322,3972
,,,,,,,,322,30519,8715,4161
,,,,,,,,323,31101,8880,4242
,,,,,,,,324,30906,8826,4212
,,,,,,,,325,30414,8685,4149
,,,,,,,,326,29844,8523,4068
,,,,,,,,327,29574,8445,4032
,,,,,,,,328,29814,8514,4065
,,,,,,,,329,31758,9069,4332
,,,,,,,,330,34410,9828,4692
,,,,,,,,331,34401,9825,4692
,,,,,,,,332,33630,9603,4587
,,,,,,,,333,32571,9303,4440
,,,,,,,,334,31281,8934,4266
,,,,,,,,335,29748,8496,4056
,,,,,,,,336,27963,7986,3813
,,,,,,,,337,26283,7506,3585
,,,,,,,,338,25278,7218,3447
,,,,,,,,339,24870,7104,3390
,,,,,,,,340,24822,7089,3384
,,,,,,,,341,25101,7167,3420
,,,,,,,,342,25800,7368,3516
,,,,,,,,343,27006,7713,3681
,,,,,,,,344,28308,8082,3861
,,,,,,,,345,30147,8610,4110
,,,,,,,,346,31530,9003,4299
,,,,,,,,347,32286,9219,4401
,,,,,,,,348,32538,9291,4437
,,,,,,,,349,32511,9285,4434
,,,,,,,,350,32181,9192,4389
,,,,,,,,351,31983,9135,4362
,,,,,,,,352,32241,9207,4395
,,,,,,,,353,34329,9804,4680
,,,,,,,,354,37059,10584,5052
,,,,,,,,355,37104,10596,5058
,,,,,,,,356,36072,10302,4920
,,,,,,,,357,35040,10008,4776
,,,,,,,,358,33294,9510,4539
,,,,,,,,359,31209,8913,4254
,,,,,,,,360,29121,8316,3969
,,,,,,,,361,27654,7899,3771
,,,,,,,,362,26889,7677,3666
,,,,,,,,363,26580,7590,3624
,,,,,,,,364,26592,7596,3624
,,,,,,,,365,27207,7770,3708
,,,,,,,,366,28812,8229,3927
,,,,,,,,367,31464,8985,4290
,,,,,,,,368,33417,9543,4557
,,,,,,,,369,34761,9927,4740
,,,,,,,,370,35511,10143,4842
,,,,,,,,371,35799,10224,4881
,,,,,,,,372,35514,10143,4842
,,,,,,,,373,34944,9978,4764
,,,,,,,,374,34545,9867,4710
,,,,,,,,375,34110,9741,4650
,,,,,,,,376,34176,9762,4659
,,,,,,,,377,35916,10257,4896
,,,,,,,,378,38235,10920,5211
,,,,,,,,379,37812,10800,5154
,,,,,,,,380,36669,10473,4998
,,,,,,,,381,35004,9996,4770
,,,,,,,,382,32604,9312,4446
,,,,,,,,383,29733,8490,4053
,,,,,,,,384,27084,7737,3693
,,,,,,,,385,25266,7215,3444
,,,,,,,,386,24240,6924,3303
,,,,,,,,387,23778,6792,3240
,,,,,,,,388,23655,6756,3225
,,,,,,,,389,24252,6927,3306
,,,,,,,,390,26313,7512,3588
,,,,,,,,391,30051,8583,4098
,,,,,,,,392,32244,9210,4395
,,,,,,,,393,32568,9303,4440
,,,,,,,,394,32583,9303,4440
,,,,,,,,395,32559,9300,4437
,,,,,,,,396,32433,9261,4422
,,,,,,,,397,32262,9213,4398
,,,,,,,,398,32223,9204,4392
,,,,,,,,399,32115,9171,4377
,,,,,,,,400,32424,9258,4422
,,,,,,,,401,34224,9774,4665
,,,,,,,,402,35970,10272,4905
,,,,,,,,403,35469,10128,4836
,,,,,,,,404,34401,9825,4689
,,,,,,,,405,32808,9372,4473
,,,,,,,,406,30435,8691,4149
,,,,,,,,407,27474,7845,3744
,,,,,,,,408,24810,7086,3381
,,,,,,,,409,23019,6573,3138
,,,,,,,,410,22104,6312,3012
,,,,,,,,411,21630,6177,2949
,,,,,,,,412,21576,6162,2940
,,,,,,,,413,22284,6363,3039
,,,,,,,,414,24585,7020,3351
,,,,,,,,415,28803,8226,3927
,,,,,,,,416,31011,8856,4227
,,,,,,,,417,31242,8922,4257
,,,,,,,,418,31431,8976,4284
,,,,,,,,419,31674,9045,4317
,,,,,,,,420,31689,9051,4320
,,,,,,,,421,31542,9009,4302
,,,,,,,,422,31506,9000,4296
,,,,,,,,423,31356,8955,4275
,,,,,,,,424,31620,9030,4311
,,,,,,,,425,33501,9567,4569
,,,,,,,,426,36666,10473,4998
,,,,,,,,427,36933,10548,5037
,,,,,,,,428,36291,10365,4947
,,,,,,,,429,35043,10008,4776
,,,,,,,,430,32925,9405,4488
,,,,,,,,431,30228,8634,4119
,,,,,,,,432,27747,7923,3783
,,,,,,,,433,26202,7482,3573
,,,,,,,,434,25464,7272,3471
,,,,,,,,435,25158,7185,3429
,,,,,,,,436,25215,7200,3438
,,,,,,,,437,26016,7428,3546
,,,,,,,,438,28338,8094,3864
,,,,,,,,439,32580,9303,4440
,,,,,,,,440,34803,9939,4743
,,,,,,,,441,34899,9966,4758
,,,,,,,,442,34722,9918,4734
,,,,,,,,443,34533,9861,4710
,,,,,,,,444,34104,9738,4650
,,,,,,,,445,33570,9588,4575
,,,,,,,,446,33234,9492,4530
,,,,,,,,447,32838,9378,4479
,,,,,,,,448,33063,9444,4509
,,,,,,,,449,34731,9918,4737
,,,,,,,,450,37056,10584,5052
,,,,,,,,451,36990,10563,5043
,,,,,,,,452,36351,10383,4956
,,,,,,,,453,34893,9966,4755
,,,,,,,,454,32595,9309,4443
,,,,,,,,455,29700,8481,4050
,,,,,,,,456,27075,7734,3693
,,,,,,,,457,25302,7227,3450
,,,,,,,,458,24300,6942,3315
,,,,,,,,459,23841,6807,3249
,,,,,,,,460,23739,6780,3237
,,,,,,,,461,24456,6987,3333
,,,,,,,,462,26598,7596,3627
,,,,,,,,463,30564,8730,4167
,,,,,,,,464,32673,9333,4452
,,,,,,,,465,32910,9399,4485
,,,,,,,,466,33006,9426,4500
,,,,,,,,467,33099,9453,4512
,,,,,,,,468,32964,9414,4494
,,,,,,,,469,32595,9309,4443
,,,,,,,,470,32358,9243,4410
,,,,,,,,471,31968,9129,4359
,,,,,,,,472,32022,9147,4365
,,,,,,,,473,33444,9552,4560
,,,,,,,,474,36075,10305,4920
,,,,,,,,475,35940,10263,4899
,,,,,,,,476,35058,10011,4779
,,,,,,,,477,33915,9687,4623
,,,,,,,,478,32283,9219,4401
,,,,,,,,479,30057,8583,4098
,,,,,,,,480,27729,7917,3780
,,,,,,,,481,26070,7446,3555
,,,,,,,,482,25140,7179,3426
,,,,,,,,483,24570,7017,3348
,,,,,,,,484,24348,6954,3318
,,,,,,,,485,24555,7014,3348
,,,,,,,,486,25350,7242,3456
,,,,,,,,487,26919,7689,3669
,,,,,,,,488,28788,8220,3924
,,,,,,,,489,30870,8817,4209
,,,,,,,,490,32685,9333,4455
,,,,,,,,491,33801,9654,4608
,,,,,,,,492,34278,9789,4674
,,,,,,,,493,34275,9789,4674
,,,,,,,,494,33840,9663,4614
,,,,,,,,495,33288,9507,4539
,,,,,,,,496,33054,9438,4506
,,,,,,,,497,34317,9798,4680
,,,,,,,,498,36483,10419,4974
,,,,,,,,499,36108,10311,4923
,,,,,,,,500,34857,9954,4752
,,,,,,,,501,33570,9585,4575
,,,,,,,,502,31902,9111,4347
,,,,,,,,503,29853,8526,4071
,,,,,,,,504,27849,7953,3798
,,,,,,,,505,26283,7506,3585
,,,,,,,,506,25422,7260,3468
,,,,,,,,507,25008,7140,3408
,,,,,,,,508,24825,7092,3384
,,,,,,,,509,24990,7137,3408
,,,,,,,,510,25671,7332,3498
,,,,,,,,511,26877,7677,3666
,,,,,,,,512,28197,8052,3846
,,,,,,,,513,29946,8550,4083
,,,,,,,,514,31023,8859,4230
,,,,,,,,515,31449,8982,4287
,,,,,,,,516,31443,8979,4284
,,,,,,,,517,31254,8925,4260
,,,,,,,,518,31017,8859,4227
,,,,,,,,519,30924,8832,4215
,,,,,,,,520,30978,8847,4224
,,,,,,,,521,32424,9258,4422
,,,,,,,,522,34581,9876,4713
,,,,,,,,523,34593,9879,4716
,,,,,,,,524,33960,9699,4632
,,,,,,,,525,32715,9345,4461
,,,,,,,,526,30666,8760,4179
,,,,,,,,527,28374,8103,3867
,,,,,,,,528,26049,7437,3552
,,,,,,,,529,24378,6963,3324
,,,,,,,,530,23526,6717,3207
,,,,,,,,531,23181,6621,3162
,,,,,,,,532,23199,6627,3165
,,,,,,,,533,23919,6831,3261
,,,,,,,,534,26112,7455,3558
,,,,,,,,535,30102,8595,4104
,,,,,,,,536,32343,9237,4407
,,,,,,,,537,32826,9378,4476
,,,,,,,,538,33099,9453,4512
,,,,,,,,539,33357,9528,4548
,,,,,,,,540,33309,9510,4542
,,,,,,,,541,32988,9420,4497
,,,,,,,,542,32763,9357,4467
,,,,,,,,543,32409,9255,4419
,,,,,,,,544,32424,9258,4422
,,,,,,,,545,33903,9681,4620
,,,,,,,,546,36057,10296,4917
,,,,,,,,547,35757,10212,4875
,,,,,,,,548,34623,9888,4722
,,,,,,,,549,32991,9420,4497
,,,,,,,,550,30591,8736,4170
,,,,,,,,551,27582,7875,3759
,,,,,,,,552,24855,7098,3390
,,,,,,,,553,23121,6603,3150
,,,,,,,,554,22023,6291,3000
,,,,,,,,555,21486,6135,2928
,,,,,,,,556,21348,6096,2910
,,,,,,,,557,21957,6270,2994
,,,,,,,,558,23982,6849,3270
,,,,,,,,559,28011,7998,3819
,,,,,,,,560,30234,8634,4122
,,,,,,,,561,30459,8700,4152
,,,,,,,,562,30333,8664,4134
,,,,,,,,563,30369,8673,4140
,,,,,,,,564,30243,8637,4122
,,,,,,,,565,29895,8538,4074
,,,,,,,,566,29667,8475,4044
,,,,,,,,567,29349,8382,3999
,,,,,,,,568,29373,8388,4005
,,,,,,,,569,30843,8808,4206
,,,,,,,,570,33546,9582,4575
,,,,,,,,571,33576,9588,4578
,,,,,,,,572,32778,9360,4467
,,,,,,,,573,31479,8991,4290
,,,,,,,,574,29328,8376,3996
,,,,,,,,575,26640,7608,3633
,,,,,,,,576,24126,6891,3288
,,,,,,,,577,22509,6429,3069
,,,,,,,,578,21696,6195,2958
,,,,,,,,579,21333,6093,2907
,,,,,,,,580,21351,6099,2910
,,,,,,,,581,22038,6294,3003
,,,,,,,,582,24261,6927,3306
,,,,,,,,583,28470,8130,3882
,,,,,,,,584,30819,8802,4203
,,,,,,,,585,31014,8856,4227
,,,,,,,,586,31188,8907,4254
,,,,,,,,587,31329,8946,4272
,,,,,,,,588,31248,8925,4260
,,,,,,,,589,30936,8835,4218
,,,,,,,,590,30768,8787,4194
,,,,,,,,591,30414,8685,4149
,,,,,,,,592,30366,8673,4140
,,,,,,,,593,31734,9063,4326
,,,,,,,,594,34719,9918,4734
,,,,,,,,595,34920,9975,4761
,,,,,,,,596,34125,9747,4653
,,,,,,,,597,32874,9390,4482
,,,,,,,,598,30633,8748,4176
,,,,,,,,599,27729,7917,3780
,,,,,,,,600,25155,7182,3429
,,,,,,,,601,23475,6705,3201
,,,,,,,,602,22617,6459,3084
,,,,,,,,603,22212,6342,3030
,,,,,,,,604,22194,6339,3027
,,,,,,,,605,22896,6540,3120
,,,,,,,,606,25029,7149,3411
,,,,,,,,607,29211,8340,3984
,,,,,,,,608,31446,8982,4287
,,,,,,,,609,31596,9024,4308
,,,,,,,,610,31500,8997,4296
,,,,,,,,611,31422,8973,4284
,,,,,,,,612,31215,8916,4254
,,,,,,,,613,30966,8844,4221
,,,,,,,,614,30942,8835,4218
,,,,,,,,615,30855,8811,4206
,,,,,,,,616,31092,8880,4239
,,,,,,,,617,32604,9312,4446
,,,,,,,,618,34980,9990,4770
,,,,,,,,619,34890,9963,4755
,,,,,,,,620,34083,9735,4647
,,,,,,,,621,32733,9348,4464
,,,,,,,,622,30573,8730,4167
,,,,,,,,623,27732,7920,3780
,,,,,,,,624,25188,7194,3435
,,,,,,,,625,23466,6702,3198
,,,,,,,,626,22482,6420,3063
,,,,,,,,627,22029,6291,3003
,,,,,,,,628,21867,6246,2982
,,,,,,,,629,22446,6411,3060
,,,,,,,,630,24426,6975,3330
,,,,,,,,631,28164,8043,3840
,,,,,,,,632,30699,8766,4185
,,,,,,,,633,31482,8991,4293
,,,,,,,,634,31995,9138,4362
,,,,,,,,635,32340,9237,4407
,,,,,,,,636,32451,9267,4422
,,,,,,,,637,32229,9204,4392
,,,,,,,,638,31971,9132,4359
,,,,,,,,639,31548,9009,4302
,,,,,,,,640,31404,8970,4281
,,,,,,,,641,32364,9243,4413
,,,,,,,,642,33762,9642,4605
,,,,,,,,643,33264,9501,4536
,,,,,,,,644,32145,9180,4383
,,,,,,,,645,30936,8835,4218
,,,,,,,,646,29301,8370,3996
,,,,,,,,647,27123,7746,3696
,,,,,,,,648,24915,7116,3396
,,,,,,,,649,23139,6609,3153
,,,,,,,,650,22068,6303,3009
,,,,,,,,651,21522,6144,2934
,,,,,,,,652,21318,6087,2907
,,,,,,,,653,21510,6144,2934
,,,,,,,,654,22410,6402,3057
,,,,,,,,655,23967,6846,3267
,,,,,,,,656,25629,7317,3495
,,,,,,,,657,27387,7821,3735
,,,,,,,,658,28512,8145,3888
,,,,,,,,659,29013,8286,3954
,,,,,,,,660,28734,8205,3918
,,,,,,,,661,28191,8052,3843
,,,,,,,,662,27456,7842,3741
,,,,,,,,663,27006,7713,3681
,,,,,,,,664,27015,7716,3681
,,,,,,,,665,28305,8082,3861
,,,,,,,,666,31023,8859,4230
,,,,,,,,667,31248,8925,4260
,,,,,,,,668,30336,8664,4134
,,,,,,,,669,29406,8400,4011
,,,,,,,,670,27993,7995,3816
,,,,,,,,671,26190,7479,3570
,,,,,,,,672,24264,6930,3309
,,,,,,,,673,22701,6483,3093
,,,,,,,,674,21762,6216,2967
,,,,,,,,675,21264,6072,2898
,,,,,,,,676,21102,6024,2877
,,,,,,,,677,21303,6084,2904
,,,,,,,,678,21936,6267,2991
,,,,,,,,679,23097,6597,3150
,,,,,,,,680,24270,6930,3309
,,,,,,,,681,26019,7431,3546
,,,,,,,,682,27207,7770,3708
,,,,,,,,683,27855,7956,3798
,,,,,,,,684,28083,8022,3828
,,,,,,,,685,27996,7995,3816
,,,,,,,,686,27711,7914,3777
,,,,,,,,687,27411,7830,3738
,,,,,,,,688,27531,7863,3753
,,,,,,,,689,29118,8316,3969
,,,,,,,,690,32346,9237,4410
,,,,,,,,691,32850,9381,4479
,,,,,,,,692,32073,9159,4374
,,,,,,,,693,30864,8814,4209
,,,,,,,,694,28914,8259,3942
,,,,,,,,695,26547,7581,3618
,,,,,,,,696,24345,6954,3318
,,,,,,,,697,22857,6528,3117
,,,,,,,,698,22122,6318,3015
,,,,,,,,699,21834,6237,2976
,,,,,,,,700,21921,6261,2988
,,,,,,,,701,22713,6486,3096
,,,,,,,,702,24954,7125,3402
,,,,,,,,703,29178,8334,3978
,,,,,,,,704,31443,8979,4284
,,,,,,,,705,31740,9063,4329
,,,,,,,,706,32010,9141,4362
,,,,,,,,707,31983,9135,4362
,,,,,,,,708,31845,9093,4341
,,,,,,,,709,31596,9024,4308
,,,,,,,,710,31362,8955,4275
,,,,,,,,711,31029,8862,4230
,,,,,,,,712,31137,8895,4245
,,,,,,,,713,32451,9267,4422
,,,,,,,,714,35535,10149,4845
,,,,,,,,715,35922,10260,4899
,,,,,,,,716,35076,10017,4782
,,,,,,,,717,33759,9642,4605
,,,,,,,,718,31455,8985,4287
,,,,,,,,719,28527,8145,3891
,,,,,,,,720,25899,7395,3528
,,,,,,,,721,24252,6927,3306
,,,,,,,,722,23352,6672,3183
,,,,,,,,723,22920,6546,3123
,,,,,,,,724,22878,6534,3120
,,,,,,,,725,23538,6723,3210
,,,,,,,,726,25671,7332,3498
,,,,,,,,727,29730,8490,4053
,,,,,,,,728,31977,9132,4362
,,,,,,,,729,32196,9195,4389
,,,,,,,,730,32163,9183,4386
,,,,,,,,731,32010,9141,4362
,,,,,,,,732,31641,9036,4314
,,,,,,,,733,31098,8880,4242
,,,,,,,,734,30660,8757,4179
,,,,,,,,735,30144,8610,4110
,,,,,,,,736,29970,8559,4086
,,,,,,,,737,31002,8853,4224
,,,,,,,,738,33879,9678,4620
,,,,,,,,739,34269,9786,4671
,,,,,,,,740,33444,9552,4560
,,,,,,,,741,32082,9162,4374
,,,,,,,,742,29913,8544,4077
,,,,,,,,743,27048,7722,3687
,,,,,,,,744,24492,6996,3339
,,,,,,,,745,22851,6525,3114
,,,,,,,,746,21945,6267,2991
,,,,,,,,747,21510,6144,2931
,,,,,,,,748,21510,6144,2934
,,,,,,,,749,22119,6315,3015
,,,,,,,,750,24285,6936,3312
,,,,,,,,751,28341,8094,3864
,,,,,,,,752,30684,8763,4182
,,,,,,,,753,30915,8829,4215
,,,,,,,,754,30936,8835,4218
,,,,,,,,755,30912,8829,4215
,,,,,,,,756,30849,8811,4206
,,,,,,,,757,30531,8718,4164
,,,,,,,,758,30237,8637,4122
,,,,,,,,759,29631,8460,4041
,,,,,,,,760,29376,8388,4005
,,,,,,,,761,30225,8631,4119
,,,,,,,,762,32910,9399,4485
,,,,,,,,763,33276,9504,4536
,,,,,,,,764,32460,9270,4425
,,,,,,,,765,31152,8895,4248
,,,,,,,,766,29034,8292,3957
,,,,,,,,767,26214,7485,3573
,,,,,,,,768,23712,6774,3231
,,,,,,,,769,22095,6309,3012
,,,,,,,,770,21261,6072,2898
,,,,,,,,771,20880,5964,2847
,,,,,,,,772,20913,5973,2850
,,,,,,,,773,21609,6171,2946
,,,,,,,,774,23859,6813,3252
,,,,,,,,775,28065,8016,3825
,,,,,,,,776,30294,8652,4131
,,,,,,,,777,30708,8769,4185
,,,,,,,,778,30987,8850,4224
,,,,,,,,779,31287,8937,4266
,,,,,,,,780,31356,8955,4275
,,,,,,,,781,31230,8919,4257
,,,,,,,,782,31176,8904,4251
,,,,,,,,783,31077,8874,4236
,,,,,,,,784,31359,8955,4275
,,,,,,,,785,32715,9345,4461
,,,,,,,,786,34740,9921,4737
,,,,,,,,787,34839,9948,4749
,,,,,,,,788,34038,9723,4641
,,,,,,,,789,32802,9369,4473
,,,,,,,,790,30678,8760,4182
,,,,,,,,791,27912,7971,3804
,,,,,,,,792,25431,7263,3468
,,,,,,,,793,23805,6798,3246
,,,,,,,,794,22938,6552,3126
,,,,,,,,795,22629,6462,3084
,,,,,,,,796,22674,6474,3090
,,,,,,,,797,23373,6675,3186
,,,,,,,,798,25641,7320,3495
,,,,,,,,799,29820,8517,4065
,,,,,,,,800,31878,9105,4347
,,,,,,,,801,32130,9177,4380
,,,,,,,,802,32055,9153,4371
,,,,,,,,803,31980,9135,4362
,,,,,,,,804,31671,9045,4317
,,,,,,,,805,31095,8880,4239
,,,,,,,,806,30705,8769,4185
,,,,,,,,807,30228,8634,4119
,,,,,,,,808,30069,8589,4101
,,,,,,,,809,30966,8844,4221
,,,,,,,,810,33444,9552,4557
,,,,,,,,811,33780,9648,4605
,,,,,,,,812,32946,9408,4491
,,,,,,,,813,31839,9090,4341
,,,,,,,,814,30183,8619,4116
,,,,,,,,815,27927,7977,3807
,,,,,,,,816,25497,7281,3477
,,,,,,,,817,23703,6768,3231
,,,,,,,,818,22710,6486,3096
,,,,,,,,819,22161,6327,3021
,,,,,,,,820,21948,6267,2991
,,,,,,,,821,22113,6315,3012
,,,,,,,,822,22914,6543,3123
,,,,,,,,823,24489,6993,3339
,,,,,,,,824,26109,7455,3558
,,,,,,,,825,27816,7944,3792
,,,,,,,,826,28857,8241,3936
,,,,,,,,827,29214,8343,3984
,,,,,,,,828,28989,8280,3954
,,,,,,,,829,28509,8142,3888
,,,,,,,,830,27909,7971,3804
,,,,,,,,831,27534,7863,3756
,,,,,,,,832,27567,7875,3756
,,,,,,,,833,28653,8184,3906
,,,,,,,,834,31419,8973,4284
,,,,,,,,835,32022,9144,4365
,,,,,,,,836,31281,8934,4266
,,,,,,,,837,30399,8682,4146
,,,,,,,,838,29055,8298,3960
,,,,,,,,839,27261,7785,3717
,,,,,,,,840,25377,7248,3459
,,,,,,,,841,23868,6816,3255
,,,,,,,,842,23013,6573,3135
,,,,,,,,843,22614,6459,3084
,,,,,,,,844,22503,6426,3069
,,,,,,,,845,22677,6474,3090
,,,,,,,,846,23337,6666,3180
,,,,,,,,847,24438,6978,3330
,,,,,,,,848,25785,7362,3513
,,,,,,,,849,27567,7875,3756
,,,,,,,,850,28710,8199,3915
,,,,,,,,851,29187,8334,3978
,,,,,,,,852,29346,8382,3999
,,,,,,,,853,29226,8346,3984
,,,,,,,,854,28812,8229,3927
,,,,,,,,855,28518,8145,3888
,,,,,,,,856,28677,8190,3909
,,,,,,,,857,29925,8547,4080
,,,,,,,,858,32610,9312,4446
,,,,,,,,859,32181,9189,4389
,,,,,,,,860,30612,8745,4173
,,,,,,,,861,29820,8517,4065
,,,,,,,,862,28533,8148,3891
,,,,,,,,863,27552,7869,3756
,,,,,,,,864,25293,7224,3447
,,,,,,,,865,23598,6738,3216
,,,,,,,,866,22797,6510,3108
,,,,,,,,867,22506,6429,3069
,,,,,,,,868,22587,6450,3078
,,,,,,,,869,23304,6657,3177
,,,,,,,,870,25491,7281,3474
,,,,,,,,871,29481,8418,4020
,,,,,,,,872,31467,8985,4290
,,,,,,,,873,31746,9066,4329
,,,,,,,,874,31578,9018,4305
,,,,,,,,875,31494,8994,4293
,,,,,,,,876,31215,8913,4254
,,,,,,,,877,30660,8757,4179
,,,,,,,,878,30231,8634,4122
,,,,,,,,879,29694,8481,4047
,,,,,,,,880,29475,8415,4017
,,,,,,,,881,30390,8679,4143
,,,,,,,,882,33282,9504,4539
,,,,,,,,883,34116,9744,4650
,,,,,,,,884,33270,9501,4536
,,,,,,,,885,31806,9084,4335
,,,,,,,,886,29526,8433,4026
,,,,,,,,887,26784,7647,3651
,,,,,,,,888,24285,6936,3312
,,,,,,,,889,22710,6486,3096
,,,,,,,,890,21888,6249,2982
,,,,,,,,891,21561,6159,2937
,,,,,,,,892,21603,6168,2946
,,,,,,,,893,22323,6375,3042
,,,,,,,,894,24591,7023,3351
,,,,,,,,895,28632,8175,3903
,,,,,,,,896,30654,8754,4179
,,,,,,,,897,30867,8817,4209
,,,,,,,,898,30891,8820,4209
,,,,,,,,899,30918,8832,4215
,,,,,,,,900,30819,8802,4200
,,,,,,,,901,30507,8712,4158
,,,,,,,,902,30273,8646,4128
,,,,,,,,903,29895,8538,4074
,,,,,,,,904,29919,8544,4077
,,,,,,,,905,30951,8838,4221
,,,,,,,,906,33681,9618,4590
,,,,,,,,907,34362,9813,4683
,,,,,,,,908,33669,9615,4590
,,,,,,,,909,32442,9264,4422
,,,,,,,,910,30336,8664,4134
,,,,,,,,911,27570,7875,3759
,,,,,,,,912,25191,7194,3435
,,,,,,,,913,23691,6765,3228
,,,,,,,,914,22974,6561,3132
,,,,,,,,915,22740,6492,3099
,,,,,,,,916,22881,6537,3120
,,,,,,,,917,23652,6756,3225
,,,,,,,,918,26037,7437,3549
,,,,,,,,919,30240,8637,4122
,,,,,,,,920,32280,9219,4401
,,,,,,,,921,32532,9288,4437
,,,,,,,,922,32367,9243,4413
,,,,,,,,923,32166,9186,4386
,,,,,,,,924,31803,9084,4335
,,,,,,,,925,31308,8940,4269
,,,,,,,,926,31044,8865,4233
,,,,,,,,927,30771,8790,4194
,,,,,,,,928,31065,8871,4236
,,,,,,,,929,32349,9240,4410
,,,,,,,,930,34851,9954,4752
,,,,,,,,931,35247,10068,4806
,,,,,,,,932,34368,9813,4686
,,,,,,,,933,33012,9429,4500
,,,,,,,,934,30774,8790,4194
,,,,,,,,935,27792,7938,3789
,,,,,,,,936,25272,7218,3444
,,,,,,,,937,23616,6747,3219
,,,,,,,,938,22785,6507,3105
,,,,,,,,939,22395,6396,3054
,,,,,,,,940,22422,6402,3057
,,,,,,,,941,23175,6618,3159
,,,,,,,,942,25524,7287,3480
,,,,,,,,943,29679,8475,4047
,,,,,,,,944,31593,9024,4308
,,,,,,,,945,31599,9024,4308
,,,,,,,,946,31344,8952,4272
,,,,,,,,947,31167,8901,4248
,,,,,,,,948,30819,8802,4203
,,,,,,,,949,30321,8658,4134
,,,,,,,,950,30000,8568,4089
,,,,,,,,951,29526,8430,4026
,,,,,,,,952,29445,8409,4014
,,,,,,,,953,30315,8658,4134
,,,,,,,,954,33045,9438,4506
,,,,,,,,955,34071,9732,4647
,,,,,,,,956,33450,9555,4560
,,,,,,,,957,32334,9234,4407
,,,,,,,,958,30339,8664,4134
,,,,,,,,959,27561,7872,3756
,,,,,,,,960,25149,7182,3429
,,,,,,,,961,23646,6753,3225
,,,,,,,,962,22863,6531,3117
,,,,,,,,963,22530,6435,3072
,,,,,,,,964,22596,6453,3081
,,,,,,,,965,23325,6660,3180
,,,,,,,,966,25518,7287,3480
,,,,,,,,967,29502,8427,4023
,,,,,,,,968,31512,9000,4296
,,,,,,,,969,31515,9000,4296
,,,,,,,,970,31170,8901,4251
,,,,,,,,971,30930,8835,4215
,,,,,,,,972,30531,8718,4164
,,,,,,,,973,29910,8544,4077
,,,,,,,,974,29559,8442,4029
,,,,,,,,975,29157,8325,3975
,,,,,,,,976,29022,8289,3957
,,,,,,,,977,29877,8535,4074
,,,,,,,,978,32265,9213,4398
,,,,,,,,979,32658,9327,4452
,,,,,,,,980,31728,9060,4326
,,,,,,,,981,30534,8721,4164
,,,,,,,,982,28881,8247,3936
,,,,,,,,983,26685,7620,3636
,,,,,,,,984,24486,6993,3339
,,,,,,,,985,22839,6522,3114
,,,,,,,,986,21918,6258,2988
,,,,,,,,987,21366,6102,2913
,,,,,,,,988,21165,6045,2886
,,,,,,,,989,21396,6111,2916
,,,,,,,,990,22245,6354,3033
,,,,,,,,991,23823,6804,3249
,,,,,,,,992,25560,7299,3483
,,,,,,,,993,27597,7881,3762
,,,,,,,,994,29169,8331,3978
,,,,,,,,995,29910,8544,4077
,,,,,,,,996,30018,8574,4092
,,,,,,,,997,29742,8493,4056
,,,,,,,,998,29313,8370,3996
,,,,,,,,999,28884,8247,3936
,,,,,,,,1000,28677,8190,3909
,,,,,,,,1001,29556,8442,4029
,,,,,,,,1002,31758,9069,4332
,,,,,,,,1003,32193,9195,4389
,,,,,,,,1004,31266,8928,4263
,,,,,,,,1005,30243,8640,4122
,,,,,,,,1006,28887,8250,3936
,,,,,,,,1007,27177,7761,3705
,,,,,,,,1008,25404,7257,3465
,,,,,,,,1009,24099,6882,3285
,,,,,,,,1010,23379,6678,3186
,,,,,,,,1011,23133,6609,3153
,,,,,,,,1012,23154,6612,3156
,,,,,,,,1013,23466,6702,3198
,,,,,,,,1014,24186,6909,3297
,,,,,,,,1015,25353,7242,3456
,,,,,,,,1016,26646,7611,3633
,,,,,,,,1017,28467,8130,3879
,,,,,,,,1018,29778,8505,4059
,,,,,,,,1019,30426,8688,4149
,,,,,,,,1020,30567,8730,4167
,,,,,,,,1021,30438,8694,4149
,,,,,,,,1022,30108,8598,4104
,,,,,,,,1023,29778,8505,4059
,,,,,,,,1024,29943,8550,4083
,,,,,,,,1025,31212,8913,4254
,,,,,,,,1026,34107,9741,4650
,,,,,,,,1027,35274,10074,4809
,,,,,,,,1028,34668,9903,4725
,,,,,,,,1029,33456,9555,4560
,,,,,,,,1030,31452,8982,4287
,,,,,,,,1031,29166,8328,3975
,,,,,,,,1032,26994,7707,3678
,,,,,,,,1033,25515,7287,3480
,,,,,,,,1034,24795,7080,3378
,,,,,,,,1035,24504,6999,3342
,,,,,,,,1036,24567,7017,3348
,,,,,,,,1037,25284,7221,3447
,,,,,,,,1038,27441,7836,3741
,,,,,,,,1039,31377,8961,4278
,,,,,,,,1040,33297,9510,4542
,,,,,,,,1041,33444,9552,4560
,,,,,,,,1042,33243,9495,4530
,,,,,,,,1043,33045,9438,4506
,,,,,,,,1044,32751,9354,4467
,,,,,,,,1045,32130,9177,4380
,,,,,,,,1046,31647,9039,4317
,,,,,,,,1047,31077,8874,4236
,,,,,,,,1048,30870,8817,4209
,,,,,,,,1049,31608,9027,4308
,,,,,,,,1050,34209,9768,4665
,,,,,,,,1051,35292,10080,4812
,,,,,,,,1052,34632,9888,4722
,,,,,,,,1053,33399,9540,4554
,,,,,,,,1054,31263,8928,4263
,,,,,,,,1055,28452,8127,3879
,,,,,,,,1056,25902,7395,3531
,,,,,,,,1057,24270,6930,3309
,,,,,,,,1058,23433,6693,3195
,,,,,,,,1059,23127,6606,3153
,,,,,,,,1060,23121,6603,3150
,,,,,,,,1061,23829,6807,3249
,,,,,,,,1062,26040,7437,3549
,,,,,,,,1063,30069,8589,4101
,,,,,,,,1064,31977,9132,4362
,,,,,,,,1065,32103,9168,4377
,,,,,,,,1066,32004,9138,4362
,,,,,,,,1067,31944,9123,4356
,,,,,,,,1068,31668,9045,4317
,,,,,,,,1069,31302,8940,4269
,,,,,,,,1070,31023,8859,4230
,,,,,,,,1071,30675,8760,4182
,,,,,,,,1072,30507,8712,4158
,,,,,,,,1073,31149,8895,4245
,,,,,,,,1074,33552,9582,4575
,,,,,,,,1075,34464,9843,4698
,,,,,,,,1076,33591,9594,4578
,,,,,,,,1077,32286,9219,4401
,,,,,,,,1078,30168,8616,4113
,,,,,,,,1079,27402,7827,3735
,,,,,,,,1080,24954,7125,3402
,,,,,,,,1081,23289,6651,3174
,,,,,,,,1082,22398,6396,3054
,,,,,,,,1083,21966,6273,2994
,,,,,,,,1084,21921,6261,2988
,,,,,,,,1085,22530,6432,3072
,,,,,,,,1086,24756,7071,3375
,,,,,,,,1087,28743,8208,3918
,,,,,,,,1088,30873,8817,4209
,,,,,,,,1089,31293,8937,4266
,,,,,,,,1090,31395,8967,4281
,,,,,,,,1091,31485,8991,4293
,,,,,,,,1092,31347,8952,4272
,,,,,,,,1093,30972,8847,4224
,,,,,,,,1094,30798,8796,4197
,,,,,,,,1095,30447,8697,4149
,,,,,,,,1096,30330,8661,4134
,,,,,,,,1097,31077,8877,4239
,,,,,,,,1098,33297,9510,4539
,,,,,,,,1099,34065,9729,4644
,,,,,,,,1100,33264,9501,4536
,,,,,,,,1101,31908,9111,4350
,,,,,,,,1102,29781,8505,4059
,,,,,,,,1103,26979,7707,3678
,,,,,,,,1104,24426,6975,3330
,,,,,,,,1105,22875,6534,3120
,,,,,,,,1106,22056,6297,3006
,,,,,,,,1107,21741,6207,2964
,,,,,,,,1108,21891,6252,2982
,,,,,,,,1109,22596,6453,3081
,,,,,,,,1110,24942,7122,3399
,,,,,,,,1111,28923,8262,3942
,,,,,,,,1112,30861,8814,4209
,,,,,,,,1113,31110,8883,4242
,,,,,,,,1114,31155,8898,4248
,,,,,,,,1115,31095,8880,4239
,,,,,,,,1116,30930,8835,4215
,,,,,,,,1117,30741,8778,4191
,,,,,,,,1118,30732,8775,4191
,,,,,,,,1119,30504,8712,4158
,,,,,,,,1120,30612,8745,4173
,,,,,,,,1121,31716,9060,4323
,,,,,,,,1122,33777,9648,4605
,,,,,,,,1123,34218,9771,4665
,,,,,,,,1124,33363,9528,4548
,,,,,,,,1125,32037,9150,4368
,,,,,,,,1126,29898,8538,4074
,,,,,,,,1127,27075,7734,3693
,,,,,,,,1128,24561,7014,3348
,,,,,,,,1129,22833,6522,3114
,,,,,,,,1130,21852,6240,2979
,,,,,,,,1131,21330,6093,2907
,,,,,,,,1132,21246,6069,2895
,,,,,,,,1133,21798,6225,2970
,,,,,,,,1134,23823,6804,3249
,,,,,,,,1135,27570,7875,3759
,,,,,,,,1136,29805,8511,4062
,,,,,,,,1137,30435,8691,4149
,,,,,,,,1138,30597,8739,4170
,,,,,,,,1139,30639,8751,4179
,,,,,,,,1140,30405,8685,4146
,,,,,,,,1141,29892,8535,4074
,,,,,,,,1142,29526,8433,4026
,,,,,,,,1143,29031,8292,3957
,,,,,,,,1144,28764,8217,3924
,,,,,,,,1145,29271,8358,3990
,,,,,,,,1146,31269,8928,4263
,,,,,,,,1147,32196,9195,4389
,,,,,,,,1148,31395,8967,4281
,,,,,,,,1149,30336,8664,4134
,,,,,,,,1150,28824,8232,3930
,,,,,,,,1151,26706,7629,3642
,,,,,,,,1152,24507,6999,3342
,,,,,,,,1153,22878,6534,3120
,,,,,,,,1154,21957,6270,2994
,,,,,,,,1155,21525,6147,2934
,,,,,,,,1156,21345,6096,2907
,,,,,,,,1157,21564,6159,2940
,,,,,,,,1158,22479,6420,3063
,,,,,,,,1159,23913,6831,3258
,,,,,,,,1160,25461,7272,3471
,,,,,,,,1161,27162,7758,3702
,,,,,,,,1162,28134,8037,3834
,,,,,,,,1163,28425,8118,3876
,,,,,,,,1164,28191,8052,3843
,,,,,,,,1165,27639,7893,3768
,,,,,,,,1166,26961,7701,3675
,,,,,,,,1167,26538,7578,3618
,,,,,,,,1168,26565,7587,3621
,,,,,,,,1169,27468,7842,3744
,,,,,,,,1170,29697,8481,4047
,,,,,,,,1171,30609,8742,4173
,,,,,,,,1172,29805,8514,4062
,,,,,,,,1173,28875,8247,3936
,,,,,,,,1174,27540,7866,3756
,,,,,,,,1175,25743,7353,3510
,,,,,,,,1176,23913,6831,3258
,,,,,,,,1177,22470,6414,3063
,,,,,,,,1178,21630,6177,2949
,,,,,,,,1179,21177,6048,2886
,,,,,,,,1180,21033,6009,2868
,,,,,,,,1181,21210,6057,2892
,,,,,,,,1182,21879,6249,2982
,,,,,,,,1183,22827,6519,3111
,,,,,,,,1184,24036,6864,3276
,,,,,,,,1185,25614,7317,3492
,,,,,,,,1186,26700,7626,3639
,,,,,,,,1187,27102,7740,3696
,,,,,,,,1188,27162,7755,3702
,,,,,,,,1189,26859,7671,3663
,,,,,,,,1190,26343,7524,3591
,,,,,,,,1191,25875,7389,3528
,,,,,,,,1192,25833,7377,3522
,,,,,,,,1193,26751,7641,3648
,,,,,,,,1194,29325,8373,3996
,,,,,,,,1195,30885,8820,4209
,,,,,,,,1196,30228,8634,4119
,,,,,,,,1197,29268,8358,3990
,,,,,,,,1198,27753,7926,3783
,,,,,,,,1199,25860,7386,3525
,,,,,,,,1200,24012,6858,3273
,,,,,,,,1201,22773,6504,3105
,,,,,,,,1202,22047,6297,3006
,,,,,,,,1203,21630,6177,2949
,,,,,,,,1204,21699,6198,2958
,,,,,,,,1205,22284,6363,3039
,,,,,,,,1206,23883,6822,3255
,,,,,,,,1207,26232,7491,3576
,,,,,,,,1208,28041,8010,3822
,,,,,,,,1209,29484,8421,4020
,,,,,,,,1210,30387,8679,4143
,,,,,,,,1211,30789,8793,4197
,,,,,,,,1212,30684,8763,4182
,,,,,,,,1213,30186,8622,4116
,,,,,,,,1214,29646,8466,4044
,,,,,,,,1215,29214,8343,3984
,,,,,,,,1216,29088,8307,3966
,,,,,,,,1217,29970,8559,4086
,,,,,,,,1218,32586,9306,4443
,,,,,,,,1219,33954,9696,4629
,,,,,,,,1220,33120,9459,4515
,,,,,,,,1221,31845,9093,4341
,,,,,,,,1222,29886,8535,4074
,,,,,,,,1223,27384,7821,3732
,,,,,,,,1224,25116,7173,3423
,,,,,,,,1225,23664,6759,3225
,,,,,,,,1226,22920,6546,3123
,,,,,,,,1227,22635,6462,3087
,,,,,,,,1228,22755,6498,3102
,,,,,,,,1229,23493,6708,3204
,,,,,,,,1230,25623,7317,3495
,,,,,,,,1231,28953,8268,3948
,,,,,,,,1232,30873,8817,4209
,,,,,,,,1233,31473,8988,4290
,,,,,,,,1234,31443,8979,4284
,,,,,,,,1235,31365,8958,4275
,,,,,,,,1236,31053,8868,4233
,,,,,,,,1237,30573,8730,4167
,,,,,,,,1238,30330,8664,4134
,,,,,,,,1239,30117,8601,4104
,,,,,,,,1240,30126,8604,4107
,,,,,,,,1241,31014,8856,4227
,,,,,,,,1242,33369,9528,4548
,,,,,,,,1243,34254,9780,4671
,,,,,,,,1244,33291,9507,4539
,,,,,,,,1245,31803,9081,4335
,,,,,,,,1246,29655,8469,4044
,,,,,,,,1247,26904,7683,3666
,,,,,,,,1248,24459,6987,3333
,,,,,,,,1249,22797,6510,3108
,,,,,,,,1250,21852,6240,2979
,,,,,,,,1251,21441,6123,2922
,,,,,,,,1252,21375,6105,2913
,,,,,,,,1253,21999,6282,2997
,,,,,,,,1254,23973,6846,3270
,,,,,,,,1255,27141,7752,3699
,,,,,,,,1256,29196,8340,3981
,,,,,,,,1257,29850,8526,4071
,,,,,,,,1258,29916,8544,4077
,,,,,,,,1259,30012,8571,4092
,,,,,,,,1260,29850,8526,4071
,,,,,,,,1261,29421,8403,4011
,,,,,,,,1262,29127,8319,3969
,,,,,,,,1263,28680,8190,3909
,,,,,,,,1264,28407,8112,3873
,,,,,,,,1265,28968,8274,3951
,,,,,,,,1266,31143,8895,4245
,,,,,,,,1267,32457,9270,4425
,,,,,,,,1268,31686,9048,4320
,,,,,,,,1269,30453,8700,4152
,,,,,,,,1270,28524,8145,3888
,,,,,,,,1271,25914,7401,3531
,,,,,,,,1272,23538,6723,3210
,,,,,,,,1273,21909,6258,2985
,,,,,,,,1274,20997,5997,2862
,,,,,,,,1275,20514,5859,2796
,,,,,,,,1276,20460,5844,2787
,,,,,,,,1277,21003,5997,2862
,,,,,,,,1278,22956,6555,3129
,,,,,,,,1279,26232,7491,3576
,,,,,,,,1280,28353,8097,3864
,,,,,,,,1281,29280,8361,3993
,,,,,,,,1282,29772,8505,4059
,,,,,,,,1283,29943,8550,4083
,,,,,,,,1284,29922,8547,4080
,,,,,,,,1285,29631,8460,4041
,,,,,,,,1286,29316,8370,3996
,,,,,,,,1287,28956,8268,3948
,,,,,,,,1288,28620,8175,3903
,,,,,,,,1289,29013,8286,3954
,,,,,,,,1290,31065,8871,4236
,,,,,,,,1291,32508,9285,4431
,,,,,,,,1292,31860,9099,4344
,,,,,,,,1293,30651,8754,4179
,,,,,,,,1294,28764,8214,3921
,,,,,,,,1295,26226,7491,3573
,,,,,,,,1296,23931,6837,3261
,,,,,,,,1297,22371,6387,3048
,,,,,,,,1298,21471,6132,2925
,,,,,,,,1299,21057,6012,2871
,,,,,,,,1300,21081,6021,2874
,,,,,,,,1301,21693,6195,2955
,,,,,,,,1302,23583,6735,3213
,,,,,,,,1303,26733,7635,3645
,,,,,,,,1304,29109,8313,3966
,,,,,,,,1305,30561,8730,4164
,,,,,,,,1306,31323,8946,4272
,,,,,,,,1307,31839,9093,4341
,,,,,,,,1308,32007,9141,4362
,,,,,,,,1309,31812,9084,4335
,,,,,,,,1310,31695,9051,4320
,,,,,,,,1311,31470,8985,4290
,,,,,,,,1312,31329,8949,4272
,,,,,,,,1313,31917,9117,4350
,,,,,,,,1314,33216,9486,4527
,,,,,,,,1315,33288,9507,4539
,,,,,,,,1316,32235,9207,4395
,,,,,,,,1317,30867,8817,4209
,,,,,,,,1318,29070,8301,3963
,,,,,,,,1319,26790,7650,3651
,,,,,,,,1320,24534,7005,3345
,,,,,,,,1321,22863,6531,3117
,,,,,,,,1322,21861,6243,2982
,,,,,,,,1323,21330,6090,2907
,,,,,,,,1324,21132,6036,2880
,,,,,,,,1325,21393,6111,2916
,,,,,,,,1326,22230,6348,3030
,,,,,,,,1327,23484,6705,3201
,,,,,,,,1328,24948,7122,3402
,,,,,,,,1329,26709,7629,3642
,,,,,,,,1330,28074,8016,3828
,,,,,,,,1331,28746,8208,3921
,,,,,,,,1332,28761,8214,3921
,,,,,,,,1333,28455,8127,3879
,,,,,,,,1334,27954,7983,3810
,,,,,,,,1335,27585,7878,3759
,,,,,,,,1336,27525,7860,3753
,,,,,,,,1337,28266,8070,3852
,,,,,,,,1338,30288,8652,4131
,,,,,,,,1339,31680,9045,4317
,,,,,,,,1340,30978,8847,4224
,,,,,,,,1341,29985,8565,4089
,,,,,,,,1342,28659,8184,3906
,,,,,,,,1343,26766,7647,3648
,,,,,,,,1344,24954,7125,3402
,,,,,,,,1345,23583,6735,3213
,,,,,,,,1346,22695,6480,3093
,,,,,,,,1347,22239,6351,3030
,,,,,,,,1348,22140,6324,3018
,,,,,,,,1349,22323,6375,3042
,,,,,,,,1350,22995,6567,3135
,,,,,,,,1351,23841,6807,3249
,,,,,,,,1352,24999,7137,3408
,,,,,,,,1353,26655,7614,3636
,,,,,,,,1354,27717,7917,3777
,,,,,,,,1355,28233,8064,3849
,,,,,,,,1356,28386,8106,3870
,,,,,,,,1357,28233,8064,3849
,,,,,,,,1358,27705,7911,3777
,,,,,,,,1359,27150,7752,3702
,,,,,,,,1360,27096,7740,3696
,,,,,,,,1361,27975,7989,3816
,,,,,,,,1362,30294,8652,4131
,,,,,,,,1363,32445,9267,4422
,,,,,,,,1364,31863,9099,4344
,,,,,,,,1365,30678,8760,4182
,,,,,,,,1366,28854,8241,3933
,,,,,,,,1367,26589,7593,3624
,,,,,,,,1368,24576,7017,3348
,,,,,,,,1369,23265,6642,3171
,,,,,,,,1370,22611,6459,3081
,,,,,,,,1371,22389,6393,3051
,,,,,,,,1372,22521,6432,3072
,,,,,,,,1373,23355,6672,3183
,,,,,,,,1374,25683,7335,3501
,,,,,,,,1375,29325,8373,3996
,,,,,,,,1376,31263,8928,4263
,,,,,,,,1377,31473,8988,4290
,,,,,,,,1378,31365,8955,4275
,,,,,,,,1379,31230,8919,4257
,,,,,,,,1380,30966,8844,4221
,,,,,,,,1381,30618,8745,4176
,,,,,,,,1382,30360,8670,4137
,,,,,,,,1383,29964,8559,4086
,,,,,,,,1384,29946,8550,4083
,,,,,,,,1385,30840,8808,4206
,,,,,,,,1386,32874,9390,4482
,,,,,,,,1387,33984,9705,4635
,,,,,,,,1388,33111,9456,4512
,,,,,,,,1389,31578,9018,4305
,,,,,,,,1390,29367,8385,4002
,,,,,,,,1391,26619,7605,3630
,,,,,,,,1392,24132,6891,3288
,,,,,,,,1393,22560,6444,3075
,,,,,,,,1394,21693,6195,2955
,,,,,,,,1395,21321,6087,2907
,,,,,,,,1396,21318,6087,2907
,,,,,,,,1397,22005,6285,2997
,,,,,,,,1398,24279,6933,3309
,,,,,,,,1399,27870,7959,3801
,,,,,,,,1400,29793,8508,4062
,,,,,,,,1401,30183,8622,4116
,,,,,,,,1402,30306,8655,4134
,,,,,,,,1403,30273,8646,4128
,,,,,,,,1404,30054,8583,4098
,,,,,,,,1405,29625,8460,4038
,,,,,,,,1406,29364,8385,4002
,,,,,,,,1407,28977,8277,3951
,,,,,,,,1408,28809,8226,3927
,,,,,,,,1409,29409,8400,4011
,,,,,,,,1410,31554,9012,4302
,,,,,,,,1411,33498,9567,4566
,,,,,,,,1412,34569,9873,4713
,,,,,,,,1413,32994,9423,4497
,,,,,,,,1414,30645,8751,4179
,,,,,,,,1415,27783,7935,3786
,,,,,,,,1416,25281,7221,3447
,,,,,,,,1417,23625,6747,3222
,,,,,,,,1418,22815,6516,3108
,,,,,,,,1419,22401,6399,3054
,,,,,,,,1420,22407,6399,3054
,,,,,,,,1421,23019,6573,3138
,,,,,,,,1422,25047,7152,3414
,,,,,,,,1423,28479,8133,3882
,,,,,,,,1424,30672,8760,4182
,,,,,,,,1425,31641,9036,4314
,,,,,,,,1426,32256,9210,4398
,,,,,,,,1427,32790,9363,4470
,,,,,,,,1428,32967,9417,4497
,,,,,,,,1429,32874,9390,4482
,,,,,,,,1430,32703,9339,4458
,,,,,,,,1431,32448,9267,4422
,,,,,,,,1432,32355,9243,4410
,,,,,,,,1433,32973,9417,4497
,,,,,,,,1434,34575,9873,4713
,,,,,,,,1435,35601,10167,4854
,,,,,,,,1436,34815,9942,4746
,,,,,,,,1437,33441,9549,4557
,,,,,,,,1438,31248,8925,4260
,,,,,,,,1439,28431,8118,3876
,,,,,,,,1440,25923,7404,3534
,,,,,,,,1441,24360,6957,3321
,,,,,,,,1442,23502,6714,3204
,,,,,,,,1443,23049,6582,3141
,,,,,,,,1444,23079,6591,3147
,,,,,,,,1445,23712,6771,3231
,,,,,,,,1446,25908,7398,3531
,,,,,,,,1447,29421,8400,4011
,,,,,,,,1448,31527,9003,4299
,,,,,,,,1449,32160,9183,4383
,,,,,,,,1450,32328,9231,4407
,,,,,,,,1451,32445,9264,4422
,,,,,,,,1452,32253,9210,4398
,,,,,,,,1453,31902,9111,4347
,,,,,,,,1454,31716,9057,4323
,,,,,,,,1455,31344,8952,4272
,,,,,,,,1456,31191,8907,4254
,,,,,,,,1457,31779,9075,4332
,,,,,,,,1458,33240,9495,4530
,,,,,,,,1459,33933,9693,4626
,,,,,,,,1460,33051,9438,4506
,,,,,,,,1461,31809,9084,4335
,,,,,,,,1462,30105,8598,4104
,,,,,,,,1463,27846,7953,3798
,,,,,,,,1464,25551,7296,3483
,,,,,,,,1465,23946,6837,3264
,,,,,,,,1466,22962,6558,3132
,,,,,,,,1467,22347,6381,3045
,,,,,,,,1468,22023,6288,3000
,,,,,,,,1469,22113,6315,3012
,,,,,,,,1470,22845,6522,3114
,,,,,,,,1471,24168,6903,3294
,,,,,,,,1472,25794,7365,3516
,,,,,,,,1473,27780,7935,3786
,,,,,,,,1474,29247,8352,3987
,,,,,,,,1475,29913,8544,4077
,,,,,,,,1476,30051,8580,4098
,,,,,,,,1477,29607,8457,4038
,,,,,,,,1478,28749,8211,3921
,,,,,,,,1479,27876,7962,3801
,,,,,,,,1480,27306,7800,3723
,,,,,,,,1481,27417,7830,3738
,,,,,,,,1482,28842,8235,3933
,,,,,,,,1483,30666,8760,4179
,,,,,,,,1484,29985,8565,4089
,,,,,,,,1485,29046,8295,3960
,,,,,,,,1486,27606,7884,3762
,,,,,,,,1487,25806,7371,3516
,,,,,,,,1488,23931,6837,3261
,,,,,,,,1489,22431,6405,3060
,,,,,,,,1490,21516,6144,2934
,,,,,,,,1491,21006,6000,2862
,,,,,,,,1492,20796,5940,2835
,,,,,,,,1493,20955,5985,2856
,,,,,,,,1494,21528,6147,2937
,,,,,,,,1495,22446,6411,3060
,,,,,,,,1496,23763,6786,3240
,,,,,,,,1497,25677,7332,3498
,,,,,,,,1498,27180,7764,3705
,,,,,,,,1499,27849,7953,3798
,,,,,,,,1500,28104,8025,3831
,,,,,,,,1501,28047,8010,3822
,,,,,,,,1502,27618,7887,3765
,,,,,,,,1503,27348,7812,3726
,,,,,,,,1504,27354,7812,3729
,,,,,,,,1505,28029,8004,3819
,,,,,,,,1506,29919,8547,4080
,,,,,,,,1507,31989,9135,4362
,,,,,,,,1508,31488,8994,4293
,,,,,,,,1509,30288,8652,4131
,,,,,,,,1510,28371,8100,3867
,,,,,,,,1511,26034,7434,3549
,,,,,,,,1512,23979,6849,3270
,,,,,,,,1513,22656,6471,3090
,,,,,,,,1514,22053,6297,3006
,,,,,,,,1515,21846,6237,2979
,,,,,,,,1516,22005,6285,2997
,,,,,,,,1517,22857,6528,3117
,,,,,,,,1518,25245,7209,3441
,,,,,,,,1519,28896,8250,3939
,,,,,,,,1520,30927,8832,4215
,,,,,,,,1521,31335,8949,4272
,,,,,,,,1522,31413,8973,4284
,,,,,,,,1523,31455,8985,4287
,,,,,,,,1524,31254,8925,4260
,,,,,,,,1525,30786,8790,4197
,,,,,,,,1526,30444,8694,4149
,,,,,,,,1527,29931,8550,4080
,,,,,,,,1528,29805,8514,4062
,,,,,,,,1529,30480,8706,4155
,,,,,,,,1530,32535,9291,4437
,,,,,,,,1531,34845,9951,4752
,,,,,,,,1532,34377,9816,4686
,,,,,,,,1533,33147,9468,4518
,,,,,,,,1534,31068,8874,4236
,,,,,,,,1535,28326,8088,3864
,,,,,,,,1536,25971,7416,3540
,,,,,,,,1537,24489,6993,3339
,,,,,,,,1538,23835,6807,3249
,,,,,,,,1539,23586,6735,3216
,,,,,,,,1540,23694,6768,3231
,,,,,,,,1541,24495,6996,3339
,,,,,,,,1542,26832,7665,3657
,,,,,,,,1543,30390,8679,4143
,,,,,,,,1544,32277,9216,4401
,,,,,,,,1545,32448,9267,4422
,,,,,,,,1546,32103,9168,4377
,,,,,,,,1547,31953,9126,4356
,,,,,,,,1548,31701,9054,4320
,,,,,,,,1549,31128,8889,4242
,,,,,,,,1550,30768,8787,4194
,,,,,,,,1551,30255,8640,4125
,,,,,,,,1552,29868,8532,4074
,,,,,,,,1553,30426,8688,4149
,,,,,,,,1554,32151,9180,4383
,,,,,,,,1555,34383,9819,4689
,,,,,,,,1556,34044,9723,4641
,,,,,,,,1557,32880,9390,4482
,,,,,,,,1558,30741,8778,4191
,,,,,,,,1559,27864,7959,3801
,,,,,,,,1560,25311,7227,3450
,,,,,,,,1561,23730,6777,3234
,,,,,,,,1562,22926,6549,3126
,,,,,,,,1563,22503,6426,3069
,,,,,,,,1564,22515,6432,3069
,,,,,,,,1565,23148,6609,3156
,,,,,,,,1566,25404,7257,3465
,,,,,,,,1567,28803,8226,3927
,,,,,,,,1568,30498,8709,4158
,,,,,,,,1569,30555,8727,4164
,,,,,,,,1570,30348,8670,4137
,,,,,,,,1571,30171,8616,4113
,,,,,,,,1572,29814,8514,4065
,,,,,,,,1573,29373,8388,4005
,,,,,,,,1574,29121,8316,3969
,,,,,,,,1575,28590,8166,3897
,,,,,,,,1576,28329,8091,3864
,,,,,,,,1577,28722,8202,3915
,,,,,,,,1578,30327,8661,4134
,,,,,,,,1579,32415,9255,4419
,,,,,,,,1580,31923,9117,4353
,,,,,,,,1581,30690,8763,4182
,,,,,,,,1582,28551,8154,3894
,,,,,,,,1583,25770,7359,3513
,,,,,,,,1584,23220,6633,3165
,,,,,,,,1585,21681,6192,2955
,,,,,,,,1586,20841,5952,2841
,,,,,,,,1587,20412,5829,2784
,,,,,,,,1588,20319,5802,2769
,,,,,,,,1589,20934,5979,2853
,,,,,,,,1590,23082,6594,3147
,,,,,,,,1591,26319,7515,3588
,,,,,,,,1592,28326,8088,3864
,,,,,,,,1593,28770,8217,3924
,,,,,,,,1594,28923,8262,3942
,,,,,,,,1595,29028,8292,3957
,,,,,,,,1596,29001,8280,3954
,,,,,,,,1597,28725,8205,3915
,,,,,,,,1598,28596,8166,3897
,,,,,,,,1599,28272,8073,3855
,,,,,,,,1600,28074,8019,3828
,,,,,,,,1601,28422,8115,3876
,,,,,,,,1602,29925,8547,4080
,,,,,,,,1603,31554,9012,4302
,,,,,,,,1604,30972,8847,4224
,,,,,,,,1605,29670,8475,4044
,,,,,,,,1606,27567,7875,3756
,,,,,,,,1607,24774,7077,3378
,,,,,,,,1608,22341,6381,3045
,,,,,,,,1609,20757,5928,2832
,,,,,,,,1610,19938,5694,2718
,,,,,,,,1611,19521,5574,2661
,,,,,,,,1612,19440,5550,2649
,,,,,,,,1613,20067,5730,2736
,,,,,,,,1614,22209,6342,3030
,,,,,,,,1615,25878,7392,3528
,,,,,,,,1616,28329,8091,3864
,,,,,,,,1617,29112,8313,3966
,,,,,,,,1618,29391,8394,4008
,,,,,,,,1619,29526,8430,4026
,,,,,,,,1620,29367,8385,4002
,,,,,,,,1621,28947,8265,3948
,,,,,,,,1622,28683,8190,3909
,,,,,,,,1623,28275,8076,3855
,,,,,,,,1624,28128,8034,3834
,,,,,,,,1625,28473,8130,3882
,,,,,,,,1626,29676,8475,4044
,,,,,,,,1627,31449,8982,4287
,,,,,,,,1628,30915,8829,4215
,,,,,,,,1629,29892,8538,4074
,,,,,,,,1630,28362,8100,3867
,,,,,,,,1631,26214,7485,3573
,,,,,,,,1632,24018,6861,3273
,,,,,,,,1633,22494,6423,3066
,,,,,,,,1634,21717,6204,2961
,,,,,,,,1635,21333,6093,2907
,,,,,,,,1636,21249,6069,2895
,,,,,,,,1637,21555,6156,2937
,,,,,,,,1638,22455,6414,3060
,,,,,,,,1639,23718,6774,3234
,,,,,,,,1640,25590,7308,3489
,,,,,,,,1641,27366,7815,3729
,,,,,,,,1642,28470,8130,3882
,,,,,,,,1643,28707,8199,3912
,,,,,,,,1644,28491,8136,3885
,,,,,,,,1645,27984,7992,3816
,,,,,,,,1646,27363,7812,3729
,,,,,,,,1647,26820,7659,3657
,,,,,,,,1648,26613,7602,3630
,,,,,,,,1649,27030,7719,3684
,,,,,,,,1650,28353,8100,3864
,,,,,,,,1651,30441,8694,4149
,,,,,,,,1652,30039,8580,4095
,,,,,,,,1653,29211,8340,3984
,,,,,,,,1654,27861,7956,3798
,,,,,,,,1655,26001,7425,3543
,,,,,,,,1656,24171,6903,3294
,,,,,,,,1657,22773,6504,3105
,,,,,,,,1658,22356,6384,3045
,,,,,,,,1659,21936,6267,2991
,,,,,,,,1660,21507,6144,2931
,,,,,,,,1661,21414,6114,2919
,,,,,,,,1662,21747,6210,2964
,,,,,,,,1663,22536,6435,3072
,,,,,,,,1664,23427,6690,3195
,,,,,,,,1665,24771,7074,3378
,,,,,,,,1666,25992,7422,3543
,,,,,,,,1667,26625,7605,3630
,,,,,,,,1668,26787,7650,3651
,,,,,,,,1669,26601,7596,3627
,,,,,,,,1670,26067,7443,3555
,,,,,,,,1671,25419,7257,3465
,,,,,,,,1672,25014,7143,3408
,,,,,,,,1673,25125,7176,3423
,,,,,,,,1674,25857,7383,3525
,,,,,,,,1675,27123,7746,3696
,,,,,,,,1676,29379,8388,4005
,,,,,,,,1677,28923,8262,3942
,,,,,,,,1678,27165,7758,3705
,,,,,,,,1679,24903,7113,3393
,,,,,,,,1680,22539,6435,3072
,,,,,,,,1681,21054,6012,2871
,,,,,,,,1682,20190,5766,2754
,,,,,,,,1683,19866,5673,2709
,,,,,,,,1684,19911,5688,2712
,,,,,,,,1685,20502,5856,2796
,,,,,,,,1686,22635,6462,3087
,,,,,,,,1687,26652,7611,3636
,,,,,,,,1688,28980,8277,3951
,,,,,,,,1689,29295,8367,3993
,,,,,,,,1690,29181,8334,3978
,,,,,,,,1691,29280,8361,3993
,,,,,,,,1692,29214,8343,3984
,,,,,,,,1693,28914,8256,3942
,,,,,,,,1694,28725,8205,3915
,,,,,,,,1695,28284,8079,3855
,,,,,,,,1696,27876,7962,3801
,,,,,,,,1697,27765,7932,3786
,,,,,,,,1698,28131,8034,3834
,,,,,,,,1699,29073,8304,3963
,,,,,,,,1700,30600,8739,4173
,,,,,,,,1701,29685,8478,4047
,,,,,,,,1702,27537,7863,3756
,,,,,,,,1703,24771,7074,3378
,,,,,,,,1704,22212,6342,3030
,,,,,,,,1705,20472,5844,2790
,,,,,,,,1706,19473,5559,2655
,,,,,,,,1707,18999,5424,2589
,,,,,,,,1708,18885,5394,2574
,,,,,,,,1709,19386,5535,2643
,,,,,,,,1710,21282,6078,2901
,,,,,,,,1711,25167,7188,3432
,,,,,,,,1712,27777,7935,3786
,,,,,,,,1713,28491,8136,3885
,,,,,,,,1714,28761,8214,3921
,,,,,,,,1715,28956,8268,3948
,,,,,,,,1716,28992,8280,3954
,,,,,,,,1717,28830,8235,3930
,,,,,,,,1718,28779,8220,3924
,,,,,,,,1719,28485,8136,3882
,,,,,,,,1720,28200,8052,3846
,,,,,,,,1721,28221,8061,3846
,,,,,,,,1722,28533,8148,3891
,,,,,,,,1723,28980,8277,3951
,,,,,,,,1724,30384,8676,4143
,,,,,,,,1725,29550,8439,4029
,,,,,,,,1726,27441,7836,3741
,,,,,,,,1727,24597,7023,3354
,,,,,,,,1728,21975,6276,2997
,,,,,,,,1729,20220,5775,2757
,,,,,,,,1730,19275,5502,2628
,,,,,,,,1731,18792,5367,2559
,,,,,,,,1732,18771,5361,2559
,,,,,,,,1733,19215,5487,2619
,,,,,,,,1734,21159,6042,2883
,,,,,,,,1735,25080,7164,3420
,,,,,,,,1736,27498,7854,3750
,,,,,,,,1737,28062,8013,3825
,,,,,,,,1738,28389,8109,3870
,,,,,,,,1739,28650,8181,3906
,,,,,,,,1740,28698,8196,3912
,,,,,,,,1741,28440,8121,3876
,,,,,,,,1742,28380,8103,3870
,,,,,,,,1743,28074,8019,3828
,,,,,,,,1744,27858,7956,3798
,,,,,,,,1745,28068,8016,3828
,,,,,,,,1746,28731,8205,3918
,,,,,,,,1747,29427,8403,4014
,,,,,,,,1748,30507,8712,4158
,,,,,,,,1749,29724,8490,4053
,,,,,,,,1750,27753,7926,3783
,,,,,,,,1751,24993,7137,3408
,,,,,,,,1752,22464,6414,3060
,,,,,,,,1753,20838,5949,2841
,,,,,,,,1754,19938,5694,2718
,,,,,,,,1755,19500,5568,2658
,,,,,,,,1756,19467,5559,2652
,,,,,,,,1757,20010,5715,2727
,,,,,,,,1758,22053,6297,3006
,,,,,,,,1759,26088,7452,3558
,,,,,,,,1760,28647,8181,3906
,,,,,,,,1761,29238,8349,3984
,,,,,,,,1762,29502,8427,4023
,,,,,,,,1763,29739,8493,4056
,,,,,,,,1764,29607,8457,4038
,,,,,,,,1765,29241,8352,3984
,,,,,,,,1766,28986,8280,3954
,,,,,,,,1767,28452,8127,3879
,,,,,,,,1768,28170,8046,3840
,,,,,,,,1769,28368,8100,3867
,,,,,,,,1770,29082,8307,3966
,,,,,,,,1771,30042,8580,4095
,,,,,,,,1772,31284,8934,4266
,,,,,,,,1773,30486,8706,4155
,,,,,,,,1774,28656,8184,3906
,,,,,,,,1775,25929,7404,3534
,,,,,,,,1776,23364,6672,3186
,,,,,,,,1777,21642,6180,2952
,,,,,,,,1778,20679,5904,2817
,,,,,,,,1779,20265,5787,2763
,,,,,,,,1780,20157,5757,2748
,,,,,,,,1781,20670,5904,2817
,,,,,,,,1782,22626,6462,3084
,,,,,,,,1783,26466,7557,3606
,,,,,,,,1784,28842,8235,3933
,,,,,,,,1785,29574,8445,4032
,,,,,,,,1786,29952,8553,4083
,,,,,,,,1787,30288,8652,4131
,,,,,,,,1788,30342,8667,4134
,,,,,,,,1789,30123,8604,4107
,,,,,,,,1790,30003,8568,4089
,,,,,,,,1791,29634,8463,4041
,,,,,,,,1792,29340,8379,3999
,,,,,,,,1793,29262,8355,3990
,,,,,,,,1794,29355,8385,4002
,,,,,,,,1795,29619,8460,4038
,,,,,,,,1796,30348,8667,4137
,,,,,,,,1797,29526,8433,4026
,,,,,,,,1798,27996,7995,3816
,,,,,,,,1799,25809,7371,3519
,,,,,,,,1800,23451,6699,3195
,,,,,,,,1801,21630,6177,2949
,,,,,,,,1802,20517,5859,2796
,,,,,,,,1803,19938,5694,2718
,,,,,,,,1804,19668,5616,2679
,,,,,,,,1805,19797,5652,2697
,,,,,,,,1806,20490,5853,2793
,,,,,,,,1807,21894,6252,2982
,,,,,,,,1808,23502,6714,3204
,,,,,,,,1809,25491,7281,3474
,,,,,,,,1810,26829,7665,3657
,,,,,,,,1811,27450,7839,3741
,,,,,,,,1812,27369,7815,3732
,,,,,,,,1813,26877,7677,3666
,,,,,,,,1814,26250,7497,3576
,,,,,,,,1815,25602,7311,3489
,,,,,,,,1816,25062,7155,3417
,,,,,,,,1817,24945,7122,3402
,,,,,,,,1818,25047,7152,3414
,,,,,,,,1819,25524,7287,3480
,,,,,,,,1820,27180,7764,3705
,,,,,,,,1821,26970,7704,3678
,,,,,,,,1822,25827,7377,3519
,,,,,,,,1823,24159,6900,3294
,,,,,,,,1824,22290,6366,3039
,,,,,,,,1825,20775,5934,2832
,,,,,,,,1826,19848,5667,2706
,,,,,,,,1827,19368,5529,2640
,,,,,,,,1828,19122,5460,2604
,,,,,,,,1829,19182,5478,2616
,,,,,,,,1830,19668,5616,2679
,,,,,,,,1831,20631,5892,2814
,,,,,,,,1832,21744,6210,2964
,,,,,,,,1833,23427,6690,3195
,,,,,,,,1834,24801,7083,3381
,,,,,,,,1835,25383,7248,3459
,,,,,,,,1836,25491,7278,3474
,,,,,,,,1837,25221,7203,3438
,,,,,,,,1838,24741,7065,3372
,,,,,,,,1839,24327,6948,3318
,,,,,,,,1840,24099,6882,3285
,,,,,,,,1841,24414,6972,3330
,,,,,,,,1842,25032,7149,3411
,,,,,,,,1843,25842,7380,3522
,,,,,,,,1844,27957,7983,3813
,,,,,,,,1845,27579,7875,3759
,,,,,,,,1846,25677,7332,3498
,,,,,,,,1847,23241,6639,3168
,,,,,,,,1848,21027,6006,2865
,,,,,,,,1849,19464,5559,2652
,,,,,,,,1850,18660,5328,2544
,,,,,,,,1851,18291,5223,2493
,,,,,,,,1852,18285,5223,2493
,,,,,,,,1853,18915,5403,2577
,,,,,,,,1854,21027,6006,2865
,,,,,,,,1855,24963,7128,3405
,,,,,,,,1856,27261,7785,3717
,,,,,,,,1857,27909,7971,3804
,,,,,,,,1858,28278,8076,3855
,,,,,,,,1859,28743,8208,3918
,,,,,,,,1860,28980,8277,3951
,,,,,,,,1861,28992,8280,3954
,,,,,,,,1862,29103,8310,3966
,,,,,,,,1863,28875,8247,3936
,,,,,,,,1864,28539,8151,3891
,,,,,,,,1865,28320,8088,3861
,,,,,,,,1866,28314,8085,3861
,,,,,,,,1867,28530,8148,3891
,,,,,,,,1868,30102,8595,4104
,,,,,,,,1869,29409,8400,4011
,,,,,,,,1870,27159,7755,3702
,,,,,,,,1871,24252,6927,3306
,,,,,,,,1872,21666,6189,2952
,,,,,,,,1873,19971,5703,2724
,,,,,,,,1874,19092,5454,2604
,,,,,,,,1875,18687,5337,2547
,,,,,,,,1876,18564,5301,2529
,,,,,,,,1877,19149,5469,2610
,,,,,,,,1878,21114,6030,2877
,,,,,,,,1879,24948,7125,3402
,,,,,,,,1880,27174,7761,3705
,,,,,,,,1881,27720,7917,3780
,,,,,,,,1882,28005,7998,3816
,,,,,,,,1883,28404,8112,3873
,,,,,,,,1884,28656,8184,3906
,,,,,,,,1885,28770,8217,3924
,,,,,,,,1886,28998,8280,3954
,,,,,,,,1887,28920,8259,3942
,,,,,,,,1888,28782,8220,3924
,,,,,,,,1889,28764,8214,3921
,,,,,,,,1890,28836,8235,3930
,,,,,,,,1891,28872,8247,3936
,,,,,,,,1892,30399,8682,4146
,,,,,,,,1893,29898,8538,4074
,,,,,,,,1894,27723,7917,3780
,,,,,,,,1895,24720,7059,3369
,,,,,,,,1896,22119,6315,3015
,,,,,,,,1897,20337,5808,2772
,,,,,,,,1898,19395,5538,2643
,,,,,,,,1899,18849,5382,2571
,,,,,,,,1900,18711,5343,2550
,,,,,,,,1901,19197,5484,2619
,,,,,,,,1902,21060,6015,2871
,,,,,,,,1903,24864,7101,3390
,,,,,,,,1904,27108,7740,3696
,,,,,,,,1905,27990,7995,3816
,,,,,,,,1906,28536,8148,3891
,,,,,,,,1907,29130,8319,3969
,,,,,,,,1908,29496,8424,4023
,,,,,,,,1909,29595,8451,4035
,,,,,,,,1910,29763,8502,4059
,,,,,,,,1911,29676,8475,4044
,,,,,,,,1912,29526,8433,4026
,,,,,,,,1913,29451,8412,4014
,,,,,,,,1914,29445,8409,4014
,,,,,,,,1915,29334,8379,3999
,,,,,,,,1916,30735,8775,4191
,,,,,,,,1917,30210,8628,4119
,,,,,,,,1918,28080,8019,3828
,,,,,,,,1919,25146,7182,3426
,,,,,,,,1920,22425,6402,3057
,,,,,,,,1921,20772,5934,2832
,,,,,,,,1922,19683,5619,2682
,,,,,,,,1923,19137,5466,2607
,,,,,,,,1924,18945,5409,2583
,,,,,,,,1925,19368,5529,2640
,,,,,,,,1926,21183,6051,2889
,,,,,,,,1927,24948,7125,3402
,,,,,,,,1928,27201,7770,3708
,,,,,,,,1929,28107,8025,3831
,,,,,,,,1930,28803,8226,3927
,,,,,,,,1931,29514,8430,4023
,,,,,,,,1932,29901,8538,4077
,,,,,,,,1933,30003,8568,4089
,,,,,,,,1934,30342,8667,4137
,,,,,,,,1935,30336,8664,4134
,,,,,,,,1936,30288,8649,4131
,,,,,,,,1937,30237,8637,4122
,,,,,,,,1938,30117,8601,4104
,,,,,,,,1939,29802,8511,4062
,,,,,,,,1940,31089,8880,4239
,,,,,,,,1941,30657,8757,4179
,,,,,,,,1942,28569,8160,3894
,,,,,,,,1943,25539,7293,3483
,,,,,,,,1944,22857,6528,3117
,,,,,,,,1945,21126,6033,2880
,,,,,,,,1946,20052,5724,2733
,,,,,,,,1947,19383,5535,2643
,,,,,,,,1948,19170,5475,2613
,,,,,,,,1949,19581,5589,2667
,,,,,,,,1950,21288,6081,2901
,,,,,,,,1951,24846,7095,3387
,,,,,,,,1952,27117,7746,3696
,,,,,,,,1953,28008,7998,3816
,,,,,,,,1954,28590,8166,3897
,,,,,,,,1955,29097,8310,3966
,,,,,,,,1956,29238,8349,3984
,,,,,,,,1957,29007,8283,3954
,,,,,,,,1958,29076,8304,3963
,,,,,,,,1959,28809,8229,3927
,,,,,,,,1960,28464,8130,3879
,,,,,,,,1961,28275,8073,3855
,,,,,,,,1962,27963,7986,3813
,,,,,,,,1963,27411,7830,3738
,,,,,,,,1964,28557,8157,3894
,,,,,,,,1965,28029,8007,3822
,,,,,,,,1966,26409,7542,3600
,,,,,,,,1967,24219,6915,3300
,,,,,,,,1968,21903,6255,2985
,,,,,,,,1969,20148,5754,2745
,,,,,,,,1970,19053,5439,2598
,,,,,,,,1971,18429,5262,2514
,,,,,,,,1972,18099,5169,2469
,,,,,,,,1973,18129,5178,2469
,,,,,,,,1974,18738,5349,2553
,,,,,,,,1975,19980,5706,2724
,,,,,,,,1976,21471,6132,2925
,,,,,,,,1977,23514,6717,3207
,,,,,,,,1978,24975,7134,3405
,,,,,,,,1979,25617,7317,3492
,,,,,,,,1980,25737,7350,3510
,,,,,,,,1981,25449,7269,3468
,,,,,,,,1982,24939,7122,3399
,,,,,,,,1983,24525,7002,3345
,,,,,,,,1984,24327,6948,3318
,,,,,,,,1985,24498,6996,3339
,,,,,,,,1986,25119,7173,3423
,,,,,,,,1987,25749,7353,3510
,,,,,,,,1988,26775,7647,3648
,,,,,,,,1989,26283,7506,3585
,,,,,,,,1990,24939,7122,3399
,,,,,,,,1991,23127,6606,3153
,,,,,,,,1992,21261,6069,2898
,,,,,,,,1993,19713,5631,2688
,,,,,,,,1994,18693,5337,2547
,,,,,,,,1995,18177,5190,2478
,,,,,,,,1996,17925,5118,2442
,,,,,,,,1997,17967,5133,2451
,,,,,,,,1998,18378,5247,2505
,,,,,,,,1999,19341,5523,2634
,,,,,,,,2000,20643,5895,2814
,,,,,,,,2001,22704,6483,3093
,,,,,,,,2002,24480,6990,3336
,,,,,,,,2003,25590,7308,3489
,,,,,,,,2004,26244,7494,3576
,,,,,,,,2005,26466,7557,3606
,,,,,,,,2006,26202,7482,3573
,,,,,,,,2007,25908,7398,3531
,,,,,,,,2008,25707,7341,3504
,,,,,,,,2009,26070,7446,3555
,,,,,,,,2010,26799,7653,3654
,,,,,,,,2011,27405,7827,3738
,,,,,,,,2012,28545,8151,3894
,,,,,,,,2013,27966,7986,3813
,,,,,,,,2014,26019,7431,3546
,,,,,,,,2015,23670,6762,3225
,,,,,,,,2016,21492,6138,2931
,,,,,,,,2017,19968,5703,2724
,,,,,,,,2018,19155,5469,2610
,,,,,,,,2019,18819,5373,2565
,,,,,,,,2020,18846,5382,2568
,,,,,,,,2021,19518,5574,2661
,,,,,,,,2022,21672,6189,2952
,,,,,,,,2023,25677,7332,3498
,,,,,,,,2024,28017,8001,3819
,,,,,,,,2025,28821,8232,3930
,,,,,,,,2026,29154,8325,3975
,,,,,,,,2027,29319,8373,3996
,,,,,,,,2028,29187,8337,3981
,,,,,,,,2029,28884,8247,3936
,,,,,,,,2030,28710,8199,3915
,,,,,,,,2031,28287,8079,3858
,,,,,,,,2032,28071,8016,3828
,,,,,,,,2033,28284,8079,3855
,,,,,,,,2034,29046,8295,3960
,,,,,,,,2035,29814,8517,4065
,,,,,,,,2036,31671,9045,4317
,,,,,,,,2037,31419,8973,4284
,,,,,,,,2038,29538,8436,4029
,,,,,,,,2039,26799,7653,3654
,,,,,,,,2040,24360,6957,3321
,,,,,,,,2041,22806,6513,3108
,,,,,,,,2042,22047,6297,3006
,,,,,,,,2043,21729,6204,2961
,,,,,,,,2044,21768,6216,2967
,,,,,,,,2045,22470,6414,3063
,,,,,,,,2046,24642,7038,3360
,,,,,,,,2047,28563,8157,3894
,,,,,,,,2048,30717,8775,4188
,,,,,,,,2049,30963,8841,4221
,,,,,,,,2050,30885,8820,4209
,,,,,,,,2051,30798,8796,4197
,,,,,,,,2052,30594,8736,4170
,,,,,,,,2053,30153,8610,4110
,,,,,,,,2054,29721,8490,4053
,,,,,,,,2055,29091,8310,3966
,,,,,,,,2056,28668,8187,3906
,,,,,,,,2057,28623,8175,3903
,,,,,,,,2058,29025,8289,3957
,,,,,,,,2059,29463,8415,4017
,,,,,,,,2060,31248,8925,4260
,,,,,,,,2061,31104,8883,4242
,,,,,,,,2062,29202,8340,3981
,,,,,,,,2063,26406,7542,3600
,,,,,,,,2064,23850,6810,3252
,,,,,,,,2065,22257,6357,3033
,,,,,,,,2066,21369,6102,2913
,,,,,,,,2067,20955,5985,2856
,,,,,,,,2068,20820,5946,2838
,,,,,,,,2069,21387,6108,2916
,,,,,,,,2070,23442,6696,3195
,,,,,,,,2071,27306,7800,3723
,,,,,,,,2072,29550,8439,4029
,,,,,,,,2073,29973,8562,4086
,,,,,,,,2074,30027,8577,4092
,,,,,,,,2075,30213,8628,4119
,,,,,,,,2076,30240,8637,4122
,,,,,,,,2077,30096,8595,4104
,,,,,,,,2078,30015,8571,4092
,,,,,,,,2079,29445,8409,4014
,,,,,,,,2080,28962,8271,3948
,,,,,,,,2081,29031,8292,3957
,,,,,,,,2082,29364,8385,4002
,,,,,,,,2083,29688,8478,4047
,,,,,,,,2084,30816,8802,4200
,,,,,,,,2085,30276,8646,4128
,,,,,,,,2086,28245,8067,3849
,,,,,,,,2087,25320,7230,3453
,,,,,,,,2088,22746,6495,3102
,,,,,,,,2089,21054,6012,2871
,,,,,,,,2090,20181,5763,2751
,,,,,,,,2091,19743,5637,2691
,,,,,,,,2092,19668,5619,2679
,,,,,,,,2093,20259,5784,2760
,,,,,,,,2094,22284,6363,3039
,,,,,,,,2095,26163,7473,3567
,,,,,,,,2096,28431,8118,3876
,,,,,,,,2097,29076,8304,3963
,,,,,,,,2098,29514,8430,4023
,,,,,,,,2099,29853,8526,4071
,,,,,,,,2100,29904,8541,4077
,,,,,,,,2101,29703,8484,4050
,,,,,,,,2102,29556,8442,4029
,,,,,,,,2103,29088,8307,3966
,,,,,,,,2104,28914,8256,3942
,,,,,,,,2105,29142,8325,3972
,,,,,,,,2106,29670,8475,4044
,,,,,,,,2107,30198,8625,4119
,,,,,,,,2108,31230,8919,4257
,,,,,,,,2109,30645,8751,4179
,,,,,,,,2110,28680,8190,3909
,,,,,,,,2111,25836,7377,3522
,,,,,,,,2112,23355,6672,3183
,,,,,,,,2113,21747,6210,2964
,,,,,,,,2114,20889,5967,2847
,,,,,,,,2115,20508,5859,2796
,,,,,,,,2116,20436,5835,2787
,,,,,,,,2117,21066,6015,2871
,,,,,,,,2118,23115,6603,3150
,,,,,,,,2119,26763,7644,3648
,,,,,,,,2120,28854,8241,3933
,,,,,,,,2121,29238,8349,3984
,,,,,,,,2122,29301,8370,3996
,,,,,,,,2123,29364,8385,4002
,,,,,,,,2124,29139,8322,3972
,,,,,,,,2125,28638,8178,3906
,,,,,,,,2126,28332,8091,3864
,,,,,,,,2127,27765,7929,3786
,,,,,,,,2128,27246,7782,3714
,,,,,,,,2129,27039,7722,3687
,,,,,,,,2130,27021,7716,3684
,,,,,,,,2131,27186,7764,3708
,,,,,,,,2132,28692,8193,3912
,,,,,,,,2133,28686,8190,3909
,,,,,,,,2134,27381,7821,3732
,,,,,,,,2135,25308,7227,3450
,,,,,,,,2136,23043,6579,3141
,,,,,,,,2137,21261,6072,2898
,,,,,,,,2138,20286,5793,2766
,,,,,,,,2139,19788,5649,2697
,,,,,,,,2140,19638,5607,2676
,,,,,,,,2141,19797,5655,2697
,,,,,,,,2142,20538,5865,2802
,,,,,,,,2143,21894,6252,2982
,,,,,,,,2144,23787,6792,3243
,,,,,,,,2145,25944,7407,3537
,,,,,,,,2146,27255,7782,3714
,,,,,,,,2147,28002,7995,3816
,,,,,,,,2148,28131,8034,3834
,,,,,,,,2149,27888,7965,3801
,,,,,,,,2150,27249,7782,3714
,,,,,,,,2151,26652,7611,3636
,,,,,,,,2152,26277,7506,3582
,,,,,,,,2153,26319,7515,3588
,,,,,,,,2154,26658,7614,3636
,,,,,,,,2155,26943,7692,3672
,,,,,,,,2156,28092,8025,3831
,,,,,,,,2157,27966,7986,3813
,,,,,,,,2158,26850,7668,3660
,,,,,,,,2159,25167,7188,3432
,,,,,,,,2160,23223,6633,3165
,,,,,,,,2161,21672,6189,2952
,,,,,,,,2162,20709,5913,2823
,,,,,,,,2163,20247,5784,2760
,,,,,,,,2164,20067,5730,2736
,,,,,,,,2165,20154,5754,2748
,,,,,,,,2166,20718,5919,2823
,,,,,,,,2167,21555,6156,2937
,,,,,,,,2168,22788,6507,3105
,,,,,,,,2169,24345,6954,3318
,,,,,,,,2170,25350,7242,3456
,,,,,,,,2171,25731,7347,3507
,,,,,,,,2172,25797,7365,3516
,,,,,,,,2173,25782,7362,3513
,,,,,,,,2174,25620,7317,3492
,,,,,,,,2175,25452,7269,3468
,,,,,,,,2176,25602,7311,3489
,,,,,,,,2177,26346,7524,3591
,,,,,,,,2178,27459,7842,3744
,,,,,,,,2179,28266,8073,3852
,,,,,,,,2180,29208,8340,3984
,,,,,,,,2181,28467,8130,3879
,,,,,,,,2182,26616,7602,3630
,,,,,,,,2183,24246,6924,3303
,,,,,,,,2184,22065,6300,3009
,,,,,,,,2185,20628,5889,2811
,,,,,,,,2186,19842,5667,2706
,,,,,,,,2187,19551,5583,2664
,,,,,,,,2188,19596,5595,2670
,,,,,,,,2189,20298,5799,2766
,,,,,,,,2190,22569,6444,3075
,,,,,,,,2191,26448,7554,3606
,,,,,,,,2192,28767,8217,3924
,,,,,,,,2193,29457,8415,4014
,,,,,,,,2194,29748,8496,4056
,,,,,,,,2195,29895,8538,4074
,,,,,,,,2196,29676,8475,4044
,,,,,,,,2197,29253,8355,3987
,,,,,,,,2198,28941,8265,3945
,,,,,,,,2199,28413,8112,3873
,,,,,,,,2200,27996,7995,3816
,,,,,,,,2201,27975,7989,3816
,,,,,,,,2202,28374,8103,3867
,,,,,,,,2203,28671,8190,3906
,,,,,,,,2204,30255,8640,4125
,,,,,,,,2205,30387,8679,4143
,,,,,,,,2206,28563,8157,3894
,,,,,,,,2207,25797,7365,3516
,,,,,,,,2208,23208,6627,3165
,,,,,,,,2209,21609,6171,2946
,,,,,,,,2210,20796,5937,2835
,,,,,,,,2211,20457,5844,2787
,,,,,,,,2212,20496,5853,2793
,,,,,,,,2213,21231,6063,2892
,,,,,,,,2214,23490,6708,3201
,,,,,,,,2215,27252,7782,3714
,,,,,,,,2216,29304,8370,3996
,,,,,,,,2217,29490,8421,4020
,,,,,,,,2218,29445,8409,4014
,,,,,,,,2219,29397,8394,4008
,,,,,,,,2220,29142,8322,3972
,,,,,,,,2221,28755,8211,3921
,,,,,,,,2222,28437,8121,3876
,,,,,,,,2223,28011,7998,3819
,,,,,,,,2224,27720,7917,3780
,,,,,,,,2225,27699,7911,3777
,,,,,,,,2226,27969,7986,3813
,,,,,,,,2227,28242,8067,3849
,,,,,,,,2228,29811,8514,4065
,,,,,,,,2229,29982,8565,4089
,,,,,,,,2230,27999,7995,3816
,,,,,,,,2231,25167,7188,3432
,,,,,,,,2232,22581,6447,3078
,,,,,,,,2233,20880,5964,2847
,,,,,,,,2234,20037,5724,2730
,,,,,,,,2235,19602,5598,2673
,,,,,,,,2236,19539,5580,2664
,,,,,,,,2237,20112,5742,2739
,,,,,,,,2238,22233,6351,3030
,,,,,,,,2239,25881,7392,3528
,,,,,,,,2240,27942,7980,3810
,,,,,,,,2241,28296,8082,3858
,,,,,,,,2242,28380,8106,3870
,,,,,,,,2243,28566,8160,3894
,,,,,,,,2244,28569,8160,3894
,,,,,,,,2245,28320,8088,3861
,,,,,,,,2246,28254,8070,3852
,,,,,,,,2247,28014,8001,3819
,,,,,,,,2248,27714,7917,3777
,,,,,,,,2249,27717,7917,3780
,,,,,,,,2250,27975,7989,3816
,,,,,,,,2251,28230,8061,3846
,,,,,,,,2252,29589,8451,4035
,,,,,,,,2253,29526,8430,4026
,,,,,,,,2254,27600,7881,3762
,,,,,,,,2255,24861,7098,3390
,,,,,,,,2256,22272,6360,3036
,,,,,,,,2257,20715,5916,2823
,,,,,,,,2258,19890,5679,2709
,,,,,,,,2259,19524,5574,2661
,,,,,,,,2260,19527,5574,2661
,,,,,,,,2261,20205,5769,2757
,,,,,,,,2262,22344,6381,3045
,,,,,,,,2263,26091,7452,3558
,,,,,,,,2264,28242,8067,3849
,,,,,,,,2265,28680,8190,3909
,,,,,,,,2266,28902,8253,3939
,,,,,,,,2267,29055,8298,3960
,,,,,,,,2268,28959,8271,3948
,,,,,,,,2269,28662,8187,3906
,,,,,,,,2270,28467,8130,3879
,,,,,,,,2271,27969,7989,3813
,,,,,,,,2272,27567,7875,3756
,,,,,,,,2273,27480,7848,3747
,,,,,,,,2274,27666,7902,3771
,,,,,,,,2275,27843,7950,3795
,,,,,,,,2276,29175,8331,3978
,,,,,,,,2277,29481,8418,4020
,,,,,,,,2278,27948,7980,3810
,,,,,,,,2279,25404,7257,3465
,,,,,,,,2280,22956,6555,3129
,,,,,,,,2281,21318,6087,2907
,,,,,,,,2282,20463,5844,2787
,,,,,,,,2283,20070,5733,2736
,,,,,,,,2284,20049,5724,2733
,,,,,,,,2285,20580,5877,2805
,,,,,,,,2286,22311,6372,3042
,,,,,,,,2287,24984,7137,3408
,,,,,,,,2288,27036,7722,3687
,,,,,,,,2289,27969,7989,3813
,,,,,,,,2290,28422,8115,3876
,,,,,,,,2291,28539,8151,3891
,,,,,,,,2292,28269,8073,3855
,,,,,,,,2293,27822,7947,3792
,,,,,,,,2294,27420,7830,3738
,,,,,,,,2295,26838,7665,3660
,,,,,,,,2296,26352,7527,3591
,,,,,,,,2297,26274,7503,3582
,,,,,,,,2298,26442,7551,3606
,,,,,,,,2299,26544,7581,3618
,,,,,,,,2300,27723,7917,3780
,,,,,,,,2301,28029,8004,3819
,,,,,,,,2302,26754,7641,3648
,,,,,,,,2303,24747,7068,3375
,,,,,,,,2304,22644,6465,3087
,,,,,,,,2305,21072,6018,2874
,,,,,,,,2306,20160,5757,2748
,,,,,,,,2307,19698,5625,2685
,,,,,,,,2308,19545,5580,2664
,,,,,,,,2309,19788,5652,2697
,,,,,,,,2310,20595,5880,2808
,,,,,,,,2311,21756,6213,2967
,,,,,,,,2312,23553,6729,3210
,,,,,,,,2313,25332,7233,3453
,,,,,,,,2314,26262,7500,3579
,,,,,,,,2315,26472,7560,3609
,,,,,,,,2316,26307,7512,3588
,,,,,,,,2317,25902,7398,3531
,,,,,,,,2318,25383,7248,3459
,,,,,,,,2319,24906,7113,3393
,,,,,,,,2320,24816,7089,3384
,,,,,,,,2321,25275,7218,3447
,,,,,,,,2322,25944,7407,3537
,,,,,,,,2323,26451,7554,3606
,,,,,,,,2324,27510,7857,3750
,,,,,,,,2325,27483,7848,3747
,,,,,,,,2326,26220,7488,3573
,,,,,,,,2327,24321,6945,3318
,,,,,,,,2328,22242,6351,3030
,,,,,,,,2329,20535,5865,2799
,,,,,,,,2330,19545,5583,2664
,,,,,,,,2331,18957,5412,2583
,,,,,,,,2332,18741,5352,2556
,,,,,,,,2333,18837,5379,2568
,,,,,,,,2334,19374,5532,2640
,,,,,,,,2335,20298,5799,2766
,,,,,,,,2336,21999,6282,2997
,,,,,,,,2337,23934,6837,3264
,,,,,,,,2338,25140,7182,3426
,,,,,,,,2339,25560,7299,3483
,,,,,,,,2340,25803,7368,3516
,,,,,,,,2341,25581,7305,3486
,,,,,,,,2342,24663,7044,3360
,,,,,,,,2343,23736,6777,3237
,,,,,,,,2344,23220,6630,3165
,,,,,,,,2345,23103,6597,3150
,,,,,,,,2346,23367,6672,3186
,,,,,,,,2347,24003,6855,3270
,,,,,,,,2348,25842,7380,3522
,,,,,,,,2349,26760,7644,3648
,,,,,,,,2350,25317,7227,3453
,,,,,,,,2351,23121,6603,3150
,,,,,,,,2352,21093,6024,2877
,,,,,,,,2353,19737,5637,2691
,,,,,,,,2354,19077,5448,2601
,,,,,,,,2355,18831,5379,2568
,,,,,,,,2356,18846,5382,2568
,,,,,,,,2357,19533,5577,2664
,,,,,,,,2358,21714,6201,2961
,,,,,,,,2359,25278,7218,3447
,,,,,,,,2360,27675,7905,3771
,,,,,,,,2361,28524,8145,3891
,,,,,,,,2362,28884,8247,3936
,,,,,,,,2363,29205,8340,3984
,,,,,,,,2364,29208,8340,3984
,,,,,,,,2365,28971,8274,3951
,,,,,,,,2366,28755,8211,3921
,,,,,,,,2367,28287,8079,3858
,,,,,,,,2368,27966,7986,3813
,,,,,,,,2369,27969,7989,3813
,,,,,,,,2370,28296,8082,3858
,,,,,,,,2371,28578,8160,3894
,,,,,,,,2372,29784,8505,4059
,,,,,,,,2373,29832,8520,4068
,,,,,,,,2374,27765,7929,3786
,,,,,,,,2375,24936,7122,3399
,,,,,,,,2376,22305,6372,3042
,,,,,,,,2377,20727,5919,2826
,,,,,,,,2378,19929,5694,2718
,,,,,,,,2379,19569,5589,2667
,,,,,,,,2380,19539,5580,2664
,,,,,,,,2381,20211,5772,2757
,,,,,,,,2382,22311,6372,3042
,,,,,,,,2383,25776,7362,3513
,,,,,,,,2384,27948,7980,3810
,,,,,,,,2385,28380,8106,3870
,,,,,,,,2386,28563,8157,3894
,,,,,,,,2387,28749,8211,3921
,,,,,,,,2388,28683,8190,3909
,,,,,,,,2389,28509,8142,3888
,,,,,,,,2390,28440,8121,3876
,,,,,,,,2391,28056,8010,3825
,,,,,,,,2392,27726,7917,3780
,,,,,,,,2393,27771,7932,3786
,,,,,,,,2394,27993,7995,3816
,,,,,,,,2395,28185,8049,3843
,,,,,,,,2396,29433,8406,4014
,,,,,,,,2397,29544,8439,4029
,,,,,,,,2398,27525,7860,3753
,,,,,,,,2399,24690,7050,3366
,,,,,,,,2400,22131,6321,3015
,,,,,,,,2401,20550,5871,2802
,,,,,,,,2402,19737,5634,2691
,,,,,,,,2403,19374,5532,2640
,,,,,,,,2404,19374,5532,2640
,,,,,,,,2405,20019,5718,2727
,,,,,,,,2406,22119,6315,3015
,,,,,,,,2407,25623,7317,3495
,,,,,,,,2408,27969,7989,3813
,,,,,,,,2409,28557,8157,3894
,,,,,,,,2410,28659,8184,3906
,,,,,,,,2411,28794,8223,3924
,,,,,,,,2412,28716,8202,3915
,,,,,,,,2413,28431,8118,3876
,,,,,,,,2414,28299,8082,3858
,,,,,,,,2415,27966,7986,3813
,,,,,,,,2416,27675,7905,3771
,,,,,,,,2417,27744,7923,3783
,,,,,,,,2418,28041,8010,3822
,,,,,,,,2419,28326,8088,3864
,,,,,,,,2420,29592,8451,4035
,,,,,,,,2421,29589,8451,4035
,,,,,,,,2422,27624,7887,3768
,,,,,,,,2423,24861,7101,3390
,,,,,,,,2424,22338,6378,3045
,,,,,,,,2425,20694,5910,2820
,,,,,,,,2426,19830,5664,2703
,,,,,,,,2427,19437,5550,2649
,,,,,,,,2428,19425,5547,2649
,,,,,,,,2429,20028,5721,2730
,,,,,,,,2430,22152,6327,3018
,,,,,,,,2431,25605,7314,3489
,,,,,,,,2432,27834,7947,3795
,,,,,,,,2433,28398,8112,3873
,,,,,,,,2434,28566,8160,3894
,,,,,,,,2435,28665,8187,3906
,,,,,,,,2436,28689,8193,3909
,,,,,,,,2437,28578,8160,3894
,,,,,,,,2438,28545,8151,3894
,,,,,,,,2439,28203,8052,3846
,,,,,,,,2440,27939,7977,3810
,,,,,,,,2441,28023,8004,3819
,,,,,,,,2442,28353,8097,3864
,,,,,,,,2443,28440,8121,3876
,,,,,,,,2444,29469,8415,4017
,,,,,,,,2445,29619,8460,4038
,,,,,,,,2446,27819,7944,3792
,,,,,,,,2447,25143,7182,3426
,,,,,,,,2448,22584,6447,3078
,,,,,,,,2449,20973,5991,2859
,,,,,,,,2450,20172,5760,2751
,,,,,,,,2451,19788,5649,2697
,,,,,,,,2452,19788,5652,2697
,,,,,,,,2453,20403,5829,2781
,,,,,,,,2454,22443,6408,3060
,,,,,,,,2455,25761,7356,3513
,,,,,,,,2456,27918,7974,3804
,,,,,,,,2457,28341,8094,3864
,,,,,,,,2458,28491,8136,3885
,,,,,,,,2459,28623,8175,3903
,,,,,,,,2460,28440,8121,3876
,,,,,,,,2461,28116,8028,3831
,,,,,,,,2462,27927,7977,3807
,,,,,,,,2463,27498,7854,3750
,,,,,,,,2464,27003,7713,3681
,,,,,,,,2465,26790,7650,3651
,,,,,,,,2466,26637,7608,3633
,,,,,,,,2467,26415,7542,3603
,,,,,,,,2468,27312,7800,3726
,,,,,,,,2469,27840,7950,3795
,,,,,,,,2470,26391,7539,3597
,,,,,,,,2471,24231,6921,3303
,,,,,,,,2472,21900,6255,2985
,,,,,,,,2473,20265,5787,2763
,,,,,,,,2474,19311,5514,2634
,,,,,,,,2475,18768,5361,2559
,,,,,,,,2476,18654,5328,2544
,,,,,,,,2477,18864,5388,2571
,,,,,,,,2478,19674,5619,2682
,,,,,,,,2479,20712,5916,2823
,,,,,,,,2480,22581,6447,3078
,,,,,,,,2481,24237,6921,3303
,,,,,,,,2482,25254,7212,3441
,,,,,,,,2483,25653,7326,3498
,,,,,,,,2484,25548,7296,3483
,,,,,,,,2485,25173,7188,3432
,,,,,,,,2486,24708,7056,3369
,,,,,,,,2487,24300,6942,3315
,,,,,,,,2488,24159,6900,3294
,,,,,,,,2489,24258,6927,3306
,,,,,,,,2490,24561,7014,3348
,,,,,,,,2491,24708,7056,3369
,,,,,,,,2492,25659,7329,3498
,,,,,,,,2493,26103,7452,3558
,,,,,,,,2494,24816,7089,3384
,,,,,,,,2495,22902,6540,3120
,,,,,,,,2496,20973,5991,2859
,,,,,,,,2497,19440,5550,2649
,,,,,,,,2498,18474,5274,2517
,,,,,,,,2499,17907,5115,2439
,,,,,,,,2500,17688,5049,2409
,,,,,,,,2501,17727,5064,2415
,,,,,,,,2502,18141,5181,2472
,,,,,,,,2503,18726,5349,2553
,,,,,,,,2504,20127,5748,2742
,,,,,,,,2505,22050,6297,3006
,,,,,,,,2506,23520,6717,3207
,,,,,,,,2507,24294,6939,3312
,,,,,,,,2508,24729,7062,3372
,,,,,,,,2509,24822,7089,3384
,,,,,,,,2510,24639,7035,3360
,,,,,,,,2511,24486,6993,3339
,,,,,,,,2512,24537,7008,3345
,,,,,,,,2513,24933,7122,3399
,,,,,,,,2514,25515,7287,3480
,,,,,,,,2515,25743,7350,3510
,,,,,,,,2516,26679,7617,3636
,,,,,,,,2517,27093,7740,3696
,,,,,,,,2518,25551,7296,3483
,,,,,,,,2519,23394,6681,3189
,,,,,,,,2520,21333,6093,2907
,,,,,,,,2521,19824,5664,2703
,,,,,,,,2522,18957,5412,2583
,,,,,,,,2523,18513,5289,2523
,,,,,,,,2524,18420,5259,2511
,,,,,,,,2525,18912,5400,2577
,,,,,,,,2526,20592,5880,2808
,,,,,,,,2527,23007,6570,3135
,,,,,,,,2528,25656,7326,3498
,,,,,,,,2529,27624,7887,3765
,,,,,,,,2530,29034,8292,3957
,,,,,,,,2531,30162,8613,4113
,,,,,,,,2532,30918,8829,4215
,,,,,,,,2533,31389,8964,4281
,,,,,,,,2534,31713,9057,4323
,,,,,,,,2535,31803,9084,4335
,,,,,,,,2536,31785,9075,4332
,,,,,,,,2537,31734,9063,4326
,,,,,,,,2538,31479,8988,4290
,,,,,,,,2539,30891,8820,4209
,,,,,,,,2540,31086,8880,4239
,,,,,,,,2541,31425,8973,4284
,,,,,,,,2542,29226,8346,3984
,,,,,,,,2543,26208,7485,3573
,,,,,,,,2544,23391,6681,3189
,,,,,,,,2545,21438,6123,2922
,,,,,,,,2546,20313,5799,2769
,,,,,,,,2547,19626,5604,2676
,,,,,,,,2548,19338,5523,2634
,,,,,,,,2549,19761,5643,2694
,,,,,,,,2550,21402,6114,2919
,,,,,,,,2551,23964,6843,3267
,,,,,,,,2552,26802,7656,3654
,,,,,,,,2553,28467,8130,3879
,,,,,,,,2554,29475,8418,4017
,,,,,,,,2555,30219,8631,4119
,,,,,,,,2556,30594,8739,4170
,,,,,,,,2557,30753,8784,4194
,,,,,,,,2558,31065,8871,4236
,,,,,,,,2559,31098,8880,4242
,,,,,,,,2560,31032,8865,4230
,,,,,,,,2561,30960,8841,4221
,,,,,,,,2562,30687,8763,4182
,,,,,,,,2563,29913,8544,4077
,,,,,,,,2564,30018,8574,4092
,,,,,,,,2565,30297,8652,4131
,,,,,,,,2566,28101,8025,3831
,,,,,,,,2567,25125,7176,3423
,,,,,,,,2568,22470,6417,3063
,,,,,,,,2569,20556,5871,2802
,,,,,,,,2570,19461,5559,2652
,,,,,,,,2571,18867,5388,2574
,,,,,,,,2572,18624,5319,2538
,,,,,,,,2573,19035,5436,2595
,,,,,,,,2574,20646,5898,2814
,,,,,,,,2575,23049,6582,3141
,,,,,,,,2576,25530,7290,3480
,,,,,,,,2577,26769,7647,3648
,,,,,,,,2578,27456,7842,3741
,,,,,,,,2579,27987,7995,3816
,,,,,,,,2580,28233,8064,3849
,,,,,,,,2581,28155,8040,3837
,,,,,,,,2582,28167,8043,3840
,,,,,,,,2583,27900,7968,3804
,,,,,,,,2584,27489,7851,3747
,,,,,,,,2585,27408,7830,3738
,,,,,,,,2586,27528,7860,3753
,,,,,,,,2587,27540,7866,3756
,,,,,,,,2588,28284,8079,3855
,,,,,,,,2589,28470,8130,3882
,,,,,,,,2590,26640,7608,3633
,,,,,,,,2591,24075,6876,3282
,,,,,,,,2592,21630,6177,2949
,,,,,,,,2593,20013,5715,2727
,,,,,,,,2594,19116,5457,2604
,,,,,,,,2595,18612,5316,2538
,,,,,,,,2596,18519,5289,2526
,,,,,,,,2597,19056,5442,2598
,,,,,,,,2598,20754,5928,2829
,,,,,,,,2599,23412,6687,3192
,,,,,,,,2600,25860,7386,3525
,,,,,,,,2601,26991,7707,3678
,,,,,,,,2602,27693,7908,3774
,,,,,,,,2603,28239,8067,3849
,,,,,,,,2604,28485,8133,3882
,,,,,,,,2605,28434,8121,3876
,,,,,,,,2606,28443,8124,3876
,,,,,,,,2607,28239,8067,3849
,,,,,,,,2608,28002,7998,3816
,,,,,,,,2609,27960,7986,3813
,,,,,,,,2610,27858,7956,3798
,,,,,,,,2611,27525,7860,3753
,,,,,,,,2612,28050,8010,3825
,,,,,,,,2613,28707,8199,3912
,,,,,,,,2614,26949,7695,3675
,,,,,,,,2615,24324,6945,3318
,,,,,,,,2616,21801,6225,2970
,,,,,,,,2617,20154,5754,2748
,,,,,,,,2618,19254,5499,2625
,,,,,,,,2619,18798,5367,2562
,,,,,,,,2620,18606,5313,2535
,,,,,,,,2621,19071,5448,2601
,,,,,,,,2622,20595,5883,2808
,,,,,,,,2623,23013,6573,3135
,,,,,,,,2624,25428,7260,3468
,,,,,,,,2625,26862,7671,3663
,,,,,,,,2626,27876,7962,3801
,,,,,,,,2627,28626,8175,3903
,,,,,,,,2628,28980,8277,3951
,,,,,,,,2629,28962,8271,3948
,,,,,,,,2630,28992,8280,3954
,,,,,,,,2631,28743,8208,3918
,,,,,,,,2632,28395,8109,3870
,,,,,,,,2633,28146,8040,3837
,,,,,,,,2634,27753,7926,3783
,,,,,,,,2635,27075,7734,3693
,,,,,,,,2636,27372,7818,3732
,,,,,,,,2637,27810,7944,3792
,,,,,,,,2638,26232,7491,3576
,,,,,,,,2639,24009,6855,3273
,,,,,,,,2640,21711,6201,2958
,,,,,,,,2641,20016,5715,2727
,,,,,,,,2642,19023,5433,2592
,,,,,,,,2643,18450,5271,2514
,,,,,,,,2644,18195,5196,2481
,,,,,,,,2645,18336,5238,2499
,,,,,,,,2646,18951,5412,2583
,,,,,,,,2647,19866,5673,2709
,,,,,,,,2648,21654,6183,2952
,,,,,,,,2649,23649,6753,3225
,,,,,,,,2650,25080,7164,3420
,,,,,,,,2651,25845,7380,3525
,,,,,,,,2652,26103,7452,3558
,,,,,,,,2653,26091,7452,3558
,,,,,,,,2654,25920,7401,3534
,,,,,,,,2655,25749,7353,3510
,,,,,,,,2656,25710,7344,3504
,,,,,,,,2657,25890,7392,3528
,,,,,,,,2658,26151,7470,3564
,,,,,,,,2659,26040,7437,3549
,,,,,,,,2660,26514,7575,3615
,,,,,,,,2661,27039,7722,3687
,,,,,,,,2662,25683,7335,3501
,,,,,,,,2663,23718,6774,3234
,,,,,,,,2664,21702,6198,2958
,,,,,,,,2665,20046,5724,2733
,,,,,,,,2666,19044,5439,2595
,,,,,,,,2667,18399,5256,2508
,,,,,,,,2668,18066,5160,2463
,,,,,,,,2669,18051,5154,2460
,,,,,,,,2670,18375,5247,2505
,,,,,,,,2671,18825,5376,2565
,,,,,,,,2672,20178,5763,2751
,,,,,,,,2673,22047,6297,3006
,,,,,,,,2674,23667,6759,3225
,,,,,,,,2675,24669,7047,3360
,,,,,,,,2676,25338,7236,3453
,,,,,,,,2677,25680,7332,3501
,,,,,,,,2678,25695,7338,3501
,,,,,,,,2679,25590,7308,3489
,,,,,,,,2680,25707,7341,3504
,,,,,,,,2681,26250,7497,3579
,,,,,,,,2682,26871,7674,3663
,,,,,,,,2683,27351,7812,3729
,,,,,,,,2684,27729,7917,3780
,,,,,,,,2685,27300,7797,3723
,,,,,,,,2686,25467,7272,3471
,,,,,,,,2687,23268,6645,3171
,,,,,,,,2688,21216,6057,2892
,,,,,,,,2689,19878,5679,2709
,,,,,,,,2690,19176,5475,2613
,,,,,,,,2691,18858,5385,2571
,,,,,,,,2692,18792,5367,2559
,,,,,,,,2693,19335,5520,2634
,,,,,,,,2694,21381,6105,2913
,,,,,,,,2695,24915,7116,3396
,,,,,,,,2696,27591,7878,3762
,,,,,,,,2697,28704,8199,3912
,,,,,,,,2698,29265,8358,3990
,,,,,,,,2699,29673,8475,4044
,,,,,,,,2700,29841,8523,4068
,,,,,,,,2701,29652,8469,4044
,,,,,,,,2702,29520,8430,4026
,,,,,,,,2703,29115,8313,3969
,,,,,,,,2704,28791,8220,3924
,,,,,,,,2705,28914,8259,3942
,,,,,,,,2706,29256,8355,3987
,,,,,,,,2707,29196,8340,3981
,,,,,,,,2708,29514,8430,4023
,,,,,,,,2709,29433,8406,4014
,,,,,,,,2710,27357,7812,3729
,,,,,,,,2711,24549,7011,3348
,,,,,,,,2712,21987,6279,2997
,,,,,,,,2713,20340,5808,2772
,,,,,,,,2714,19557,5586,2664
,,,,,,,,2715,19131,5463,2607
,,,,,,,,2716,19050,5439,2598
,,,,,,,,2717,19626,5604,2676
,,,,,,,,2718,21543,6153,2937
,,,,,,,,2719,24729,7062,3372
,,,,,,,,2720,27135,7749,3699
,,,,,,,,2721,27909,7971,3804
,,,,,,,,2722,28350,8097,3864
,,,,,,,,2723,28662,8187,3906
,,,,,,,,2724,28638,8178,3906
,,,,,,,,2725,28419,8115,3876
,,,,,,,,2726,28317,8085,3861
,,,,,,,,2727,28005,7998,3816
,,,,,,,,2728,27705,7914,3777
,,,,,,,,2729,27750,7926,3783
,,,,,,,,2730,27924,7974,3807
,,,,,,,,2731,27975,7989,3816
,,,,,,,,2732,28767,8217,3924
,,,,,,,,2733,29502,8427,4023
,,,,,,,,2734,27669,7902,3771
,,,,,,,,2735,24798,7080,3381
,,,,,,,,2736,22209,6342,3030
,,,,,,,,2737,20538,5865,2802
,,,,,,,,2738,19689,5622,2682
,,,,,,,,2739,19302,5514,2631
,,,,,,,,2740,19188,5481,2616
,,,,,,,,2741,19821,5661,2703
,,,,,,,,2742,21774,6219,2967
,,,,,,,,2743,24963,7128,3405
,,,,,,,,2744,27165,7758,3705
,,,,,,,,2745,27744,7923,3783
,,,,,,,,2746,28095,8025,3831
,,,,,,,,2747,28335,8091,3864
,,,,,,,,2748,28428,8118,3876
,,,,,,,,2749,28293,8079,3858
,,,,,,,,2750,28233,8064,3849
,,,,,,,,2751,27852,7953,3798
,,,,,,,,2752,27600,7881,3762
,,,,,,,,2753,27651,7896,3771
,,,,,,,,2754,27825,7947,3795
,,,,,,,,2755,27942,7977,3810
,,,,,,,,2756,28587,8163,3897
,,,,,,,,2757,29112,8313,3966
,,,,,,,,2758,27405,7827,3738
,,,,,,,,2759,24720,7062,3369
,,,,,,,,2760,22212,6342,3030
,,,,,,,,2761,20523,5859,2799
,,,,,,,,2762,19638,5607,2679
,,,,,,,,2763,19281,5505,2628
,,,,,,,,2764,19281,5505,2628
,,,,,,,,2765,19896,5682,2712
,,,,,,,,2766,21918,6261,2988
,,,,,,,,2767,25122,7176,3423
,,,,,,,,2768,27342,7809,3726
,,,,,,,,2769,27939,7977,3810
,,,,,,,,2770,28188,8052,3843
,,,,,,,,2771,28410,8112,3873
,,,,,,,,2772,28533,8148,3891
,,,,,,,,2773,28425,8118,3876
,,,,,,,,2774,28443,8124,3876
,,,,,,,,2775,28140,8037,3837
,,,,,,,,2776,27903,7968,3804
,,,,,,,,2777,28164,8043,3840
,,,,,,,,2778,28758,8214,3921
,,,,,,,,2779,28941,8265,3945
,,,,,,,,2780,29358,8385,4002
,,,,,,,,2781,29352,8382,4002
,,,,,,,,2782,27438,7836,3741
,,,,,,,,2783,24666,7044,3360
,,,,,,,,2784,22122,6318,3015
,,,,,,,,2785,20424,5832,2784
,,,,,,,,2786,19500,5568,2658
,,,,,,,,2787,19011,5430,2589
,,,,,,,,2788,18897,5394,2574
,,,,,,,,2789,19368,5529,2640
,,,,,,,,2790,21192,6054,2889
,,,,,,,,2791,24357,6957,3318
,,,,,,,,2792,26832,7665,3657
,,,,,,,,2793,27771,7932,3786
,,,,,,,,2794,28221,8061,3846
,,,,,,,,2795,28506,8142,3888
,,,,,,,,2796,28449,8124,3876
,,,,,,,,2797,28155,8040,3837
,,,,,,,,2798,27975,7989,3816
,,,,,,,,2799,27531,7863,3753
,,,,,,,,2800,27090,7737,3693
,,,,,,,,2801,26976,7704,3678
,,,,,,,,2802,26919,7689,3669
,,,,,,,,2803,26832,7665,3657
,,,,,,,,2804,27573,7875,3759
,,,,,,,,2805,28467,8130,3879
,,,,,,,,2806,27234,7779,3711
,,,,,,,,2807,25062,7158,3417
,,,,,,,,2808,22782,6507,3105
,,,,,,,,2809,21081,6021,2874
,,,,,,,,2810,20121,5745,2742
,,,,,,,,2811,19674,5619,2682
,,,,,,,,2812,19509,5571,2658
,,,,,,,,2813,19770,5649,2697
,,,,,,,,2814,20469,5844,2790
,,,,,,,,2815,21468,6132,2925
,,,,,,,,2816,23442,6696,3195
,,,,,,,,2817,25080,7164,3420
,,,,,,,,2818,25941,7407,3537
,,,,,,,,2819,26085,7449,3558
,,,,,,,,2820,25881,7392,3528
,,,,,,,,2821,25428,7260,3468
,,,,,,,,2822,24894,7107,3393
,,,,,,,,2823,24414,6972,3330
,,,,,,,,2824,24126,6891,3288
,,,,,,,,2825,24261,6927,3306
,,,,,,,,2826,24609,7029,3354
,,,,,,,,2827,24834,7092,3387
,,,,,,,,2828,25491,7281,3474
,,,,,,,,2829,26472,7560,3609
,,,,,,,,2830,25419,7257,3465
,,,,,,,,2831,23586,6735,3216
,,,,,,,,2832,21648,6183,2952
,,,,,,,,2833,20034,5724,2730
,,,,,,,,2834,19137,5466,2607
,,,,,,,,2835,18693,5337,2547
,,,,,,,,2836,18549,5298,2529
,,,,,,,,2837,18678,5334,2544
,,,,,,,,2838,19074,5448,2601
,,,,,,,,2839,19698,5625,2685
,,,,,,,,2840,21171,6045,2886
,,,,,,,,2841,22833,6522,3111
,,,,,,,,2842,24027,6861,3276
,,,,,,,,2843,24528,7005,3345
,,,,,,,,2844,24744,7065,3375
,,,,,,,,2845,24630,7032,3357
,,,,,,,,2846,24303,6942,3315
,,,,,,,,2847,23949,6840,3264
,,,,,,,,2848,23892,6822,3255
,,,,,,,,2849,24249,6927,3306
,,,,,,,,2850,24927,7119,3399
,,,,,,,,2851,25353,7242,3456
,,,,,,,,2852,26163,7473,3567
,,,,,,,,2853,27348,7812,3726
,,,,,,,,2854,25770,7359,3513
,,,,,,,,2855,23358,6672,3183
,,,,,,,,2856,21156,6042,2883
,,,,,,,,2857,19749,5640,2694
,,,,,,,,2858,19038,5439,2595
,,,,,,,,2859,18777,5364,2559
,,,,,,,,2860,18873,5391,2574
,,,,,,,,2861,19608,5601,2673
,,,,,,,,2862,21690,6195,2955
,,,,,,,,2863,25179,7191,3432
,,,,,,,,2864,27519,7860,3753
,,,,,,,,2865,27981,7992,3816
,,,,,,,,2866,28239,8067,3849
,,,,,,,,2867,28437,8121,3876
,,,,,,,,2868,28416,8115,3876
,,,,,,,,2869,28215,8058,3846
,,,,,,,,2870,28158,8040,3840
,,,,,,,,2871,27855,7953,3798
,,,,,,,,2872,27564,7875,3756
,,,,,,,,2873,27543,7866,3756
,,,,,,,,2874,27732,7920,3780
,,,,,,,,2875,27957,7983,3813
,,,,,,,,2876,28734,8205,3918
,,,,,,,,2877,29307,8370,3996
,,,,,,,,2878,27231,7776,3711
,,,,,,,,2879,24354,6957,3318
,,,,,,,,2880,21774,6219,2967
,,,,,,,,2881,20127,5748,2742
,,,,,,,,2882,19353,5529,2637
,,,,,,,,2883,18939,5409,2580
,,,,,,,,2884,18840,5379,2568
,,,,,,,,2885,19320,5517,2634
,,,,,,,,2886,21309,6084,2904
,,,,,,,,2887,24780,7077,3378
,,,,,,,,2888,27540,7866,3756
,,,,,,,,2889,28632,8175,3903
,,,,,,,,2890,29319,8373,3996
,,,,,,,,2891,29721,8490,4053
,,,,,,,,2892,30123,8604,4107
,,,,,,,,2893,30057,8583,4098
,,,,,,,,2894,29817,8517,4065
,,,,,,,,2895,29484,8421,4020
,,,,,,,,2896,29232,8349,3984
,,,,,,,,2897,29427,8403,4014
,,,,,,,,2898,29844,8523,4068
,,,,,,,,2899,29844,8523,4068
,,,,,,,,2900,30033,8577,4095
,,,,,,,,2901,30012,8571,4092
,,,,,,,,2902,27999,7995,3816
,,,,,,,,2903,25029,7149,3411
,,,,,,,,2904,22416,6402,3057
,,,,,,,,2905,20703,5913,2823
,,,,,,,,2906,19788,5652,2697
,,,,,,,,2907,19329,5520,2634
,,,,,,,,2908,19221,5490,2619
,,,,,,,,2909,19737,5634,2691
,,,,,,,,2910,21663,6189,2952
,,,,,,,,2911,25110,7170,3423
,,,,,,,,2912,27696,7908,3774
,,,,,,,,2913,28452,8127,3876
,,,,,,,,2914,28890,8250,3936
,,,,,,,,2915,29247,8352,3987
,,,,,,,,2916,29262,8355,3990
,,,,,,,,2917,29055,8295,3960
,,,,,,,,2918,28956,8268,3948
,,,,,,,,2919,28617,8175,3903
,,,,,,,,2920,28329,8091,3864
,,,,,,,,2921,28428,8118,3876
,,,,,,,,2922,28770,8217,3924
,,,,,,,,2923,29022,8289,3957
,,,,,,,,2924,29544,8436,4029
,,,,,,,,2925,29751,8496,4056
,,,,,,,,2926,27858,7956,3798
,,,,,,,,2927,24933,7122,3399
,,,,,,,,2928,22317,6372,3042
,,,,,,,,2929,20583,5877,2805
,,,,,,,,2930,19695,5622,2685
,,,,,,,,2931,19215,5487,2619
,,,,,,,,2932,19098,5454,2604
,,,,,,,,2933,19632,5607,2676
,,,,,,,,2934,21540,6153,2937
,,,,,,,,2935,25032,7149,3411
,,,,,,,,2936,27690,7908,3774
,,,,,,,,2937,28539,8151,3891
,,,,,,,,2938,28986,8280,3954
,,,,,,,,2939,29328,8376,3996
,,,,,,,,2940,29427,8403,4014
,,,,,,,,2941,29199,8340,3981
,,,,,,,,2942,29133,8319,3972
,,,,,,,,2943,28710,8199,3915
,,,,,,,,2944,28422,8115,3876
,,,,,,,,2945,28563,8157,3894
,,,,,,,,2946,28878,8247,3936
,,,,,,,,2947,28992,8280,3954
,,,,,,,,2948,29445,8409,4014
,,,,,,,,2949,29652,8469,4044
,,,,,,,,2950,27786,7935,3786
,,,,,,,,2951,24885,7107,3390
,,,,,,,,2952,22242,6351,3030
,,,,,,,,2953,20514,5859,2796
,,,,,,,,2954,19557,5586,2664
,,,,,,,,2955,19065,5445,2598
,,,,,,,,2956,18933,5409,2580
,,,,,,,,2957,19410,5544,2646
,,,,,,,,2958,21237,6066,2895
,,,,,,,,2959,24648,7038,3360
,,,,,,,,2960,27297,7797,3723
,,,,,,,,2961,28386,8106,3870
,,,,,,,,2962,28926,8262,3942
,,,,,,,,2963,29445,8409,4014
,,,,,,,,2964,29514,8430,4023
,,,,,,,,2965,29343,8379,3999
,,,,,,,,2966,29241,8352,3984
,,,,,,,,2967,28803,8226,3927
,,,,,,,,2968,28416,8115,3876
,,,,,,,,2969,28386,8106,3870
,,,,,,,,2970,28305,8082,3861
,,,,,,,,2971,28047,8010,3822
,,,,,,,,2972,28080,8019,3828
,,,,,,,,2973,28413,8112,3873
,,,,,,,,2974,26994,7707,3678
,,,,,,,,2975,24720,7062,3369
,,,,,,,,2976,22335,6378,3042
,,,,,,,,2977,20430,5835,2787
,,,,,,,,2978,19380,5532,2640
,,,,,,,,2979,18732,5349,2553
,,,,,,,,2980,18438,5265,2514
,,,,,,,,2981,18534,5292,2526
,,,,,,,,2982,19131,5463,2607
,,,,,,,,2983,20247,5784,2760
,,,,,,,,2984,22206,6342,3027
,,,,,,,,2985,24267,6930,3309
,,,,,,,,2986,25602,7311,3489
,,,,,,,,2987,26190,7482,3570
,,,,,,,,2988,26307,7512,3588
,,,,,,,,2989,26046,7437,3552
,,,,,,,,2990,25617,7317,3492
,,,,,,,,2991,25200,7197,3438
,,,,,,,,2992,24915,7116,3396
,,,,,,,,2993,24894,7107,3393
,,,,,,,,2994,25047,7152,3414
,,,,,,,,2995,24993,7137,3408
,,,,,,,,2996,25278,7218,3447
,,,,,,,,2997,26232,7491,3576
,,,,,,,,2998,25260,7212,3444
,,,,,,,,2999,23412,6687,3192
,,,,,,,,3000,21435,6120,2922
,,,,,,,,3001,19848,5667,2706
,,,,,,,,3002,18855,5385,2571
,,,,,,,,3003,18270,5217,2490
,,,,,,,,3004,17985,5136,2451
,,,,,,,,3005,17988,5139,2451
,,,,,,,,3006,18243,5211,2487
,,,,,,,,3007,18795,5367,2562
,,,,,,,,3008,20319,5802,2769
,,,,,,,,3009,22176,6333,3024
,,,,,,,,3010,23583,6735,3213
,,,,,,,,3011,24324,6945,3318
,,,,,,,,3012,24618,7032,3357
,,,,,,,,3013,24624,7032,3357
,,,,,,,,3014,24378,6963,3324
,,,,,,,,3015,24045,6867,3279
,,,,,,,,3016,23976,6849,3270
,,,,,,,,3017,24336,6951,3318
,,,,,,,,3018,24981,7134,3408
,,,,,,,,3019,25377,7248,3459
,,,,,,,,3020,25926,7404,3534
,,,,,,,,3021,27201,7770,3708
,,,,,,,,3022,25698,7338,3504
,,,,,,,,3023,23280,6648,3174
,,,,,,,,3024,21006,5997,2862
,,,,,,,,3025,19389,5538,2643
,,,,,,,,3026,18579,5304,2532
,,,,,,,,3027,18228,5205,2484
,,,,,,,,3028,18171,5190,2478
,,,,,,,,3029,18804,5370,2562
,,,,,,,,3030,20571,5874,2802
,,,,,,,,3031,23982,6849,3270
,,,,,,,,3032,26613,7602,3630
,,,,,,,,3033,27507,7857,3750
,,,,,,,,3034,28080,8019,3828
,,,,,,,,3035,28635,8178,3906
,,,,,,,,3036,28884,8247,3936
,,,,,,,,3037,28869,8244,3936
,,,,,,,,3038,28935,8265,3945
,,,,,,,,3039,28689,8193,3909
,,,,,,,,3040,28359,8100,3864
,,,,,,,,3041,28227,8061,3846
,,,,,,,,3042,28110,8028,3831
,,,,,,,,3043,27903,7968,3804
,,,,,,,,3044,28353,8097,3864
,,,,,,,,3045,29172,8331,3978
,,,,,,,,3046,27285,7791,3720
,,,,,,,,3047,24321,6945,3318
,,,,,,,,3048,21633,6177,2949
,,,,,,,,3049,19929,5691,2715
,,,,,,,,3050,19035,5436,2595
,,,,,,,,3051,18555,5301,2529
,,,,,,,,3052,18423,5262,2511
,,,,,,,,3053,18951,5412,2583
,,,,,,,,3054,20742,5922,2829
,,,,,,,,3055,24159,6900,3294
,,,,,,,,3056,26940,7692,3672
,,,,,,,,3057,27942,7977,3810
,,,,,,,,3058,28524,8145,3888
,,,,,,,,3059,29049,8295,3960
,,,,,,,,3060,29214,8343,3984
,,,,,,,,3061,29043,8295,3960
,,,,,,,,3062,29088,8307,3966
,,,,,,,,3063,28815,8229,3927
,,,,,,,,3064,28665,8187,3906
,,,,,,,,3065,28986,8280,3954
,,,,,,,,3066,29469,8415,4017
,,,,,,,,3067,29445,8409,4014
,,,,,,,,3068,29598,8454,4035
,,,,,,,,3069,29496,8424,4023
,,,,,,,,3070,27465,7842,3744
,,,,,,,,3071,24624,7032,3357
,,,,,,,,3072,22026,6291,3003
,,,,,,,,3073,20277,5790,2763
,,,,,,,,3074,19377,5532,2640
,,,,,,,,3075,18900,5397,2574
,,,,,,,,3076,18762,5358,2559
,,,,,,,,3077,19269,5502,2625
,,,,,,,,3078,21162,6042,2886
,,,,,,,,3079,24681,7047,3363
,,,,,,,,3080,27591,7878,3762
,,,,,,,,3081,28659,8184,3906
,,,,,,,,3082,29301,8370,3996
,,,,,,,,3083,29823,8520,4065
,,,,,,,,3084,30039,8580,4095
,,,,,,,,3085,29931,8550,4080
,,,,,,,,3086,29913,8544,4077
,,,,,,,,3087,29577,8445,4032
,,,,,,,,3088,29385,8391,4005
,,,,,,,,3089,29592,8451,4035
,,,,,,,,3090,29847,8523,4071
,,,,,,,,3091,29685,8478,4047
,,,,,,,,3092,29805,8511,4062
,,,,,,,,3093,29754,8496,4059
,,,,,,,,3094,27837,7947,3795
,,,,,,,,3095,24924,7119,3396
,,,,,,,,3096,22299,6369,3039
,,,,,,,,3097,20556,5871,2802
,,,,,,,,3098,19599,5598,2670
,,,,,,,,3099,19107,5454,2604
,,,,,,,,3100,18996,5424,2589
,,,,,,,,3101,19425,5547,2649
,,,,,,,,3102,21159,6042,2883
,,,,,,,,3103,24543,7008,3348
,,,,,,,,3104,27315,7800,3726
,,,,,,,,3105,28314,8085,3861
,,,,,,,,3106,28806,8226,3927
,,,,,,,,3107,29217,8343,3984
,,,,,,,,3108,29358,8385,4002
,,,,,,,,3109,29238,8349,3984
,,,,,,,,3110,29154,8325,3975
,,,,,,,,3111,28791,8220,3924
,,,,,,,,3112,28446,8124,3876
,,,,,,,,3113,28347,8097,3864
,,,,,,,,3114,28293,8079,3858
,,,,,,,,3115,28017,8001,3819
,,,,,,,,3116,28149,8040,3837
,,,,,,,,3117,28968,8271,3951
,,,,,,,,3118,27498,7854,3750
,,,,,,,,3119,24801,7083,3381
,,,,,,,,3120,22098,6309,3012
,,,,,,,,3121,20331,5805,2769
,,,,,,,,3122,19380,5532,2640
,,,,,,,,3123,18864,5388,2571
,,,,,,,,3124,18741,5352,2556
,,,,,,,,3125,19284,5508,2628
,,,,,,,,3126,20847,5952,2841
,,,,,,,,3127,24204,6912,3300
,,,,,,,,3128,26718,7632,3642
,,,,,,,,3129,27552,7869,3756
,,,,,,,,3130,28047,8010,3822
,,,,,,,,3131,28407,8112,3873
,,,,,,,,3132,28551,8154,3894
,,,,,,,,3133,28365,8100,3867
,,,,,,,,3134,28233,8064,3849
,,,,,,,,3135,27864,7959,3801
,,,,,,,,3136,27495,7854,3747
,,,,,,,,3137,27300,7797,3723
,,,,,,,,3138,27072,7731,3690
,,,,,,,,3139,26688,7620,3639
,,,,,,,,3140,26628,7605,3630
,,,,,,,,3141,27537,7863,3756
,,,,,,,,3142,26574,7587,3621
,,,,,,,,3143,24405,6969,3327
,,,,,,,,3144,21984,6279,2997
,,,,,,,,3145,20172,5760,2751
,,,,,,,,3146,19122,5460,2604
,,,,,,,,3147,18537,5292,2529
,,,,,,,,3148,18324,5232,2499
,,,,,,,,3149,18414,5259,2511
,,,,,,,,3150,18816,5373,2565
,,,,,,,,3151,20001,5712,2727
,,,,,,,,3152,21999,6282,2997
,,,,,,,,3153,23952,6840,3267
,,,,,,,,3154,25128,7176,3426
,,,,,,,,3155,25536,7293,3483
,,,,,,,,3156,25593,7308,3489
,,,,,,,,3157,25383,7248,3459
,,,,,,,,3158,25113,7170,3423
,,,,,,,,3159,24888,7107,3393
,,,,,,,,3160,24936,7122,3399
,,,,,,,,3161,25191,7194,3435
,,,,,,,,3162,25500,7284,3477
,,,,,,,,3163,25551,7299,3483
,,,,,,,,3164,25644,7323,3498
,,,,,,,,3165,26631,7605,3630
,,,,,,,,3166,25773,7362,3513
,,,,,,,,3167,23832,6807,3249
,,,,,,,,3168,21654,6183,2952
,,,,,,,,3169,19941,5694,2718
,,,,,,,,3170,18777,5364,2559
,,,,,,,,3171,18114,5172,2469
,,,,,,,,3172,17751,5070,2421
,,,,,,,,3173,17700,5055,2412
,,,,,,,,3174,17730,5064,2418
,,,,,,,,3175,18423,5259,2511
,,,,,,,,3176,20169,5760,2751
,,,,,,,,3177,22326,6375,3042
,,,,,,,,3178,23940,6837,3264
,,,,,,,,3179,24807,7086,3381
,,,,,,,,3180,25269,7215,3444
,,,,,,,,3181,25485,7278,3474
,,,,,,,,3182,25437,7263,3468
,,,,,,,,3183,25386,7251,3462
,,,,,,,,3184,25497,7281,3477
,,,,,,,,3185,25800,7368,3516
,,,,,,,,3186,26169,7473,3567
,,,,,,,,3187,26262,7500,3579
,,,,,,,,3188,26697,7626,3639
,,,,,,,,3189,27924,7974,3807
,,,,,,,,3190,26766,7644,3648
,,,,,,,,3191,24318,6945,3315
,,,,,,,,3192,21897,6252,2985
,,,,,,,,3193,20166,5760,2748
,,,,,,,,3194,19266,5502,2625
,,,,,,,,3195,18759,5358,2559
,,,,,,,,3196,18621,5319,2538
,,,,,,,,3197,19191,5481,2616
,,,,,,,,3198,20892,5967,2847
,,,,,,,,3199,24252,6927,3306
,,,,,,,,3200,27114,7743,3696
,,,,,,,,3201,28359,8100,3864
,,,,,,,,3202,29226,8346,3984
,,,,,,,,3203,29988,8565,4089
,,,,,,,,3204,30441,8694,4149
,,,,,,,,3205,30591,8736,4170
,,,,,,,,3206,30579,8733,4167
,,,,,,,,3207,30336,8664,4134
,,,,,,,,3208,30057,8583,4098
,,,,,,,,3209,30042,8580,4095
,,,,,,,,3210,30126,8604,4107
,,,,,,,,3211,29907,8541,4077
,,,,,,,,3212,29904,8541,4077
,,,,,,,,3213,30090,8595,4104
,,,,,,,,3214,28188,8049,3843
,,,,,,,,3215,25260,7212,3444
,,,,,,,,3216,22518,6432,3069
,,,,,,,,3217,20739,5922,2829
,,,,,,,,3218,19755,5643,2694
,,,,,,,,3219,19215,5487,2619
,,,,,,,,3220,19083,5451,2601
,,,,,,,,3221,19563,5589,2664
,,,,,,,,3222,21261,6072,2898
,,,,,,,,3223,24618,7032,3357
,,,,,,,,3224,27447,7839,3741
,,,,,,,,3225,28710,8199,3915
,,,,,,,,3226,29520,8430,4026
,,,,,,,,3227,30255,8640,4125
,,,,,,,,3228,30573,8730,4167
,,,,,,,,3229,30597,8739,4170
,,,,,,,,3230,30576,8730,4167
,,,,,,,,3231,30195,8625,4119
,,,,,,,,3232,29910,8544,4077
,,,,,,,,3233,30021,8574,4092
,,,,,,,,3234,30261,8640,4125
,,,,,,,,3235,30150,8610,4110
,,,,,,,,3236,30177,8619,4116
,,,,,,,,3237,30138,8610,4110
,,,,,,,,3238,28203,8052,3846
,,,,,,,,3239,25308,7227,3450
,,,,,,,,3240,22635,6462,3087
,,,,,,,,3241,20898,5967,2847
,,,,,,,,3242,19917,5688,2715
,,,,,,,,3243,19407,5544,2646
,,,,,,,,3244,19251,5499,2622
,,,,,,,,3245,19731,5634,2691
,,,,,,,,3246,21549,6156,2937
,,,,,,,,3247,25026,7149,3411
,,,,,,,,3248,27921,7974,3807
,,,,,,,,3249,29208,8340,3984
,,,,,,,,3250,29973,8562,4086
,,,,,,,,3251,30567,8730,4167
,,,,,,,,3252,30843,8808,4206
,,,,,,,,3253,30819,8802,4203
,,,,,,,,3254,30897,8823,4212
,,,,,,,,3255,30870,8817,4209
,,,,,,,,3256,30870,8817,4209
,,,,,,,,3257,30963,8841,4221
,,,,,,,,3258,30912,8829,4215
,,,,,,,,3259,30498,8709,4158
,,,,,,,,3260,30309,8655,4134
,,,,,,,,3261,30987,8850,4224
,,,,,,,,3262,29307,8370,3996
,,,,,,,,3263,26256,7497,3579
,,,,,,,,3264,23289,6651,3174
,,,,,,,,3265,21321,6087,2907
,,,,,,,,3266,20193,5769,2754
,,,,,,,,3267,19551,5586,2664
,,,,,,,,3268,19266,5502,2625
,,,,,,,,3269,19590,5595,2670
,,,,,,,,3270,20973,5991,2859
,,,,,,,,3271,24243,6924,3303
,,,,,,,,3272,26850,7668,3660
,,,,,,,,3273,27924,7977,3807
,,,,,,,,3274,28569,8160,3894
,,,,,,,,3275,29133,8319,3972
,,,,,,,,3276,29409,8400,4011
,,,,,,,,3277,29409,8400,4011
,,,,,,,,3278,29568,8445,4029
,,,,,,,,3279,29445,8409,4014
,,,,,,,,3280,29331,8376,3996
,,,,,,,,3281,29292,8364,3993
,,,,,,,,3282,29115,8313,3969
,,,,,,,,3283,28632,8175,3903
,,,,,,,,3284,28473,8130,3882
,,,,,,,,3285,29352,8382,3999
,,,,,,,,3286,28038,8007,3822
,,,,,,,,3287,25119,7173,3423
,,,,,,,,3288,22335,6378,3042
,,,,,,,,3289,20469,5844,2790
,,,,,,,,3290,19374,5532,2640
,,,,,,,,3291,18819,5376,2565
,,,,,,,,3292,18630,5319,2541
,,,,,,,,3293,19098,5454,2604
,,,,,,,,3294,20517,5859,2799
,,,,,,,,3295,23811,6801,3246
,,,,,,,,3296,26568,7587,3621
,,,,,,,,3297,27777,7935,3786
,,,,,,,,3298,28533,8148,3891
,,,,,,,,3299,29127,8319,3969
,,,,,,,,3300,29397,8394,4008
,,,,,,,,3301,29364,8385,4002
,,,,,,,,3302,29427,8403,4014
,,,,,,,,3303,29205,8340,3981
,,,,,,,,3304,28977,8277,3951
,,,,,,,,3305,28746,8208,3921
,,,,,,,,3306,28314,8085,3861
,,,,,,,,3307,27645,7896,3771
,,,,,,,,3308,27255,7782,3714
,,,,,,,,3309,27957,7983,3813
,,,,,,,,3310,27015,7716,3681
,,,,,,,,3311,24696,7053,3366
,,,,,,,,3312,22164,6327,3021
,,,,,,,,3313,20277,5790,2763
,,,,,,,,3314,19188,5481,2616
,,,,,,,,3315,18540,5295,2529
,,,,,,,,3316,18198,5199,2481
,,,,,,,,3317,18312,5229,2496
,,,,,,,,3318,18552,5298,2529
,,,,,,,,3319,19806,5658,2700
,,,,,,,,3320,21921,6261,2988
,,,,,,,,3321,24105,6882,3285
,,,,,,,,3322,25470,7272,3471
,,,,,,,,3323,26151,7470,3564
,,,,,,,,3324,26475,7560,3609
,,,,,,,,3325,26463,7557,3606
,,,,,,,,3326,26298,7512,3585
,,,,,,,,3327,26220,7488,3573
,,,,,,,,3328,26352,7527,3591
,,,,,,,,3329,26646,7611,3633
,,,,,,,,3330,26904,7683,3666
,,,,,,,,3331,26754,7641,3648
,,,,,,,,3332,26412,7542,3603
,,,,,,,,3333,27087,7737,3693
,,,,,,,,3334,26355,7527,3594
,,,,,,,,3335,24300,6942,3315
,,,,,,,,3336,22047,6297,3006
,,,,,,,,3337,20250,5784,2760
,,,,,,,,3338,19089,5451,2604
,,,,,,,,3339,18357,5244,2502
,,,,,,,,3340,18045,5154,2460
,,,,,,,,3341,18018,5145,2454
,,,,,,,,3342,17970,5133,2451
,,,,,,,,3343,18714,5346,2550
,,,,,,,,3344,20535,5865,2799
,,,,,,,,3345,22761,6501,3105
,,,,,,,,3346,24519,7002,3342
,,,,,,,,3347,25596,7311,3489
,,,,,,,,3348,26307,7512,3588
,,,,,,,,3349,26673,7617,3636
,,,,,,,,3350,26724,7635,3645
,,,,,,,,3351,26775,7647,3648
,,,,,,,,3352,26955,7698,3675
,,,,,,,,3353,27318,7800,3726
,,,,,,,,3354,27681,7905,3774
,,,,,,,,3355,27663,7902,3771
,,,,,,,,3356,27522,7860,3753
,,,,,,,,3357,28398,8112,3873
,,,,,,,,3358,27171,7761,3705
,,,,,,,,3359,24459,6987,3333
,,,,,,,,3360,21909,6255,2985
,,,,,,,,3361,20082,5736,2739
,,,,,,,,3362,19197,5484,2619
,,,,,,,,3363,18720,5346,2550
,,,,,,,,3364,18600,5313,2535
,,,,,,,,3365,19098,5454,2604
,,,,,,,,3366,20616,5889,2811
,,,,,,,,3367,24003,6855,3270
,,,,,,,,3368,27003,7713,3681
,,,,,,,,3369,28413,8115,3873
,,,,,,,,3370,29376,8388,4005
,,,,,,,,3371,30177,8619,4116
,,,,,,,,3372,30642,8751,4179
,,,,,,,,3373,30744,8781,4191
,,,,,,,,3374,30945,8838,4218
,,,,,,,,3375,30765,8787,4194
,,,,,,,,3376,30513,8715,4161
,,,,,,,,3377,30573,8730,4167
,,,,,,,,3378,30621,8745,4176
,,,,,,,,3379,30420,8688,4149
,,,,,,,,3380,30312,8655,4134
,,,,,,,,3381,30411,8685,4146
,,,,,,,,3382,28521,8145,3888
,,,,,,,,3383,25530,7290,3480
,,,,,,,,3384,22845,6522,3114
,,,,,,,,3385,21072,6018,2874
,,,,,,,,3386,20094,5739,2739
,,,,,,,,3387,19626,5604,2676
,,,,,,,,3388,19443,5553,2649
,,,,,,,,3389,19953,5697,2721
,,,,,,,,3390,21633,6177,2949
,,,,,,,,3391,25086,7167,3420
,,,,,,,,3392,27930,7977,3807
,,,,,,,,3393,29112,8313,3966
,,,,,,,,3394,29907,8541,4077
,,,,,,,,3395,30672,8760,4182
,,,,,,,,3396,31023,8862,4230
,,,,,,,,3397,31002,8853,4224
,,,,,,,,3398,31026,8862,4230
,,,,,,,,3399,30789,8793,4197
,,,,,,,,3400,30588,8736,4170
,,,,,,,,3401,30600,8739,4173
,,,,,,,,3402,30681,8763,4182
,,,,,,,,3403,30354,8670,4137
,,,,,,,,3404,30138,8607,4107
,,,,,,,,3405,30294,8652,4131
,,,,,,,,3406,28650,8181,3906
,,,,,,,,3407,25821,7374,3519
,,,,,,,,3408,23100,6597,3150
,,,,,,,,3409,21153,6039,2883
,,,,,,,,3410,20193,5769,2754
,,,,,,,,3411,19689,5622,2682
,,,,,,,,3412,19518,5574,2661
,,,,,,,,3413,20031,5721,2730
,,,,,,,,3414,21570,6162,2940
,,,,,,,,3415,25092,7167,3420
,,,,,,,,3416,28068,8016,3828
,,,,,,,,3417,29457,8415,4014
,,,,,,,,3418,30375,8676,4140
,,,,,,,,3419,31203,8910,4254
,,,,,,,,3420,31743,9066,4329
,,,,,,,,3421,32007,9141,4362
,,,,,,,,3422,32355,9240,4410
,,,,,,,,3423,32316,9228,4407
,,,,,,,,3424,32091,9165,4377
,,,,,,,,3425,32136,9180,4380
,,,,,,,,3426,32073,9159,4374
,,,,,,,,3427,31599,9024,4308
,,,,,,,,3428,31233,8919,4257
,,,,,,,,3429,31773,9075,4332
,,,,,,,,3430,30441,8694,4149
,,,,,,,,3431,27288,7794,3720
,,,,,,,,3432,24222,6918,3300
,,,,,,,,3433,22116,6315,3012
,,,,,,,,3434,20847,5952,2841
,,,,,,,,3435,20139,5751,2745
,,,,,,,,3436,19848,5667,2706
,,,,,,,,3437,20277,5790,2763
,,,,,,,,3438,21810,6228,2973
,,,,,,,,3439,25422,7260,3468
,,,,,,,,3440,28485,8133,3882
,,,,,,,,3441,30003,8568,4089
,,,,,,,,3442,31134,8892,4245
,,,,,,,,3443,32067,9159,4371
,,,,,,,,3444,32613,9315,4446
,,,,,,,,3445,32778,9360,4467
,,,,,,,,3446,32919,9402,4488
,,,,,,,,3447,32832,9378,4476
,,,,,,,,3448,32535,9291,4437
,,,,,,,,3449,32385,9249,4416
,,,,,,,,3450,31923,9117,4353
,,,,,,,,3451,31248,8925,4260
,,,,,,,,3452,30897,8823,4212
,,,,,,,,3453,31437,8979,4284
,,,,,,,,3454,30123,8604,4107
,,,,,,,,3455,26997,7710,3678
,,,,,,,,3456,23922,6831,3261
,,,,,,,,3457,21912,6258,2985
,,,,,,,,3458,20808,5943,2835
,,,,,,,,3459,20148,5754,2745
,,,,,,,,3460,19941,5694,2718
,,,,,,,,3461,20364,5814,2775
,,,,,,,,3462,21867,6246,2982
,,,,,,,,3463,25125,7176,3423
,,,,,,,,3464,27957,7983,3813
,,,,,,,,3465,29343,8382,3999
,,,,,,,,3466,30198,8625,4119
,,,,,,,,3467,30837,8805,4206
,,,,,,,,3468,31269,8931,4263
,,,,,,,,3469,31338,8952,4272
,,,,,,,,3470,31458,8985,4287
,,,,,,,,3471,31296,8940,4266
,,,,,,,,3472,31143,8895,4245
,,,,,,,,3473,31134,8892,4245
,,,,,,,,3474,30882,8820,4209
,,,,,,,,3475,30324,8661,4134
,,,,,,,,3476,29853,8526,4071
,,,,,,,,3477,30249,8640,4122
,,,,,,,,3478,29382,8391,4005
,,,,,,,,3479,27036,7722,3684
,,,,,,,,3480,24384,6963,3324
,,,,,,,,3481,22368,6387,3048
,,,,,,,,3482,21147,6039,2883
,,,,,,,,3483,20403,5829,2781
,,,,,,,,3484,20028,5721,2730
,,,,,,,,3485,20073,5733,2736
,,,,,,,,3486,20376,5817,2778
,,,,,,,,3487,21540,6153,2937
,,,,,,,,3488,23742,6780,3237
,,,,,,,,3489,26337,7521,3588
,,,,,,,,3490,28455,8127,3879
,,,,,,,,3491,29913,8544,4077
,,,,,,,,3492,30852,8811,4206
,,,,,,,,3493,31413,8973,4284
,,,,,,,,3494,31593,9021,4308
,,,,,,,,3495,31713,9057,4323
,,,,,,,,3496,31713,9057,4323
,,,,,,,,3497,31938,9120,4353
,,,,,,,,3498,31938,9120,4353
,,,,,,,,3499,31491,8994,4293
,,,,,,,,3500,30903,8826,4212
,,,,,,,,3501,31200,8910,4254
,,,,,,,,3502,30318,8658,4134
,,,,,,,,3503,27831,7947,3795
,,,,,,,,3504,25152,7182,3429
,,,,,,,,3505,22920,6546,3123
,,,,,,,,3506,21486,6135,2928
,,,,,,,,3507,20523,5859,2799
,,,,,,,,3508,19941,5694,2718
,,,,,,,,3509,19674,5619,2682
,,,,,,,,3510,19371,5532,2640
,,,,,,,,3511,20052,5727,2733
,,,,,,,,3512,21798,6225,2970
,,,,,,,,3513,23985,6852,3270
,,,,,,,,3514,25926,7404,3534
,,,,,,,,3515,27174,7761,3705
,,,,,,,,3516,28020,8004,3819
,,,,,,,,3517,28524,8145,3888
,,,,,,,,3518,28605,8169,3900
,,,,,,,,3519,28665,8187,3906
,,,,,,,,3520,28815,8229,3927
,,,,,,,,3521,29088,8307,3966
,,,,,,,,3522,29211,8340,3984
,,,,,,,,3523,28740,8208,3918
,,,,,,,,3524,28194,8052,3843
,,,,,,,,3525,28728,8205,3918
,,,,,,,,3526,28140,8037,3834
,,,,,,,,3527,26196,7482,3573
,,,,,,,,3528,23910,6828,3258
,,,,,,,,3529,22077,6306,3009
,,,,,,,,3530,20868,5961,2847
,,,,,,,,3531,20187,5766,2754
,,,,,,,,3532,19854,5670,2706
,,,,,,,,3533,19896,5682,2712
,,,,,,,,3534,20085,5739,2739
,,,,,,,,3535,21006,6000,2862
,,,,,,,,3536,22893,6537,3120
,,,,,,,,3537,25431,7263,3468
,,,,,,,,3538,27540,7866,3756
,,,,,,,,3539,29148,8325,3972
,,,,,,,,3540,30345,8667,4137
,,,,,,,,3541,31203,8910,4254
,,,,,,,,3542,31515,9000,4296
,,,,,,,,3543,31728,9060,4326
,,,,,,,,3544,31968,9132,4359
,,,,,,,,3545,32406,9255,4419
,,,,,,,,3546,32727,9345,4461
,,,,,,,,3547,32358,9243,4410
,,,,,,,,3548,31956,9126,4356
,,,,,,,,3549,32391,9252,4416
,,,,,,,,3550,30945,8838,4218
,,,,,,,,3551,27798,7938,3789
,,,,,,,,3552,24783,7077,3378
,,,,,,,,3553,22800,6510,3108
,,,,,,,,3554,21594,6168,2943
,,,,,,,,3555,20928,5979,2853
,,,,,,,,3556,20751,5928,2829
,,,,,,,,3557,21180,6051,2889
,,,,,,,,3558,22812,6516,3108
,,,,,,,,3559,26400,7542,3600
,,,,,,,,3560,29673,8475,4044
,,,,,,,,3561,31596,9024,4308
,,,,,,,,3562,33144,9468,4518
,,,,,,,,3563,34620,9888,4719
,,,,,,,,3564,35871,10248,4893
,,,,,,,,3565,36771,10503,5013
,,,,,,,,3566,37560,10728,5121
,,,,,,,,3567,37860,10815,5163
,,,,,,,,3568,38232,10920,5211
,,,,,,,,3569,38502,10998,5250
,,,,,,,,3570,38214,10914,5211
,,,,,,,,3571,37182,10620,5070
,,,,,,,,3572,36405,10398,4965
,,,,,,,,3573,35928,10263,4899
,,,,,,,,3574,33348,9525,4545
,,,,,,,,3575,29832,8520,4068
,,,,,,,,3576,26679,7617,3636
,,,,,,,,3577,24468,6987,3336
,,,,,,,,3578,23148,6609,3156
,,,,,,,,3579,22389,6396,3051
,,,,,,,,3580,22086,6309,3012
,,,,,,,,3581,22515,6432,3069
,,,,,,,,3582,24072,6876,3282
,,,,,,,,3583,27645,7896,3771
,,,,,,,,3584,30720,8775,4188
,,,,,,,,3585,32148,9180,4383
,,,,,,,,3586,33099,9453,4512
,,,,,,,,3587,33885,9678,4620
,,,,,,,,3588,34362,9813,4683
,,,,,,,,3589,34509,9858,4707
,,,,,,,,3590,34773,9933,4740
,,,,,,,,3591,34671,9903,4725
,,,,,,,,3592,34587,9879,4716
,,,,,,,,3593,34680,9903,4728
,,,,,,,,3594,34476,9846,4701
,,,,,,,,3595,33753,9639,4602
,,,,,,,,3596,33219,9489,4527
,,,,,,,,3597,33615,9603,4584
,,,,,,,,3598,32202,9195,4392
,,,,,,,,3599,28947,8265,3945
,,,,,,,,3600,25773,7362,3513
,,,,,,,,3601,23451,6699,3195
,,,,,,,,3602,22119,6315,3015
,,,,,,,,3603,21330,6090,2907
,,,,,,,,3604,20988,5994,2862
,,,,,,,,3605,21339,6096,2907
,,,,,,,,3606,22740,6495,3099
,,,,,,,,3607,26208,7485,3573
,,,,,,,,3608,29409,8400,4011
,,,,,,,,3609,30963,8844,4221
,,,,,,,,3610,32250,9210,4395
,,,,,,,,3611,33375,9531,4551
,,,,,,,,3612,34131,9747,4653
,,,,,,,,3613,34551,9867,4710
,,,,,,,,3614,35103,10023,4785
,,,,,,,,3615,35283,10077,4812
,,,,,,,,3616,35415,10113,4830
,,,,,,,,3617,35421,10113,4830
,,,,,,,,3618,34920,9975,4761
,,,,,,,,3619,33879,9678,4620
,,,,,,,,3620,32820,9375,4473
,,,,,,,,3621,32895,9393,4485
,,,,,,,,3622,31686,9048,4320
,,,,,,,,3623,28350,8097,3864
,,,,,,,,3624,25047,7152,3414
,,,,,,,,3625,22773,6504,3105
,,,,,,,,3626,21390,6108,2916
,,,,,,,,3627,20619,5889,2811
,,,,,,,,3628,20322,5802,2769
,,,,,,,,3629,20568,5874,2802
,,,,,,,,3630,21717,6204,2961
,,,,,,,,3631,25032,7149,3411
,,,,,,,,3632,27993,7995,3816
,,,,,,,,3633,29439,8406,4014
,,,,,,,,3634,30393,8679,4143
,,,,,,,,3635,31182,8907,4251
,,,,,,,,3636,31566,9015,4302
,,,,,,,,3637,31623,9030,4311
,,,,,,,,3638,31791,9078,4332
,,,,,,,,3639,31665,9045,4317
,,,,,,,,3640,31323,8946,4272
,,,,,,,,3641,30858,8811,4209
,,,,,,,,3642,30036,8580,4095
,,,,,,,,3643,29070,8301,3963
,,,,,,,,3644,28599,8169,3900
,,,,,,,,3645,29013,8286,3954
,,,,,,,,3646,28077,8019,3828
,,,,,,,,3647,25713,7344,3504
,,,,,,,,3648,23178,6621,3159
,,,,,,,,3649,21204,6054,2892
,,,,,,,,3650,20034,5724,2730
,,,,,,,,3651,19368,5529,2640
,,,,,,,,3652,19092,5454,2604
,,,,,,,,3653,19170,5475,2613
,,,,,,,,3654,19590,5595,2670
,,,,,,,,3655,20610,5886,2808
,,,,,,,,3656,22500,6426,3066
,,,,,,,,3657,24783,7077,3378
,,,,,,,,3658,26580,7590,3624
,,,,,,,,3659,27759,7929,3786
,,,,,,,,3660,28233,8064,3849
,,,,,,,,3661,28197,8052,3846
,,,,,,,,3662,27876,7962,3801
,,,,,,,,3663,27537,7863,3756
,,,,,,,,3664,27360,7812,3729
,,,,,,,,3665,27540,7866,3756
,,,,,,,,3666,27801,7938,3789
,,,,,,,,3667,27699,7911,3777
,,,,,,,,3668,27492,7851,3747
,,,,,,,,3669,27594,7881,3762
,,,,,,,,3670,26673,7617,3636
,,,,,,,,3671,24780,7077,3378
,,,,,,,,3672,22653,6468,3090
,,,,,,,,3673,20931,5979,2853
,,,,,,,,3674,19743,5637,2691
,,,,,,,,3675,19032,5436,2595
,,,,,,,,3676,18639,5322,2541
,,,,,,,,3677,18567,5304,2529
,,,,,,,,3678,18534,5292,2526
,,,,,,,,3679,19221,5490,2619
,,,,,,,,3680,20859,5958,2844
,,,,,,,,3681,23055,6585,3144
,,,,,,,,3682,24783,7077,3378
,,,,,,,,3683,25866,7386,3528
,,,,,,,,3684,26565,7587,3621
,,,,,,,,3685,26838,7665,3660
,,,,,,,,3686,26724,7635,3645
,,,,,,,,3687,26598,7596,3627
,,,,,,,,3688,26541,7581,3618
,,,,,,,,3689,26769,7647,3648
,,,,,,,,3690,27096,7740,3696
,,,,,,,,3691,27321,7803,3726
,,,,,,,,3692,27393,7824,3735
,,,,,,,,3693,27717,7917,3780
,,,,,,,,3694,26559,7587,3618
,,,,,,,,3695,24249,6927,3306
,,,,,,,,3696,21918,6261,2988
,,,,,,,,3697,20238,5781,2757
,,,,,,,,3698,19263,5499,2625
,,,,,,,,3699,18765,5361,2559
,,,,,,,,3700,18681,5334,2544
,,,,,,,,3701,19188,5481,2616
,,,,,,,,3702,20781,5937,2832
,,,,,,,,3703,24147,6897,3291
,,,,,,,,3704,27021,7719,3684
,,,,,,,,3705,28284,8079,3855
,,,,,,,,3706,29079,8304,3966
,,,,,,,,3707,29733,8490,4053
,,,,,,,,3708,29940,8550,4083
,,,,,,,,3709,29877,8535,4074
,,,,,,,,3710,29778,8505,4059
,,,,,,,,3711,29463,8415,4014
,,,,,,,,3712,29265,8358,3990
,,,,,,,,3713,29433,8406,4014
,,,,,,,,3714,29733,8490,4053
,,,,,,,,3715,29481,8418,4020
,,,,,,,,3716,29133,8319,3972
,,,,,,,,3717,29193,8337,3981
,,,,,,,,3718,27732,7920,3780
,,,,,,,,3719,24909,7113,3396
,,,,,,,,3720,22254,6357,3033
,,,,,,,,3721,20532,5862,2799
,,,,,,,,3722,19602,5598,2673
,,,,,,,,3723,19134,5466,2607
,,,,,,,,3724,18999,5424,2589
,,,,,,,,3725,19464,5559,2652
,,,,,,,,3726,20961,5985,2859
,,,,,,,,3727,24339,6951,3318
,,,,,,,,3728,27147,7752,3702
,,,,,,,,3729,28272,8073,3855
,,,,,,,,3730,28890,8250,3936
,,,,,,,,3731,29400,8397,4008
,,,,,,,,3732,29667,8475,4044
,,,,,,,,3733,29607,8457,4038
,,,,,,,,3734,29613,8457,4038
,,,,,,,,3735,29298,8367,3996
,,,,,,,,3736,29115,8316,3969
,,,,,,,,3737,29199,8340,3981
,,,,,,,,3738,29259,8355,3987
,,,,,,,,3739,28944,8265,3945
,,,,,,,,3740,28848,8238,3933
,,,,,,,,3741,29154,8325,3975
,,,,,,,,3742,28065,8013,3825
,,,,,,,,3743,25263,7212,3444
,,,,,,,,3744,22602,6453,3081
,,,,,,,,3745,20667,5904,2817
,,,,,,,,3746,19644,5610,2679
,,,,,,,,3747,19155,5469,2610
,,,,,,,,3748,18957,5412,2583
,,,,,,,,3749,19461,5559,2652
,,,,,,,,3750,20892,5967,2847
,,,,,,,,3751,24255,6927,3306
,,,,,,,,3752,27069,7731,3690
,,,,,,,,3753,28221,8061,3846
,,,,,,,,3754,28893,8250,3939
,,,,,,,,3755,29538,8436,4029
,,,,,,,,3756,29853,8526,4071
,,,,,,,,3757,29925,8547,4080
,,,,,,,,3758,30033,8577,4095
,,,,,,,,3759,29814,8517,4065
,,,,,,,,3760,29631,8460,4041
,,,,,,,,3761,29625,8460,4038
,,,,,,,,3762,29514,8430,4023
,,,,,,,,3763,28998,8280,3954
,,,,,,,,3764,28764,8217,3924
,,,,,,,,3765,29328,8376,3996
,,,,,,,,3766,28311,8085,3861
,,,,,,,,3767,25377,7245,3459
,,,,,,,,3768,22602,6453,3081
,,,,,,,,3769,20793,5937,2832
,,,,,,,,3770,19737,5634,2691
,,,,,,,,3771,19203,5484,2619
,,,,,,,,3772,19059,5442,2598
,,,,,,,,3773,19527,5577,2664
,,,,,,,,3774,20967,5988,2859
,,,,,,,,3775,24291,6939,3312
,,,,,,,,3776,26991,7707,3678
,,,,,,,,3777,28248,8070,3852
,,,,,,,,3778,29292,8367,3993
,,,,,,,,3779,30177,8619,4116
,,,,,,,,3780,30756,8784,4194
,,,,,,,,3781,30825,8805,4203
,,,,,,,,3782,31029,8862,4230
,,,,,,,,3783,30822,8805,4203
,,,,,,,,3784,30678,8760,4182
,,,,,,,,3785,30594,8739,4170
,,,,,,,,3786,30342,8667,4137
,,,,,,,,3787,29718,8487,4053
,,,,,,,,3788,29391,8394,4008
,,,,,,,,3789,29880,8535,4074
,,,,,,,,3790,28881,8247,3936
,,,,,,,,3791,26025,7431,3546
,,,,,,,,3792,23166,6615,3159
,,,,,,,,3793,21177,6048,2886
,,,,,,,,3794,20139,5751,2745
,,,,,,,,3795,19521,5574,2661
,,,,,,,,3796,19245,5496,2622
,,,,,,,,3797,19689,5622,2682
,,,,,,,,3798,21006,6000,2862
,,,,,,,,3799,24276,6933,3309
,,,,,,,,3800,27231,7779,3711
,,,,,,,,3801,28749,8211,3921
,,,,,,,,3802,29919,8547,4080
,,,,,,,,3803,30984,8850,4224
,,,,,,,,3804,31644,9036,4314
,,,,,,,,3805,31902,9111,4347
,,,,,,,,3806,32304,9225,4404
,,,,,,,,3807,32295,9225,4404
,,,,,,,,3808,32049,9153,4368
,,,,,,,,3809,31836,9090,4341
,,,,,,,,3810,31275,8931,4263
,,,,,,,,3811,30351,8670,4137
,,,,,,,,3812,29760,8499,4059
,,,,,,,,3813,30018,8574,4092
,,,,,,,,3814,29172,8331,3978
,,,,,,,,3815,26703,7626,3639
,,,,,,,,3816,24045,6867,3279
,,,,,,,,3817,22005,6282,2997
,,,,,,,,3818,20685,5907,2820
,,,,,,,,3819,19953,5697,2721
,,,,,,,,3820,19464,5559,2652
,,,,,,,,3821,19374,5532,2640
,,,,,,,,3822,19470,5559,2652
,,,,,,,,3823,20802,5940,2835
,,,,,,,,3824,23064,6588,3144
,,,,,,,,3825,25437,7263,3468
,,,,,,,,3826,26967,7701,3678
,,,,,,,,3827,27822,7947,3792
,,,,,,,,3828,28176,8046,3843
,,,,,,,,3829,28200,8052,3846
,,,,,,,,3830,28002,7995,3816
,,,,,,,,3831,27822,7947,3792
,,,,,,,,3832,27861,7956,3798
,,,,,,,,3833,28158,8040,3840
,,,,,,,,3834,28371,8103,3867
,,,,,,,,3835,28170,8046,3840
,,,,,,,,3836,27852,7953,3798
,,,,,,,,3837,28254,8070,3852
,,,,,,,,3838,28008,7998,3816
,,,,,,,,3839,26061,7443,3552
,,,,,,,,3840,23733,6777,3237
,,,,,,,,3841,21708,6198,2958
,,,,,,,,3842,20439,5838,2787
,,,,,,,,3843,19650,5613,2679
,,,,,,,,3844,19197,5484,2619
,,,,,,,,3845,18987,5424,2589
,,,,,,,,3846,18795,5367,2562
,,,,,,,,3847,19650,5613,2679
,,,,,,,,3848,21642,6180,2952
,,,,,,,,3849,24105,6885,3285
,,,,,,,,3850,26169,7476,3567
,,,,,,,,3851,27573,7875,3759
,,,,,,,,3852,28500,8139,3885
,,,,,,,,3853,29061,8298,3963
,,,,,,,,3854,29214,8343,3984
,,,,,,,,3855,29316,8373,3996
,,,,,,,,3856,29520,8430,4026
,,,,,,,,3857,29916,8547,4077
,,,,,,,,3858,30195,8625,4116
,,,,,,,,3859,30003,8568,4089
,,,,,,,,3860,29580,8448,4032
,,,,,,,,3861,29814,8517,4065
,,,,,,,,3862,29136,8322,3972
,,,,,,,,3863,26349,7527,3591
,,,,,,,,3864,23556,6729,3210
,,,,,,,,3865,21594,6168,2943
,,,,,,,,3866,20460,5844,2787
,,,,,,,,3867,19896,5682,2712
,,,,,,,,3868,19725,5634,2688
,,,,,,,,3869,20163,5760,2748
,,,,,,,,3870,21609,6174,2946
,,,,,,,,3871,25044,7152,3414
,,,,,,,,3872,28137,8037,3834
,,,,,,,,3873,29802,8511,4062
,,,,,,,,3874,30966,8844,4221
,,,,,,,,3875,31869,9102,4347
,,,,,,,,3876,32427,9261,4422
,,,,,,,,3877,32733,9348,4464
,,,,,,,,3878,33030,9435,4503
,,,,,,,,3879,33033,9438,4503
,,,,,,,,3880,33054,9441,4506
,,,,,,,,3881,33090,9450,4512
,,,,,,,,3882,32802,9369,4470
,,,,,,,,3883,31899,9111,4347
,,,,,,,,3884,31164,8901,4248
,,,,,,,,3885,31314,8943,4269
,,,,,,,,3886,30144,8610,4110
,,,,,,,,3887,27000,7710,3681
,,,,,,,,3888,23973,6846,3270
,,,,,,,,3889,22014,6288,3000
,,,,,,,,3890,20814,5946,2838
,,,,,,,,3891,20253,5784,2760
,,,,,,,,3892,20028,5721,2730
,,,,,,,,3893,20520,5859,2799
,,,,,,,,3894,21900,6255,2985
,,,,,,,,3895,25362,7242,3456
,,,,,,,,3896,28407,8112,3873
,,,,,,,,3897,30018,8574,4092
,,,,,,,,3898,31023,8862,4230
,,,,,,,,3899,31878,9105,4347
,,,,,,,,3900,32340,9237,4407
,,,,,,,,3901,32547,9297,4437
,,,,,,,,3902,32931,9405,4488
,,,,,,,,3903,32850,9381,4479
,,,,,,,,3904,32676,9333,4452
,,,,,,,,3905,32604,9312,4446
,,,,,,,,3906,32301,9225,4404
,,,,,,,,3907,31650,9039,4317
,,,,,,,,3908,31242,8922,4257
,,,,,,,,3909,31434,8976,4284
,,,,,,,,3910,30054,8583,4098
,,,,,,,,3911,27087,7737,3693
,,,,,,,,3912,24261,6927,3306
,,,,,,,,3913,22374,6390,3051
,,,,,,,,3914,21303,6084,2904
,,,,,,,,3915,20724,5919,2826
,,,,,,,,3916,20538,5865,2802
,,,,,,,,3917,20946,5982,2856
,,,,,,,,3918,22557,6444,3075
,,,,,,,,3919,25869,7389,3528
,,,,,,,,3920,28968,8274,3951
,,,,,,,,3921,30429,8691,4149
,,,,,,,,3922,31263,8928,4263
,,,,,,,,3923,31908,9111,4350
,,,,,,,,3924,32196,9195,4389
,,,,,,,,3925,32154,9183,4383
,,,,,,,,3926,32220,9201,4392
,,,,,,,,3927,31977,9132,4359
,,,,,,,,3928,31734,9063,4326
,,,,,,,,3929,31797,9081,4335
,,,,,,,,3930,31773,9075,4332
,,,,,,,,3931,31290,8937,4266
,,,,,,,,3932,30810,8799,4200
,,,,,,,,3933,30870,8817,4209
,,,,,,,,3934,29922,8547,4080
,,,,,,,,3935,27057,7728,3690
,,,,,,,,3936,24174,6903,3297
,,,,,,,,3937,22176,6333,3024
,,,,,,,,3938,21012,6000,2862
,,,,,,,,3939,20286,5793,2766
,,,,,,,,3940,20061,5730,2736
,,,,,,,,3941,20442,5838,2787
,,,,,,,,3942,21873,6246,2982
,,,,,,,,3943,25152,7182,3429
,,,,,,,,3944,28182,8049,3843
,,,,,,,,3945,29754,8499,4059
,,,,,,,,3946,30666,8760,4179
,,,,,,,,3947,31404,8970,4281
,,,,,,,,3948,31722,9060,4326
,,,,,,,,3949,31836,9090,4341
,,,,,,,,3950,32082,9165,4374
,,,,,,,,3951,32163,9186,4386
,,,,,,,,3952,32196,9195,4389
,,,,,,,,3953,32241,9210,4395
,,,,,,,,3954,32001,9138,4362
,,,,,,,,3955,31251,8925,4260
,,,,,,,,3956,30540,8721,4164
,,,,,,,,3957,30618,8745,4173
,,,,,,,,3958,29973,8562,4089
,,,,,,,,3959,27054,7725,3690
,,,,,,,,3960,24063,6873,3282
,,,,,,,,3961,21957,6270,2994
,,,,,,,,3962,20637,5895,2814
,,,,,,,,3963,19941,5694,2718
,,,,,,,,3964,19689,5622,2682
,,,,,,,,3965,20016,5718,2727
,,,,,,,,3966,21162,6042,2886
,,,,,,,,3967,24348,6954,3318
,,,,,,,,3968,27429,7833,3741
,,,,,,,,3969,29301,8370,3996
,,,,,,,,3970,30528,8718,4164
,,,,,,,,3971,31452,8982,4287
,,,,,,,,3972,31893,9108,4347
,,,,,,,,3973,32025,9147,4365
,,,,,,,,3974,32286,9222,4401
,,,,,,,,3975,32286,9222,4401
,,,,,,,,3976,32208,9198,4392
,,,,,,,,3977,32133,9177,4380
,,,,,,,,3978,31665,9045,4317
,,,,,,,,3979,30684,8763,4182
,,,,,,,,3980,29751,8499,4056
,,,,,,,,3981,29589,8451,4035
,,,,,,,,3982,29040,8295,3960
,,,,,,,,3983,26565,7587,3621
,,,,,,,,3984,23829,6807,3249
,,,,,,,,3985,21693,6195,2955
,,,,,,,,3986,20403,5829,2781
,,,,,,,,3987,19683,5619,2682
,,,,,,,,3988,19281,5505,2628
,,,,,,,,3989,19185,5478,2616
,,,,,,,,3990,19209,5484,2619
,,,,,,,,3991,20535,5865,2799
,,,,,,,,3992,22839,6522,3114
,,,,,,,,3993,25305,7227,3450
,,,,,,,,3994,26982,7707,3678
,,,,,,,,3995,27882,7965,3801
,,,,,,,,3996,28209,8055,3846
,,,,,,,,3997,28203,8055,3846
,,,,,,,,3998,27948,7983,3810
,,,,,,,,3999,27717,7917,3777
,,,,,,,,4000,27657,7899,3771
,,,,,,,,4001,27744,7923,3783
,,,,,,,,4002,27810,7944,3792
,,,,,,,,4003,27471,7845,3744
,,,,,,,,4004,26955,7698,3675
,,,,,,,,4005,27153,7755,3702
,,,,,,,,4006,26856,7671,3663
,,,,,,,,4007,24948,7125,3402
,,,,,,,,4008,22620,6462,3084
,,,,,,,,4009,20796,5940,2835
,,,,,,,,4010,19650,5613,2679
,,,,,,,,4011,18966,5418,2586
,,,,,,,,4012,18564,5304,2529
,,,,,,,,4013,18483,5277,2520
,,,,,,,,4014,18336,5235,2499
,,,,,,,,4015,19038,5439,2595
,,,,,,,,4016,20751,5928,2829
,,,,,,,,4017,22932,6549,3126
,,,,,,,,4018,24597,7026,3354
,,,,,,,,4019,25617,7317,3492
,,,,,,,,4020,26202,7482,3573
,,,,,,,,4021,26448,7554,3606
,,,,,,,,4022,26313,7515,3588
,,,,,,,,4023,26232,7491,3576
,,,,,,,,4024,26313,7515,3588
,,,,,,,,4025,26622,7605,3630
,,,,,,,,4026,26946,7695,3675
,,,,,,,,4027,26877,7677,3666
,,,,,,,,4028,26664,7617,3636
,,,,,,,,4029,27204,7770,3708
,,,,,,,,4030,26865,7674,3663
,,,,,,,,4031,24543,7011,3348
,,,,,,,,4032,22059,6300,3006
,,,,,,,,4033,20343,5811,2772
,,,,,,,,4034,19341,5523,2634
,,,,,,,,4035,18927,5406,2580
,,,,,,,,4036,18843,5379,2568
,,,,,,,,4037,19374,5532,2640
,,,,,,,,4038,20808,5943,2835
,,,,,,,,4039,23814,6804,3246
,,,,,,,,4040,26832,7665,3657
,,,,,,,,4041,28605,8169,3900
,,,,,,,,4042,29754,8499,4059
,,,,,,,,4043,30681,8763,4182
,,,,,,,,4044,31167,8901,4248
,,,,,,,,4045,31260,8928,4260
,,,,,,,,4046,31692,9051,4320
,,,,,,,,4047,31554,9012,4302
,,,,,,,,4048,31482,8991,4293
,,,,,,,,4049,31533,9006,4299
,,,,,,,,4050,31350,8955,4272
,,,,,,,,4051,30711,8772,4188
,,,,,,,,4052,30093,8595,4104
,,,,,,,,4053,30186,8622,4116
,,,,,,,,4054,29319,8373,3996
,,,,,,,,4055,26349,7527,3591
,,,,,,,,4056,23475,6705,3201
,,,,,,,,4057,21561,6159,2937
,,,,,,,,4058,20403,5829,2781
,,,,,,,,4059,19797,5655,2697
,,,,,,,,4060,19557,5586,2664
,,,,,,,,4061,20007,5715,2727
,,,,,,,,4062,21315,6087,2907
,,,,,,,,4063,24417,6972,3330
,,,,,,,,4064,27552,7869,3756
,,,,,,,,4065,29337,8379,3999
,,,,,,,,4066,30444,8697,4149
,,,,,,,,4067,31380,8961,4278
,,,,,,,,4068,32025,9147,4365
,,,,,,,,4069,32328,9234,4407
,,,,,,,,4070,32733,9348,4464
,,,,,,,,4071,32781,9363,4467
,,,,,,,,4072,32661,9330,4452
,,,,,,,,4073,32670,9333,4452
,,,,,,,,4074,32577,9303,4440
,,,,,,,,4075,32085,9165,4374
,,,,,,,,4076,31704,9057,4323
,,,,,,,,4077,32115,9171,4377
,,,,,,,,4078,31464,8985,4290
,,,,,,,,4079,28635,8178,3906
,,,,,,,,4080,25653,7326,3498
,,,,,,,,4081,23538,6723,3210
,,,,,,,,4082,22284,6363,3039
,,,,,,,,4083,21621,6174,2949
,,,,,,,,4084,21342,6096,2907
,,,,,,,,4085,21753,6213,2967
,,,,,,,,4086,23133,6609,3153
,,,,,,,,4087,26631,7605,3630
,,,,,,,,4088,30726,8775,4188
,,,,,,,,4089,33990,9708,4635
,,,,,,,,4090,36969,10560,5040
,,,,,,,,4091,39813,11373,5427
,,,,,,,,4092,42054,12009,5733
,,,,,,,,4093,43743,12492,5964
,,,,,,,,4094,45279,12933,6174
,,,,,,,,4095,46341,13236,6318
,,,,,,,,4096,47121,13458,6423
,,,,,,,,4097,47727,13629,6507
,,,,,,,,4098,47778,13644,6513
,,,,,,,,4099,47100,13452,6420
,,,,,,,,4100,46077,13161,6285
,,,,,,,,4101,45519,12999,6207
,,,,,,,,4102,44301,12651,6042
,,,,,,,,4103,40305,11511,5496
,,,,,,,,4104,36258,10353,4944
,,,,,,,,4105,33114,9456,4515
,,,,,,,,4106,31149,8895,4248
,,,,,,,,4107,29805,8511,4062
,,,,,,,,4108,28917,8259,3942
,,,,,,,,4109,28776,8220,3924
,,,,,,,,4110,29646,8469,4044
,,,,,,,,4111,33057,9441,4506
,,,,,,,,4112,37146,10608,5064
,,,,,,,,4113,40461,11556,5517
,,,,,,,,4114,43221,12345,5892
,,,,,,,,4115,45504,12996,6204
,,,,,,,,4116,47127,13461,6426
,,,,,,,,4117,48123,13743,6561
,,,,,,,,4118,48930,13974,6672
,,,,,,,,4119,49371,14100,6732
,,,,,,,,4120,49611,14172,6765
,,,,,,,,4121,49758,14211,6786
,,,,,,,,4122,49350,14094,6729
,,,,,,,,4123,48402,13824,6600
,,,,,,,,4124,46998,13422,6408
,,,,,,,,4125,46098,13164,6285
,,,,,,,,4126,44586,12732,6078
,,,,,,,,4127,40470,11556,5517
,,,,,,,,4128,36312,10371,4953
,,,,,,,,4129,33138,9465,4518
,,,,,,,,4130,31047,8865,4233
,,,,,,,,4131,29631,8460,4041
,,,,,,,,4132,28722,8205,3915
,,,,,,,,4133,28683,8190,3909
,,,,,,,,4134,29520,8430,4026
,,,,,,,,4135,32715,9345,4461
,,,,,,,,4136,36720,10488,5007
,,,,,,,,4137,40032,11436,5457
,,,,,,,,4138,42810,12228,5838
,,,,,,,,4139,45090,12879,6150
,,,,,,,,4140,46905,13395,6396
,,,,,,,,4141,48102,13737,6558
,,,,,,,,4142,48792,13932,6651
,,,,,,,,4143,48657,13896,6636
,,,,,,,,4144,48015,13710,6546
,,,,,,,,4145,46503,13281,6342
,,,,,,,,4146,44505,12711,6069
,,,,,,,,4147,42075,12015,5739
,,,,,,,,4148,40104,11451,5469
,,,,,,,,4149,39195,11193,5346
,,,,,,,,4150,37719,10773,5142
,,,,,,,,4151,34686,9903,4728
,,,,,,,,4152,31401,8970,4281
,,,,,,,,4153,28749,8211,3921
,,,,,,,,4154,27096,7740,3696
,,,,,,,,4155,25941,7407,3537
,,,,,,,,4156,25227,7203,3438
,,,,,,,,4157,25002,7140,3408
,,,,,,,,4158,25122,7173,3423
,,,,,,,,4159,26028,7434,3546
,,,,,,,,4160,27807,7941,3789
,,,,,,,,4161,30201,8625,4119
,,,,,,,,4162,32385,9249,4416
,,,,,,,,4163,34281,9792,4674
,,,,,,,,4164,35685,10191,4863
,,,,,,,,4165,36549,10437,4983
,,,,,,,,4166,36945,10551,5037
,,,,,,,,4167,37197,10623,5073
,,,,,,,,4168,37293,10653,5085
,,,,,,,,4169,36981,10563,5043
,,,,,,,,4170,35832,10233,4884
,,,,,,,,4171,34137,9750,4653
,,,,,,,,4172,32634,9321,4449
,,,,,,,,4173,31845,9093,4341
,,,,,,,,4174,31092,8880,4239
,,,,,,,,4175,28857,8241,3936
,,,,,,,,4176,26262,7500,3579
,,,,,,,,4177,24234,6921,3303
,,,,,,,,4178,22746,6495,3102
,,,,,,,,4179,21786,6222,2970
,,,,,,,,4180,21204,6054,2892
,,,,,,,,4181,20952,5982,2856
,,,,,,,,4182,20649,5898,2817
,,,,,,,,4183,21549,6156,2937
,,,,,,,,4184,23592,6738,3216
,,,,,,,,4185,26121,7461,3561
,,,,,,,,4186,28332,8091,3864
,,,,,,,,4187,29922,8547,4080
,,,,,,,,4188,31023,8859,4230
,,,,,,,,4189,31725,9060,4326
,,,,,,,,4190,32187,9192,4389
,,,,,,,,4191,32691,9336,4455
,,,,,,,,4192,33207,9483,4527
,,,,,,,,4193,33669,9615,4590
,,,,,,,,4194,33681,9618,4590
,,,,,,,,4195,33339,9522,4545
,,,,,,,,4196,32769,9360,4467
,,,,,,,,4197,33006,9426,4500
,,,,,,,,4198,32547,9294,4437
,,,,,,,,4199,30006,8571,4089
,,,,,,,,4200,27195,7767,3708
,,,,,,,,4201,25056,7155,3417
,,,,,,,,4202,23757,6786,3240
,,,,,,,,4203,23019,6576,3138
,,,,,,,,4204,22761,6501,3105
,,,,,,,,4205,23154,6612,3156
,,,,,,,,4206,24444,6981,3330
,,,,,,,,4207,27384,7821,3732
,,,,,,,,4208,30651,8754,4179
,,,,,,,,4209,32529,9288,4437
,,,,,,,,4210,33561,9585,4575
,,,,,,,,4211,34308,9798,4677
,,,,,,,,4212,34449,9840,4695
,,,,,,,,4213,34317,9801,4680
,,,,,,,,4214,34209,9768,4665
,,,,,,,,4215,34071,9732,4647
,,,,,,,,4216,33996,9708,4635
,,,,,,,,4217,33786,9648,4605
,,,,,,,,4218,33561,9585,4575
,,,,,,,,4219,32859,9384,4482
,,,,,,,,4220,32037,9150,4368
,,,,,,,,4221,31899,9108,4347
,,,,,,,,4222,30807,8799,4200
,,,,,,,,4223,27882,7965,3801
,,,,,,,,4224,24987,7137,3408
,,,,,,,,4225,22938,6552,3126
,,,,,,,,4226,21696,6195,2958
,,,,,,,,4227,21015,6003,2865
,,,,,,,,4228,20682,5904,2817
,,,,,,,,4229,20985,5994,2862
,,,,,,,,4230,22104,6312,3012
,,,,,,,,4231,24822,7089,3384
,,,,,,,,4232,27705,7914,3777
,,,,,,,,4233,29508,8430,4023
,,,,,,,,4234,30672,8760,4182
,,,,,,,,4235,31779,9075,4332
,,,,,,,,4236,32379,9246,4413
,,,,,,,,4237,32664,9330,4452
,,,,,,,,4238,32832,9378,4476
,,,,,,,,4239,32733,9345,4464
,,,,,,,,4240,32409,9255,4419
,,,,,,,,4241,32241,9210,4395
,,,,,,,,4242,31971,9132,4359
,,,,,,,,4243,31254,8925,4260
,,,,,,,,4244,30552,8727,4164
,,,,,,,,4245,30558,8727,4164
,,,,,,,,4246,29619,8460,4038
,,,,,,,,4247,26925,7689,3669
,,,,,,,,4248,24087,6879,3285
,,,,,,,,4249,22167,6330,3021
,,,,,,,,4250,20991,5994,2862
,,,,,,,,4251,20289,5796,2766
,,,,,,,,4252,20100,5739,2739
,,,,,,,,4253,20454,5844,2787
,,,,,,,,4254,21696,6195,2958
,,,,,,,,4255,24444,6981,3330
,,,,,,,,4256,27438,7836,3741
,,,,,,,,4257,29367,8385,4002
,,,,,,,,4258,30711,8772,4188
,,,,,,,,4259,31884,9105,4347
,,,,,,,,4260,32613,9315,4446
,,,,,,,,4261,33000,9423,4497
,,,,,,,,4262,33480,9561,4563
,,,,,,,,4263,33642,9609,4587
,,,,,,,,4264,33600,9597,4581
,,,,,,,,4265,33555,9585,4575
,,,,,,,,4266,33303,9510,4542
,,,,,,,,4267,32586,9306,4443
,,,,,,,,4268,31893,9108,4347
,,,,,,,,4269,31818,9087,4338
,,,,,,,,4270,31074,8874,4236
,,,,,,,,4271,28296,8082,3858
,,,,,,,,4272,25392,7251,3462
,,,,,,,,4273,23256,6642,3171
,,,,,,,,4274,21966,6273,2994
,,,,,,,,4275,21213,6057,2892
,,,,,,,,4276,20820,5946,2838
,,,,,,,,4277,21138,6039,2880
,,,,,,,,4278,22326,6375,3042
,,,,,,,,4279,25182,7191,3432
,,,,,,,,4280,28584,8163,3897
,,,,,,,,4281,30975,8847,4224
,,,,,,,,4282,32709,9342,4458
,,,,,,,,4283,34254,9783,4671
,,,,,,,,4284,35364,10098,4821
,,,,,,,,4285,36153,10326,4929
,,,,,,,,4286,36828,10518,5022
,,,,,,,,4287,37488,10707,5112
,,,,,,,,4288,37926,10833,5172
,,,,,,,,4289,38457,10983,5241
,,,,,,,,4290,38511,11001,5250
,,,,,,,,4291,37791,10794,5151
,,,,,,,,4292,36651,10467,4998
,,,,,,,,4293,36279,10362,4947
,,,,,,,,4294,35394,10110,4827
,,,,,,,,4295,32211,9198,4392
,,,,,,,,4296,28782,8220,3924
,,,,,,,,4297,26178,7476,3570
,,,,,,,,4298,24573,7017,3348
,,,,,,,,4299,23625,6747,3222
,,,,,,,,4300,23193,6624,3162
,,,,,,,,4301,23466,6702,3198
,,,,,,,,4302,24732,7062,3372
,,,,,,,,4303,27435,7836,3741
,,,,,,,,4304,30726,8775,4188
,,,,,,,,4305,32874,9390,4482
,,,,,,,,4306,34362,9813,4683
,,,,,,,,4307,35949,10266,4902
,,,,,,,,4308,37701,10770,5139
,,,,,,,,4309,39450,11271,5379
,,,,,,,,4310,41340,11808,5634
,,,,,,,,4311,42813,12228,5838
,,,,,,,,4312,43668,12474,5952
,,,,,,,,4313,44364,12669,6048
,,,,,,,,4314,44379,12675,6051
,,,,,,,,4315,43380,12390,5916
,,,,,,,,4316,41721,11916,5688
,,,,,,,,4317,40521,11571,5526
,,,,,,,,4318,38922,11118,5307
,,,,,,,,4319,35346,10095,4818
,,,,,,,,4320,31452,8982,4287
,,,,,,,,4321,28347,8097,3864
,,,,,,,,4322,26202,7482,3573
,,,,,,,,4323,24756,7071,3375
,,,,,,,,4324,23862,6816,3255
,,,,,,,,4325,23484,6708,3201
,,,,,,,,4326,23319,6660,3180
,,,,,,,,4327,24750,7068,3375
,,,,,,,,4328,27579,7875,3759
,,,,,,,,4329,30852,8811,4206
,,,,,,,,4330,33702,9627,4593
,,,,,,,,4331,35940,10263,4899
,,,,,,,,4332,37395,10680,5100
,,,,,,,,4333,38265,10929,5217
,,,,,,,,4334,38934,11118,5307
,,,,,,,,4335,39426,11259,5376
,,,,,,,,4336,39927,11403,5442
,,,,,,,,4337,40311,11511,5496
,,,,,,,,4338,40185,11478,5481
,,,,,,,,4339,39297,11223,5358
,,,,,,,,4340,38034,10863,5184
,,,,,,,,4341,37266,10644,5082
,,,,,,,,4342,36543,10437,4983
,,,,,,,,4343,33903,9681,4620
,,,,,,,,4344,30864,8814,4209
,,,,,,,,4345,28275,8076,3855
,,,,,,,,4346,26448,7554,3606
,,,,,,,,4347,25155,7182,3429
,,,,,,,,4348,24360,6957,3321
,,,,,,,,4349,23907,6828,3258
,,,,,,,,4350,23511,6717,3207
,,,,,,,,4351,24387,6966,3324
,,,,,,,,4352,26775,7647,3648
,,,,,,,,4353,29976,8562,4089
,,,,,,,,4354,33090,9450,4512
,,,,,,,,4355,35607,10170,4854
,,,,,,,,4356,37593,10737,5124
,,,,,,,,4357,38973,11133,5316
,,,,,,,,4358,39900,11397,5439
,,,,,,,,4359,40293,11508,5493
,,,,,,,,4360,39741,11349,5418
,,,,,,,,4361,39123,11172,5334
,,,,,,,,4362,38952,11124,5310
,,,,,,,,4363,38670,11046,5271
,,,,,,,,4364,37731,10776,5145
,,,,,,,,4365,37131,10605,5061
,,,,,,,,4366,36150,10323,4929
,,,,,,,,4367,33045,9438,4506
,,,,,,,,4368,29646,8466,4044
,,,,,,,,4369,27150,7752,3702
,,,,,,,,4370,25527,7290,3480
,,,,,,,,4371,24477,6990,3336
,,,,,,,,4372,23967,6846,3267
,,,,,,,,4373,24204,6912,3300
,,,,,,,,4374,25119,7173,3423
,,,,,,,,4375,27963,7986,3813
,,,,,,,,4376,31515,9000,4296
,,,,,,,,4377,34254,9783,4671
,,,,,,,,4378,36471,10416,4971
,,,,,,,,4379,38211,10911,5211
,,,,,,,,4380,39309,11226,5361
,,,,,,,,4381,39903,11397,5439
,,,,,,,,4382,40449,11553,5514
,,,,,,,,4383,40758,11640,5559
,,,,,,,,4384,40623,11601,5538
,,,,,,,,4385,40491,11565,5520
,,,,,,,,4386,40221,11487,5484
,,,,,,,,4387,39303,11226,5361
,,,,,,,,4388,37908,10827,5169
,,,,,,,,4389,36960,10557,5040
,,,,,,,,4390,35757,10212,4875
,,,,,,,,4391,32406,9255,4419
,,,,,,,,4392,28863,8244,3936
,,,,,,,,4393,26256,7497,3579
,,,,,,,,4394,24708,7056,3369
,,,,,,,,4395,23649,6756,3225
,,,,,,,,4396,23118,6603,3150
,,,,,,,,4397,23214,6630,3165
,,,,,,,,4398,24054,6870,3279
,,,,,,,,4399,26814,7659,3654
,,,,,,,,4400,30312,8658,4134
,,,,,,,,4401,32979,9420,4497
,,,,,,,,4402,35109,10026,4785
,,,,,,,,4403,36741,10494,5010
,,,,,,,,4404,37821,10803,5157
,,,,,,,,4405,38547,11010,5256
,,,,,,,,4406,39261,11211,5352
,,,,,,,,4407,39735,11349,5418
,,,,,,,,4408,40053,11439,5460
,,,,,,,,4409,40263,11499,5490
,,,,,,,,4410,39858,11385,5436
,,,,,,,,4411,38295,10938,5223
,,,,,,,,4412,36471,10416,4971
,,,,,,,,4413,35733,10206,4872
,,,,,,,,4414,34401,9825,4689
,,,,,,,,4415,31884,9105,4347
,,,,,,,,4416,29130,8319,3969
,,,,,,,,4417,26814,7659,3654
,,,,,,,,4418,25224,7203,3438
,,,,,,,,4419,24198,6912,3300
,,,,,,,,4420,23724,6777,3234
,,,,,,,,4421,23757,6786,3240
,,,,,,,,4422,24042,6867,3279
,,,,,,,,4423,24825,7092,3384
,,,,,,,,4424,26244,7497,3576
,,,,,,,,4425,28200,8052,3846
,,,,,,,,4426,30645,8754,4179
,,,,,,,,4427,33153,9468,4521
,,,,,,,,4428,35175,10047,4797
,,,,,,,,4429,36612,10458,4992
,,,,,,,,4430,37323,10659,5088
,,,,,,,,4431,37752,10782,5148
,,,,,,,,4432,38184,10908,5208
,,,,,,,,4433,38667,11046,5271
,,,,,,,,4434,38907,11112,5304
,,,,,,,,4435,38229,10917,5211
,,,,,,,,4436,37056,10584,5052
,,,,,,,,4437,36510,10428,4977
,,,,,,,,4438,35541,10149,4845
,,,,,,,,4439,33627,9603,4584
,,,,,,,,4440,30960,8841,4221
,,,,,,,,4441,28611,8172,3900
,,,,,,,,4442,26976,7704,3678
,,,,,,,,4443,25935,7407,3537
,,,,,,,,4444,25341,7239,3453
,,,,,,,,4445,25455,7272,3468
,,,,,,,,4446,26286,7509,3585
,,,,,,,,4447,29094,8310,3966
,,,,,,,,4448,32778,9360,4467
,,,,,,,,4449,35766,10218,4875
,,,,,,,,4450,38031,10863,5184
,,,,,,,,4451,39744,11352,5421
,,,,,,,,4452,40803,11655,5562
,,,,,,,,4453,41445,11838,5649
,,,,,,,,4454,41991,11991,5724
,,,,,,,,4455,42318,12087,5769
,,,,,,,,4456,42348,12096,5772
,,,,,,,,4457,42246,12066,5760
,,,,,,,,4458,41919,11973,5715
,,,,,,,,4459,40821,11661,5565
,,,,,,,,4460,39327,11232,5361
,,,,,,,,4461,38424,10974,5241
,,,,,,,,4462,37194,10623,5073
,,,,,,,,4463,33798,9654,4608
,,,,,,,,4464,30195,8625,4119
,,,,,,,,4465,27507,7857,3750
,,,,,,,,4466,25767,7359,3513
,,,,,,,,4467,24636,7035,3360
,,,,,,,,4468,23994,6852,3270
,,,,,,,,4469,24000,6855,3270
,,,,,,,,4470,24759,7071,3375
,,,,,,,,4471,27453,7842,3741
,,,,,,,,4472,31050,8868,4233
,,,,,,,,4473,34080,9735,4647
,,,,,,,,4474,36630,10461,4995
,,,,,,,,4475,38766,11073,5286
,,,,,,,,4476,40236,11493,5484
,,,,,,,,4477,41193,11766,5616
,,,,,,,,4478,42201,12051,5754
,,,,,,,,4479,42831,12234,5841
,,,,,,,,4480,43335,12378,5907
,,,,,,,,4481,43599,12453,5946
,,,,,,,,4482,43452,12411,5925
,,,,,,,,4483,42003,11997,5727
,,,,,,,,4484,40353,11526,5502
,,,,,,,,4485,39795,11364,5424
,,,,,,,,4486,38577,11016,5259
,,,,,,,,4487,35526,10146,4845
,,,,,,,,4488,32223,9201,4392
,,,,,,,,4489,29646,8469,4044
,,,,,,,,4490,27912,7971,3804
,,,,,,,,4491,26724,7635,3645
,,,,,,,,4492,25980,7422,3543
,,,,,,,,4493,25677,7332,3498
,,,,,,,,4494,25635,7320,3495
,,,,,,,,4495,26706,7629,3642
,,,,,,,,4496,29259,8355,3987
,,,,,,,,4497,32499,9282,4431
,,,,,,,,4498,35256,10068,4806
,,,,,,,,4499,37155,10611,5067
,,,,,,,,4500,38478,10989,5247
,,,,,,,,4501,39378,11247,5370
,,,,,,,,4502,39369,11244,5367
,,,,,,,,4503,38529,11004,5253
,,,,,,,,4504,37734,10776,5145
,,,,,,,,4505,37722,10776,5142
,,,,,,,,4506,37950,10839,5175
,,,,,,,,4507,37521,10716,5115
,,,,,,,,4508,36504,10428,4977
,,,,,,,,4509,35940,10263,4899
,,,,,,,,4510,35295,10080,4812
,,,,,,,,4511,32934,9408,4491
,,,,,,,,4512,30117,8601,4104
,,,,,,,,4513,27609,7887,3765
,,,,,,,,4514,25884,7392,3528
,,,,,,,,4515,24684,7050,3363
,,,,,,,,4516,23916,6831,3261
,,,,,,,,4517,23484,6708,3201
,,,,,,,,4518,23067,6588,3144
,,,,,,,,4519,23886,6822,3255
,,,,,,,,4520,26139,7467,3561
,,,,,,,,4521,29121,8316,3969
,,,,,,,,4522,31911,9114,4350
,,,,,,,,4523,34236,9780,4668
,,,,,,,,4524,36102,10311,4923
,,,,,,,,4525,37320,10659,5088
,,,,,,,,4526,37977,10848,5178
,,,,,,,,4527,38460,10983,5244
,,,,,,,,4528,38919,11115,5304
,,,,,,,,4529,39483,11277,5382
,,,,,,,,4530,39801,11367,5427
,,,,,,,,4531,39228,11205,5349
,,,,,,,,4532,38037,10863,5187
,,,,,,,,4533,37638,10749,5133
,,,,,,,,4534,36741,10494,5010
,,,,,,,,4535,33579,9588,4578
,,,,,,,,4536,30039,8580,4095
,,,,,,,,4537,27285,7794,3720
,,,,,,,,4538,25434,7263,3468
,,,,,,,,4539,24264,6930,3306
,,,,,,,,4540,23604,6744,3219
,,,,,,,,4541,23673,6762,3225
,,,,,,,,4542,24525,7005,3345
,,,,,,,,4543,27300,7800,3723
,,,,,,,,4544,30651,8754,4179
,,,,,,,,4545,32976,9420,4497
,,,,,,,,4546,34830,9948,4749
,,,,,,,,4547,36306,10368,4950
,,,,,,,,4548,37293,10653,5085
,,,,,,,,4549,38007,10854,5181
,,,,,,,,4550,38772,11073,5286
,,,,,,,,4551,39228,11202,5346
,,,,,,,,4552,39504,11283,5385
,,,,,,,,4553,39756,11355,5421
,,,,,,,,4554,39609,11313,5400
,,,,,,,,4555,38520,11001,5253
,,,,,,,,4556,37044,10578,5052
,,,,,,,,4557,36243,10353,4941
,,,,,,,,4558,34953,9981,4767
,,,,,,,,4559,31530,9003,4299
,,,,,,,,4560,28041,8010,3822
,,,,,,,,4561,25503,7284,3477
,,,,,,,,4562,23910,6828,3258
,,,,,,,,4563,22893,6537,3120
,,,,,,,,4564,22422,6402,3057
,,,,,,,,4565,22560,6444,3075
,,,,,,,,4566,23406,6687,3192
,,,,,,,,4567,26196,7482,3573
,,,,,,,,4568,29526,8430,4026
,,,,,,,,4569,31884,9105,4347
,,,,,,,,4570,33714,9630,4596
,,,,,,,,4571,35307,10083,4815
,,,,,,,,4572,36369,10386,4959
,,,,,,,,4573,37128,10605,5061
,,,,,,,,4574,38034,10863,5184
,,,,,,,,4575,38739,11064,5283
,,,,,,,,4576,39261,11211,5352
,,,,,,,,4577,39597,11310,5400
,,,,,,,,4578,39414,11256,5376
,,,,,,,,4579,38448,10980,5241
,,,,,,,,4580,37038,10578,5049
,,,,,,,,4581,36435,10407,4968
,,,,,,,,4582,35427,10116,4830
,,,,,,,,4583,32103,9168,4377
,,,,,,,,4584,28722,8205,3915
,,,,,,,,4585,26232,7491,3576
,,,,,,,,4586,24654,7041,3360
,,,,,,,,4587,23694,6768,3231
,,,,,,,,4588,23253,6642,3171
,,,,,,,,4589,23439,6696,3195
,,,,,,,,4590,24426,6975,3330
,,,,,,,,4591,27234,7779,3711
,,,,,,,,4592,30660,8757,4179
,,,,,,,,4593,33255,9498,4533
,,,,,,,,4594,35298,10083,4812
,,,,,,,,4595,37113,10599,5058
,,,,,,,,4596,38574,11016,5259
,,,,,,,,4597,39564,11301,5394
,,,,,,,,4598,40380,11532,5505
,,,,,,,,4599,40803,11655,5562
,,,,,,,,4600,41100,11739,5604
,,,,,,,,4601,41454,11841,5652
,,,,,,,,4602,41364,11811,5640
,,,,,,,,4603,40347,11523,5499
,,,,,,,,4604,38814,11085,5292
,,,,,,,,4605,38064,10872,5190
,,,,,,,,4606,36990,10563,5043
,,,,,,,,4607,33594,9594,4581
,,,,,,,,4608,30024,8577,4092
,,,,,,,,4609,27423,7830,3741
,,,,,,,,4610,25728,7347,3507
,,,,,,,,4611,24594,7023,3351
,,,,,,,,4612,24003,6855,3270
,,,,,,,,4613,24126,6891,3288
,,,,,,,,4614,25113,7173,3423
,,,,,,,,4615,28086,8022,3831
,,,,,,,,4616,31611,9030,4311
,,,,,,,,4617,34356,9813,4683
,,,,,,,,4618,36648,10467,4998
,,,,,,,,4619,38907,11112,5304
,,,,,,,,4620,40677,11616,5544
,,,,,,,,4621,41616,11886,5676
,,,,,,,,4622,42645,12180,5814
,,,,,,,,4623,43344,12381,5910
,,,,,,,,4624,43791,12507,5970
,,,,,,,,4625,44109,12597,6012
,,,,,,,,4626,43746,12495,5964
,,,,,,,,4627,42516,12144,5796
,,,,,,,,4628,40647,11610,5544
,,,,,,,,4629,39759,11355,5421
,,,,,,,,4630,38364,10956,5229
,,,,,,,,4631,34791,9936,4743
,,,,,,,,4632,31119,8886,4242
,,,,,,,,4633,28281,8076,3855
,,,,,,,,4634,26466,7557,3606
,,,,,,,,4635,25350,7242,3456
,,,,,,,,4636,24741,7065,3372
,,,,,,,,4637,24861,7101,3390
,,,,,,,,4638,25866,7386,3528
,,,,,,,,4639,28650,8184,3906
,,,,,,,,4640,32319,9228,4407
,,,,,,,,4641,35283,10077,4812
,,,,,,,,4642,37866,10815,5163
,,,,,,,,4643,40170,11472,5478
,,,,,,,,4644,41994,11991,5724
,,,,,,,,4645,43320,12372,5907
,,,,,,,,4646,44394,12681,6054
,,,,,,,,4647,44778,12789,6105
,,,,,,,,4648,44709,12771,6096
,,,,,,,,4649,44418,12684,6057
,,,,,,,,4650,43422,12402,5922
,,,,,,,,4651,41643,11892,5679
,,,,,,,,4652,39915,11400,5442
,,,,,,,,4653,39264,11211,5352
,,,,,,,,4654,38019,10857,5184
,,,,,,,,4655,34857,9954,4752
,,,,,,,,4656,31527,9003,4299
,,,,,,,,4657,28926,8262,3942
,,,,,,,,4658,27276,7791,3720
,,,,,,,,4659,26190,7482,3570
,,,,,,,,4660,25548,7296,3483
,,,,,,,,4661,25365,7242,3456
,,,,,,,,4662,25668,7332,3498
,,,,,,,,4663,26724,7635,3645
,,,,,,,,4664,28824,8232,3930
,,,,,,,,4665,31653,9042,4317
,,,,,,,,4666,34191,9765,4662
,,,,,,,,4667,36078,10305,4920
,,,,,,,,4668,37620,10743,5130
,,,,,,,,4669,38808,11082,5289
,,,,,,,,4670,39783,11361,5424
,,,,,,,,4671,40728,11631,5553
,,,,,,,,4672,41478,11844,5655
,,,,,,,,4673,41976,11988,5724
,,,,,,,,4674,42027,12003,5730
,,,,,,,,4675,41226,11772,5619
,,,,,,,,4676,39765,11358,5421
,,,,,,,,4677,39093,11166,5331
,,,,,,,,4678,38145,10893,5199
,,,,,,,,4679,35280,10074,4809
,,,,,,,,4680,32073,9159,4374
,,,,,,,,4681,29409,8400,4011
,,,,,,,,4682,27531,7863,3753
,,,,,,,,4683,26244,7497,3576
,,,,,,,,4684,25398,7254,3462
,,,,,,,,4685,24921,7119,3396
,,,,,,,,4686,24552,7011,3348
,,,,,,,,4687,25251,7212,3441
,,,,,,,,4688,27603,7884,3762
,,,,,,,,4689,30852,8811,4206
,,,,,,,,4690,34020,9717,4638
,,,,,,,,4691,36822,10518,5022
,,,,,,,,4692,39084,11163,5331
,,,,,,,,4693,40380,11532,5505
,,,,,,,,4694,40629,11601,5541
,,,,,,,,4695,40650,11610,5544
,,,,,,,,4696,40710,11628,5550
,,,,,,,,4697,40788,11649,5559
,,,,,,,,4698,40764,11643,5559
,,,,,,,,4699,40104,11454,5469
,,,,,,,,4700,39528,11289,5391
,,,,,,,,4701,39660,11328,5409
,,,,,,,,4702,38229,10917,5211
,,,,,,,,4703,35238,10065,4803
,,,,,,,,4704,32136,9177,4380
,,,,,,,,4705,29898,8538,4074
,,,,,,,,4706,28464,8130,3879
,,,,,,,,4707,27546,7866,3756
,,,,,,,,4708,27063,7728,3690
,,,,,,,,4709,27249,7782,3714
,,,,,,,,4710,28491,8136,3885
,,,,,,,,4711,31473,8988,4290
,,,,,,,,4712,35424,10116,4830
,,,,,,,,4713,38493,10995,5247
,,,,,,,,4714,40959,11697,5586
,,,,,,,,4715,43128,12318,5880
,,,,,,,,4716,44874,12816,6120
,,,,,,,,4717,46221,13200,6300
,,,,,,,,4718,47379,13533,6459
,,,,,,,,4719,47625,13602,6495
,,,,,,,,4720,47721,13629,6507
,,,,,,,,4721,47631,13602,6495
,,,,,,,,4722,47277,13503,6447
,,,,,,,,4723,46176,13188,6297
,,,,,,,,4724,44727,12774,6099
,,,,,,,,4725,44160,12612,6021
,,,,,,,,4726,42405,12111,5781
,,,,,,,,4727,38355,10953,5229
,,,,,,,,4728,34347,9810,4683
,,,,,,,,4729,31509,9000,4296
,,,,,,,,4730,29667,8475,4044
,,,,,,,,4731,28479,8133,3882
,,,,,,,,4732,27735,7920,3783
,,,,,,,,4733,27804,7941,3789
,,,,,,,,4734,28929,8262,3945
,,,,,,,,4735,32052,9153,4371
,,,,,,,,4736,36108,10311,4923
,,,,,,,,4737,39360,11241,5367
,,,,,,,,4738,42240,12063,5757
,,,,,,,,4739,44730,12774,6099
,,,,,,,,4740,46434,13263,6330
,,,,,,,,4741,47610,13599,6492
,,,,,,,,4742,48675,13899,6636
,,,,,,,,4743,49344,14094,6726
,,,,,,,,4744,49851,14238,6798
,,,,,,,,4745,50151,14322,6837
,,,,,,,,4746,49737,14205,6783
,,,,,,,,4747,48597,13878,6627
,,,,,,,,4748,47103,13452,6420
,,,,,,,,4749,46248,13209,6306
,,,,,,,,4750,44562,12729,6075
,,,,,,,,4751,40743,11634,5556
,,,,,,,,4752,36951,10554,5037
,,,,,,,,4753,34284,9792,4674
,,,,,,,,4754,32628,9318,4449
,,,,,,,,4755,31581,9018,4305
,,,,,,,,4756,30948,8838,4221
,,,,,,,,4757,30915,8829,4215
,,,,,,,,4758,31998,9138,4362
,,,,,,,,4759,34830,9948,4749
,,,,,,,,4760,38994,11136,5316
,,,,,,,,4761,41916,11970,5715
,,,,,,,,4762,44268,12642,6036
,,,,,,,,4763,46692,13335,6366
,,,,,,,,4764,48540,13863,6618
,,,,,,,,4765,49701,14196,6777
,,,,,,,,4766,49737,14205,6783
,,,,,,,,4767,48573,13872,6621
,,,,,,,,4768,46302,13224,6315
,,,,,,,,4769,44586,12732,6078
,,,,,,,,4770,43848,12522,5979
,,,,,,,,4771,42732,12204,5826
,,,,,,,,4772,41664,11901,5679
,,,,,,,,4773,41346,11811,5637
,,,,,,,,4774,40002,11424,5454
,,,,,,,,4775,36606,10455,4992
,,,,,,,,4776,33060,9441,4509
,,,,,,,,4777,30339,8664,4134
,,,,,,,,4778,28380,8106,3870
,,,,,,,,4779,27135,7749,3699
,,,,,,,,4780,26373,7533,3594
,,,,,,,,4781,26331,7518,3588
,,,,,,,,4782,27258,7785,3717
,,,,,,,,4783,29520,8430,4026
,,,,,,,,4784,32271,9216,4401
,,,,,,,,4785,33870,9675,4620
,,,,,,,,4786,34983,9993,4770
,,,,,,,,4787,36069,10302,4917
,,,,,,,,4788,36819,10518,5019
,,,,,,,,4789,37275,10647,5082
,,,,,,,,4790,37932,10833,5172
,,,,,,,,4791,38166,10899,5205
,,,,,,,,4792,38460,10983,5244
,,,,,,,,4793,38763,11070,5286
,,,,,,,,4794,38655,11040,5271
,,,,,,,,4795,37542,10722,5121
,,,,,,,,4796,36204,10338,4935
,,,,,,,,4797,35982,10278,4905
,,,,,,,,4798,34734,9918,4737
,,,,,,,,4799,31707,9054,4323
,,,,,,,,4800,28518,8145,3888
,,,,,,,,4801,26127,7464,3561
,,,,,,,,4802,24738,7065,3372
,,,,,,,,4803,23856,6813,3252
,,,,,,,,4804,23457,6699,3198
,,,,,,,,4805,23694,6768,3231
,,,,,,,,4806,24894,7107,3393
,,,,,,,,4807,27285,7794,3720
,,,,,,,,4808,30114,8601,4104
,,,,,,,,4809,31974,9132,4359
,,,,,,,,4810,32943,9408,4491
,,,,,,,,4811,33582,9591,4578
,,,,,,,,4812,33693,9621,4593
,,,,,,,,4813,33528,9576,4572
,,,,,,,,4814,33492,9567,4566
,,,,,,,,4815,33165,9471,4521
,,,,,,,,4816,32685,9333,4455
,,,,,,,,4817,32424,9258,4422
,,,,,,,,4818,32082,9162,4374
,,,,,,,,4819,31302,8940,4269
,,,,,,,,4820,30657,8757,4179
,,,,,,,,4821,30918,8832,4215
,,,,,,,,4822,30150,8610,4110
,,,,,,,,4823,27810,7944,3792
,,,,,,,,4824,25185,7194,3435
,,,,,,,,4825,23127,6606,3153
,,,,,,,,4826,21789,6222,2970
,,,,,,,,4827,20970,5988,2859
,,,,,,,,4828,20517,5859,2799
,,,,,,,,4829,20451,5841,2787
,,,,,,,,4830,20604,5886,2808
,,,,,,,,4831,21648,6183,2952
,,,,,,,,4832,23817,6804,3246
,,,,,,,,4833,26412,7542,3600
,,,,,,,,4834,28383,8106,3870
,,,,,,,,4835,29634,8463,4041
,,,,,,,,4836,30363,8670,4140
,,,,,,,,4837,30732,8775,4191
,,,,,,,,4838,30915,8829,4215
,,,,,,,,4839,31083,8880,4239
,,,,,,,,4840,31344,8952,4272
,,,,,,,,4841,31746,9066,4329
,,,,,,,,4842,31941,9120,4356
,,,,,,,,4843,31539,9006,4302
,,,,,,,,4844,30561,8730,4167
,,,,,,,,4845,30456,8700,4152
,,,,,,,,4846,29793,8508,4062
,,,,,,,,4847,27639,7893,3768
,,,,,,,,4848,25257,7212,3441
,,,,,,,,4849,23226,6633,3165
,,,,,,,,4850,21921,6261,2988
,,,,,,,,4851,21099,6024,2877
,,,,,,,,4852,20589,5880,2805
,,,,,,,,4853,20385,5823,2778
,,,,,,,,4854,20184,5766,2751
,,,,,,,,4855,20802,5940,2835
,,,,,,,,4856,22662,6474,3090
,,,,,,,,4857,25209,7200,3438
,,,,,,,,4858,27519,7860,3753
,,,,,,,,4859,29421,8400,4011
,,,,,,,,4860,30957,8841,4221
,,,,,,,,4861,32049,9153,4368
,,,,,,,,4862,32676,9333,4455
,,,,,,,,4863,33258,9498,4533
,,,,,,,,4864,33846,9666,4614
,,,,,,,,4865,34626,9888,4722
,,,,,,,,4866,35115,10029,4785
,,,,,,,,4867,34737,9921,4737
,,,,,,,,4868,33807,9657,4608
,,,,,,,,4869,33828,9663,4611
,,,,,,,,4870,32979,9420,4497
,,,,,,,,4871,30408,8685,4146
,,,,,,,,4872,27612,7887,3765
,,,,,,,,4873,25509,7287,3477
,,,,,,,,4874,24147,6897,3291
,,,,,,,,4875,23367,6672,3186
,,,,,,,,4876,23094,6597,3150
,,,,,,,,4877,23565,6732,3210
,,,,,,,,4878,25065,7158,3417
,,,,,,,,4879,27756,7929,3786
,,,,,,,,4880,30951,8838,4221
,,,,,,,,4881,33291,9510,4539
,,,,,,,,4882,35037,10008,4776
,,,,,,,,4883,36675,10476,4998
,,,,,,,,4884,37983,10848,5181
,,,,,,,,4885,38895,11109,5301
,,,,,,,,4886,40206,11484,5481
,,,,,,,,4887,41229,11775,5619
,,,,,,,,4888,41982,11991,5724
,,,,,,,,4889,42438,12120,5787
,,,,,,,,4890,42267,12072,5763
,,,,,,,,4891,41277,11790,5628
,,,,,,,,4892,40233,11490,5484
,,,,,,,,4893,40308,11511,5496
,,,,,,,,4894,38805,11082,5289
,,,,,,,,4895,35436,10119,4833
,,,,,,,,4896,31977,9132,4359
,,,,,,,,4897,29469,8415,4017
,,,,,,,,4898,27912,7971,3804
,,,,,,,,4899,26928,7692,3672
,,,,,,,,4900,26484,7563,3609
,,,,,,,,4901,26694,7623,3639
,,,,,,,,4902,27882,7965,3801
,,,,,,,,4903,30441,8694,4149
,,,,,,,,4904,33936,9693,4626
,,,,,,,,4905,36951,10554,5037
,,,,,,,,4906,39426,11262,5376
,,,,,,,,4907,41628,11889,5676
,,,,,,,,4908,43056,12297,5871
,,,,,,,,4909,44298,12651,6042
,,,,,,,,4910,45372,12957,6186
,,,,,,,,4911,45780,13074,6240
,,,,,,,,4912,45381,12960,6186
,,,,,,,,4913,44604,12741,6081
,,,,,,,,4914,43614,12456,5946
,,,,,,,,4915,42054,12009,5733
,,,,,,,,4916,40458,11556,5517
,,,,,,,,4917,39756,11355,5421
,,,,,,,,4918,37608,10743,5127
,,,,,,,,4919,33669,9615,4590
,,,,,,,,4920,29850,8526,4071
,,,,,,,,4921,26949,7695,3675
,,,,,,,,4922,25077,7161,3420
,,,,,,,,4923,23919,6831,3261
,,,,,,,,4924,23241,6639,3168
,,,,,,,,4925,23331,6663,3180
,,,,,,,,4926,24351,6957,3318
,,,,,,,,4927,26811,7659,3654
,,,,,,,,4928,29973,8562,4086
,,,,,,,,4929,32202,9195,4392
,,,,,,,,4930,33726,9633,4599
,,,,,,,,4931,34923,9975,4761
,,,,,,,,4932,35697,10194,4866
,,,,,,,,4933,36222,10347,4938
,,,,,,,,4934,36972,10560,5043
,,,,,,,,4935,37605,10740,5127
,,,,,,,,4936,38184,10905,5205
,,,,,,,,4937,38688,11049,5274
,,,,,,,,4938,38667,11043,5271
,,,,,,,,4939,37632,10746,5133
,,,,,,,,4940,36285,10365,4947
,,,,,,,,4941,36339,10380,4953
,,,,,,,,4942,34953,9981,4767
,,,,,,,,4943,31782,9075,4332
,,,,,,,,4944,28530,8148,3891
,,,,,,,,4945,26277,7506,3582
,,,,,,,,4946,24792,7080,3378
,,,,,,,,4947,23901,6825,3258
,,,,,,,,4948,23547,6726,3210
,,,,,,,,4949,23862,6816,3255
,,,,,,,,4950,25365,7245,3456
,,,,,,,,4951,28128,8034,3834
,,,,,,,,4952,31134,8892,4245
,,,,,,,,4953,33141,9468,4518
,,,,,,,,4954,34518,9858,4707
,,,,,,,,4955,35547,10152,4845
,,,,,,,,4956,36138,10323,4926
,,,,,,,,4957,36642,10467,4998
,,,,,,,,4958,37719,10776,5142
,,,,,,,,4959,38667,11046,5271
,,,,,,,,4960,39540,11295,5391
,,,,,,,,4961,40419,11544,5511
,,,,,,,,4962,40896,11679,5574
,,,,,,,,4963,40461,11556,5517
,,,,,,,,4964,39858,11385,5436
,,,,,,,,4965,39453,11268,5379
,,,,,,,,4966,37497,10710,5112
,,,,,,,,4967,34251,9780,4668
,,,,,,,,4968,31017,8859,4227
,,,,,,,,4969,28644,8181,3906
,,,,,,,,4970,27039,7722,3687
,,,,,,,,4971,25983,7422,3543
,,,,,,,,4972,25455,7272,3468
,,,,,,,,4973,25683,7335,3501
,,,,,,,,4974,27129,7749,3699
,,,,,,,,4975,29664,8475,4044
,,,,,,,,4976,32601,9312,4443
,,,,,,,,4977,34695,9909,4731
,,,,,,,,4978,36411,10398,4965
,,,,,,,,4979,37914,10830,5169
,,,,,,,,4980,39000,11139,5316
,,,,,,,,4981,39678,11331,5409
,,,,,,,,4982,40131,11463,5472
,,,,,,,,4983,40128,11463,5469
,,,,,,,,4984,39924,11403,5442
,,,,,,,,4985,39684,11334,5409
,,,,,,,,4986,39339,11238,5364
,,,,,,,,4987,38382,10962,5232
,,,,,,,,4988,37212,10629,5073
,,,,,,,,4989,36789,10506,5016
,,,,,,,,4990,35646,10182,4860
,,,,,,,,4991,32919,9402,4488
,,,,,,,,4992,29931,8550,4080
,,,,,,,,4993,27474,7845,3744
,,,,,,,,4994,25740,7350,3510
,,,,,,,,4995,24597,7026,3354
,,,,,,,,4996,23904,6828,3258
,,,,,,,,4997,23748,6783,3237
,,,,,,,,4998,23958,6843,3267
,,,,,,,,4999,24876,7107,3390
,,,,,,,,5000,27078,7734,3693
,,,,,,,,5001,29859,8529,4071
,,,,,,,,5002,32346,9240,4410
,,,,,,,,5003,34119,9744,4650
,,,,,,,,5004,35058,10011,4779
,,,,,,,,5005,35418,10113,4830
,,,,,,,,5006,35442,10122,4833
,,,,,,,,5007,35163,10041,4794
,,,,,,,,5008,34353,9813,4683
,,,,,,,,5009,33651,9612,4590
,,,,,,,,5010,33318,9516,4545
,,,,,,,,5011,32808,9369,4473
,,,,,,,,5012,32373,9243,4413
,,,,,,,,5013,32382,9249,4416
,,,,,,,,5014,31230,8919,4257
,,,,,,,,5015,29184,8334,3978
,,,,,,,,5016,26892,7680,3666
,,,,,,,,5017,24900,7110,3393
,,,,,,,,5018,23601,6741,3216
,,,,,,,,5019,22752,6498,3102
,,,,,,,,5020,22260,6357,3033
,,,,,,,,5021,22143,6324,3018
,,,,,,,,5022,22317,6372,3042
,,,,,,,,5023,22704,6483,3093
,,,,,,,,5024,24180,6906,3297
,,,,,,,,5025,26283,7506,3585
,,,,,,,,5026,28170,8046,3840
,,,,,,,,5027,29475,8418,4017
,,,,,,,,5028,30453,8697,4152
,,,,,,,,5029,31044,8865,4233
,,,,,,,,5030,31116,8886,4242
,,,,,,,,5031,31017,8859,4227
,,,,,,,,5032,30870,8817,4209
,,,,,,,,5033,31170,8904,4251
,,,,,,,,5034,31602,9027,4308
,,,,,,,,5035,31425,8973,4284
,,,,,,,,5036,30975,8847,4224
,,,,,,,,5037,31314,8943,4269
,,,,,,,,5038,30390,8679,4143
,,,,,,,,5039,28089,8025,3831
,,,,,,,,5040,25593,7308,3489
,,,,,,,,5041,23619,6747,3219
,,,,,,,,5042,22392,6396,3051
,,,,,,,,5043,21696,6195,2958
,,,,,,,,5044,21414,6114,2919
,,,,,,,,5045,21858,6243,2979
,,,,,,,,5046,23175,6621,3159
,,,,,,,,5047,25743,7353,3510
,,,,,,,,5048,29046,8295,3960
,,,,,,,,5049,31581,9018,4305
,,,,,,,,5050,33468,9558,4563
,,,,,,,,5051,35118,10029,4788
,,,,,,,,5052,36321,10374,4953
,,,,,,,,5053,37227,10632,5073
,,,,,,,,5054,38223,10917,5211
,,,,,,,,5055,38871,11103,5301
,,,,,,,,5056,39228,11205,5349
,,,,,,,,5057,39534,11292,5391
,,,,,,,,5058,39315,11226,5361
,,,,,,,,5059,38262,10926,5217
,,,,,,,,5060,36834,10518,5022
,,,,,,,,5061,36495,10425,4977
,,,,,,,,5062,34827,9948,4749
,,,,,,,,5063,31404,8970,4281
,,,,,,,,5064,28035,8007,3822
,,,,,,,,5065,25587,7308,3489
,,,,,,,,5066,24066,6873,3282
,,,,,,,,5067,23166,6615,3159
,,,,,,,,5068,22716,6489,3096
,,,,,,,,5069,22986,6567,3135
,,,,,,,,5070,24258,6927,3306
,,,,,,,,5071,26772,7647,3648
,,,,,,,,5072,29904,8541,4077
,,,,,,,,5073,32142,9180,4380
,,,,,,,,5074,33738,9636,4602
,,,,,,,,5075,35121,10032,4788
,,,,,,,,5076,35970,10275,4905
,,,,,,,,5077,36462,10413,4971
,,,,,,,,5078,37014,10572,5046
,,,,,,,,5079,37020,10575,5046
,,,,,,,,5080,36630,10461,4995
,,,,,,,,5081,36249,10353,4941
,,,,,,,,5082,35850,10239,4887
,,,,,,,,5083,35193,10053,4800
,,,,,,,,5084,34701,9912,4731
,,,,,,,,5085,34926,9975,4761
,,,,,,,,5086,33363,9528,4548
,,,,,,,,5087,30447,8697,4149
,,,,,,,,5088,27603,7884,3762
,,,,,,,,5089,25458,7272,3468
,,,,,,,,5090,24108,6885,3285
,,,,,,,,5091,23286,6651,3174
,,,,,,,,5092,22944,6552,3129
,,,,,,,,5093,23301,6657,3177
,,,,,,,,5094,24756,7071,3375
,,,,,,,,5095,27372,7818,3732
,,,,,,,,5096,30606,8742,4173
,,,,,,,,5097,33003,9426,4500
,,,,,,,,5098,34992,9993,4770
,,,,,,,,5099,36747,10497,5010
,,,,,,,,5100,38037,10863,5184
,,,,,,,,5101,39006,11139,5316
,,,,,,,,5102,39861,11385,5436
,,,,,,,,5103,40152,11466,5475
,,,,,,,,5104,39774,11361,5421
,,,,,,,,5105,39444,11268,5379
,,,,,,,,5106,38970,11130,5313
,,,,,,,,5107,38079,10875,5193
,,,,,,,,5108,37245,10638,5079
,,,,,,,,5109,37305,10653,5088
,,,,,,,,5110,35835,10233,4887
,,,,,,,,5111,32619,9315,4446
,,,,,,,,5112,29427,8403,4014
,,,,,,,,5113,27138,7752,3699
,,,,,,,,5114,25671,7332,3498
,,,,,,,,5115,24741,7065,3372
,,,,,,,,5116,24429,6975,3330
,,,,,,,,5117,24741,7065,3372
,,,,,,,,5118,26196,7482,3573
,,,,,,,,5119,28854,8241,3933
,,,,,,,,5120,32232,9207,4392
,,,,,,,,5121,34977,9990,4770
,,,,,,,,5122,37428,10689,5103
,,,,,,,,5123,39744,11352,5421
,,,,,,,,5124,41550,11868,5664
,,,,,,,,5125,42792,12222,5835
,,,,,,,,5126,44001,12567,5997
,,,,,,,,5127,44736,12777,6099
,,,,,,,,5128,45192,12909,6162
,,,,,,,,5129,45411,12969,6192
,,,,,,,,5130,45195,12909,6162
,,,,,,,,5131,44181,12618,6024
,,,,,,,,5132,42780,12216,5832
,,,,,,,,5133,42438,12120,5787
,,,,,,,,5134,40626,11601,5541
,,,,,,,,5135,36894,10536,5028
,,,,,,,,5136,33276,9504,4536
,,,,,,,,5137,30381,8676,4143
,,,,,,,,5138,28536,8148,3891
,,,,,,,,5139,27261,7785,3717
,,,,,,,,5140,26607,7599,3627
,,,,,,,,5141,26736,7635,3645
,,,,,,,,5142,28023,8004,3819
,,,,,,,,5143,30606,8742,4173
,,,,,,,,5144,33990,9708,4635
,,,,,,,,5145,37047,10581,5052
,,,,,,,,5146,39780,11361,5424
,,,,,,,,5147,42423,12117,5787
,,,,,,,,5148,44388,12678,6051
,,,,,,,,5149,45738,13062,6237
,,,,,,,,5150,46905,13398,6396
,,,,,,,,5151,47685,13620,6501
,,,,,,,,5152,47964,13698,6540
,,,,,,,,5153,47940,13689,6537
,,,,,,,,5154,47304,13509,6450
,,,,,,,,5155,45777,13074,6240
,,,,,,,,5156,44232,12633,6030
,,,,,,,,5157,43869,12528,5982
,,,,,,,,5158,42204,12051,5754
,,,,,,,,5159,38817,11085,5292
,,,,,,,,5160,35259,10068,4806
,,,,,,,,5161,32127,9174,4380
,,,,,,,,5162,30150,8610,4110
,,,,,,,,5163,28698,8196,3912
,,,,,,,,5164,27771,7932,3786
,,,,,,,,5165,27363,7815,3729
,,,,,,,,5166,27480,7848,3747
,,,,,,,,5167,28428,8118,3876
,,,,,,,,5168,31002,8853,4224
,,,,,,,,5169,34374,9816,4686
,,,,,,,,5170,37476,10704,5109
,,,,,,,,5171,40194,11481,5481
,,,,,,,,5172,42204,12051,5754
,,,,,,,,5173,43452,12411,5922
,,,,,,,,5174,44187,12621,6027
,,,,,,,,5175,44604,12741,6081
,,,,,,,,5176,44646,12750,6087
,,,,,,,,5177,44262,12639,6036
,,,,,,,,5178,43431,12405,5922
,,,,,,,,5179,41967,11985,5724
,,,,,,,,5180,40536,11577,5529
,,,,,,,,5181,40359,11526,5502
,,,,,,,,5182,38868,11100,5301
,,,,,,,,5183,36153,10323,4929
,,,,,,,,5184,33222,9489,4527
,,,,,,,,5185,30825,8805,4203
,,,,,,,,5186,29106,8313,3966
,,,,,,,,5187,27996,7995,3816
,,,,,,,,5188,27285,7794,3720
,,,,,,,,5189,27033,7722,3684
,,,,,,,,5190,27126,7749,3696
,,,,,,,,5191,27699,7911,3777
,,,,,,,,5192,29733,8493,4053
,,,,,,,,5193,32670,9333,4452
,,,,,,,,5194,35790,10221,4878
,,,,,,,,5195,38370,10959,5232
,,,,,,,,5196,40479,11562,5520
,,,,,,,,5197,42051,12009,5733
,,,,,,,,5198,42783,12219,5832
,,,,,,,,5199,42996,12279,5862
,,,,,,,,5200,43014,12285,5865
,,,,,,,,5201,42732,12204,5826
,,,,,,,,5202,41856,11955,5706
,,,,,,,,5203,40992,11706,5589
,,,,,,,,5204,40353,11526,5502
,,,,,,,,5205,40128,11460,5469
,,,,,,,,5206,38502,10995,5250
,,,,,,,,5207,35697,10194,4866
,,,,,,,,5208,32715,9345,4461
,,,,,,,,5209,30291,8652,4131
,,,,,,,,5210,28788,8220,3924
,,,,,,,,5211,27888,7965,3801
,,,,,,,,5212,27447,7839,3741
,,,,,,,,5213,27792,7938,3789
,,,,,,,,5214,29214,8343,3984
,,,,,,,,5215,31722,9060,4326
,,,,,,,,5216,35199,10053,4800
,,,,,,,,5217,37965,10842,5178
,,,,,,,,5218,39912,11400,5442
,,,,,,,,5219,41040,11721,5595
,,,,,,,,5220,41910,11970,5712
,,,,,,,,5221,42456,12126,5787
,,,,,,,,5222,42975,12276,5862
,,,,,,,,5223,43182,12333,5889
,,,,,,,,5224,43269,12357,5901
,,,,,,,,5225,43080,12306,5874
,,,,,,,,5226,42357,12096,5775
,,,,,,,,5227,40737,11634,5556
,,,,,,,,5228,39024,11145,5319
,,,,,,,,5229,38580,11016,5259
,,,,,,,,5230,36444,10407,4968
,,,,,,,,5231,32670,9330,4452
,,,,,,,,5232,29187,8334,3978
,,,,,,,,5233,26523,7575,3618
,,,,,,,,5234,24870,7104,3390
,,,,,,,,5235,23820,6804,3246
,,,,,,,,5236,23340,6666,3180
,,,,,,,,5237,23526,6720,3207
,,,,,,,,5238,24729,7062,3372
,,,,,,,,5239,27150,7752,3702
,,,,,,,,5240,30360,8670,4140
,,,,,,,,5241,32658,9327,4452
,,,,,,,,5242,34539,9864,4710
,,,,,,,,5243,36246,10353,4941
,,,,,,,,5244,37557,10728,5121
,,,,,,,,5245,38469,10986,5244
,,,,,,,,5246,39444,11265,5379
,,,,,,,,5247,39987,11421,5451
,,,,,,,,5248,40344,11523,5499
,,,,,,,,5249,40518,11571,5526
,,,,,,,,5250,40095,11451,5469
,,,,,,,,5251,38931,11118,5307
,,,,,,,,5252,37743,10779,5148
,,,,,,,,5253,37884,10818,5163
,,,,,,,,5254,36120,10317,4923
,,,,,,,,5255,32751,9354,4467
,,,,,,,,5256,29445,8409,4014
,,,,,,,,5257,26961,7701,3675
,,,,,,,,5258,25317,7230,3453
,,,,,,,,5259,24246,6924,3303
,,,,,,,,5260,23712,6774,3231
,,,,,,,,5261,23967,6846,3267
,,,,,,,,5262,25293,7224,3450
,,,,,,,,5263,27801,7941,3789
,,,,,,,,5264,31152,8895,4248
,,,,,,,,5265,33990,9708,4635
,,,,,,,,5266,36384,10392,4962
,,,,,,,,5267,38691,11049,5274
,,,,,,,,5268,40425,11544,5511
,,,,,,,,5269,41655,11898,5679
,,,,,,,,5270,42795,12222,5835
,,,,,,,,5271,43410,12396,5919
,,,,,,,,5272,43695,12480,5958
,,,,,,,,5273,43581,12447,5943
,,,,,,,,5274,42966,12273,5859
,,,,,,,,5275,41778,11931,5694
,,,,,,,,5276,40767,11643,5559
,,,,,,,,5277,40902,11682,5577
,,,,,,,,5278,38925,11118,5307
,,,,,,,,5279,35388,10107,4824
,,,,,,,,5280,31785,9078,4332
,,,,,,,,5281,29016,8286,3954
,,,,,,,,5282,27441,7839,3741
,,,,,,,,5283,26382,7536,3597
,,,,,,,,5284,25893,7395,3528
,,,,,,,,5285,26139,7467,3564
,,,,,,,,5286,27642,7896,3768
,,,,,,,,5287,30195,8625,4116
,,,,,,,,5288,33528,9576,4572
,,,,,,,,5289,36417,10401,4965
,,,,,,,,5290,39039,11148,5322
,,,,,,,,5291,41562,11871,5667
,,,,,,,,5292,43488,12420,5928
,,,,,,,,5293,44778,12786,6105
,,,,,,,,5294,45840,13092,6252
,,,,,,,,5295,46236,13206,6303
,,,,,,,,5296,46284,13221,6312
,,,,,,,,5297,46008,13137,6273
,,,,,,,,5298,45180,12903,6159
,,,,,,,,5299,43632,12459,5949
,,,,,,,,5300,42561,12156,5802
,,,,,,,,5301,42504,12138,5796
,,,,,,,,5302,40377,11532,5505
,,,,,,,,5303,36834,10518,5022
,,,,,,,,5304,33324,9516,4545
,,,,,,,,5305,30720,8775,4188
,,,,,,,,5306,29118,8316,3969
,,,,,,,,5307,28068,8016,3828
,,,,,,,,5308,27600,7884,3762
,,,,,,,,5309,27846,7953,3798
,,,,,,,,5310,29349,8382,3999
,,,,,,,,5311,31935,9120,4353
,,,,,,,,5312,35247,10068,4806
,,,,,,,,5313,37980,10848,5178
,,,,,,,,5314,40188,11478,5481
,,,,,,,,5315,41940,11976,5718
,,,,,,,,5316,43110,12312,5877
,,,,,,,,5317,43377,12387,5913
,,,,,,,,5318,43137,12321,5880
,,,,,,,,5319,42249,12066,5760
,,,,,,,,5320,41028,11718,5595
,,,,,,,,5321,40293,11508,5496
,,,,,,,,5322,39465,11271,5379
,,,,,,,,5323,38367,10956,5232
,,,,,,,,5324,37569,10728,5121
,,,,,,,,5325,37563,10728,5121
,,,,,,,,5326,36156,10326,4929
,,,,,,,,5327,33630,9603,4587
,,,,,,,,5328,30819,8802,4203
,,,,,,,,5329,28530,8145,3891
,,,,,,,,5330,27003,7713,3681
,,,,,,,,5331,25992,7422,3543
,,,,,,,,5332,25425,7260,3468
,,,,,,,,5333,25251,7212,3441
,,,,,,,,5334,25551,7296,3483
,,,,,,,,5335,26400,7542,3600
,,,,,,,,5336,28593,8166,3897
,,,,,,,,5337,31302,8940,4269
,,,,,,,,5338,33798,9651,4608
,,,,,,,,5339,35892,10248,4893
,,,,,,,,5340,37146,10608,5064
,,,,,,,,5341,37878,10818,5163
,,,,,,,,5342,38322,10944,5223
,,,,,,,,5343,38565,11013,5256
,,,,,,,,5344,38754,11067,5286
,,,,,,,,5345,38910,11112,5304
,,,,,,,,5346,38841,11091,5295
,,,,,,,,5347,38223,10917,5211
,,,,,,,,5348,37590,10737,5124
,,,,,,,,5349,37815,10800,5154
,,,,,,,,5350,36423,10401,4968
,,,,,,,,5351,34026,9717,4638
,,,,,,,,5352,31344,8952,4272
,,,,,,,,5353,29061,8298,3963
,,,,,,,,5354,27507,7857,3750
,,,,,,,,5355,26409,7542,3600
,,,,,,,,5356,25806,7368,3516
,,,,,,,,5357,25584,7305,3486
,,,,,,,,5358,25788,7362,3513
,,,,,,,,5359,26220,7488,3573
,,,,,,,,5360,27558,7872,3756
,,,,,,,,5361,29853,8526,4071
,,,,,,,,5362,32223,9201,4392
,,,,,,,,5363,34275,9789,4674
,,,,,,,,5364,35877,10245,4893
,,,,,,,,5365,37092,10593,5058
,,,,,,,,5366,37854,10812,5163
,,,,,,,,5367,38574,11016,5259
,,,,,,,,5368,39216,11199,5346
,,,,,,,,5369,39684,11334,5409
,,,,,,,,5370,39780,11361,5424
,,,,,,,,5371,39171,11184,5340
,,,,,,,,5372,38298,10938,5223
,,,,,,,,5373,38466,10983,5244
,,,,,,,,5374,36651,10467,4998
,,,,,,,,5375,33537,9576,4575
,,,,,,,,5376,30351,8670,4137
,,,,,,,,5377,27903,7968,3804
,,,,,,,,5378,26289,7509,3585
,,,,,,,,5379,25269,7215,3444
,,,,,,,,5380,24741,7065,3372
,,,,,,,,5381,24948,7125,3402
,,,,,,,,5382,26274,7503,3582
,,,,,,,,5383,28545,8154,3894
,,,,,,,,5384,31797,9081,4335
,,,,,,,,5385,34524,9858,4707
,,,,,,,,5386,36810,10512,5019
,,,,,,,,5387,38799,11079,5289
,,,,,,,,5388,40200,11481,5481
,,,,,,,,5389,41106,11739,5604
,,,,,,,,5390,41931,11976,5718
,,,,,,,,5391,42483,12132,5793
,,,,,,,,5392,42720,12201,5826
,,,,,,,,5393,42927,12261,5853
,,,,,,,,5394,42627,12171,5811
,,,,,,,,5395,41304,11796,5634
,,,,,,,,5396,40047,11436,5460
,,,,,,,,5397,39915,11400,5442
,,,,,,,,5398,37497,10710,5112
,,,,,,,,5399,33819,9660,4611
,,,,,,,,5400,30294,8652,4131
,,,,,,,,5401,27684,7905,3774
,,,,,,,,5402,25959,7413,3540
,,,,,,,,5403,24840,7092,3387
,,,,,,,,5404,24294,6939,3312
,,,,,,,,5405,24471,6987,3336
,,,,,,,,5406,25884,7392,3528
,,,,,,,,5407,28236,8064,3849
,,,,,,,,5408,31485,8991,4293
,,,,,,,,5409,34032,9720,4641
,,,,,,,,5410,36219,10344,4938
,,,,,,,,5411,38040,10863,5187
,,,,,,,,5412,39270,11214,5355
,,,,,,,,5413,39972,11418,5451
,,,,,,,,5414,40473,11559,5517
,,,,,,,,5415,40611,11598,5538
,,,,,,,,5416,40461,11556,5517
,,,,,,,,5417,40380,11532,5505
,,,,,,,,5418,39930,11406,5445
,,,,,,,,5419,38949,11121,5310
,,,,,,,,5420,38325,10944,5223
,,,,,,,,5421,38619,11031,5265
,,,,,,,,5422,36585,10449,4989
,,,,,,,,5423,33285,9507,4539
,,,,,,,,5424,30051,8583,4098
,,,,,,,,5425,27792,7935,3789
,,,,,,,,5426,26307,7512,3588
,,,,,,,,5427,25392,7251,3462
,,,,,,,,5428,25008,7143,3408
,,,,,,,,5429,25302,7227,3450
,,,,,,,,5430,26883,7677,3666
,,,,,,,,5431,29571,8445,4032
,,,,,,,,5432,32238,9207,4395
,,,,,,,,5433,33918,9687,4623
,,,,,,,,5434,35148,10038,4791
,,,,,,,,5435,36747,10494,5010
,,,,,,,,5436,38337,10950,5226
,,,,,,,,5437,39531,11289,5391
,,,,,,,,5438,40635,11604,5541
,,,,,,,,5439,41184,11763,5616
,,,,,,,,5440,41406,11826,5646
,,,,,,,,5441,41223,11772,5619
,,,,,,,,5442,40572,11586,5532
,,,,,,,,5443,39504,11283,5388
,,,,,,,,5444,39066,11157,5328
,,,,,,,,5445,38952,11121,5310
,,,,,,,,5446,36789,10506,5016
,,,,,,,,5447,33414,9543,4557
,,,,,,,,5448,30090,8595,4104
,,,,,,,,5449,27510,7857,3750
,,,,,,,,5450,25866,7386,3528
,,,,,,,,5451,24870,7104,3390
,,,,,,,,5452,24432,6978,3330
,,,,,,,,5453,24636,7035,3360
,,,,,,,,5454,26127,7464,3561
,,,,,,,,5455,28665,8187,3906
,,,,,,,,5456,31434,8976,4284
,,,,,,,,5457,33693,9624,4593
,,,,,,,,5458,35745,10209,4875
,,,,,,,,5459,37626,10746,5130
,,,,,,,,5460,39021,11145,5319
,,,,,,,,5461,39921,11403,5442
,,,,,,,,5462,40710,11628,5550
,,,,,,,,5463,41154,11751,5610
,,,,,,,,5464,41337,11805,5634
,,,,,,,,5465,41406,11826,5646
,,,,,,,,5466,40974,11703,5589
,,,,,,,,5467,39612,11313,5400
,,,,,,,,5468,38382,10962,5232
,,,,,,,,5469,38274,10929,5217
,,,,,,,,5470,36057,10296,4917
,,,,,,,,5471,32658,9327,4452
,,,,,,,,5472,29226,8346,3984
,,,,,,,,5473,26715,7632,3642
,,,,,,,,5474,25041,7152,3414
,,,,,,,,5475,23994,6852,3270
,,,,,,,,5476,23466,6702,3198
,,,,,,,,5477,23631,6750,3222
,,,,,,,,5478,24894,7110,3393
,,,,,,,,5479,27096,7740,3696
,,,,,,,,5480,30069,8589,4101
,,,,,,,,5481,32790,9363,4470
,,,,,,,,5482,35094,10023,4785
,,,,,,,,5483,37245,10638,5076
,,,,,,,,5484,38886,11106,5301
,,,,,,,,5485,40233,11493,5484
,,,,,,,,5486,41496,11850,5658
,,,,,,,,5487,42279,12075,5763
,,,,,,,,5488,42540,12150,5799
,,,,,,,,5489,42510,12141,5796
,,,,,,,,5490,41775,11931,5694
,,,,,,,,5491,40200,11481,5481
,,,,,,,,5492,39282,11217,5355
,,,,,,,,5493,39078,11160,5328
,,,,,,,,5494,36969,10560,5043
,,,,,,,,5495,33795,9651,4608
,,,,,,,,5496,30633,8748,4176
,,,,,,,,5497,28023,8004,3819
,,,,,,,,5498,26262,7500,3579
,,,,,,,,5499,25083,7164,3420
,,,,,,,,5500,24318,6942,3315
,,,,,,,,5501,24033,6864,3276
,,,,,,,,5502,24318,6945,3315
,,,,,,,,5503,24927,7119,3399
,,,,,,,,5504,26427,7548,3603
,,,,,,,,5505,28398,8112,3873
,,,,,,,,5506,29955,8556,4083
,,,,,,,,5507,30951,8838,4221
,,,,,,,,5508,31554,9012,4302
,,,,,,,,5509,31650,9039,4317
,,,,,,,,5510,31560,9015,4302
,,,,,,,,5511,31440,8979,4284
,,,,,,,,5512,31329,8946,4272
,,,,,,,,5513,31422,8973,4284
,,,,,,,,5514,31413,8973,4284
,,,,,,,,5515,31005,8853,4227
,,,,,,,,5516,30588,8736,4170
,,,,,,,,5517,30951,8838,4221
,,,,,,,,5518,29520,8430,4026
,,,,,,,,5519,27318,7800,3726
,,,,,,,,5520,24921,7119,3396
,,,,,,,,5521,22977,6564,3135
,,,,,,,,5522,21618,6174,2946
,,,,,,,,5523,20682,5907,2817
,,,,,,,,5524,20199,5769,2754
,,,,,,,,5525,19989,5709,2727
,,,,,,,,5526,20124,5748,2742
,,,,,,,,5527,20337,5808,2772
,,,,,,,,5528,21825,6234,2976
,,,,,,,,5529,24066,6873,3282
,,,,,,,,5530,26058,7440,3552
,,,,,,,,5531,27426,7833,3741
,,,,,,,,5532,28254,8070,3852
,,,,,,,,5533,28722,8202,3915
,,,,,,,,5534,28764,8214,3921
,,,,,,,,5535,28788,8220,3924
,,,,,,,,5536,28953,8268,3948
,,,,,,,,5537,29433,8406,4014
,,,,,,,,5538,29784,8505,4059
,,,,,,,,5539,29718,8487,4053
,,,,,,,,5540,29859,8529,4071
,,,,,,,,5541,30519,8715,4161
,,,,,,,,5542,29046,8295,3960
,,,,,,,,5543,26670,7617,3636
,,,,,,,,5544,24363,6957,3321
,,,,,,,,5545,22653,6468,3090
,,,,,,,,5546,21588,6165,2943
,,,,,,,,5547,20961,5985,2859
,,,,,,,,5548,20745,5925,2829
,,,,,,,,5549,21165,6045,2886
,,,,,,,,5550,22596,6453,3081
,,,,,,,,5551,24978,7134,3405
,,,,,,,,5552,27714,7917,3777
,,,,,,,,5553,29904,8541,4077
,,,,,,,,5554,31752,9069,4329
,,,,,,,,5555,33303,9510,4542
,,,,,,,,5556,34395,9822,4689
,,,,,,,,5557,35052,10011,4779
,,,,,,,,5558,35535,10149,4845
,,,,,,,,5559,35634,10176,4860
,,,,,,,,5560,35568,10158,4848
,,,,,,,,5561,35622,10173,4857
,,,,,,,,5562,35505,10140,4842
,,,,,,,,5563,34566,9873,4713
,,,,,,,,5564,34083,9735,4647
,,,,,,,,5565,34386,9819,4689
,,,,,,,,5566,32265,9213,4398
,,,,,,,,5567,29181,8334,3978
,,,,,,,,5568,26250,7497,3579
,,,,,,,,5569,24153,6897,3294
,,,,,,,,5570,22977,6564,3132
,,,,,,,,5571,22218,6345,3030
,,,,,,,,5572,21918,6258,2988
,,,,,,,,5573,22335,6378,3042
,,,,,,,,5574,23967,6846,3267
,,,,,,,,5575,26586,7593,3624
,,,,,,,,5576,29325,8376,3996
,,,,,,,,5577,31407,8970,4284
,,,,,,,,5578,33153,9468,4521
,,,,,,,,5579,34701,9909,4731
,,,,,,,,5580,35733,10203,4872
,,,,,,,,5581,36432,10404,4968
,,,,,,,,5582,37134,10608,5064
,,,,,,,,5583,37515,10713,5115
,,,,,,,,5584,37635,10749,5133
,,,,,,,,5585,37641,10749,5133
,,,,,,,,5586,37026,10575,5049
,,,,,,,,5587,35787,10218,4878
,,,,,,,,5588,35085,10020,4785
,,,,,,,,5589,35247,10068,4806
,,,,,,,,5590,33066,9444,4509
,,,,,,,,5591,29811,8514,4065
,,,,,,,,5592,26727,7635,3645
,,,,,,,,5593,24519,7002,3342
,,,,,,,,5594,23160,6612,3156
,,,,,,,,5595,22293,6366,3039
,,,,,,,,5596,21840,6237,2979
,,,,,,,,5597,22095,6309,3012
,,,,,,,,5598,23541,6723,3210
,,,,,,,,5599,25794,7365,3516
,,,,,,,,5600,28773,8220,3924
,,,,,,,,5601,31047,8865,4233
,,,,,,,,5602,32994,9423,4497
,,,,,,,,5603,34698,9909,4731
,,,,,,,,5604,35916,10257,4896
,,,,,,,,5605,36654,10470,4998
,,,,,,,,5606,37449,10695,5103
,,,,,,,,5607,37932,10836,5172
,,,,,,,,5608,38064,10872,5190
,,,,,,,,5609,38148,10893,5202
,,,,,,,,5610,37683,10761,5136
,,,,,,,,5611,36519,10428,4980
,,,,,,,,5612,35700,10197,4866
,,,,,,,,5613,35889,10248,4893
,,,,,,,,5614,33747,9639,4602
,,,,,,,,5615,30462,8700,4152
,,,,,,,,5616,27372,7818,3732
,,,,,,,,5617,25116,7173,3423
,,,,,,,,5618,23709,6771,3231
,,,,,,,,5619,22767,6501,3105
,,,,,,,,5620,22401,6399,3054
,,,,,,,,5621,22644,6465,3087
,,,,,,,,5622,24198,6912,3300
,,,,,,,,5623,26559,7587,3618
,,,,,,,,5624,29658,8472,4044
,,,,,,,,5625,32214,9201,4392
,,,,,,,,5626,34275,9789,4674
,,,,,,,,5627,36039,10293,4914
,,,,,,,,5628,37455,10698,5106
,,,,,,,,5629,38556,11013,5256
,,,,,,,,5630,39657,11328,5409
,,,,,,,,5631,40179,11475,5478
,,,,,,,,5632,40428,11547,5511
,,,,,,,,5633,40497,11568,5523
,,,,,,,,5634,40032,11433,5457
,,,,,,,,5635,38814,11085,5292
,,,,,,,,5636,37935,10836,5172
,,,,,,,,5637,38001,10851,5181
,,,,,,,,5638,35769,10215,4875
,,,,,,,,5639,32385,9249,4416
,,,,,,,,5640,29121,8316,3969
,,,,,,,,5641,26772,7647,3648
,,,,,,,,5642,25173,7188,3432
,,,,,,,,5643,24141,6894,3291
,,,,,,,,5644,23589,6738,3216
,,,,,,,,5645,23778,6792,3240
,,,,,,,,5646,25167,7188,3432
,,,,,,,,5647,27393,7824,3735
,,,,,,,,5648,30315,8658,4134
,,,,,,,,5649,32832,9378,4476
,,,,,,,,5650,34971,9987,4770
,,,,,,,,5651,36900,10539,5031
,,,,,,,,5652,38325,10944,5223
,,,,,,,,5653,39255,11211,5352
,,,,,,,,5654,40161,11469,5475
,,,,,,,,5655,40542,11580,5529
,,,,,,,,5656,40443,11553,5514
,,,,,,,,5657,40263,11499,5490
,,,,,,,,5658,39459,11271,5379
,,,,,,,,5659,37971,10845,5178
,,,,,,,,5660,37179,10620,5070
,,,,,,,,5661,36978,10563,5043
,,,,,,,,5662,34911,9969,4758
,,,,,,,,5663,31983,9135,4362
,,,,,,,,5664,28947,8265,3945
,,,,,,,,5665,26493,7566,3612
,,,,,,,,5666,24957,7128,3402
,,,,,,,,5667,23913,6831,3258
,,,,,,,,5668,23313,6657,3180
,,,,,,,,5669,23220,6630,3165
,,,,,,,,5670,23709,6771,3231
,,,,,,,,5671,24585,7020,3351
,,,,,,,,5672,26553,7584,3618
,,,,,,,,5673,29133,8319,3972
,,,,,,,,5674,31428,8976,4284
,,,,,,,,5675,33120,9459,4515
,,,,,,,,5676,34206,9768,4665
,,,,,,,,5677,34884,9963,4755
,,,,,,,,5678,35301,10083,4812
,,,,,,,,5679,35508,10143,4842
,,,,,,,,5680,35436,10119,4833
,,,,,,,,5681,35241,10065,4803
,,,,,,,,5682,34734,9918,4737
,,,,,,,,5683,33708,9627,4596
,,,,,,,,5684,33246,9498,4533
,,,,,,,,5685,33159,9471,4521
,,,,,,,,5686,31494,8994,4293
,,,,,,,,5687,29109,8313,3966
,,,,,,,,5688,26559,7587,3618
,,,,,,,,5689,24537,7008,3345
,,,,,,,,5690,23100,6597,3150
,,,,,,,,5691,22194,6339,3027
,,,,,,,,5692,21609,6171,2946
,,,,,,,,5693,21426,6117,2922
,,,,,,,,5694,21642,6180,2952
,,,,,,,,5695,21903,6255,2985
,,,,,,,,5696,23529,6720,3210
,,,,,,,,5697,26019,7431,3546
,,,,,,,,5698,28341,8094,3864
,,,,,,,,5699,30123,8604,4107
,,,,,,,,5700,31506,9000,4296
,,,,,,,,5701,32595,9309,4443
,,,,,,,,5702,33192,9480,4527
,,,,,,,,5703,33735,9636,4599
,,,,,,,,5704,34284,9792,4674
,,,,,,,,5705,34833,9948,4749
,,,,,,,,5706,35112,10026,4785
,,,,,,,,5707,34473,9843,4698
,,,,,,,,5708,34071,9732,4647
,,,,,,,,5709,34167,9759,4659
,,,,,,,,5710,32055,9153,4371
,,,,,,,,5711,29109,8313,3966
,,,,,,,,5712,26460,7557,3606
,,,,,,,,5713,24360,6957,3321
,,,,,,,,5714,23091,6597,3150
,,,,,,,,5715,22338,6381,3045
,,,,,,,,5716,22002,6282,2997
,,,,,,,,5717,22383,6393,3051
,,,,,,,,5718,24021,6861,3273
,,,,,,,,5719,26538,7581,3618
,,,,,,,,5720,29532,8433,4026
,,,,,,,,5721,32034,9150,4368
,,,,,,,,5722,34101,9738,4650
,,,,,,,,5723,35898,10251,4893
,,,,,,,,5724,37395,10680,5100
,,,,,,,,5725,38520,11001,5253
,,,,,,,,5726,39696,11337,5412
,,,,,,,,5727,40272,11502,5490
,,,,,,,,5728,40350,11526,5502
,,,,,,,,5729,40248,11496,5487
,,,,,,,,5730,39726,11346,5418
,,,,,,,,5731,38733,11061,5280
,,,,,,,,5732,38766,11073,5286
,,,,,,,,5733,38718,11058,5280
,,,,,,,,5734,36519,10428,4980
,,,,,,,,5735,33312,9513,4542
,,,,,,,,5736,30324,8661,4134
,,,,,,,,5737,28224,8061,3846
,,,,,,,,5738,26889,7677,3666
,,,,,,,,5739,26091,7452,3558
,,,,,,,,5740,25785,7362,3513
,,,,,,,,5741,26244,7497,3576
,,,,,,,,5742,28197,8052,3846
,,,,,,,,5743,31545,9009,4302
,,,,,,,,5744,34371,9816,4686
,,,,,,,,5745,35997,10281,4908
,,,,,,,,5746,37026,10575,5046
,,,,,,,,5747,38040,10863,5187
,,,,,,,,5748,39210,11199,5346
,,,,,,,,5749,40212,11484,5481
,,,,,,,,5750,41349,11811,5637
,,,,,,,,5751,42072,12015,5736
,,,,,,,,5752,42318,12084,5769
,,,,,,,,5753,42396,12108,5781
,,,,,,,,5754,41802,11937,5700
,,,,,,,,5755,40167,11472,5478
,,,,,,,,5756,39465,11271,5379
,,,,,,,,5757,38955,11124,5313
,,,,,,,,5758,36090,10308,4923
,,,,,,,,5759,32274,9216,4401
,,,,,,,,5760,28782,8220,3924
,,,,,,,,5761,26067,7443,3555
,,,,,,,,5762,24405,6972,3327
,,,,,,,,5763,23253,6642,3168
,,,,,,,,5764,22644,6465,3087
,,,,,,,,5765,22707,6486,3096
,,,,,,,,5766,24231,6921,3303
,,,,,,,,5767,26784,7650,3651
,,,,,,,,5768,29292,8367,3993
,,,,,,,,5769,30852,8811,4206
,,,,,,,,5770,31977,9132,4359
,,,,,,,,5771,32913,9399,4488
,,,,,,,,5772,33489,9564,4566
,,,,,,,,5773,33879,9678,4620
,,,,,,,,5774,34383,9819,4689
,,,,,,,,5775,34689,9906,4728
,,,,,,,,5776,34884,9963,4755
,,,,,,,,5777,35112,10026,4785
,,,,,,,,5778,34938,9978,4764
,,,,,,,,5779,33957,9699,4629
,,,,,,,,5780,33627,9603,4584
,,,,,,,,5781,33426,9546,4557
,,,,,,,,5782,31029,8862,4230
,,,,,,,,5783,27786,7935,3786
,,,,,,,,5784,24783,7077,3378
,,,,,,,,5785,22767,6504,3105
,,,,,,,,5786,21531,6147,2937
,,,,,,,,5787,20793,5937,2832
,,,,,,,,5788,20502,5856,2796
,,,,,,,,5789,20847,5952,2841
,,,,,,,,5790,22521,6432,3069
,,,,,,,,5791,25311,7227,3453
,,,,,,,,5792,27924,7977,3807
,,,,,,,,5793,29799,8511,4062
,,,,,,,,5794,31329,8949,4272
,,,,,,,,5795,32682,9333,4455
,,,,,,,,5796,33543,9582,4575
,,,,,,,,5797,34113,9741,4650
,,,,,,,,5798,34857,9954,4752
,,,,,,,,5799,35274,10074,4809
,,,,,,,,5800,35553,10155,4845
,,,,,,,,5801,35760,10215,4875
,,,,,,,,5802,35382,10104,4824
,,,,,,,,5803,34341,9807,4680
,,,,,,,,5804,34389,9822,4689
,,,,,,,,5805,34335,9807,4680
,,,,,,,,5806,32091,9165,4377
,,,,,,,,5807,28968,8274,3951
,,,,,,,,5808,26157,7470,3564
,,,,,,,,5809,24060,6870,3279
,,,,,,,,5810,22674,6474,3090
,,,,,,,,5811,21888,6249,2982
,,,,,,,,5812,21543,6153,2937
,,,,,,,,5813,21855,6243,2979
,,,,,,,,5814,23490,6708,3201
,,,,,,,,5815,26064,7443,3552
,,,,,,,,5816,28767,8217,3924
,,,,,,,,5817,31044,8865,4233
,,,,,,,,5818,32958,9414,4494
,,,,,,,,5819,34665,9903,4725
,,,,,,,,5820,36087,10308,4920
,,,,,,,,5821,37095,10593,5058
,,,,,,,,5822,38289,10938,5220
,,,,,,,,5823,38964,11130,5313
,,,,,,,,5824,39327,11232,5361
,,,,,,,,5825,39402,11253,5373
,,,,,,,,5826,39051,11151,5325
,,,,,,,,5827,37827,10806,5157
,,,,,,,,5828,37359,10668,5094
,,,,,,,,5829,37059,10584,5052
,,,,,,,,5830,35064,10014,4782
,,,,,,,,5831,32361,9243,4410
,,,,,,,,5832,29400,8397,4008
,,,,,,,,5833,26700,7626,3639
,,,,,,,,5834,25410,7257,3465
,,,,,,,,5835,24519,7002,3342
,,,,,,,,5836,23901,6825,3258
,,,,,,,,5837,23610,6744,3219
,,,,,,,,5838,23970,6846,3267
,,,,,,,,5839,24594,7023,3351
,,,,,,,,5840,26481,7563,3609
,,,,,,,,5841,29280,8364,3993
,,,,,,,,5842,31680,9048,4317
,,,,,,,,5843,33315,9513,4542
,,,,,,,,5844,34422,9831,4695
,,,,,,,,5845,34983,9993,4770
,,,,,,,,5846,35052,10011,4779
,,,,,,,,5847,34938,9978,4764
,,,,,,,,5848,34644,9894,4725
,,,,,,,,5849,34428,9834,4695
,,,,,,,,5850,33852,9669,4617
,,,,,,,,5851,32727,9348,4464
,,,,,,,,5852,32490,9279,4428
,,,,,,,,5853,32178,9189,4386
,,,,,,,,5854,30507,8715,4161
,,,,,,,,5855,28218,8058,3846
,,,,,,,,5856,25782,7362,3513
,,,,,,,,5857,23802,6798,3243
,,,,,,,,5858,22506,6429,3069
,,,,,,,,5859,21648,6183,2952
,,,,,,,,5860,21189,6054,2889
,,,,,,,,5861,21000,5997,2862
,,,,,,,,5862,21213,6057,2892
,,,,,,,,5863,21504,6144,2931
,,,,,,,,5864,22902,6540,3120
,,,,,,,,5865,25155,7182,3429
,,,,,,,,5866,27081,7734,3693
,,,,,,,,5867,28398,8112,3873
,,,,,,,,5868,29307,8370,3996
,,,,,,,,5869,30045,8580,4095
,,,,,,,,5870,30348,8670,4137
,,,,,,,,5871,30516,8715,4161
,,,,,,,,5872,30573,8730,4167
,,,,,,,,5873,30630,8748,4176
,,,,,,,,5874,30675,8760,4182
,,,,,,,,5875,30234,8637,4122
,,,,,,,,5876,30381,8679,4143
,,,,,,,,5877,30216,8631,4119
,,,,,,,,5878,28746,8208,3921
,,,,,,,,5879,26664,7617,3636
,,,,,,,,5880,24426,6975,3330
,,,,,,,,5881,22641,6465,3087
,,,,,,,,5882,21450,6126,2922
,,,,,,,,5883,20715,5919,2823
,,,,,,,,5884,20352,5814,2772
,,,,,,,,5885,20382,5823,2778
,,,,,,,,5886,20964,5988,2859
,,,,,,,,5887,21627,6174,2949
,,,,,,,,5888,22974,6561,3132
,,,,,,,,5889,25149,7182,3429
,,,,,,,,5890,27273,7788,3717
,,,,,,,,5891,28776,8220,3924
,,,,,,,,5892,29751,8496,4056
,,,,,,,,5893,30282,8649,4128
,,,,,,,,5894,30612,8745,4173
,,,,,,,,5895,30831,8805,4203
,,,,,,,,5896,31038,8865,4230
,,,,,,,,5897,31425,8973,4284
,,,,,,,,5898,31698,9054,4320
,,,,,,,,5899,31428,8976,4284
,,,,,,,,5900,32085,9165,4374
,,,,,,,,5901,31950,9123,4356
,,,,,,,,5902,29682,8478,4047
,,,,,,,,5903,26757,7644,3648
,,,,,,,,5904,24201,6912,3300
,,,,,,,,5905,22536,6435,3072
,,,,,,,,5906,21561,6159,2937
,,,,,,,,5907,21108,6027,2877
,,,,,,,,5908,21027,6006,2865
,,,,,,,,5909,21561,6159,2937
,,,,,,,,5910,23649,6756,3225
,,,,,,,,5911,27435,7836,3741
,,,,,,,,5912,30183,8622,4116
,,,,,,,,5913,31686,9048,4320
,,,,,,,,5914,32898,9396,4485
,,,,,,,,5915,33885,9678,4620
,,,,,,,,5916,34386,9822,4689
,,,,,,,,5917,34593,9882,4716
,,,,,,,,5918,34830,9948,4749
,,,,,,,,5919,34773,9933,4740
,,,,,,,,5920,34911,9972,4758
,,,,,,,,5921,35223,10059,4800
,,,,,,,,5922,35616,10173,4857
,,,,,,,,5923,35730,10203,4872
,,,,,,,,5924,36369,10386,4959
,,,,,,,,5925,35850,10239,4887
,,,,,,,,5926,33702,9627,4593
,,,,,,,,5927,30678,8760,4182
,,,,,,,,5928,27948,7980,3810
,,,,,,,,5929,26094,7452,3558
,,,,,,,,5930,25044,7152,3414
,,,,,,,,5931,24537,7008,3345
,,,,,,,,5932,24426,6975,3330
,,,,,,,,5933,25047,7152,3414
,,,,,,,,5934,27255,7782,3714
,,,,,,,,5935,31329,8949,4272
,,,,,,,,5936,34263,9786,4671
,,,,,,,,5937,35874,10245,4893
,,,,,,,,5938,37143,10608,5064
,,,,,,,,5939,37782,10791,5151
,,,,,,,,5940,37959,10842,5175
,,,,,,,,5941,37920,10830,5169
,,,,,,,,5942,38199,10911,5208
,,,,,,,,5943,38487,10992,5247
,,,,,,,,5944,38622,11031,5265
,,,,,,,,5945,38961,11127,5313
,,,,,,,,5946,38913,11112,5304
,,,,,,,,5947,38214,10914,5211
,,,,,,,,5948,38376,10959,5232
,,,,,,,,5949,37623,10743,5130
,,,,,,,,5950,34917,9972,4761
,,,,,,,,5951,31305,8940,4269
,,,,,,,,5952,28059,8013,3825
,,,,,,,,5953,25656,7326,3498
,,,,,,,,5954,24171,6903,3294
,,,,,,,,5955,23319,6660,3180
,,,,,,,,5956,22956,6555,3129
,,,,,,,,5957,23304,6657,3177
,,,,,,,,5958,25167,7188,3432
,,,,,,,,5959,28551,8154,3894
,,,,,,,,5960,31077,8877,4236
,,,,,,,,5961,32553,9297,4437
,,,,,,,,5962,33786,9648,4605
,,,,,,,,5963,34938,9978,4764
,,,,,,,,5964,35625,10173,4857
,,,,,,,,5965,35949,10266,4902
,,,,,,,,5966,36723,10488,5007
,,,,,,,,5967,37323,10659,5088
,,,,,,,,5968,37617,10743,5130
,,,,,,,,5969,37641,10752,5133
,,,,,,,,5970,37158,10611,5067
,,,,,,,,5971,36447,10410,4968
,,,,,,,,5972,37137,10608,5064
,,,,,,,,5973,36630,10461,4995
,,,,,,,,5974,34167,9759,4659
,,,,,,,,5975,30801,8796,4200
,,,,,,,,5976,27723,7917,3780
,,,,,,,,5977,25590,7308,3489
,,,,,,,,5978,24273,6933,3309
,,,,,,,,5979,23478,6705,3201
,,,,,,,,5980,23088,6597,3150
,,,,,,,,5981,23496,6711,3204
,,,,,,,,5982,25416,7257,3465
,,,,,,,,5983,28854,8241,3933
,,,,,,,,5984,31497,8997,4293
,,,,,,,,5985,33342,9522,4545
,,,,,,,,5986,35085,10023,4785
,,,,,,,,5987,36792,10509,5016
,,,,,,,,5988,38391,10965,5235
,,,,,,,,5989,39510,11283,5388
,,,,,,,,5990,40509,11571,5523
,,,,,,,,5991,41226,11775,5619
,,,,,,,,5992,41544,11865,5664
,,,,,,,,5993,41532,11862,5664
,,,,,,,,5994,40635,11604,5541
,,,,,,,,5995,39270,11214,5355
,,,,,,,,5996,39285,11220,5358
,,,,,,,,5997,38454,10983,5241
,,,,,,,,5998,36132,10320,4926
,,,,,,,,5999,33060,9441,4509
,,,,,,,,6000,29943,8550,4083
,,,,,,,,6001,27585,7878,3759
,,,,,,,,6002,26010,7428,3546
,,,,,,,,6003,25065,7158,3417
,,,,,,,,6004,24540,7008,3348
,,,,,,,,6005,24453,6984,3333
,,,,,,,,6006,25167,7188,3432
,,,,,,,,6007,26262,7500,3579
,,,,,,,,6008,28113,8028,3831
,,,,,,,,6009,30834,8805,4203
,,,,,,,,6010,33108,9456,4512
,,,,,,,,6011,34776,9933,4740
,,,,,,,,6012,35691,10191,4866
,,,,,,,,6013,36156,10326,4929
,,,,,,,,6014,36243,10353,4941
,,,,,,,,6015,36171,10329,4932
,,,,,,,,6016,36069,10299,4917
,,,,,,,,6017,36045,10293,4914
,,,,,,,,6018,36021,10287,4911
,,,,,,,,6019,36072,10302,4920
,,,,,,,,6020,36279,10359,4947
,,,,,,,,6021,35190,10050,4800
,,,,,,,,6022,33090,9450,4512
,,,,,,,,6023,30111,8598,4104
,,,,,,,,6024,27033,7722,3684
,,,,,,,,6025,24762,7071,3378
,,,,,,,,6026,23238,6636,3168
,,,,,,,,6027,22149,6327,3018
,,,,,,,,6028,21513,6144,2934
,,,,,,,,6029,21234,6063,2892
,,,,,,,,6030,21438,6123,2922
,,,,,,,,6031,21954,6270,2994
,,,,,,,,6032,23019,6573,3138
,,,,,,,,6033,24891,7107,3393
,,,,,,,,6034,26529,7575,3618
,,,,,,,,6035,27540,7866,3756
,,,,,,,,6036,28206,8055,3846
,,,,,,,,6037,28716,8202,3915
,,,,,,,,6038,28749,8211,3921
,,,,,,,,6039,28914,8256,3942
,,,,,,,,6040,29187,8337,3981
,,,,,,,,6041,29724,8490,4053
,,,,,,,,6042,30162,8613,4113
,,,,,,,,6043,30051,8583,4098
,,,,,,,,6044,30825,8805,4203
,,,,,,,,6045,30270,8643,4128
,,,,,,,,6046,28092,8025,3831
,,,,,,,,6047,25419,7257,3465
,,,,,,,,6048,22986,6567,3135
,,,,,,,,6049,21315,6087,2907
,,,,,,,,6050,20319,5802,2769
,,,,,,,,6051,19773,5649,2697
,,,,,,,,6052,19632,5607,2676
,,,,,,,,6053,20136,5751,2745
,,,,,,,,6054,22053,6297,3006
,,,,,,,,6055,25284,7221,3447
,,,,,,,,6056,27531,7863,3753
,,,,,,,,6057,28833,8235,3930
,,,,,,,,6058,29847,8526,4071
,,,,,,,,6059,30693,8766,4185
,,,,,,,,6060,31089,8880,4239
,,,,,,,,6061,31062,8871,4236
,,,,,,,,6062,31056,8868,4233
,,,,,,,,6063,30768,8787,4194
,,,,,,,,6064,30459,8700,4152
,,,,,,,,6065,30411,8685,4146
,,,,,,,,6066,30363,8670,4140
,,,,,,,,6067,30099,8595,4104
,,,,,,,,6068,30879,8820,4209
,,,,,,,,6069,30081,8592,4101
,,,,,,,,6070,27735,7920,3783
,,,,,,,,6071,24777,7077,3378
,,,,,,,,6072,22155,6327,3021
,,,,,,,,6073,20499,5856,2793
,,,,,,,,6074,19515,5574,2661
,,,,,,,,6075,18978,5421,2589
,,,,,,,,6076,18855,5385,2571
,,,,,,,,6077,19341,5523,2634
,,,,,,,,6078,21261,6072,2898
,,,,,,,,6079,24477,6990,3336
,,,,,,,,6080,26658,7614,3636
,,,,,,,,6081,27729,7917,3780
,,,,,,,,6082,28611,8172,3900
,,,,,,,,6083,29364,8385,4002
,,,,,,,,6084,29853,8526,4071
,,,,,,,,6085,30084,8592,4101
,,,,,,,,6086,30456,8700,4152
,,,,,,,,6087,30504,8712,4158
,,,,,,,,6088,30522,8718,4161
,,,,,,,,6089,30648,8754,4179
,,,,,,,,6090,30648,8754,4179
,,,,,,,,6091,30336,8664,4134
,,,,,,,,6092,31221,8916,4254
,,,,,,,,6093,30468,8700,4152
,,,,,,,,6094,28074,8019,3828
,,,,,,,,6095,25059,7155,3417
,,,,,,,,6096,22422,6402,3057
,,,,,,,,6097,20652,5898,2817
,,,,,,,,6098,19662,5616,2679
,,,,,,,,6099,19158,5469,2610
,,,,,,,,6100,19014,5430,2592
,,,,,,,,6101,19464,5559,2652
,,,,,,,,6102,21348,6099,2910
,,,,,,,,6103,24708,7056,3369
,,,,,,,,6104,26937,7692,3672
,,,,,,,,6105,28008,7998,3816
,,,,,,,,6106,29028,8292,3957
,,,,,,,,6107,30108,8598,4104
,,,,,,,,6108,30870,8817,4209
,,,,,,,,6109,31275,8931,4263
,,,,,,,,6110,31815,9087,4338
,,,,,,,,6111,31968,9129,4359
,,,,,,,,6112,32076,9162,4374
,,,,,,,,6113,32205,9195,4392
,,,,,,,,6114,32082,9162,4374
,,,,,,,,6115,31602,9027,4308
,,,,,,,,6116,32514,9285,4434
,,,,,,,,6117,31686,9048,4320
,,,,,,,,6118,29289,8364,3993
,,,,,,,,6119,26262,7500,3579
,,,,,,,,6120,23478,6705,3201
,,,,,,,,6121,21645,6180,2952
,,,,,,,,6122,20583,5877,2805
,,,,,,,,6123,20031,5721,2730
,,,,,,,,6124,19821,5661,2703
,,,,,,,,6125,20253,5784,2760
,,,,,,,,6126,22107,6312,3012
,,,,,,,,6127,25476,7275,3471
,,,,,,,,6128,27771,7932,3786
,,,,,,,,6129,29271,8358,3990
,,,,,,,,6130,30552,8727,4164
,,,,,,,,6131,31800,9081,4335
,,,,,,,,6132,32751,9354,4467
,,,,,,,,6133,33348,9525,4545
,,,,,,,,6134,34065,9729,4644
,,,,,,,,6135,34380,9819,4686
,,,,,,,,6136,34608,9885,4719
,,,,,,,,6137,34746,9924,4737
,,,,,,,,6138,34374,9816,4686
,,,,,,,,6139,33648,9609,4590
,,,,,,,,6140,34398,9825,4689
,,,,,,,,6141,33501,9570,4569
,,,,,,,,6142,30987,8850,4224
,,,,,,,,6143,27777,7935,3786
,,,,,,,,6144,24858,7098,3390
,,,,,,,,6145,22818,6516,3111
,,,,,,,,6146,21615,6174,2946
,,,,,,,,6147,20907,5970,2850
,,,,,,,,6148,20646,5895,2814
,,,,,,,,6149,21006,6000,2862
,,,,,,,,6150,22815,6516,3108
,,,,,,,,6151,26112,7458,3558
,,,,,,,,6152,28431,8121,3876
,,,,,,,,6153,30024,8577,4092
,,,,,,,,6154,31455,8985,4287
,,,,,,,,6155,32781,9360,4467
,,,,,,,,6156,33780,9648,4605
,,,,,,,,6157,34428,9831,4695
,,,,,,,,6158,35145,10038,4791
,,,,,,,,6159,35409,10113,4827
,,,,,,,,6160,35367,10098,4821
,,,,,,,,6161,35091,10023,4785
,,,,,,,,6162,34122,9744,4650
,,,,,,,,6163,33075,9447,4509
,,,,,,,,6164,33501,9570,4569
,,,,,,,,6165,32517,9285,4434
,,,,,,,,6166,30549,8724,4164
,,,,,,,,6167,27912,7971,3804
,,,,,,,,6168,25254,7212,3441
,,,,,,,,6169,23226,6633,3165
,,,,,,,,6170,21981,6279,2997
,,,,,,,,6171,21258,6069,2898
,,,,,,,,6172,20862,5958,2844
,,,,,,,,6173,20868,5961,2847
,,,,,,,,6174,21522,6144,2934
,,,,,,,,6175,22554,6441,3075
,,,,,,,,6176,24129,6891,3288
,,,,,,,,6177,26163,7470,3567
,,,,,,,,6178,27537,7863,3756
,,,,,,,,6179,28188,8052,3843
,,,,,,,,6180,28386,8106,3870
,,,,,,,,6181,28368,8100,3867
,,,,,,,,6182,28167,8043,3840
,,,,,,,,6183,27930,7977,3807
,,,,,,,,6184,27813,7944,3792
,,,,,,,,6185,27876,7962,3801
,,,,,,,,6186,27882,7965,3801
,,,,,,,,6187,27732,7920,3780
,,,,,,,,6188,28506,8142,3885
,,,,,,,,6189,27810,7944,3792
,,,,,,,,6190,26208,7482,3573
,,,,,,,,6191,24174,6903,3297
,,,,,,,,6192,22038,6294,3003
,,,,,,,,6193,20409,5829,2784
,,,,,,,,6194,19368,5529,2640
,,,,,,,,6195,18714,5346,2550
,,,,,,,,6196,18348,5241,2499
,,,,,,,,6197,18321,5232,2499
,,,,,,,,6198,18708,5343,2550
,,,,,,,,6199,19302,5514,2631
,,,,,,,,6200,20649,5898,2817
,,,,,,,,6201,22743,6495,3102
,,,,,,,,6202,24333,6951,3318
,,,,,,,,6203,25281,7221,3447
,,,,,,,,6204,25815,7371,3519
,,,,,,,,6205,26184,7476,3570
,,,,,,,,6206,26169,7473,3567
,,,,,,,,6207,26163,7473,3567
,,,,,,,,6208,26313,7512,3588
,,,,,,,,6209,26754,7641,3648
,,,,,,,,6210,27426,7833,3741
,,,,,,,,6211,27705,7911,3777
,,,,,,,,6212,28860,8241,3936
,,,,,,,,6213,27966,7986,3813
,,,,,,,,6214,25851,7383,3525
,,,,,,,,6215,23379,6675,3186
,,,,,,,,6216,21180,6048,2889
,,,,,,,,6217,19743,5637,2691
,,,,,,,,6218,18933,5409,2580
,,,,,,,,6219,18501,5283,2523
,,,,,,,,6220,18468,5274,2517
,,,,,,,,6221,19011,5430,2589
,,,,,,,,6222,20970,5991,2859
,,,,,,,,6223,24252,6927,3306
,,,,,,,,6224,26469,7560,3609
,,,,,,,,6225,27729,7917,3780
,,,,,,,,6226,28734,8205,3918
,,,,,,,,6227,29688,8478,4047
,,,,,,,,6228,30264,8643,4125
,,,,,,,,6229,30558,8730,4164
,,,,,,,,6230,30972,8847,4224
,,,,,,,,6231,31089,8880,4239
,,,,,,,,6232,31122,8889,4242
,,,,,,,,6233,31203,8910,4254
,,,,,,,,6234,31257,8925,4260
,,,,,,,,6235,31191,8910,4254
,,,,,,,,6236,32214,9198,4392
,,,,,,,,6237,31005,8853,4227
,,,,,,,,6238,28551,8154,3894
,,,,,,,,6239,25530,7290,3480
,,,,,,,,6240,22884,6537,3120
,,,,,,,,6241,21180,6051,2889
,,,,,,,,6242,20145,5754,2745
,,,,,,,,6243,19593,5595,2670
,,,,,,,,6244,19488,5565,2655
,,,,,,,,6245,20025,5721,2730
,,,,,,,,6246,22059,6300,3006
,,,,,,,,6247,25677,7332,3498
,,,,,,,,6248,28131,8034,3834
,,,,,,,,6249,29502,8427,4023
,,,,,,,,6250,30534,8721,4164
,,,,,,,,6251,31476,8988,4290
,,,,,,,,6252,31980,9135,4362
,,,,,,,,6253,32163,9186,4386
,,,,,,,,6254,32466,9273,4425
,,,,,,,,6255,32367,9243,4413
,,,,,,,,6256,32313,9228,4407
,,,,,,,,6257,32691,9336,4455
,,,,,,,,6258,33231,9492,4530
,,,,,,,,6259,33633,9606,4587
,,,,,,,,6260,33966,9702,4632
,,,,,,,,6261,32721,9345,4461
,,,,,,,,6262,30363,8670,4140
,,,,,,,,6263,27408,7827,3738
,,,,,,,,6264,24870,7104,3390
,,,,,,,,6265,23103,6597,3150
,,,,,,,,6266,22047,6297,3006
,,,,,,,,6267,21408,6114,2919
,,,,,,,,6268,21144,6039,2883
,,,,,,,,6269,21438,6123,2922
,,,,,,,,6270,23175,6621,3159
,,,,,,,,6271,26574,7590,3621
,,,,,,,,6272,28692,8193,3912
,,,,,,,,6273,29451,8412,4014
,,,,,,,,6274,29973,8562,4089
,,,,,,,,6275,30516,8715,4161
,,,,,,,,6276,30870,8817,4209
,,,,,,,,6277,30957,8841,4221
,,,,,,,,6278,31170,8901,4251
,,,,,,,,6279,31035,8865,4230
,,,,,,,,6280,30864,8814,4209
,,,,,,,,6281,30819,8802,4203
,,,,,,,,6282,30570,8730,4167
,,,,,,,,6283,30342,8667,4137
,,,,,,,,6284,31380,8961,4278
,,,,,,,,6285,30294,8652,4131
,,,,,,,,6286,27972,7989,3813
,,,,,,,,6287,24933,7122,3399
,,,,,,,,6288,22338,6381,3045
,,,,,,,,6289,20556,5871,2802
,,,,,,,,6290,19584,5592,2670
,,,,,,,,6291,19056,5439,2598
,,,,,,,,6292,18900,5397,2574
,,,,,,,,6293,19392,5538,2643
,,,,,,,,6294,21309,6084,2907
,,,,,,,,6295,24816,7089,3384
,,,,,,,,6296,26883,7677,3666
,,,,,,,,6297,27810,7941,3792
,,,,,,,,6298,28491,8136,3885
,,,,,,,,6299,29175,8331,3978
,,,,,,,,6300,29484,8421,4020
,,,,,,,,6301,29484,8421,4020
,,,,,,,,6302,29691,8481,4047
,,,,,,,,6303,29550,8439,4029
,,,,,,,,6304,29325,8373,3996
,,,,,,,,6305,29277,8361,3990
,,,,,,,,6306,29265,8355,3990
,,,,,,,,6307,29463,8415,4014
,,,,,,,,6308,30648,8754,4179
,,,,,,,,6309,29697,8481,4047
,,,,,,,,6310,27528,7860,3753
,,,,,,,,6311,24657,7041,3360
,,,,,,,,6312,22059,6300,3006
,,,,,,,,6313,20352,5814,2772
,,,,,,,,6314,19416,5544,2646
,,,,,,,,6315,18918,5403,2577
,,,,,,,,6316,18789,5364,2559
,,,,,,,,6317,19263,5499,2625
,,,,,,,,6318,21129,6036,2880
,,,,,,,,6319,24720,7062,3369
,,,,,,,,6320,26886,7677,3666
,,,,,,,,6321,27873,7962,3801
,,,,,,,,6322,28557,8157,3894
,,,,,,,,6323,29115,8316,3969
,,,,,,,,6324,29292,8367,3993
,,,,,,,,6325,29340,8379,3999
,,,,,,,,6326,29391,8394,4008
,,,,,,,,6327,29259,8355,3987
,,,,,,,,6328,29079,8304,3966
,,,,,,,,6329,28992,8280,3954
,,,,,,,,6330,28782,8220,3924
,,,,,,,,6331,28842,8235,3933
,,,,,,,,6332,29700,8484,4050
,,,,,,,,6333,28752,8211,3921
,,,,,,,,6334,26925,7689,3669
,,,,,,,,6335,24579,7017,3351
,,,,,,,,6336,22185,6336,3024
,,,,,,,,6337,20451,5841,2787
,,,,,,,,6338,19416,5544,2646
,,,,,,,,6339,18825,5376,2565
,,,,,,,,6340,18615,5316,2538
,,,,,,,,6341,18672,5334,2544
,,,,,,,,6342,19338,5523,2634
,,,,,,,,6343,20607,5886,2808
,,,,,,,,6344,22257,6357,3033
,,,,,,,,6345,24357,6957,3321
,,,,,,,,6346,25815,7374,3519
,,,,,,,,6347,26568,7587,3621
,,,,,,,,6348,26784,7650,3651
,,,,,,,,6349,26778,7647,3651
,,,,,,,,6350,26583,7593,3624
,,,,,,,,6351,26499,7569,3612
,,,,,,,,6352,26493,7566,3612
,,,,,,,,6353,26751,7641,3648
,,,,,,,,6354,27138,7752,3699
,,,,,,,,6355,27783,7935,3786
,,,,,,,,6356,28665,8187,3906
,,,,,,,,6357,27840,7950,3795
,,,,,,,,6358,26448,7554,3606
,,,,,,,,6359,24510,6999,3342
,,,,,,,,6360,22419,6402,3057
,,,,,,,,6361,20955,5985,2856
,,,,,,,,6362,19848,5667,2706
,,,,,,,,6363,19209,5484,2619
,,,,,,,,6364,18885,5394,2574
,,,,,,,,6365,18795,5367,2562
,,,,,,,,6366,19170,5475,2613
,,,,,,,,6367,19842,5667,2706
,,,,,,,,6368,21003,5997,2862
,,,,,,,,6369,22968,6561,3132
,,,,,,,,6370,24504,6999,3342
,,,,,,,,6371,25398,7254,3462
,,,,,,,,6372,25863,7386,3525
,,,,,,,,6373,26040,7437,3549
,,,,,,,,6374,25935,7407,3537
,,,,,,,,6375,25869,7389,3528
,,,,,,,,6376,25962,7413,3540
,,,,,,,,6377,26346,7524,3591
,,,,,,,,6378,27018,7716,3681
,,,,,,,,6379,27645,7896,3771
,,,,,,,,6380,28797,8223,3924
,,,,,,,,6381,27699,7911,3777
,,,,,,,,6382,25578,7305,3486
,,,,,,,,6383,23265,6645,3171
,,,,,,,,6384,21054,6012,2871
,,,,,,,,6385,19446,5553,2649
,,,,,,,,6386,18519,5289,2526
,,,,,,,,6387,18081,5163,2466
,,,,,,,,6388,18030,5148,2457
,,,,,,,,6389,18582,5307,2532
,,,,,,,,6390,20610,5886,2808
,,,,,,,,6391,24285,6936,3312
,,,,,,,,6392,26541,7581,3618
,,,,,,,,6393,27558,7872,3756
,,,,,,,,6394,28293,8082,3858
,,,,,,,,6395,28914,8259,3942
,,,,,,,,6396,29265,8358,3990
,,,,,,,,6397,29319,8373,3996
,,,,,,,,6398,29427,8403,4014
,,,,,,,,6399,29199,8340,3981
,,,,,,,,6400,28974,8274,3951
,,,,,,,,6401,28995,8280,3954
,,,,,,,,6402,29286,8364,3993
,,,,,,,,6403,29844,8523,4068
,,,,,,,,6404,30870,8817,4209
,,,,,,,,6405,29520,8430,4026
,,,,,,,,6406,27150,7752,3702
,,,,,,,,6407,24237,6921,3303
,,,,,,,,6408,21705,6198,2958
,,,,,,,,6409,20061,5730,2736
,,,,,,,,6410,19191,5481,2616
,,,,,,,,6411,18714,5346,2550
,,,,,,,,6412,18639,5322,2541
,,,,,,,,6413,19152,5469,2610
,,,,,,,,6414,21162,6042,2886
,,,,,,,,6415,24918,7116,3396
,,,,,,,,6416,27069,7731,3690
,,,,,,,,6417,27852,7953,3798
,,,,,,,,6418,28419,8115,3876
,,,,,,,,6419,29055,8298,3960
,,,,,,,,6420,29319,8373,3996
,,,,,,,,6421,29373,8388,4005
,,,,,,,,6422,29550,8439,4029
,,,,,,,,6423,29469,8415,4017
,,,,,,,,6424,29358,8385,4002
,,,,,,,,6425,29502,8427,4023
,,,,,,,,6426,29631,8463,4041
,,,,,,,,6427,30183,8622,4116
,,,,,,,,6428,31149,8895,4248
,,,,,,,,6429,29817,8517,4065
,,,,,,,,6430,27591,7878,3762
,,,,,,,,6431,24681,7047,3363
,,,,,,,,6432,22197,6339,3027
,,,,,,,,6433,20523,5859,2799
,,,,,,,,6434,19620,5604,2676
,,,,,,,,6435,19170,5475,2613
,,,,,,,,6436,19065,5445,2598
,,,,,,,,6437,19650,5613,2679
,,,,,,,,6438,21624,6174,2949
,,,,,,,,6439,25287,7221,3447
,,,,,,,,6440,27603,7884,3762
,,,,,,,,6441,28836,8235,3930
,,,,,,,,6442,29781,8505,4059
,,,,,,,,6443,30618,8745,4173
,,,,,,,,6444,30975,8847,4224
,,,,,,,,6445,31041,8865,4233
,,,,,,,,6446,31140,8895,4245
,,,,,,,,6447,30948,8838,4221
,,,,,,,,6448,30654,8757,4179
,,,,,,,,6449,30840,8808,4206
,,,,,,,,6450,31338,8949,4272
,,,,,,,,6451,32010,9141,4362
,,,,,,,,6452,32322,9231,4407
,,,,,,,,6453,30984,8850,4224
,,,,,,,,6454,28740,8208,3918
,,,,,,,,6455,25833,7377,3522
,,,,,,,,6456,23235,6636,3165
,,,,,,,,6457,21471,6132,2925
,,,,,,,,6458,20484,5850,2793
,,,,,,,,6459,19869,5676,2709
,,,,,,,,6460,19695,5625,2685
,,,,,,,,6461,20148,5754,2745
,,,,,,,,6462,22212,6342,3030
,,,,,,,,6463,25965,7416,3540
,,,,,,,,6464,28089,8025,3831
,,,,,,,,6465,29028,8289,3957
,,,,,,,,6466,29655,8472,4044
,,,,,,,,6467,30201,8625,4119
,,,,,,,,6468,30486,8706,4155
,,,,,,,,6469,30507,8715,4161
,,,,,,,,6470,30579,8733,4167
,,,,,,,,6471,30390,8679,4143
,,,,,,,,6472,30168,8616,4113
,,,,,,,,6473,30081,8592,4101
,,,,,,,,6474,29937,8550,4083
,,,,,,,,6475,30429,8691,4149
,,,,,,,,6476,31275,8931,4263
,,,,,,,,6477,30024,8574,4092
,,,,,,,,6478,27807,7941,3789
,,,,,,,,6479,24969,7131,3405
,,,,,,,,6480,22371,6387,3048
,,,,,,,,6481,20610,5886,2811
,,,,,,,,6482,19593,5595,2670
,,,,,,,,6483,19044,5439,2595
,,,,,,,,6484,18912,5400,2577
,,,,,,,,6485,19380,5535,2640
,,,,,,,,6486,21216,6060,2892
,,,,,,,,6487,24951,7125,3402
,,,,,,,,6488,27333,7806,3726
,,,,,,,,6489,28449,8127,3876
,,,,,,,,6490,29106,8310,3966
,,,,,,,,6491,29604,8457,4035
,,,,,,,,6492,29829,8520,4068
,,,,,,,,6493,29772,8505,4059
,,,,,,,,6494,29775,8505,4059
,,,,,,,,6495,29475,8418,4017
,,,,,,,,6496,29316,8370,3996
,,,,,,,,6497,29433,8406,4014
,,,,,,,,6498,29718,8490,4053
,,,,,,,,6499,30177,8619,4116
,,,,,,,,6500,30042,8580,4095
,,,,,,,,6501,28740,8208,3918
,,,,,,,,6502,26997,7710,3678
,,,,,,,,6503,24747,7068,3375
,,,,,,,,6504,22416,6402,3057
,,,,,,,,6505,20622,5889,2811
,,,,,,,,6506,19566,5589,2667
,,,,,,,,6507,18957,5412,2583
,,,,,,,,6508,18663,5331,2544
,,,,,,,,6509,18720,5346,2553
,,,,,,,,6510,19455,5556,2649
,,,,,,,,6511,20835,5949,2841
,,,,,,,,6512,22584,6450,3078
,,,,,,,,6513,24663,7044,3360
,,,,,,,,6514,26127,7461,3561
,,,,,,,,6515,26868,7674,3663
,,,,,,,,6516,27009,7713,3681
,,,,,,,,6517,26832,7665,3657
,,,,,,,,6518,26400,7542,3600
,,,,,,,,6519,26058,7440,3552
,,,,,,,,6520,25857,7383,3525
,,,,,,,,6521,26100,7452,3558
,,,,,,,,6522,26691,7623,3639
,,,,,,,,6523,27573,7875,3759
,,,,,,,,6524,27810,7944,3792
,,,,,,,,6525,26880,7677,3666
,,,,,,,,6526,25479,7275,3474
,,,,,,,,6527,23607,6741,3219
,,,,,,,,6528,21552,6156,2937
,,,,,,,,6529,19950,5697,2721
,,,,,,,,6530,18930,5406,2580
,,,,,,,,6531,18348,5241,2499
,,,,,,,,6532,18045,5154,2460
,,,,,,,,6533,18051,5154,2460
,,,,,,,,6534,18492,5280,2520
,,,,,,,,6535,19452,5556,2649
,,,,,,,,6536,20757,5928,2832
,,,,,,,,6537,22833,6522,3114
,,,,,,,,6538,24651,7041,3360
,,,,,,,,6539,25794,7365,3516
,,,,,,,,6540,26421,7545,3603
,,,,,,,,6541,26703,7626,3639
,,,,,,,,6542,26430,7548,3606
,,,,,,,,6543,26244,7494,3576
,,,,,,,,6544,26079,7449,3555
,,,,,,,,6545,26448,7554,3606
,,,,,,,,6546,27015,7716,3681
,,,,,,,,6547,28110,8028,3831
,,,,,,,,6548,28764,8214,3924
,,,,,,,,6549,27618,7887,3765
,,,,,,,,6550,25542,7293,3483
,,,,,,,,6551,23196,6627,3162
,,,,,,,,6552,21012,6000,2862
,,,,,,,,6553,19449,5556,2649
,,,,,,,,6554,18600,5313,2535
,,,,,,,,6555,18243,5211,2487
,,,,,,,,6556,18177,5190,2478
,,,,,,,,6557,18786,5364,2559
,,,,,,,,6558,20895,5967,2847
,,,,,,,,6559,24717,7059,3369
,,,,,,,,6560,26901,7683,3666
,,,,,,,,6561,27789,7935,3786
,,,,,,,,6562,28449,8124,3876
,,,,,,,,6563,29046,8295,3960
,,,,,,,,6564,29313,8370,3996
,,,,,,,,6565,29337,8379,3999
,,,,,,,,6566,29352,8385,4002
,,,,,,,,6567,29166,8328,3975
,,,,,,,,6568,28983,8277,3951
,,,,,,,,6569,29073,8301,3963
,,,,,,,,6570,29556,8442,4029
,,,,,,,,6571,30663,8757,4179
,,,,,,,,6572,31257,8925,4260
,,,,,,,,6573,29901,8538,4077
,,,,,,,,6574,27552,7869,3756
,,,,,,,,6575,24636,7035,3360
,,,,,,,,6576,22014,6288,3000
,,,,,,,,6577,20271,5787,2763
,,,,,,,,6578,19341,5523,2634
,,,,,,,,6579,18876,5391,2574
,,,,,,,,6580,18786,5364,2559
,,,,,,,,6581,19326,5520,2634
,,,,,,,,6582,21258,6069,2898
,,,,,,,,6583,25119,7173,3423
,,,,,,,,6584,27261,7785,3717
,,,,,,,,6585,28173,8046,3840
,,,,,,,,6586,28848,8238,3933
,,,,,,,,6587,29532,8433,4026
,,,,,,,,6588,29943,8550,4083
,,,,,,,,6589,29994,8565,4089
,,,,,,,,6590,30087,8595,4104
,,,,,,,,6591,29865,8529,4074
,,,,,,,,6592,29706,8484,4050
,,,,,,,,6593,29895,8538,4074
,,,,,,,,6594,30540,8721,4164
,,,,,,,,6595,31539,9006,4302
,,,,,,,,6596,31572,9015,4305
,,,,,,,,6597,30165,8613,4113
,,,,,,,,6598,27942,7980,3810
,,,,,,,,6599,25053,7155,3414
,,,,,,,,6600,22491,6423,3066
,,,,,,,,6601,20742,5922,2829
,,,,,,,,6602,19815,5661,2700
,,,,,,,,6603,19389,5538,2643
,,,,,,,,6604,19311,5514,2634
,,,,,,,,6605,19830,5664,2703
,,,,,,,,6606,21816,6231,2973
,,,,,,,,6607,25740,7350,3510
,,,,,,,,6608,28239,8064,3849
,,,,,,,,6609,29127,8319,3969
,,,,,,,,6610,29832,8520,4068
,,,,,,,,6611,30456,8700,4152
,,,,,,,,6612,30744,8781,4191
,,,,,,,,6613,30678,8760,4182
,,,,,,,,6614,30732,8775,4191
,,,,,,,,6615,30534,8721,4164
,,,,,,,,6616,30408,8685,4146
,,,,,,,,6617,30606,8742,4173
,,,,,,,,6618,31227,8919,4257
,,,,,,,,6619,32217,9201,4392
,,,,,,,,6620,32172,9189,4386
,,,,,,,,6621,30963,8844,4221
,,,,,,,,6622,28617,8175,3903
,,,,,,,,6623,25899,7395,3528
,,,,,,,,6624,23286,6651,3174
,,,,,,,,6625,21357,6099,2910
,,,,,,,,6626,20310,5799,2769
,,,,,,,,6627,19788,5652,2697
,,,,,,,,6628,19650,5613,2679
,,,,,,,,6629,20121,5748,2742
,,,,,,,,6630,22095,6309,3012
,,,,,,,,6631,26070,7446,3555
,,,,,,,,6632,28602,8169,3900
,,,,,,,,6633,29574,8445,4032
,,,,,,,,6634,30270,8646,4128
,,,,,,,,6635,30852,8811,4206
,,,,,,,,6636,31116,8886,4242
,,,,,,,,6637,31038,8865,4230
,,,,,,,,6638,30981,8850,4224
,,,,,,,,6639,30660,8757,4179
,,,,,,,,6640,30429,8691,4149
,,,,,,,,6641,30603,8742,4173
,,,,,,,,6642,31188,8907,4254
,,,,,,,,6643,32127,9174,4380
,,,,,,,,6644,32010,9141,4362
,,,,,,,,6645,30735,8778,4191
,,,,,,,,6646,28614,8172,3900
,,,,,,,,6647,25842,7377,3522
,,,,,,,,6648,23154,6612,3156
,,,,,,,,6649,21336,6093,2907
,,,,,,,,6650,20289,5796,2766
,,,,,,,,6651,19695,5625,2685
,,,,,,,,6652,19539,5580,2664
,,,,,,,,6653,19995,5709,2727
,,,,,,,,6654,21774,6219,2967
,,,,,,,,6655,25425,7260,3468
,,,,,,,,6656,27672,7905,3771
,,,,,,,,6657,28728,8205,3918
,,,,,,,,6658,29676,8475,4044
,,,,,,,,6659,30540,8724,4164
,,,,,,,,6660,31002,8853,4224
,,,,,,,,6661,31083,8877,4239
,,,,,,,,6662,31215,8913,4254
,,,,,,,,6663,31083,8877,4239
,,,,,,,,6664,30882,8820,4209
,,,,,,,,6665,30642,8751,4179
,,,,,,,,6666,30255,8640,4125
,,,,,,,,6667,30906,8826,4212
,,,,,,,,6668,31161,8898,4248
,,,,,,,,6669,29910,8541,4077
,,,,,,,,6670,28128,8034,3834
,,,,,,,,6671,25803,7368,3516
,,,,,,,,6672,23379,6675,3186
,,,,,,,,6673,21495,6138,2931
,,,,,,,,6674,20280,5793,2766
,,,,,,,,6675,19590,5595,2670
,,,,,,,,6676,19281,5505,2628
,,,,,,,,6677,19290,5511,2631
,,,,,,,,6678,19899,5682,2712
,,,,,,,,6679,21237,6066,2895
,,,,,,,,6680,22773,6504,3105
,,,,,,,,6681,24927,7119,3399
,,,,,,,,6682,26502,7569,3612
,,,,,,,,6683,27375,7818,3732
,,,,,,,,6684,27810,7944,3792
,,,,,,,,6685,27846,7953,3798
,,,,,,,,6686,27636,7893,3768
,,,,,,,,6687,27447,7839,3741
,,,,,,,,6688,27342,7809,3726
,,,,,,,,6689,27579,7875,3759
,,,,,,,,6690,28107,8025,3831
,,,,,,,,6691,28662,8187,3906
,,,,,,,,6692,28371,8100,3867
,,,,,,,,6693,27189,7764,3708
,,,,,,,,6694,25722,7347,3507
,,,,,,,,6695,23700,6768,3231
,,,,,,,,6696,21627,6174,2949
,,,,,,,,6697,19968,5703,2724
,,,,,,,,6698,18933,5409,2580
,,,,,,,,6699,18345,5238,2499
,,,,,,,,6700,18081,5163,2466
,,,,,,,,6701,18084,5166,2466
,,,,,,,,6702,18474,5274,2517
,,,,,,,,6703,19350,5526,2637
,,,,,,,,6704,20568,5874,2802
,,,,,,,,6705,22536,6435,3072
,,,,,,,,6706,23940,6837,3264
,,,,,,,,6707,24705,7056,3366
,,,,,,,,6708,25089,7167,3420
,,,,,,,,6709,25359,7242,3456
,,,,,,,,6710,25344,7239,3453
,,,,,,,,6711,25350,7239,3456
,,,,,,,,6712,25464,7272,3471
,,,,,,,,6713,25932,7407,3534
,,,,,,,,6714,26589,7593,3624
,,,,,,,,6715,27963,7986,3813
,,,,,,,,6716,27888,7965,3801
,,,,,,,,6717,26826,7662,3657
,,,,,,,,6718,25131,7176,3426
,,,,,,,,6719,23103,6597,3150
,,,,,,,,6720,21099,6024,2877
,,,,,,,,6721,19584,5592,2670
,,,,,,,,6722,18690,5337,2547
,,,,,,,,6723,18270,5217,2490
,,,,,,,,6724,18216,5202,2481
,,,,,,,,6725,18675,5334,2544
,,,,,,,,6726,20067,5730,2736
,,,,,,,,6727,22485,6420,3066
,,,,,,,,6728,24576,7017,3351
,,,,,,,,6729,26268,7503,3582
,,,,,,,,6730,27411,7830,3738
,,,,,,,,6731,28074,8019,3828
,,,,,,,,6732,28287,8079,3858
,,,,,,,,6733,28110,8028,3831
,,,,,,,,6734,27972,7989,3813
,,,,,,,,6735,27783,7935,3786
,,,,,,,,6736,27606,7884,3762
,,,,,,,,6737,27969,7989,3813
,,,,,,,,6738,28983,8280,3954
,,,,,,,,6739,30654,8754,4179
,,,,,,,,6740,30768,8787,4194
,,,,,,,,6741,29406,8397,4008
,,,,,,,,6742,27144,7752,3699
,,,,,,,,6743,24354,6957,3318
,,,,,,,,6744,21867,6246,2982
,,,,,,,,6745,20154,5754,2748
,,,,,,,,6746,19236,5493,2622
,,,,,,,,6747,18813,5373,2565
,,,,,,,,6748,18753,5355,2556
,,,,,,,,6749,19323,5517,2634
,,,,,,,,6750,21387,6108,2916
,,,,,,,,6751,25425,7260,3468
,,,,,,,,6752,27813,7944,3792
,,,,,,,,6753,28542,8151,3891
,,,,,,,,6754,28992,8280,3954
,,,,,,,,6755,29346,8382,3999
,,,,,,,,6756,29496,8424,4020
,,,,,,,,6757,29385,8391,4005
,,,,,,,,6758,29352,8385,4002
,,,,,,,,6759,29085,8307,3966
,,,,,,,,6760,28905,8253,3939
,,,,,,,,6761,29163,8328,3975
,,,,,,,,6762,30018,8574,4092
,,,,,,,,6763,31503,8997,4296
,,,,,,,,6764,31446,8982,4287
,,,,,,,,6765,30036,8580,4095
,,,,,,,,6766,27696,7908,3774
,,,,,,,,6767,24753,7068,3375
,,,,,,,,6768,22143,6324,3018
,,,,,,,,6769,20469,5844,2790
,,,,,,,,6770,19551,5583,2664
,,,,,,,,6771,19101,5454,2604
,,,,,,,,6772,18993,5424,2589
,,,,,,,,6773,19518,5574,2661
,,,,,,,,6774,21504,6144,2931
,,,,,,,,6775,25503,7284,3477
,,,,,,,,6776,28008,7998,3816
,,,,,,,,6777,28719,8202,3915
,,,,,,,,6778,29178,8334,3978
,,,,,,,,6779,29607,8457,4035
,,,,,,,,6780,29805,8514,4062
,,,,,,,,6781,29760,8499,4059
,,,,,,,,6782,29763,8502,4059
,,,,,,,,6783,29592,8451,4035
,,,,,,,,6784,29490,8421,4020
,,,,,,,,6785,29811,8514,4065
,,,,,,,,6786,30489,8706,4158
,,,,,,,,6787,31632,9033,4314
,,,,,,,,6788,31539,9006,4302
,,,,,,,,6789,30132,8607,4107
,,,,,,,,6790,27849,7953,3798
,,,,,,,,6791,24933,7122,3399
,,,,,,,,6792,22290,6366,3039
,,,,,,,,6793,20544,5868,2802
,,,,,,,,6794,19614,5601,2673
,,,,,,,,6795,19104,5454,2604
,,,,,,,,6796,19056,5442,2598
,,,,,,,,6797,19620,5604,2676
,,,,,,,,6798,21642,6180,2952
,,,,,,,,6799,25629,7320,3495
,,,,,,,,6800,27741,7923,3783
,,,,,,,,6801,28320,8088,3861
,,,,,,,,6802,28590,8166,3897
,,,,,,,,6803,28737,8205,3918
,,,,,,,,6804,28710,8199,3915
,,,,,,,,6805,28527,8145,3891
,,,,,,,,6806,28458,8130,3879
,,,,,,,,6807,28107,8025,3831
,,,,,,,,6808,27891,7965,3801
,,,,,,,,6809,27996,7995,3816
,,,,,,,,6810,28629,8175,3903
,,,,,,,,6811,30456,8700,4152
,,,,,,,,6812,30969,8844,4224
,,,,,,,,6813,29865,8529,4074
,,,,,,,,6814,27723,7917,3780
,,,,,,,,6815,25116,7173,3423
,,,,,,,,6816,22596,6453,3081
,,,,,,,,6817,20757,5928,2832
,,,,,,,,6818,19803,5655,2700
,,,,,,,,6819,19317,5517,2634
,,,,,,,,6820,19227,5490,2619
,,,,,,,,6821,19725,5634,2688
,,,,,,,,6822,21732,6207,2964
,,,,,,,,6823,25647,7323,3498
,,,,,,,,6824,27837,7950,3795
,,,,,,,,6825,28485,8133,3882
,,,,,,,,6826,29055,8298,3960
,,,,,,,,6827,29532,8433,4026
,,,,,,,,6828,29631,8460,4041
,,,,,,,,6829,29355,8385,4002
,,,,,,,,6830,29109,8313,3966
,,,,,,,,6831,28512,8145,3888
,,,,,,,,6832,28068,8016,3828
,,,,,,,,6833,28110,8028,3831
,,,,,,,,6834,28725,8205,3915
,,,,,,,,6835,30315,8658,4134
,,,,,,,,6836,30495,8709,4158
,,,,,,,,6837,29463,8415,4017
,,,,,,,,6838,27891,7965,3801
,,,,,,,,6839,25623,7317,3495
,,,,,,,,6840,23328,6663,3180
,,,,,,,,6841,21573,6162,2940
,,,,,,,,6842,20637,5895,2814
,,,,,,,,6843,20172,5760,2751
,,,,,,,,6844,19998,5709,2727
,,,,,,,,6845,20244,5781,2760
,,,,,,,,6846,21132,6036,2880
,,,,,,,,6847,22713,6486,3096
,,,,,,,,6848,24423,6975,3330
,,,,,,,,6849,26202,7482,3573
,,,,,,,,6850,27003,7713,3681
,,,,,,,,6851,27117,7746,3696
,,,,,,,,6852,26751,7638,3648
,,,,,,,,6853,26184,7479,3570
,,,,,,,,6854,25569,7302,3486
,,,,,,,,6855,25083,7164,3420
,,,,,,,,6856,24948,7125,3402
,,,,,,,,6857,25362,7242,3456
,,,,,,,,6858,26430,7548,3606
,,,,,,,,6859,28413,8112,3873
,,,,,,,,6860,28464,8130,3879
,,,,,,,,6861,27615,7887,3765
,,,,,,,,6862,26226,7491,3573
,,,,,,,,6863,24345,6954,3318
,,,,,,,,6864,22356,6384,3048
,,,,,,,,6865,20742,5922,2829
,,,,,,,,6866,19644,5610,2679
,,,,,,,,6867,19104,5454,2604
,,,,,,,,6868,18813,5373,2565
,,,,,,,,6869,18816,5373,2565
,,,,,,,,6870,19296,5511,2631
,,,,,,,,6871,20331,5808,2769
,,,,,,,,6872,21762,6216,2967
,,,,,,,,6873,23781,6792,3240
,,,,,,,,6874,25449,7269,3468
,,,,,,,,6875,26397,7539,3600
,,,,,,,,6876,26922,7689,3669
,,,,,,,,6877,27036,7722,3687
,,,,,,,,6878,26712,7629,3642
,,,,,,,,6879,26289,7509,3585
,,,,,,,,6880,26088,7452,3558
,,,,,,,,6881,26427,7548,3603
,,,,,,,,6882,27267,7788,3717
,,,,,,,,6883,29004,8283,3954
,,,,,,,,6884,29127,8319,3969
,,,,,,,,6885,27996,7995,3816
,,,,,,,,6886,25842,7377,3522
,,,,,,,,6887,23466,6702,3198
,,,,,,,,6888,21324,6090,2907
,,,,,,,,6889,19827,5664,2703
,,,,,,,,6890,19080,5448,2601
,,,,,,,,6891,18753,5355,2556
,,,,,,,,6892,18741,5352,2556
,,,,,,,,6893,19341,5523,2634
,,,,,,,,6894,21444,6126,2922
,,,,,,,,6895,25437,7263,3468
,,,,,,,,6896,27756,7926,3786
,,,,,,,,6897,28503,8142,3885
,,,,,,,,6898,29373,8388,4005
,,,,,,,,6899,29967,8559,4086
,,,,,,,,6900,30219,8631,4119
,,,,,,,,6901,30177,8619,4116
,,,,,,,,6902,30213,8628,4119
,,,,,,,,6903,29937,8550,4080
,,,,,,,,6904,29727,8490,4053
,,,,,,,,6905,29913,8544,4077
,,,,,,,,6906,30813,8802,4200
,,,,,,,,6907,32325,9231,4407
,,,,,,,,6908,31869,9102,4347
,,,,,,,,6909,30321,8658,4134
,,,,,,,,6910,27954,7983,3810
,,,,,,,,6911,25053,7155,3414
,,,,,,,,6912,22527,6432,3072
,,,,,,,,6913,20799,5940,2835
,,,,,,,,6914,19803,5655,2700
,,,,,,,,6915,19242,5496,2622
,,,,,,,,6916,19020,5430,2592
,,,,,,,,6917,19389,5538,2643
,,,,,,,,6918,21222,6060,2892
,,,,,,,,6919,25080,7164,3420
,,,,,,,,6920,27465,7842,3744
,,,,,,,,6921,27915,7974,3804
,,,,,,,,6922,28242,8067,3849
,,,,,,,,6923,28641,8178,3906
,,,,,,,,6924,28737,8205,3918
,,,,,,,,6925,28533,8148,3891
,,,,,,,,6926,28449,8124,3876
,,,,,,,,6927,28083,8022,3831
,,,,,,,,6928,27852,7953,3798
,,,,,,,,6929,28113,8028,3831
,,,,,,,,6930,28986,8280,3954
,,,,,,,,6931,30993,8850,4224
,,,,,,,,6932,31038,8865,4230
,,,,,,,,6933,29805,8511,4062
,,,,,,,,6934,27525,7860,3753
,,,,,,,,6935,24981,7134,3408
,,,,,,,,6936,22575,6447,3078
,,,,,,,,6937,20727,5919,2826
,,,,,,,,6938,19848,5667,2706
,,,,,,,,6939,19467,5559,2652
,,,,,,,,6940,19434,5550,2649
,,,,,,,,6941,20061,5730,2736
,,,,,,,,6942,22179,6336,3024
,,,,,,,,6943,26325,7518,3588
,,,,,,,,6944,28491,8136,3885
,,,,,,,,6945,28875,8247,3936
,,,,,,,,6946,28890,8250,3936
,,,,,,,,6947,28968,8274,3951
,,,,,,,,6948,28851,8238,3933
,,,,,,,,6949,28644,8181,3906
,,,,,,,,6950,28575,8160,3894
,,,,,,,,6951,28287,8079,3858
,,,,,,,,6952,28074,8016,3828
,,,,,,,,6953,28188,8052,3843
,,,,,,,,6954,29022,8289,3957
,,,,,,,,6955,31038,8865,4230
,,,,,,,,6956,31017,8859,4227
,,,,,,,,6957,29799,8511,4062
,,,,,,,,6958,27639,7893,3768
,,,,,,,,6959,24681,7047,3363
,,,,,,,,6960,22236,6351,3030
,,,,,,,,6961,20577,5874,2805
,,,,,,,,6962,19704,5628,2685
,,,,,,,,6963,19329,5520,2634
,,,,,,,,6964,19236,5493,2622
,,,,,,,,6965,19839,5664,2706
,,,,,,,,6966,21918,6261,2988
,,,,,,,,6967,26070,7446,3555
,,,,,,,,6968,28311,8085,3861
,,,,,,,,6969,28692,8193,3912
,,,,,,,,6970,28848,8238,3933
,,,,,,,,6971,29046,8295,3960
,,,,,,,,6972,27702,7911,3777
,,,,,,,,6973,28242,8067,3849
,,,,,,,,6974,28221,8058,3846
,,,,,,,,6975,28956,8268,3948
,,,,,,,,6976,27192,7767,3708
,,,,,,,,6977,28413,8112,3873
,,,,,,,,6978,29082,8307,3966
,,,,,,,,6979,30930,8835,4215
,,,,,,,,6980,30915,8829,4215
,,,,,,,,6981,29661,8472,4044
,,,,,,,,6982,27546,7866,3756
,,,,,,,,6983,24771,7074,3378
,,,,,,,,6984,22218,6345,3030
,,,,,,,,6985,20478,5847,2790
,,,,,,,,6986,19533,5577,2664
,,,,,,,,6987,19086,5451,2601
,,,,,,,,6988,18984,5421,2589
,,,,,,,,6989,19494,5568,2658
,,,,,,,,6990,21411,6114,2919
,,,,,,,,6991,25305,7227,3450
,,,,,,,,6992,27927,7977,3807
,,,,,,,,6993,28848,8238,3933
,,,,,,,,6994,29502,8427,4023
,,,,,,,,6995,30042,8580,4095
,,,,,,,,6996,30186,8622,4116
,,,,,,,,6997,30024,8574,4092
,,,,,,,,6998,29991,8565,4089
,,,,,,,,6999,29736,8493,4056
,,,,,,,,7000,29568,8445,4029
,,,,,,,,7001,29799,8511,4062
,,,,,,,,7002,30540,8721,4164
,,,,,,,,7003,31251,8925,4260
,,,,,,,,7004,30489,8706,4158
,,,,,,,,7005,29274,8361,3990
,,,,,,,,7006,27555,7869,3756
,,,,,,,,7007,25254,7212,3441
,,,,,,,,7008,22839,6522,3114
,,,,,,,,7009,21027,6006,2865
,,,,,,,,7010,19986,5709,2727
,,,,,,,,7011,19377,5532,2640
,,,,,,,,7012,19110,5457,2604
,,,,,,,,7013,19188,5481,2616
,,,,,,,,7014,19827,5664,2703
,,,,,,,,7015,21306,6084,2904
,,,,,,,,7016,23049,6582,3141
,,,,,,,,7017,25041,7152,3414
,,,,,,,,7018,26583,7590,3624
,,,,,,,,7019,27348,7812,3729
,,,,,,,,7020,27552,7869,3756
,,,,,,,,7021,27339,7806,3726
,,,,,,,,7022,26889,7677,3666
,,,,,,,,7023,26349,7527,3591
,,,,,,,,7024,26013,7428,3546
,,,,,,,,7025,26088,7452,3558
,,,,,,,,7026,26646,7611,3633
,,,,,,,,7027,28260,8070,3852
,,,,,,,,7028,27897,7965,3801
,,,,,,,,7029,26883,7677,3666
,,,,,,,,7030,25422,7260,3468
,,,,,,,,7031,23505,6714,3204
,,,,,,,,7032,21504,6141,2931
,,,,,,,,7033,19857,5670,2709
,,,,,,,,7034,18792,5364,2559
,,,,,,,,7035,18222,5205,2481
,,,,,,,,7036,17916,5118,2442
,,,,,,,,7037,17937,5124,2445
,,,,,,,,7038,18372,5247,2505
,,,,,,,,7039,19401,5541,2646
,,,,,,,,7040,20595,5880,2808
,,,,,,,,7041,22470,6417,3063
,,,,,,,,7042,23937,6837,3264
,,,,,,,,7043,24648,7038,3360
,,,,,,,,7044,25026,7146,3411
,,,,,,,,7045,25161,7185,3429
,,,,,,,,7046,24999,7137,3408
,,,,,,,,7047,24873,7104,3390
,,,,,,,,7048,24942,7122,3399
,,,,,,,,7049,25554,7299,3483
,,,,,,,,7050,26745,7638,3648
,,,,,,,,7051,28815,8229,3927
,,,,,,,,7052,28314,8085,3861
,,,,,,,,7053,27327,7803,3726
,,,,,,,,7054,25287,7221,3447
,,,,,,,,7055,22893,6537,3120
,,,,,,,,7056,20739,5922,2829
,,,,,,,,7057,19239,5493,2622
,,,,,,,,7058,18480,5277,2517
,,,,,,,,7059,18171,5190,2478
,,,,,,,,7060,18189,5196,2481
,,,,,,,,7061,18792,5367,2559
,,,,,,,,7062,20907,5970,2850
,,,,,,,,7063,25008,7140,3408
,,,,,,,,7064,27240,7782,3714
,,,,,,,,7065,27798,7938,3789
,,,,,,,,7066,28326,8088,3864
,,,,,,,,7067,28788,8220,3924
,,,,,,,,7068,28956,8268,3948
,,,,,,,,7069,28824,8232,3930
,,,,,,,,7070,28788,8220,3924
,,,,,,,,7071,28497,8139,3885
,,,,,,,,7072,28275,8076,3855
,,,,,,,,7073,28458,8130,3879
,,,,,,,,7074,29358,8385,4002
,,,,,,,,7075,31350,8955,4272
,,,,,,,,7076,31011,8856,4227
,,,,,,,,7077,29469,8415,4017
,,,,,,,,7078,27183,7764,3705
,,,,,,,,7079,24465,6987,3333
,,,,,,,,7080,21972,6276,2997
,,,,,,,,7081,20145,5754,2745
,,,,,,,,7082,19191,5481,2616
,,,,,,,,7083,18717,5346,2550
,,,,,,,,7084,18666,5331,2544
,,,,,,,,7085,19152,5469,2610
,,,,,,,,7086,21288,6081,2901
,,,,,,,,7087,25392,7251,3462
,,,,,,,,7088,27564,7875,3756
,,,,,,,,7089,27999,7995,3816
,,,,,,,,7090,28284,8079,3855
,,,,,,,,7091,28605,8169,3900
,,,,,,,,7092,28743,8208,3918
,,,,,,,,7093,28653,8184,3906
,,,,,,,,7094,28692,8193,3912
,,,,,,,,7095,28419,8115,3876
,,,,,,,,7096,28233,8064,3849
,,,,,,,,7097,28500,8142,3885
,,,,,,,,7098,29640,8466,4041
,,,,,,,,7099,31518,9000,4296
,,,,,,,,7100,30990,8850,4224
,,,,,,,,7101,29538,8436,4029
,,,,,,,,7102,27327,7803,3726
,,,,,,,,7103,24444,6981,3330
,,,,,,,,7104,21930,6264,2988
,,,,,,,,7105,20298,5799,2769
,,,,,,,,7106,19413,5544,2646
,,,,,,,,7107,18954,5412,2583
,,,,,,,,7108,18843,5379,2568
,,,,,,,,7109,19380,5535,2640
,,,,,,,,7110,21402,6114,2919
,,,,,,,,7111,25572,7302,3486
,,,,,,,,7112,27930,7977,3807
,,,,,,,,7113,28404,8112,3873
,,,,,,,,7114,28728,8205,3918
,,,,,,,,7115,28959,8271,3948
,,,,,,,,7116,28983,8277,3951
,,,,,,,,7117,28881,8247,3936
,,,,,,,,7118,28821,8232,3930
,,,,,,,,7119,28509,8142,3888
,,,,,,,,7120,28293,8082,3858
,,,,,,,,7121,28614,8172,3900
,,,,,,,,7122,29829,8520,4068
,,,,,,,,7123,31476,8988,4290
,,,,,,,,7124,30993,8850,4224
,,,,,,,,7125,29637,8463,4041
,,,,,,,,7126,27519,7860,3753
,,,,,,,,7127,24585,7020,3351
,,,,,,,,7128,22104,6312,3012
,,,,,,,,7129,20418,5829,2784
,,,,,,,,7130,19533,5577,2664
,,,,,,,,7131,19110,5457,2604
,,,,,,,,7132,19056,5442,2598
,,,,,,,,7133,19584,5592,2670
,,,,,,,,7134,21675,6189,2955
,,,,,,,,7135,25800,7368,3516
,,,,,,,,7136,27984,7995,3816
,,,,,,,,7137,28293,8082,3858
,,,,,,,,7138,28590,8163,3897
,,,,,,,,7139,28854,8238,3933
,,,,,,,,7140,28881,8247,3936
,,,,,,,,7141,28692,8193,3912
,,,,,,,,7142,28620,8175,3903
,,,,,,,,7143,28290,8079,3858
,,,,,,,,7144,28050,8010,3825
,,,,,,,,7145,28233,8064,3849
,,,,,,,,7146,29256,8355,3987
,,,,,,,,7147,31155,8895,4248
,,,,,,,,7148,30828,8805,4203
,,,,,,,,7149,29601,8454,4035
,,,,,,,,7150,27537,7863,3756
,,,,,,,,7151,24744,7065,3375
,,,,,,,,7152,22203,6342,3027
,,,,,,,,7153,20505,5856,2796
,,,,,,,,7154,19539,5580,2664
,,,,,,,,7155,19083,5451,2601
,,,,,,,,7156,19014,5430,2592
,,,,,,,,7157,19509,5571,2658
,,,,,,,,7158,21504,6141,2931
,,,,,,,,7159,25443,7266,3468
,,,,,,,,7160,27723,7917,3780
,,,,,,,,7161,28242,8067,3849
,,,,,,,,7162,28698,8196,3912
,,,,,,,,7163,29028,8289,3957
,,,,,,,,7164,29055,8295,3960
,,,,,,,,7165,28821,8232,3930
,,,,,,,,7166,28659,8184,3906
,,,,,,,,7167,28329,8091,3864
,,,,,,,,7168,28032,8007,3822
,,,,,,,,7169,28002,7995,3816
,,,,,,,,7170,28695,8196,3912
,,,,,,,,7171,30087,8595,4104
,,,,,,,,7172,29433,8406,4014
,,,,,,,,7173,28272,8073,3855
,,,,,,,,7174,26592,7596,3624
,,,,,,,,7175,24333,6948,3318
,,,,,,,,7176,22008,6285,3000
,,,,,,,,7177,20277,5790,2763
,,,,,,,,7178,19251,5499,2625
,,,,,,,,7179,18687,5337,2547
,,,,,,,,7180,18417,5259,2511
,,,,,,,,7181,18531,5292,2526
,,,,,,,,7182,19296,5511,2631
,,,,,,,,7183,20886,5967,2847
,,,,,,,,7184,22593,6450,3078
,,,,,,,,7185,24489,6993,3339
,,,,,,,,7186,25782,7362,3513
,,,,,,,,7187,26361,7527,3594
,,,,,,,,7188,26370,7530,3594
,,,,,,,,7189,26187,7479,3570
,,,,,,,,7190,25824,7377,3519
,,,,,,,,7191,25425,7260,3468
,,,,,,,,7192,25239,7209,3441
,,,,,,,,7193,25506,7284,3477
,,,,,,,,7194,26751,7641,3648
,,,,,,,,7195,28437,8121,3876
,,,,,,,,7196,27813,7944,3792
,,,,,,,,7197,26778,7647,3648
,,,,,,,,7198,25335,7236,3453
,,,,,,,,7199,23514,6717,3207
,,,,,,,,7200,21555,6156,2937
,,,,,,,,7201,19992,5709,2727
,,,,,,,,7202,18963,5415,2586
,,,,,,,,7203,18342,5238,2499
,,,,,,,,7204,18045,5154,2460
,,,,,,,,7205,18039,5154,2457
,,,,,,,,7206,18501,5283,2523
,,,,,,,,7207,19593,5595,2670
,,,,,,,,7208,21105,6027,2877
,,,,,,,,7209,23088,6597,3150
,,,,,,,,7210,24858,7098,3390
,,,,,,,,7211,25878,7392,3528
,,,,,,,,7212,26493,7566,3612
,,,,,,,,7213,26865,7674,3663
,,,,,,,,7214,26811,7659,3654
,,,,,,,,7215,26718,7632,3642
,,,,,,,,7216,26766,7644,3648
,,,,,,,,7217,27492,7851,3747
,,,,,,,,7218,29070,8301,3963
,,,,,,,,7219,30387,8679,4143
,,,,,,,,7220,29709,8484,4050
,,,,,,,,7221,28305,8082,3861
,,,,,,,,7222,26379,7533,3597
,,,,,,,,7223,24168,6903,3294
,,,,,,,,7224,22029,6291,3003
,,,,,,,,7225,20250,5784,2760
,,,,,,,,7226,19230,5493,2619
,,,,,,,,7227,18696,5340,2547
,,,,,,,,7228,18570,5304,2529
,,,,,,,,7229,19017,5430,2592
,,,,,,,,7230,20715,5916,2823
,,,,,,,,7231,23616,6747,3219
,,,,,,,,7232,25965,7416,3540
,,,,,,,,7233,27645,7896,3771
,,,,,,,,7234,29073,8301,3963
,,,,,,,,7235,29874,8532,4074
,,,,,,,,7236,30081,8592,4101
,,,,,,,,7237,29700,8484,4050
,,,,,,,,7238,29082,8304,3966
,,,,,,,,7239,27810,7941,3792
,,,,,,,,7240,26487,7563,3612
,,,,,,,,7241,25821,7374,3519
,,,,,,,,7242,25887,7392,3528
,,,,,,,,7243,25152,7182,3429
,,,,,,,,7244,23367,6672,3186
,,,,,,,,7245,21822,6234,2976
,,,,,,,,7246,20358,5814,2775
,,,,,,,,7247,18729,5349,2553
,,,,,,,,7248,17235,4923,2349
,,,,,,,,7249,16188,4623,2208
,,,,,,,,7250,15621,4461,2130
,,,,,,,,7251,15315,4371,2088
,,,,,,,,7252,15294,4368,2085
,,,,,,,,7253,15738,4494,2145
,,,,,,,,7254,17076,4878,2328
,,,,,,,,7255,19587,5592,2670
,,,,,,,,7256,21732,6204,2964
,,,,,,,,7257,23076,6591,3147
,,,,,,,,7258,24138,6894,3291
,,,,,,,,7259,25002,7137,3408
,,,,,,,,7260,25437,7263,3468
,,,,,,,,7261,25674,7332,3498
,,,,,,,,7262,25749,7353,3510
,,,,,,,,7263,25545,7296,3483
,,,,,,,,7264,25566,7302,3483
,,,,,,,,7265,26121,7458,3561
,,,,,,,,7266,27558,7872,3756
,,,,,,,,7267,28458,8127,3879
,,,,,,,,7268,27705,7911,3777
,,,,,,,,7269,26502,7569,3615
,,,,,,,,7270,24465,6987,3333
,,,,,,,,7271,22218,6345,3030
,,,,,,,,7272,20181,5763,2751
,,,,,,,,7273,18822,5376,2565
,,,,,,,,7274,18051,5154,2460
,,,,,,,,7275,17628,5034,2403
,,,,,,,,7276,17547,5010,2391
,,,,,,,,7277,18006,5142,2454
,,,,,,,,7278,19776,5649,2697
,,,,,,,,7279,23292,6654,3177
,,,,,,,,7280,25596,7308,3489
,,,,,,,,7281,26163,7470,3567
,,,,,,,,7282,26700,7626,3639
,,,,,,,,7283,27150,7752,3702
,,,,,,,,7284,27315,7800,3726
,,,,,,,,7285,27228,7776,3711
,,,,,,,,7286,27174,7761,3705
,,,,,,,,7287,26949,7695,3675
,,,,,,,,7288,26847,7665,3660
,,,,,,,,7289,27165,7758,3705
,,,,,,,,7290,27927,7977,3807
,,,,,,,,7291,28464,8130,3879
,,,,,,,,7292,27876,7962,3801
,,,,,,,,7293,27189,7767,3708
,,,,,,,,7294,25629,7317,3495
,,,,,,,,7295,23265,6642,3171
,,,,,,,,7296,21054,6012,2871
,,,,,,,,7297,19608,5601,2673
,,,,,,,,7298,18843,5379,2568
,,,,,,,,7299,18423,5259,2511
,,,,,,,,7300,18330,5235,2499
,,,,,,,,7301,18864,5385,2571
,,,,,,,,7302,20763,5931,2832
,,,,,,,,7303,24477,6990,3336
,,,,,,,,7304,26751,7641,3648
,,,,,,,,7305,27144,7752,3699
,,,,,,,,7306,27480,7848,3747
,,,,,,,,7307,27726,7917,3780
,,,,,,,,7308,27714,7914,3777
,,,,,,,,7309,27546,7866,3756
,,,,,,,,7310,27456,7842,3741
,,,,,,,,7311,27198,7767,3708
,,,,,,,,7312,27111,7743,3696
,,,,,,,,7313,27594,7881,3762
,,,,,,,,7314,29154,8325,3975
,,,,,,,,7315,30495,8709,4158
,,,,,,,,7316,29988,8565,4089
,,,,,,,,7317,28785,8220,3924
,,,,,,,,7318,26823,7659,3657
,,,,,,,,7319,24213,6912,3300
,,,,,,,,7320,21879,6249,2982
,,,,,,,,7321,20253,5784,2760
,,,,,,,,7322,19356,5529,2637
,,,,,,,,7323,18864,5388,2571
,,,,,,,,7324,18765,5358,2559
,,,,,,,,7325,19269,5502,2625
,,,,,,,,7326,21186,6051,2889
,,,,,,,,7327,24936,7122,3399
,,,,,,,,7328,27372,7815,3732
,,,,,,,,7329,27837,7947,3795
,,,,,,,,7330,28149,8040,3837
,,,,,,,,7331,28377,8103,3867
,,,,,,,,7332,28155,8040,3837
,,,,,,,,7333,27915,7971,3804
,,,,,,,,7334,27873,7962,3801
,,,,,,,,7335,27600,7881,3762
,,,,,,,,7336,27441,7836,3741
,,,,,,,,7337,27891,7965,3801
,,,,,,,,7338,29172,8331,3978
,,,,,,,,7339,30189,8622,4116
,,,,,,,,7340,29469,8415,4017
,,,,,,,,7341,28368,8100,3867
,,,,,,,,7342,26802,7653,3654
,,,,,,,,7343,24675,7047,3363
,,,,,,,,7344,22473,6417,3063
,,,,,,,,7345,20799,5940,2835
,,,,,,,,7346,19767,5646,2697
,,,,,,,,7347,19272,5502,2628
,,,,,,,,7348,19038,5439,2595
,,,,,,,,7349,19194,5481,2616
,,,,,,,,7350,19941,5694,2718
,,,,,,,,7351,21504,6141,2931
,,,,,,,,7352,23190,6624,3162
,,,,,,,,7353,24840,7092,3387
,,,,,,,,7354,25998,7422,3543
,,,,,,,,7355,26376,7533,3597
,,,,,,,,7356,26244,7494,3576
,,,,,,,,7357,25902,7398,3531
,,,,,,,,7358,25443,7266,3468
,,,,,,,,7359,25086,7164,3420
,,,,,,,,7360,24948,7122,3402
,,,,,,,,7361,25551,7296,3483
,,,,,,,,7362,27207,7770,3708
,,,,,,,,7363,28704,8196,3912
,,,,,,,,7364,28095,8025,3831
,,,,,,,,7365,27234,7779,3711
,,,,,,,,7366,25968,7416,3540
,,,,,,,,7367,24267,6930,3309
,,,,,,,,7368,22482,6420,3063
,,,,,,,,7369,20847,5952,2841
,,,,,,,,7370,19521,5574,2661
,,,,,,,,7371,18942,5409,2583
,,,,,,,,7372,18912,5400,2577
,,,,,,,,7373,19242,5496,2622
,,,,,,,,7374,20061,5730,2736
,,,,,,,,7375,21225,6060,2892
,,,,,,,,7376,22920,6546,3123
,,,,,,,,7377,24606,7026,3354
,,,,,,,,7378,25431,7260,3468
,,,,,,,,7379,25530,7290,3480
,,,,,,,,7380,25443,7266,3468
,,,,,,,,7381,25284,7221,3447
,,,,,,,,7382,25098,7167,3420
,,,,,,,,7383,25026,7149,3411
,,,,,,,,7384,25476,7275,3471
,,,,,,,,7385,27855,7953,3798
,,,,,,,,7386,29991,8565,4089
,,,,,,,,7387,30060,8583,4098
,,,,,,,,7388,29139,8322,3972
,,,,,,,,7389,28161,8040,3840
,,,,,,,,7390,25665,7329,3498
,,,,,,,,7391,23265,6645,3171
,,,,,,,,7392,21246,6069,2895
,,,,,,,,7393,20346,5811,2772
,,,,,,,,7394,19743,5637,2691
,,,,,,,,7395,19515,5574,2661
,,,,,,,,7396,19650,5610,2679
,,,,,,,,7397,20481,5850,2793
,,,,,,,,7398,22932,6549,3126
,,,,,,,,7399,26976,7704,3678
,,,,,,,,7400,29148,8325,3972
,,,,,,,,7401,29673,8475,4044
,,,,,,,,7402,29919,8547,4080
,,,,,,,,7403,29985,8565,4089
,,,,,,,,7404,29877,8535,4074
,,,,,,,,7405,29625,8460,4038
,,,,,,,,7406,29415,8400,4011
,,,,,,,,7407,28917,8259,3942
,,,,,,,,7408,29151,8325,3975
,,,,,,,,7409,31290,8937,4266
,,,,,,,,7410,33879,9675,4620
,,,,,,,,7411,33714,9630,4596
,,,,,,,,7412,32790,9363,4470
,,,,,,,,7413,31377,8961,4278
,,,,,,,,7414,29178,8334,3978
,,,,,,,,7415,26517,7575,3615
,,,,,,,,7416,24114,6885,3285
,,,,,,,,7417,22647,6468,3087
,,,,,,,,7418,21930,6264,2988
,,,,,,,,7419,21684,6192,2955
,,,,,,,,7420,21786,6219,2967
,,,,,,,,7421,22557,6444,3075
,,,,,,,,7422,24966,7128,3405
,,,,,,,,7423,28392,8109,3870
,,,,,,,,7424,30090,8595,4104
,,,,,,,,7425,30396,8682,4146
,,,,,,,,7426,30357,8670,4137
,,,,,,,,7427,30261,8640,4125
,,,,,,,,7428,30072,8589,4101
,,,,,,,,7429,29721,8490,4053
,,,,,,,,7430,29481,8418,4020
,,,,,,,,7431,29226,8346,3984
,,,,,,,,7432,29316,8370,3996
,,,,,,,,7433,31122,8886,4242
,,,,,,,,7434,33945,9693,4629
,,,,,,,,7435,33978,9705,4635
,,,,,,,,7436,33312,9513,4542
,,,,,,,,7437,31971,9132,4359
,,,,,,,,7438,29880,8535,4074
,,,,,,,,7439,27264,7785,3717
,,,,,,,,7440,25011,7143,3408
,,,,,,,,7441,23838,6807,3249
,,,,,,,,7442,22872,6531,3120
,,,,,,,,7443,22236,6351,3030
,,,,,,,,7444,22068,6303,3009
,,,,,,,,7445,22926,6549,3126
,,,,,,,,7446,25041,7152,3414
,,,,,,,,7447,28878,8247,3936
,,,,,,,,7448,30687,8763,4182
,,,,,,,,7449,31389,8964,4281
,,,,,,,,7450,31797,9081,4335
,,,,,,,,7451,32100,9168,4377
,,,,,,,,7452,32349,9240,4410
,,,,,,,,7453,32346,9237,4410
,,,,,,,,7454,32478,9273,4428
,,,,,,,,7455,32592,9306,4443
,,,,,,,,7456,33255,9498,4533
,,,,,,,,7457,34827,9948,4749
,,,,,,,,7458,36414,10398,4965
,,,,,,,,7459,36300,10368,4950
,,,,,,,,7460,34893,9963,4755
,,,,,,,,7461,33594,9594,4581
,,,,,,,,7462,30927,8832,4215
,,,,,,,,7463,27903,7968,3804
,,,,,,,,7464,25425,7260,3468
,,,,,,,,7465,23673,6762,3225
,,,,,,,,7466,22845,6525,3114
,,,,,,,,7467,22422,6402,3057
,,,,,,,,7468,22428,6402,3057
,,,,,,,,7469,23088,6594,3150
,,,,,,,,7470,25251,7212,3441
,,,,,,,,7471,28728,8205,3918
,,,,,,,,7472,30837,8805,4206
,,,,,,,,7473,31758,9069,4332
,,,,,,,,7474,32040,9150,4368
,,,,,,,,7475,32322,9228,4407
,,,,,,,,7476,32376,9246,4413
,,,,,,,,7477,32094,9168,4377
,,,,,,,,7478,32004,9138,4362
,,,,,,,,7479,31725,9060,4326
,,,,,,,,7480,31932,9120,4353
,,,,,,,,7481,33630,9603,4587
,,,,,,,,7482,35079,10020,4785
,,,,,,,,7483,34614,9885,4719
,,,,,,,,7484,33699,9624,4593
,,,,,,,,7485,32268,9216,4398
,,,,,,,,7486,29877,8532,4074
,,,,,,,,7487,27033,7722,3684
,,,,,,,,7488,24453,6984,3333
,,,,,,,,7489,22908,6543,3123
,,,,,,,,7490,22044,6297,3006
,,,,,,,,7491,21582,6162,2940
,,,,,,,,7492,21549,6156,2937
,,,,,,,,7493,22236,6351,3030
,,,,,,,,7494,24423,6975,3330
,,,,,,,,7495,27990,7995,3816
,,,,,,,,7496,29739,8493,4056
,,,,,,,,7497,30048,8580,4098
,,,,,,,,7498,30015,8571,4092
,,,,,,,,7499,29964,8556,4086
,,,,,,,,7500,29694,8481,4047
,,,,,,,,7501,29169,8331,3978
,,,,,,,,7502,28896,8250,3939
,,,,,,,,7503,28572,8160,3894
,,,,,,,,7504,28563,8157,3894
,,,,,,,,7505,30162,8613,4113
,,,,,,,,7506,32262,9213,4398
,,,,,,,,7507,31836,9090,4341
,,,,,,,,7508,30822,8805,4203
,,,,,,,,7509,29655,8469,4044
,,,,,,,,7510,27975,7989,3816
,,,,,,,,7511,25800,7368,3516
,,,,,,,,7512,23619,6747,3219
,,,,,,,,7513,21933,6264,2991
,,,,,,,,7514,21045,6009,2868
,,,,,,,,7515,20532,5862,2799
,,,,,,,,7516,20349,5814,2772
,,,,,,,,7517,20616,5889,2811
,,,,,,,,7518,21504,6141,2931
,,,,,,,,7519,22896,6537,3120
,,,,,,,,7520,24543,7008,3348
,,,,,,,,7521,26178,7476,3570
,,,,,,,,7522,26934,7692,3672
,,,,,,,,7523,26988,7707,3678
,,,,,,,,7524,26667,7617,3636
,,,,,,,,7525,26184,7476,3570
,,,,,,,,7526,25677,7332,3498
,,,,,,,,7527,25377,7248,3459
,,,,,,,,7528,25584,7305,3486
,,,,,,,,7529,27597,7881,3762
,,,,,,,,7530,29811,8514,4065
,,,,,,,,7531,29415,8400,4011
,,,,,,,,7532,28554,8154,3894
,,,,,,,,7533,27579,7875,3759
,,,,,,,,7534,26214,7485,3573
,,,,,,,,7535,24447,6981,3330
,,,,,,,,7536,22560,6444,3075
,,,,,,,,7537,21129,6033,2880
,,,,,,,,7538,20187,5766,2751
,,,,,,,,7539,19662,5616,2679
,,,,,,,,7540,19431,5547,2649
,,,,,,,,7541,19551,5583,2664
,,,,,,,,7542,20079,5736,2739
,,,,,,,,7543,21027,6006,2865
,,,,,,,,7544,22428,6402,3057
,,,,,,,,7545,24237,6921,3303
,,,,,,,,7546,25287,7221,3447
,,,,,,,,7547,25677,7332,3498
,,,,,,,,7548,25779,7362,3513
,,,,,,,,7549,25728,7347,3507
,,,,,,,,7550,25386,7251,3462
,,,,,,,,7551,25092,7167,3420
,,,,,,,,7552,25194,7197,3435
,,,,,,,,7553,27273,7788,3717
,,,,,,,,7554,29688,8478,4047
,,,,,,,,7555,29313,8370,3996
,,,,,,,,7556,28335,8091,3864
,,,,,,,,7557,27111,7743,3696
,,,,,,,,7558,25359,7242,3456
,,,,,,,,7559,23301,6657,3177
,,,,,,,,7560,21390,6108,2916
,,,,,,,,7561,20049,5724,2733
,,,,,,,,7562,19290,5508,2631
,,,,,,,,7563,18930,5406,2580
,,,,,,,,7564,18945,5409,2583
,,,,,,,,7565,19533,5577,2664
,,,,,,,,7566,21330,6090,2907
,,,,,,,,7567,24027,6864,3276
,,,,,,,,7568,26157,7470,3567
,,,,,,,,7569,27552,7869,3756
,,,,,,,,7570,28341,8094,3864
,,,,,,,,7571,28809,8226,3927
,,,,,,,,7572,28914,8259,3942
,,,,,,,,7573,28782,8220,3924
,,,,,,,,7574,28650,8181,3906
,,,,,,,,7575,28434,8121,3876
,,,,,,,,7576,28461,8130,3879
,,,,,,,,7577,30489,8709,4158
,,,,,,,,7578,32634,9318,4449
,,,,,,,,7579,32106,9168,4377
,,,,,,,,7580,30966,8844,4221
,,,,,,,,7581,29415,8400,4011
,,,,,,,,7582,27108,7740,3696
,,,,,,,,7583,24378,6963,3324
,,,,,,,,7584,22080,6306,3012
,,,,,,,,7585,20475,5847,2790
,,,,,,,,7586,19575,5589,2667
,,,,,,,,7587,19098,5454,2604
,,,,,,,,7588,19059,5442,2598
,,,,,,,,7589,19632,5604,2676
,,,,,,,,7590,21753,6213,2967
,,,,,,,,7591,25548,7296,3483
,,,,,,,,7592,27804,7941,3789
,,,,,,,,7593,28431,8118,3876
,,,,,,,,7594,28890,8250,3936
,,,,,,,,7595,29340,8379,3999
,,,,,,,,7596,29496,8424,4020
,,,,,,,,7597,29445,8409,4014
,,,,,,,,7598,29463,8415,4017
,,,,,,,,7599,29319,8373,3996
,,,,,,,,7600,29613,8457,4038
,,,,,,,,7601,31347,8955,4272
,,,,,,,,7602,33237,9495,4530
,,,,,,,,7603,32943,9408,4491
,,,,,,,,7604,32037,9150,4368
,,,,,,,,7605,30687,8763,4182
,,,,,,,,7606,28587,8163,3897
,,,,,,,,7607,25827,7377,3522
,,,,,,,,7608,23427,6690,3195
,,,,,,,,7609,21897,6252,2985
,,,,,,,,7610,21072,6018,2874
,,,,,,,,7611,20730,5919,2826
,,,,,,,,7612,20769,5931,2832
,,,,,,,,7613,21516,6144,2934
,,,,,,,,7614,23868,6816,3255
,,,,,,,,7615,27843,7950,3795
,,,,,,,,7616,29745,8496,4056
,,,,,,,,7617,29967,8559,4086
,,,,,,,,7618,29865,8529,4074
,,,,,,,,7619,29796,8508,4062
,,,,,,,,7620,29550,8439,4029
,,,,,,,,7621,29211,8340,3984
,,,,,,,,7622,28980,8277,3951
,,,,,,,,7623,28824,8232,3930
,,,,,,,,7624,29133,8322,3972
,,,,,,,,7625,31221,8916,4254
,,,,,,,,7626,33762,9642,4605
,,,,,,,,7627,33648,9609,4590
,,,,,,,,7628,32877,9390,4482
,,,,,,,,7629,31680,9048,4317
,,,,,,,,7630,29595,8451,4035
,,,,,,,,7631,26898,7680,3666
,,,,,,,,7632,24435,6978,3330
,,,,,,,,7633,22812,6516,3108
,,,,,,,,7634,22002,6282,2997
,,,,,,,,7635,21627,6174,2949
,,,,,,,,7636,21720,6204,2961
,,,,,,,,7637,22431,6405,3060
,,,,,,,,7638,24651,7041,3360
,,,,,,,,7639,28584,8163,3897
,,,,,,,,7640,30561,8730,4164
,,,,,,,,7641,30873,8817,4209
,,,,,,,,7642,30894,8823,4212
,,,,,,,,7643,30816,8802,4200
,,,,,,,,7644,30519,8715,4161
,,,,,,,,7645,30105,8598,4104
,,,,,,,,7646,29958,8556,4086
,,,,,,,,7647,29715,8487,4050
,,,,,,,,7648,30072,8589,4101
,,,,,,,,7649,32274,9216,4401
,,,,,,,,7650,34230,9777,4665
,,,,,,,,7651,34035,9720,4641
,,,,,,,,7652,33237,9492,4530
,,,,,,,,7653,31962,9126,4359
,,,,,,,,7654,29820,8517,4065
,,,,,,,,7655,27096,7740,3696
,,,,,,,,7656,24591,7023,3351
,,,,,,,,7657,23007,6570,3135
,,,,,,,,7658,22167,6330,3021
,,,,,,,,7659,21729,6204,2961
,,,,,,,,7660,21762,6216,2967
,,,,,,,,7661,22416,6402,3057
,,,,,,,,7662,24597,7023,3354
,,,,,,,,7663,28350,8097,3864
,,,,,,,,7664,30291,8652,4131
,,,,,,,,7665,30660,8757,4179
,,,,,,,,7666,30567,8730,4167
,,,,,,,,7667,30444,8694,4149
,,,,,,,,7668,30066,8586,4101
,,,,,,,,7669,29673,8475,4044
,,,,,,,,7670,29520,8430,4026
,,,,,,,,7671,29280,8361,3993
,,,,,,,,7672,29400,8397,4008
,,,,,,,,7673,31326,8946,4272
,,,,,,,,7674,33039,9438,4503
,,,,,,,,7675,32592,9306,4443
,,,,,,,,7676,31650,9039,4317
,,,,,,,,7677,30594,8736,4170
,,,,,,,,7678,28983,8280,3954
,,,,,,,,7679,26901,7683,3666
,,,,,,,,7680,24678,7047,3363
,,,,,,,,7681,22962,6558,3132
,,,,,,,,7682,22011,6285,3000
,,,,,,,,7683,21570,6162,2940
,,,,,,,,7684,21456,6129,2925
,,,,,,,,7685,21696,6195,2958
,,,,,,,,7686,22635,6462,3087
,,,,,,,,7687,24141,6897,3291
,,,,,,,,7688,25764,7359,3513
,,,,,,,,7689,27231,7776,3711
,,,,,,,,7690,27936,7977,3807
,,,,,,,,7691,27897,7968,3801
,,,,,,,,7692,27543,7866,3756
,,,,,,,,7693,27000,7710,3681
,,,,,,,,7694,26433,7548,3606
,,,,,,,,7695,26073,7446,3555
,,,,,,,,7696,26382,7536,3597
,,,,,,,,7697,28590,8163,3897
,,,,,,,,7698,30807,8799,4200
,,,,,,,,7699,30489,8706,4158
,,,,,,,,7700,29661,8472,4044
,,,,,,,,7701,28773,8217,3924
,,,,,,,,7702,27465,7842,3744
,,,,,,,,7703,25827,7377,3519
,,,,,,,,7704,23994,6852,3270
,,,,,,,,7705,22524,6432,3072
,,,,,,,,7706,21675,6189,2955
,,,,,,,,7707,21264,6072,2898
,,,,,,,,7708,21120,6030,2877
,,,,,,,,7709,21303,6084,2904
,,,,,,,,7710,22002,6282,2997
,,,,,,,,7711,23115,6600,3150
,,,,,,,,7712,24471,6987,3336
,,,,,,,,7713,26013,7428,3546
,,,,,,,,7714,26817,7659,3657
,,,,,,,,7715,27015,7716,3681
,,,,,,,,7716,26988,7707,3678
,,,,,,,,7717,26766,7644,3648
,,,,,,,,7718,26475,7560,3609
,,,,,,,,7719,26343,7524,3591
,,,,,,,,7720,26958,7698,3675
,,,,,,,,7721,29574,8445,4032
,,,,,,,,7722,31893,9108,4347
,,,,,,,,7723,31752,9066,4329
,,,,,,,,7724,30912,8829,4215
,,,,,,,,7725,29811,8514,4065
,,,,,,,,7726,27867,7959,3801
,,,,,,,,7727,25587,7308,3489
,,,,,,,,7728,23553,6726,3210
,,,,,,,,7729,22218,6345,3030
,,,,,,,,7730,21555,6156,2937
,,,,,,,,7731,21336,6093,2907
,,,,,,,,7732,21468,6132,2925
,,,,,,,,7733,22281,6363,3036
,,,,,,,,7734,24612,7029,3357
,,,,,,,,7735,28641,8178,3906
,,,,,,,,7736,30687,8763,4182
,,,,,,,,7737,31011,8856,4227
,,,,,,,,7738,30870,8817,4209
,,,,,,,,7739,30723,8775,4188
,,,,,,,,7740,30420,8688,4149
,,,,,,,,7741,29937,8550,4083
,,,,,,,,7742,29673,8475,4044
,,,,,,,,7743,29358,8385,4002
,,,,,,,,7744,29580,8448,4032
,,,,,,,,7745,31812,9087,4338
,,,,,,,,7746,34131,9747,4653
,,,,,,,,7747,33990,9708,4635
,,,,,,,,7748,33216,9486,4527
,,,,,,,,7749,31971,9132,4359
,,,,,,,,7750,29787,8508,4059
,,,,,,,,7751,27081,7734,3693
,,,,,,,,7752,24549,7011,3348
,,,,,,,,7753,22926,6549,3126
,,,,,,,,7754,22092,6309,3012
,,,,,,,,7755,21807,6228,2973
,,,,,,,,7756,21873,6246,2982
,,,,,,,,7757,22620,6459,3084
,,,,,,,,7758,24972,7131,3405
,,,,,,,,7759,28803,8226,3927
,,,,,,,,7760,30621,8745,4176
,,,,,,,,7761,30852,8811,4206
,,,,,,,,7762,30660,8757,4179
,,,,,,,,7763,30426,8688,4149
,,,,,,,,7764,30096,8595,4104
,,,,,,,,7765,29739,8493,4056
,,,,,,,,7766,29514,8430,4026
,,,,,,,,7767,29226,8346,3984
,,,,,,,,7768,29457,8415,4014
,,,,,,,,7769,31764,9072,4332
,,,,,,,,7770,33726,9633,4599
,,,,,,,,7771,33567,9585,4575
,,,,,,,,7772,32775,9360,4467
,,,,,,,,7773,31533,9006,4299
,,,,,,,,7774,29580,8448,4032
,,,,,,,,7775,26838,7665,3660
,,,,,,,,7776,24282,6936,3309
,,,,,,,,7777,22563,6444,3075
,,,,,,,,7778,21642,6180,2952
,,,,,,,,7779,21198,6054,2889
,,,,,,,,7780,21147,6039,2883
,,,,,,,,7781,21792,6222,2970
,,,,,,,,7782,23847,6810,3252
,,,,,,,,7783,27327,7803,3726
,,,,,,,,7784,29445,8409,4014
,,,,,,,,7785,30189,8622,4116
,,,,,,,,7786,30486,8706,4155
,,,,,,,,7787,30519,8715,4161
,,,,,,,,7788,30300,8655,4131
,,,,,,,,7789,29814,8517,4065
,,,,,,,,7790,29592,8451,4035
,,,,,,,,7791,29298,8367,3996
,,,,,,,,7792,29208,8340,3984
,,,,,,,,7793,31173,8901,4251
,,,,,,,,7794,33126,9462,4515
,,,,,,,,7795,32685,9333,4455
,,,,,,,,7796,31752,9069,4329
,,,,,,,,7797,30489,8709,4158
,,,,,,,,7798,28674,8190,3909
,,,,,,,,7799,26313,7512,3588
,,,,,,,,7800,23865,6816,3255
,,,,,,,,7801,22020,6288,3000
,,,,,,,,7802,20952,5982,2856
,,,,,,,,7803,20346,5811,2772
,,,,,,,,7804,20133,5751,2745
,,,,,,,,7805,20346,5811,2772
,,,,,,,,7806,21315,6087,2907
,,,,,,,,7807,22764,6501,3105
,,,,,,,,7808,24537,7005,3345
,,,,,,,,7809,26505,7569,3615
,,,,,,,,7810,27801,7938,3789
,,,,,,,,7811,28359,8100,3864
,,,,,,,,7812,28353,8097,3864
,,,,,,,,7813,27375,7818,3732
,,,,,,,,7814,25794,7365,3516
,,,,,,,,7815,24387,6966,3324
,,,,,,,,7816,23673,6762,3225
,,,,,,,,7817,24576,7017,3348
,,,,,,,,7818,25629,7317,3495
,,,,,,,,7819,25644,7323,3498
,,,,,,,,7820,25596,7308,3489
,,,,,,,,7821,25476,7275,3471
,,,,,,,,7822,24783,7077,3378
,,,,,,,,7823,23709,6771,3231
,,,,,,,,7824,22230,6348,3030
,,,,,,,,7825,20907,5970,2850
,,,,,,,,7826,20187,5766,2754
,,,,,,,,7827,19920,5691,2715
,,,,,,,,7828,19890,5679,2709
,,,,,,,,7829,20361,5814,2775
,,,,,,,,7830,21561,6159,2937
,,,,,,,,7831,23133,6609,3153
,,,,,,,,7832,24471,6987,3336
,,,,,,,,7833,25773,7362,3513
,,,,,,,,7834,26553,7584,3618
,,,,,,,,7835,26799,7653,3654
,,,,,,,,7836,26676,7617,3636
,,,,,,,,7837,26280,7506,3582
,,,,,,,,7838,25845,7380,3525
,,,,,,,,7839,25611,7314,3492
,,,,,,,,7840,25887,7392,3528
,,,,,,,,7841,28260,8070,3852
,,,,,,,,7842,30048,8580,4098
,,,,,,,,7843,29565,8445,4029
,,,,,,,,7844,28641,8178,3906
,,,,,,,,7845,27579,7875,3759
,,,,,,,,7846,26157,7470,3567
,,,,,,,,7847,24282,6936,3309
,,,,,,,,7848,22206,6342,3027
,,,,,,,,7849,20616,5889,2811
,,,,,,,,7850,19632,5607,2676
,,,,,,,,7851,19131,5463,2607
,,,,,,,,7852,18930,5406,2580
,,,,,,,,7853,19116,5460,2604
,,,,,,,,7854,19902,5682,2712
,,,,,,,,7855,21303,6084,2904
,,,,,,,,7856,22902,6540,3120
,,,,,,,,7857,24972,7131,3405
,,,,,,,,7858,26388,7536,3597
,,,,,,,,7859,26874,7677,3666
,,,,,,,,7860,26958,7698,3675
,,,,,,,,7861,26829,7662,3657
,,,,,,,,7862,26508,7572,3615
,,,,,,,,7863,26412,7542,3603
,,,,,,,,7864,26877,7677,3666
,,,,,,,,7865,29322,8373,3996
,,,,,,,,7866,31170,8901,4251
,,,,,,,,7867,30918,8832,4215
,,,,,,,,7868,30189,8622,4116
,,,,,,,,7869,29352,8385,4002
,,,,,,,,7870,28077,8019,3828
,,,,,,,,7871,26262,7500,3579
,,,,,,,,7872,24312,6942,3315
,,,,,,,,7873,22740,6492,3099
,,,,,,,,7874,21768,6219,2967
,,,,,,,,7875,21279,6078,2901
,,,,,,,,7876,21111,6027,2877
,,,,,,,,7877,21303,6084,2904
,,,,,,,,7878,21927,6264,2988
,,,,,,,,7879,22914,6543,3123
,,,,,,,,7880,24126,6891,3288
,,,,,,,,7881,26067,7443,3555
,,,,,,,,7882,27507,7857,3750
,,,,,,,,7883,28374,8103,3867
,,,,,,,,7884,28806,8226,3927
,,,,,,,,7885,28842,8235,3933
,,,,,,,,7886,28545,8151,3894
,,,,,,,,7887,28524,8145,3891
,,,,,,,,7888,29094,8310,3966
,,,,,,,,7889,31707,9057,4323
,,,,,,,,7890,33690,9621,4593
,,,,,,,,7891,33432,9549,4557
,,,,,,,,7892,32538,9291,4437
,,,,,,,,7893,31437,8979,4284
,,,,,,,,7894,29103,8310,3966
,,,,,,,,7895,26571,7587,3621
,,,,,,,,7896,24291,6936,3312
,,,,,,,,7897,22773,6504,3105
,,,,,,,,7898,21981,6279,2997
,,,,,,,,7899,21654,6183,2952
,,,,,,,,7900,21669,6189,2952
,,,,,,,,7901,22470,6414,3063
,,,,,,,,7902,24750,7068,3375
,,,,,,,,7903,28770,8217,3924
,,,,,,,,7904,30804,8796,4200
,,,,,,,,7905,30978,8847,4224
,,,,,,,,7906,31032,8862,4230
,,,,,,,,7907,30990,8850,4224
,,,,,,,,7908,30810,8799,4200
,,,,,,,,7909,30561,8730,4164
,,,,,,,,7910,30339,8664,4134
,,,,,,,,7911,30027,8577,4092
,,,,,,,,7912,30348,8670,4137
,,,,,,,,7913,32850,9381,4479
,,,,,,,,7914,35322,10086,4815
,,,,,,,,7915,35277,10074,4809
,,,,,,,,7916,34524,9858,4707
,,,,,,,,7917,33165,9471,4521
,,,,,,,,7918,30924,8832,4215
,,,,,,,,7919,27978,7992,3816
,,,,,,,,7920,25335,7236,3453
,,,,,,,,7921,23697,6768,3231
,,,,,,,,7922,22839,6522,3114
,,,,,,,,7923,22431,6405,3060
,,,,,,,,7924,22410,6402,3054
,,,,,,,,7925,23097,6597,3150
,,,,,,,,7926,25284,7221,3447
,,,,,,,,7927,29283,8361,3993
,,,,,,,,7928,31413,8973,4284
,,,,,,,,7929,31929,9120,4353
,,,,,,,,7930,32157,9183,4383
,,,,,,,,7931,32406,9255,4419
,,,,,,,,7932,32505,9285,4431
,,,,,,,,7933,32460,9270,4425
,,,,,,,,7934,32433,9261,4422
,,,,,,,,7935,32250,9210,4395
,,,,,,,,7936,32664,9330,4452
,,,,,,,,7937,34905,9969,4758
,,,,,,,,7938,36387,10392,4962
,,,,,,,,7939,36108,10311,4923
,,,,,,,,7940,35142,10038,4791
,,,,,,,,7941,33621,9603,4584
,,,,,,,,7942,31188,8907,4254
,,,,,,,,7943,28149,8040,3837
,,,,,,,,7944,25428,7260,3468
,,,,,,,,7945,23655,6756,3225
,,,,,,,,7946,22713,6486,3096
,,,,,,,,7947,22329,6375,3042
,,,,,,,,7948,22323,6375,3042
,,,,,,,,7949,23025,6576,3138
,,,,,,,,7950,25248,7212,3441
,,,,,,,,7951,29310,8370,3996
,,,,,,,,7952,31455,8985,4287
,,,,,,,,7953,31692,9051,4320
,,,,,,,,7954,31746,9066,4329
,,,,,,,,7955,31839,9090,4341
,,,,,,,,7956,31590,9021,4305
,,,,,,,,7957,31203,8910,4254
,,,,,,,,7958,31110,8883,4242
,,,,,,,,7959,31029,8862,4230
,,,,,,,,7960,31485,8991,4293
,,,,,,,,7961,33948,9693,4629
,,,,,,,,7962,35916,10260,4896
,,,,,,,,7963,35718,10200,4869
,,,,,,,,7964,34929,9975,4761
,,,,,,,,7965,33675,9615,4590
,,,,,,,,7966,31527,9003,4299
,,,,,,,,7967,28599,8166,3900
,,,,,,,,7968,25920,7404,3534
,,,,,,,,7969,24192,6909,3300
,,,,,,,,7970,23331,6663,3180
,,,,,,,,7971,22968,6561,3132
,,,,,,,,7972,22968,6561,3132
,,,,,,,,7973,23628,6747,3222
,,,,,,,,7974,25914,7401,3531
,,,,,,,,7975,30000,8568,4089
,,,,,,,,7976,31917,9114,4350
,,,,,,,,7977,31911,9114,4350
,,,,,,,,7978,31686,9048,4320
,,,,,,,,7979,31572,9015,4305
,,,,,,,,7980,31335,8949,4272
,,,,,,,,7981,30864,8814,4209
,,,,,,,,7982,30708,8769,4185
,,,,,,,,7983,30435,8691,4149
,,,,,,,,7984,30795,8793,4197
,,,,,,,,7985,33165,9471,4521
,,,,,,,,7986,35304,10083,4815
,,,,,,,,7987,35442,10122,4833
,,,,,,,,7988,34746,9924,4737
,,,,,,,,7989,33387,9537,4551
,,,,,,,,7990,31185,8907,4251
,,,,,,,,7991,28209,8055,3846
,,,,,,,,7992,25473,7272,3471
,,,,,,,,7993,23703,6771,3231
,,,,,,,,7994,22809,6513,3108
,,,,,,,,7995,22371,6387,3048
,,,,,,,,7996,22398,6396,3054
,,,,,,,,7997,23118,6603,3150
,,,,,,,,7998,25413,7257,3465
,,,,,,,,7999,29421,8400,4011
,,,,,,,,8000,31461,8985,4287
,,,,,,,,8001,31962,9129,4359
,,,,,,,,8002,32106,9168,4377
,,,,,,,,8003,31992,9138,4362
,,,,,,,,8004,31743,9066,4329
,,,,,,,,8005,31437,8979,4284
,,,,,,,,8006,31347,8955,4272
,,,,,,,,8007,31245,8925,4260
,,,,,,,,8008,31728,9060,4326
,,,,,,,,8009,34173,9759,4659
,,,,,,,,8010,35466,10128,4833
,,,,,,,,8011,34911,9969,4758
,,,,,,,,8012,34017,9714,4638
,,,,,,,,8013,32892,9393,4482
,,,,,,,,8014,31176,8904,4251
,,,,,,,,8015,28764,8214,3924
,,,,,,,,8016,26262,7500,3579
,,,,,,,,8017,24366,6957,3321
,,,,,,,,8018,23259,6642,3171
,,,,,,,,8019,22731,6492,3099
,,,,,,,,8020,22554,6441,3075
,,,,,,,,8021,22761,6501,3105
,,,,,,,,8022,23616,6744,3219
,,,,,,,,8023,25344,7239,3453
,,,,,,,,8024,27273,7788,3717
,,,,,,,,8025,29385,8391,4005
,,,,,,,,8026,30771,8790,4194
,,,,,,,,8027,31413,8973,4284
,,,,,,,,8028,31488,8991,4293
,,,,,,,,8029,31350,8955,4272
,,,,,,,,8030,31050,8865,4233
,,,,,,,,8031,30840,8808,4206
,,,,,,,,8032,31224,8916,4257
,,,,,,,,8033,33312,9513,4542
,,,,,,,,8034,34218,9771,4665
,,,,,,,,8035,33654,9612,4590
,,,,,,,,8036,32559,9300,4437
,,,,,,,,8037,31440,8979,4284
,,,,,,,,8038,29895,8538,4074
,,,,,,,,8039,27759,7929,3786
,,,,,,,,8040,25419,7257,3465
,,,,,,,,8041,23598,6738,3216
,,,,,,,,8042,22455,6414,3060
,,,,,,,,8043,21777,6219,2967
,,,,,,,,8044,21465,6132,2925
,,,,,,,,8045,21492,6138,2931
,,,,,,,,8046,22014,6285,3000
,,,,,,,,8047,23124,6603,3150
,,,,,,,,8048,24546,7011,3348
,,,,,,,,8049,26478,7560,3609
,,,,,,,,8050,27888,7965,3801
,,,,,,,,8051,28524,8145,3891
,,,,,,,,8052,28731,8205,3918
,,,,,,,,8053,28749,8211,3921
,,,,,,,,8054,28434,8121,3876
,,,,,,,,8055,28152,8040,3837
,,,,,,,,8056,28557,8157,3894
,,,,,,,,8057,31362,8955,4275
,,,,,,,,8058,33078,9447,4512
,,,,,,,,8059,32703,9339,4458
,,,,,,,,8060,31782,9075,4332
,,,,,,,,8061,30402,8682,4146
,,,,,,,,8062,28194,8052,3843
,,,,,,,,8063,25470,7272,3471
,,,,,,,,8064,22956,6555,3129
,,,,,,,,8065,21285,6078,2901
,,,,,,,,8066,20388,5823,2778
,,,,,,,,8067,19926,5691,2715
,,,,,,,,8068,19968,5703,2724
,,,,,,,,8069,20724,5919,2826
,,,,,,,,8070,23025,6576,3138
,,,,,,,,8071,27123,7746,3696
,,,,,,,,8072,29076,8304,3966
,,,,,,,,8073,29328,8376,3996
,,,,,,,,8074,29457,8412,4014
,,,,,,,,8075,29562,8445,4029
,,,,,,,,8076,29427,8403,4014
,,,,,,,,8077,29214,8343,3984
,,,,,,,,8078,29058,8298,3963
,,,,,,,,8079,28824,8232,3930
,,,,,,,,8080,29067,8301,3963
,,,,,,,,8081,31674,9045,4317
,,,,,,,,8082,34137,9750,4653
,,,,,,,,8083,34008,9711,4635
,,,,,,,,8084,33210,9483,4527
,,,,,,,,8085,31887,9105,4347
,,,,,,,,8086,29685,8478,4047
,,,,,,,,8087,26724,7635,3645
,,,,,,,,8088,24054,6867,3279
,,,,,,,,8089,22233,6348,3030
,,,,,,,,8090,21345,6096,2907
,,,,,,,,8091,20994,5994,2862
,,,,,,,,8092,20958,5985,2856
,,,,,,,,8093,21690,6195,2955
,,,,,,,,8094,23976,6846,3270
,,,,,,,,8095,28014,7998,3819
,,,,,,,,8096,30210,8625,4119
,,,,,,,,8097,30684,8763,4182
,,,,,,,,8098,30936,8835,4218
,,,,,,,,8099,31110,8883,4242
,,,,,,,,8100,31101,8880,4242
,,,,,,,,8101,30930,8835,4215
,,,,,,,,8102,30783,8790,4197
,,,,,,,,8103,30510,8715,4161
,,,,,,,,8104,30786,8790,4197
,,,,,,,,8105,33162,9471,4521
,,,,,,,,8106,34785,9933,4740
,,,,,,,,8107,34440,9837,4695
,,,,,,,,8108,33396,9540,4554
,,,,,,,,8109,31923,9117,4353
,,,,,,,,8110,29589,8451,4035
,,,,,,,,8111,26352,7527,3591
,,,,,,,,8112,23475,6705,3201
,,,,,,,,8113,21654,6183,2952
,,,,,,,,8114,20637,5892,2814
,,,,,,,,8115,20028,5721,2730
,,,,,,,,8116,19887,5679,2709
,,,,,,,,8117,20469,5844,2790
,,,,,,,,8118,22590,6450,3078
,,,,,,,,8119,26598,7596,3627
,,,,,,,,8120,28689,8193,3909
,,,,,,,,8121,29022,8289,3957
,,,,,,,,8122,29127,8319,3969
,,,,,,,,8123,29247,8355,3987
,,,,,,,,8124,29232,8349,3984
,,,,,,,,8125,29124,8316,3969
,,,,,,,,8126,29187,8337,3981
,,,,,,,,8127,29136,8322,3972
,,,,,,,,8128,29625,8460,4038
,,,,,,,,8129,32463,9273,4425
,,,,,,,,8130,34746,9924,4737
,,,,,,,,8131,34749,9924,4737
,,,,,,,,8132,34083,9735,4647
,,,,,,,,8133,32928,9405,4488
,,,,,,,,8134,30771,8790,4194
,,,,,,,,8135,27843,7950,3795
,,,,,,,,8136,25125,7176,3423
,,,,,,,,8137,23469,6702,3198
,,,,,,,,8138,22659,6471,3090
,,,,,,,,8139,22311,6372,3042
,,,,,,,,8140,22344,6381,3045
,,,,,,,,8141,23160,6612,3156
,,,,,,,,8142,25596,7308,3489
,,,,,,,,8143,29793,8508,4062
,,,,,,,,8144,31782,9075,4332
,,,,,,,,8145,31893,9108,4347
,,,,,,,,8146,31797,9081,4335
,,,,,,,,8147,31647,9039,4317
,,,,,,,,8148,31263,8928,4263
,,,,,,,,8149,30828,8805,4203
,,,,,,,,8150,30588,8736,4170
,,,,,,,,8151,30369,8673,4140
,,,,,,,,8152,30786,8790,4197
,,,,,,,,8153,33777,9648,4605
,,,,,,,,8154,36084,10308,4920
,,,,,,,,8155,36096,10308,4923
,,,,,,,,8156,35490,10134,4839
,,,,,,,,8157,34347,9810,4683
,,,,,,,,8158,32265,9213,4398
,,,,,,,,8159,29259,8355,3987
,,,,,,,,8160,26394,7539,3600
,,,,,,,,8161,24573,7017,3348
,,,,,,,,8162,23655,6756,3225
,,,,,,,,8163,23184,6621,3162
,,,,,,,,8164,23145,6609,3156
,,,,,,,,8165,23811,6801,3246
,,,,,,,,8166,25989,7422,3543
,,,,,,,,8167,29970,8559,4086
,,,,,,,,8168,32064,9156,4371
,,,,,,,,8169,32406,9255,4419
,,,,,,,,8170,32343,9237,4407
,,,,,,,,8171,32256,9210,4398
,,,,,,,,8172,31875,9105,4347
,,,,,,,,8173,31395,8967,4281
,,,,,,,,8174,31293,8937,4266
,,,,,,,,8175,31134,8892,4245
,,,,,,,,8176,31470,8985,4290
,,,,,,,,8177,33816,9657,4611
,,,,,,,,8178,34764,9930,4740
,,,,,,,,8179,34149,9750,4656
,,,,,,,,8180,33045,9438,4506
,,,,,,,,8181,31770,9075,4332
,,,,,,,,8182,30009,8571,4089
,,,,,,,,8183,27498,7854,3750
,,,,,,,,8184,24774,7077,3378
,,,,,,,,8185,22770,6504,3105
,,,,,,,,8186,21600,6168,2943
,,,,,,,,8187,20919,5976,2850
,,,,,,,,8188,20682,5907,2817
,,,,,,,,8189,20841,5952,2841
,,,,,,,,8190,21669,6189,2952
,,,,,,,,8191,23262,6642,3171
,,,,,,,,8192,25191,7194,3435
,,,,,,,,8193,27309,7800,3723
,,,,,,,,8194,28734,8205,3918
,,,,,,,,8195,29421,8400,4011
,,,,,,,,8196,29463,8415,4017
,,,,,,,,8197,29154,8325,3975
,,,,,,,,8198,28731,8205,3918
,,,,,,,,8199,28539,8151,3891
,,,,,,,,8200,28881,8247,3936
,,,,,,,,8201,31095,8880,4239
,,,,,,,,8202,32280,9219,4401
,,,,,,,,8203,31683,9048,4320
,,,,,,,,8204,30645,8751,4179
,,,,,,,,8205,29604,8457,4035
,,,,,,,,8206,28152,8040,3837
,,,,,,,,8207,26139,7467,3564
,,,,,,,,8208,23808,6798,3246
,,,,,,,,8209,21978,6276,2997
,,,,,,,,8210,20802,5940,2835
,,,,,,,,8211,20181,5766,2751
,,,,,,,,8212,19908,5685,2712
,,,,,,,,8213,20067,5730,2736
,,,,,,,,8214,20652,5898,2817
,,,,,,,,8215,21843,6237,2979
,,,,,,,,8216,23094,6597,3150
,,,,,,,,8217,24987,7137,3408
,,,,,,,,8218,26442,7551,3606
,,,,,,,,8219,27207,7770,3708
,,,,,,,,8220,27624,7887,3765
,,,,,,,,8221,27774,7932,3786
,,,,,,,,8222,27624,7887,3765
,,,,,,,,8223,27471,7845,3744
,,,,,,,,8224,28209,8055,3846
,,,,,,,,8225,31506,8997,4296
,,,,,,,,8226,33378,9534,4551
,,,,,,,,8227,33192,9480,4527
,,,,,,,,8228,32421,9258,4422
,,,,,,,,8229,31161,8898,4248
,,,,,,,,8230,29079,8304,3966
,,,,,,,,8231,26307,7512,3588
,,,,,,,,8232,23682,6762,3228
,,,,,,,,8233,21954,6270,2994
,,,,,,,,8234,21078,6021,2874
,,,,,,,,8235,20688,5907,2820
,,,,,,,,8236,20643,5895,2814
,,,,,,,,8237,21372,6102,2913
,,,,,,,,8238,23577,6732,3213
,,,,,,,,8239,27555,7869,3756
,,,,,,,,8240,30165,8616,4113
,,,,,,,,8241,30759,8784,4194
,,,,,,,,8242,31170,8901,4251
,,,,,,,,8243,31500,8997,4296
,,,,,,,,8244,31548,9009,4302
,,,,,,,,8245,31461,8985,4287
,,,,,,,,8246,31419,8973,4284
,,,,,,,,8247,31155,8898,4248
,,,,,,,,8248,31647,9039,4317
,,,,,,,,8249,33987,9708,4635
,,,,,,,,8250,35388,10107,4824
,,,,,,,,8251,34956,9984,4767
,,,,,,,,8252,33906,9684,4623
,,,,,,,,8253,32394,9252,4416
,,,,,,,,8254,29991,8565,4089
,,,,,,,,8255,27006,7713,3681
,,,,,,,,8256,24027,6861,3276
,,,,,,,,8257,21894,6252,2982
,,,,,,,,8258,20754,5928,2829
,,,,,,,,8259,20181,5763,2751
,,,,,,,,8260,20079,5736,2739
,,,,,,,,8261,20646,5895,2814
,,,,,,,,8262,22908,6543,3123
,,,,,,,,8263,27051,7725,3687
,,,,,,,,8264,29502,8427,4023
,,,,,,,,8265,30030,8577,4095
,,,,,,,,8266,30177,8619,4116
,,,,,,,,8267,30171,8616,4113
,,,,,,,,8268,30084,8592,4101
,,,,,,,,8269,29805,8514,4062
,,,,,,,,8270,29751,8496,4056
,,,,,,,,8271,29640,8466,4041
,,,,,,,,8272,30162,8613,4113
,,,,,,,,8273,33084,9450,4512
,,,,,,,,8274,35412,10113,4830
,,,,,,,,8275,35394,10110,4827
,,,,,,,,8276,34719,9918,4734
,,,,,,,,8277,33522,9573,4572
,,,,,,,,8278,31374,8958,4278
,,,,,,,,8279,28272,8073,3855
,,,,,,,,8280,25386,7251,3462
,,,,,,,,8281,23577,6732,3213
,,,,,,,,8282,22704,6483,3093
,,,,,,,,8283,22314,6372,3042
,,,,,,,,8284,22344,6381,3045
,,,,,,,,8285,23136,6609,3153
,,,,,,,,8286,25491,7278,3474
,,,,,,,,8287,29715,8487,4050
,,,,,,,,8288,31917,9114,4350
,,,,,,,,8289,32043,9150,4368
,,,,,,,,8290,31911,9114,4350
,,,,,,,,8291,31758,9069,4332
,,,,,,,,8292,31539,9006,4302
,,,,,,,,8293,31155,8898,4248
,,,,,,,,8294,31050,8865,4233
,,,,,,,,8295,30819,8802,4200
,,,,,,,,8296,31380,8961,4278
,,,,,,,,8297,34356,9813,4683
,,,,,,,,8298,36546,10437,4983
,,,,,,,,8299,36399,10398,4965
,,,,,,,,8300,35739,10206,4872
,,,,,,,,8301,34521,9858,4707
,,,,,,,,8302,32439,9264,4422
,,,,,,,,8303,29340,8379,3999
,,,,,,,,8304,26367,7530,3594
,,,,,,,,8305,24369,6960,3321
,,,,,,,,8306,23352,6669,3183
,,,,,,,,8307,22932,6549,3126
,,,,,,,,8308,22974,6561,3132
,,,,,,,,8309,23673,6762,3225
,,,,,,,,8310,25980,7419,3543
,,,,,,,,8311,30144,8610,4110
,,,,,,,,8312,32253,9210,4395
,,,,,,,,8313,32361,9243,4410
,,,,,,,,8314,31914,9114,4350
,,,,,,,,8315,31497,8997,4293
,,,,,,,,8316,31068,8871,4236
,,,,,,,,8317,30603,8742,4173
,,,,,,,,8318,30402,8685,4146
,,,,,,,,8319,30183,8622,4116
,,,,,,,,8320,30594,8736,4170
,,,,,,,,8321,33426,9546,4557
,,,,,,,,8322,36021,10287,4911
,,,,,,,,8323,36057,10296,4917
,,,,,,,,8324,35493,10137,4839
,,,,,,,,8325,34389,9822,4689
,,,,,,,,8326,32367,9243,4413
,,,,,,,,8327,29331,8376,3996
,,,,,,,,8328,26394,7539,3600
,,,,,,,,8329,24450,6984,3333
,,,,,,,,8330,23505,6714,3204
,,,,,,,,8331,23082,6594,3147
,,,,,,,,8332,23082,6594,3147
,,,,,,,,8333,23778,6792,3240
,,,,,,,,8334,26049,7437,3552
,,,,,,,,8335,30114,8601,4104
,,,,,,,,8336,32235,9207,4392
,,,,,,,,8337,32322,9231,4407
,,,,,,,,8338,31953,9126,4356
,,,,,,,,8339,31620,9030,4311
,,,,,,,,8340,31170,8901,4251
,,,,,,,,8341,30552,8727,4164
,,,,,,,,8342,30132,8607,4107
,,,,,,,,8343,29907,8541,4077
,,,,,,,,8344,30243,8637,4122
,,,,,,,,8345,32988,9420,4497
,,,,,,,,8346,34932,9978,4761
,,,,,,,,8347,34503,9855,4704
,,,,,,,,8348,33660,9615,4590
,,,,,,,,8349,32598,9309,4443
,,,,,,,,8350,31050,8868,4233
,,,,,,,,8351,28605,8169,3900
,,,,,,,,8352,25908,7398,3531
,,,,,,,,8353,23868,6816,3255
,,,,,,,,8354,22674,6474,3090
,,,,,,,,8355,22155,6327,3021
,,,,,,,,8356,21987,6279,2997
,,,,,,,,8357,22245,6354,3030
,,,,,,,,8358,23190,6624,3162
,,,,,,,,8359,24984,7137,3408
,,,,,,,,8360,26811,7656,3654
,,,,,,,,8361,28557,8157,3894
,,,,,,,,8362,29439,8406,4014
,,,,,,,,8363,29580,8448,4032
,,,,,,,,8364,29259,8355,3987
,,,,,,,,8365,28677,8190,3909
,,,,,,,,8366,28104,8025,3831
,,,,,,,,8367,27882,7965,3801
,,,,,,,,8368,28368,8100,3867
,,,,,,,,8369,31467,8985,4290
,,,,,,,,8370,33567,9585,4575
,,,,,,,,8371,33306,9510,4542
,,,,,,,,8372,32499,9282,4431
,,,,,,,,8373,31686,9048,4320
,,,,,,,,8374,30345,8667,4137
,,,,,,,,8375,28350,8097,3864
,,,,,,,,8376,25962,7413,3540
,,,,,,,,8377,24006,6855,3270
,,,,,,,,8378,22812,6516,3108
,,,,,,,,8379,22173,6333,3024
,,,,,,,,8380,21894,6252,2982
,,,,,,,,8381,21972,6273,2997
,,,,,,,,8382,22545,6438,3075
,,,,,,,,8383,23775,6792,3240
,,,,,,,,8384,25341,7236,3453
,,,,,,,,8385,27600,7881,3762
,,,,,,,,8386,29421,8400,4011
,,,,,,,,8387,30399,8682,4146
,,,,,,,,8388,30987,8850,4224
,,,,,,,,8389,31440,8979,4284
,,,,,,,,8390,31587,9021,4305
,,,,,,,,8391,31638,9033,4314
,,,,,,,,8392,32334,9234,4407
,,,,,,,,8393,34722,9918,4734
,,,,,,,,8394,35928,10260,4899
,,,,,,,,8395,35634,10176,4860
,,,,,,,,8396,34653,9897,4725
,,,,,,,,8397,33333,9519,4545
,,,,,,,,8398,31461,8985,4287
,,,,,,,,8399,28719,8202,3915
,,,,,,,,8400,25947,7410,3537
,,,,,,,,8401,23910,6828,3258
,,,,,,,,8402,22728,6492,3099
,,,,,,,,8403,22290,6366,3039
,,,,,,,,8404,22236,6351,3030
,,,,,,,,8405,22974,6561,3132
,,,,,,,,8406,25134,7179,3426
,,,,,,,,8407,29064,8298,3963
,,,,,,,,8408,31782,9075,4332
,,,,,,,,8409,32604,9312,4446
,,,,,,,,8410,32925,9405,4488
,,,,,,,,8411,33252,9498,4533
,,,,,,,,8412,33303,9510,4542
,,,,,,,,8413,33096,9450,4512
,,,,,,,,8414,32964,9414,4494
,,,,,,,,8415,32733,9345,4464
,,,,,,,,8416,33171,9474,4524
,,,,,,,,8417,35655,10182,4863
,,,,,,,,8418,37074,10590,5055
,,,,,,,,8419,36708,10485,5004
,,,,,,,,8420,35787,10218,4878
,,,,,,,,8421,34374,9816,4686
,,,,,,,,8422,31980,9135,4362
,,,,,,,,8423,28743,8208,3918
,,,,,,,,8424,25653,7326,3498
,,,,,,,,8425,23538,6723,3210
,,,,,,,,8426,22497,6426,3066
,,,,,,,,8427,21921,6261,2988
,,,,,,,,8428,21810,6228,2973
,,,,,,,,8429,22371,6387,3048
,,,,,,,,8430,24471,6987,3336
,,,,,,,,8431,28386,8106,3870
,,,,,,,,8432,30897,8823,4212
,,,,,,,,8433,31302,8940,4269
,,,,,,,,8434,31446,8982,4287
,,,,,,,,8435,31635,9033,4314
,,,,,,,,8436,31578,9018,4305
,,,,,,,,8437,31242,8925,4260
,,,,,,,,8438,31098,8880,4242
,,,,,,,,8439,30861,8814,4209
,,,,,,,,8440,31242,8922,4257
,,,,,,,,8441,33660,9615,4590
,,,,,,,,8442,35445,10122,4833
,,,,,,,,8443,35217,10056,4800
,,,,,,,,8444,34407,9828,4692
,,,,,,,,8445,33111,9456,4512
,,,,,,,,8446,30924,8832,4215
,,,,,,,,8447,27867,7959,3801
,,,,,,,,8448,24861,7101,3390
,,,,,,,,8449,22713,6486,3096
,,,,,,,,8450,21642,6180,2952
,,,,,,,,8451,21198,6054,2889
,,,,,,,,8452,21192,6054,2889
,,,,,,,,8453,21915,6258,2988
,,,,,,,,8454,24120,6888,3288
,,,,,,,,8455,28188,8049,3843
,,,,,,,,8456,30564,8730,4167
,,,,,,,,8457,30906,8826,4212
,,,,,,,,8458,30960,8841,4221
,,,,,,,,8459,30972,8847,4224
,,,,,,,,8460,30819,8802,4200
,,,,,,,,8461,30537,8721,4164
,,,,,,,,8462,30573,8730,4167
,,,,,,,,8463,30543,8724,4164
,,,,,,,,8464,30963,8844,4221
,,,,,,,,8465,33633,9606,4587
,,,,,,,,8466,35775,10218,4875
,,,,,,,,8467,35658,10182,4863
,,,,,,,,8468,34926,9975,4761
,,,,,,,,8469,33783,9648,4605
,,,,,,,,8470,31716,9060,4323
,,,,,,,,8471,28662,8187,3906
,,,,,,,,8472,25584,7305,3486
,,,,,,,,8473,23547,6726,3210
,,,,,,,,8474,22428,6405,3057
,,,,,,,,8475,21954,6270,2994
,,,,,,,,8476,21957,6270,2994
,,,,,,,,8477,22695,6480,3093
,,,,,,,,8478,25008,7140,3408
,,,,,,,,8479,29139,8322,3972
,,,,,,,,8480,31269,8931,4263
,,,,,,,,8481,31572,9015,4302
,,,,,,,,8482,31461,8985,4287
,,,,,,,,8483,31275,8931,4263
,,,,,,,,8484,30948,8838,4221
,,,,,,,,8485,30489,8709,4158
,,,,,,,,8486,30429,8691,4149
,,,,,,,,8487,30534,8721,4164
,,,,,,,,8488,31215,8913,4254
,,,,,,,,8489,33816,9657,4611
,,,,,,,,8490,35667,10188,4863
,,,,,,,,8491,35457,10128,4833
,,,,,,,,8492,34782,9933,4740
,,,,,,,,8493,33798,9651,4608
,,,,,,,,8494,31773,9075,4332
,,,,,,,,8495,28728,8205,3918
,,,,,,,,8496,25755,7356,3513
,,,,,,,,8497,23652,6756,3225
,,,,,,,,8498,22461,6414,3060
,,,,,,,,8499,21885,6249,2982
,,,,,,,,8500,21876,6249,2982
,,,,,,,,8501,22419,6402,3057
,,,,,,,,8502,24408,6972,3327
,,,,,,,,8503,28113,8028,3831
,,,,,,,,8504,30810,8799,4200
,,,,,,,,8505,31710,9057,4323
,,,,,,,,8506,32154,9183,4383
,,,,,,,,8507,32322,9231,4407
,,,,,,,,8508,32196,9195,4389
,,,,,,,,8509,31608,9027,4308
,,,,,,,,8510,31155,8898,4248
,,,,,,,,8511,30540,8721,4164
,,,,,,,,8512,30381,8676,4143
,,,,,,,,8513,32580,9303,4440
,,,,,,,,8514,34185,9765,4662
,,,,,,,,8515,33648,9609,4590
,,,,,,,,8516,32709,9342,4458
,,,,,,,,8517,31590,9021,4305
,,,,,,,,8518,30012,8571,4092
,,,,,,,,8519,27699,7911,3777
,,,,,,,,8520,25032,7149,3411
,,,,,,,,8521,23067,6588,3144
,,,,,,,,8522,21894,6252,2982
,,,,,,,,8523,21243,6069,2895
,,,,,,,,8524,21063,6015,2871
,,,,,,,,8525,21267,6072,2898
,,,,,,,,8526,22011,6285,3000
,,,,,,,,8527,23649,6753,3225
,,,,,,,,8528,25515,7287,3480
,,,,,,,,8529,27639,7893,3768
,,,,,,,,8530,29034,8292,3957
,,,,,,,,8531,29490,8421,4020
,,,,,,,,8532,29595,8454,4035
,,,,,,,,8533,29394,8394,4008
,,,,,,,,8534,29166,8328,3975
,,,,,,,,8535,29127,8319,3969
,,,,,,,,8536,29625,8460,4038
,,,,,,,,8537,32223,9201,4392
,,,,,,,,8538,34284,9792,4674
,,,,,,,,8539,34182,9762,4662
,,,,,,,,8540,33462,9555,4563
,,,,,,,,8541,32595,9309,4443
,,,,,,,,8542,31329,8946,4272
,,,,,,,,8543,29253,8355,3987
,,,,,,,,8544,26790,7650,3651
,,,,,,,,8545,24759,7071,3375
,,,,,,,,8546,23466,6702,3198
,,,,,,,,8547,22779,6507,3105
,,,,,,,,8548,22461,6414,3060
,,,,,,,,8549,22515,6432,3069
,,,,,,,,8550,23127,6606,3153
,,,,,,,,8551,24372,6960,3321
,,,,,,,,8552,25716,7344,3504
,,,,,,,,8553,27471,7845,3744
,,,,,,,,8554,28617,8175,3903
,,,,,,,,8555,29007,8283,3954
,,,,,,,,8556,29259,8355,3987
,,,,,,,,8557,29352,8382,3999
,,,,,,,,8558,29154,8325,3975
,,,,,,,,8559,28926,8262,3942
,,,,,,,,8560,29109,8313,3966
,,,,,,,,8561,31728,9060,4326
,,,,,,,,8562,33942,9693,4629
,,,,,,,,8563,33918,9687,4623
,,,,,,,,8564,33297,9510,4539
,,,,,,,,8565,32475,9273,4428
,,,,,,,,8566,30936,8835,4218
,,,,,,,,8567,28737,8205,3918
,,,,,,,,8568,26139,7464,3561
,,,,,,,,8569,24060,6870,3279
,,,,,,,,8570,22857,6528,3117
,,,,,,,,8571,22239,6351,3030
,,,,,,,,8572,22125,6318,3015
,,,,,,,,8573,22614,6459,3084
,,,,,,,,8574,23937,6837,3264
,,,,,,,,8575,26001,7425,3543
,,,,,,,,8576,27831,7947,3795
,,,,,,,,8577,29451,8412,4014
,,,,,,,,8578,30354,8670,4137
,,,,,,,,8579,30660,8757,4179
,,,,,,,,8580,30513,8715,4161
,,,,,,,,8581,30021,8574,4092
,,,,,,,,8582,29625,8460,4041
,,,,,,,,8583,29550,8439,4029
,,,,,,,,8584,29844,8523,4068
,,,,,,,,8585,32169,9186,4386
,,,,,,,,8586,33438,9549,4557
,,,,,,,,8587,32124,9174,4377
,,,,,,,,8588,30813,8799,4200
,,,,,,,,8589,29970,8559,4086
,,,,,,,,8590,29175,8331,3978
,,,,,,,,8591,27864,7959,3801
,,,,,,,,8592,26007,7425,3543
,,,,,,,,8593,24087,6879,3285
,,,,,,,,8594,22707,6483,3096
,,,,,,,,8595,21915,6258,2988
,,,,,,,,8596,21693,6195,2955
,,,,,,,,8597,21846,6237,2979
,,,,,,,,8598,22548,6438,3075
,,,,,,,,8599,23874,6819,3255
,,,,,,,,8600,25584,7305,3486
,,,,,,,,8601,27531,7863,3753
,,,,,,,,8602,28914,8256,3942
,,,,,,,,8603,29457,8415,4014
,,,,,,,,8604,29682,8475,4047
,,,,,,,,8605,29439,8406,4014
,,,,,,,,8606,28698,8196,3912
,,,,,,,,8607,27837,7950,3795
,,,,,,,,8608,27561,7872,3756
,,,,,,,,8609,29133,8319,3972
,,,,,,,,8610,30447,8697,4149
,,,,,,,,8611,30420,8688,4149
,,,,,,,,8612,30276,8646,4128
,,,,,,,,8613,29985,8565,4089
,,,,,,,,8614,29049,8295,3960
,,,,,,,,8615,27237,7779,3711
,,,,,,,,8616,25194,7197,3435
,,,,,,,,8617,23685,6762,3228
,,,,,,,,8618,22863,6531,3117
,,,,,,,,8619,22497,6426,3066
,,,,,,,,8620,22608,6456,3081
,,,,,,,,8621,23259,6642,3171
,,,,,,,,8622,24939,7122,3399
,,,,,,,,8623,27672,7905,3771
,,,,,,,,8624,29772,8502,4059
,,,,,,,,8625,31179,8904,4251
,,,,,,,,8626,32064,9156,4371
,,,,,,,,8627,32517,9285,4434
,,,,,,,,8628,32667,9330,4452
,,,,,,,,8629,32532,9291,4437
,,,,,,,,8630,32454,9270,4422
,,,,,,,,8631,32364,9243,4413
,,,,,,,,8632,32850,9381,4479
,,,,,,,,8633,35241,10065,4803
,,,,,,,,8634,36678,10473,5001
,,,,,,,,8635,36297,10368,4950
,,,,,,,,8636,35328,10089,4815
,,,,,,,,8637,34023,9717,4638
,,,,,,,,8638,31947,9123,4356
,,,,,,,,8639,29265,8355,3990
,,,,,,,,8640,26559,7587,3621
,,,,,,,,8641,24597,7026,3354
,,,,,,,,8642,23517,6717,3207
,,,,,,,,8643,22956,6555,3129
,,,,,,,,8644,22608,6456,3081
,,,,,,,,8645,23181,6621,3162
,,,,,,,,8646,24690,7050,3366
,,,,,,,,8647,27015,7716,3681
,,,,,,,,8648,29211,8340,3984
,,,,,,,,8649,30621,8745,4176
,,,,,,,,8650,31905,9111,4350
,,,,,,,,8651,32721,9345,4461
,,,,,,,,8652,33081,9450,4512
,,,,,,,,8653,32958,9414,4494
,,,,,,,,8654,32751,9354,4467
,,,,,,,,8655,32439,9264,4422
,,,,,,,,8656,32667,9330,4452
,,,,,,,,8657,34689,9906,4728
,,,,,,,,8658,36402,10398,4965
,,,,,,,,8659,35928,10263,4899
,,,,,,,,8660,34869,9960,4755
,,,,,,,,8661,33495,9567,4566
,,,,,,,,8662,31443,8979,4284
,,,,,,,,8663,28758,8214,3921
,,,,,,,,8664,26202,7482,3573
,,,,,,,,8665,24381,6963,3324
,,,,,,,,8666,23430,6693,3195
,,,,,,,,8667,22968,6558,3132
,,,,,,,,8668,22920,6546,3123
,,,,,,,,8669,23487,6708,3201
,,,,,,,,8670,25125,7176,3423
,,,,,,,,8671,27744,7923,3783
,,,,,,,,8672,29709,8484,4050
,,,,,,,,8673,31041,8865,4233
,,,,,,,,8674,31797,9081,4335
,,,,,,,,8675,32040,9150,4368
,,,,,,,,8676,31839,9093,4341
,,,,,,,,8677,31377,8961,4278
,,,,,,,,8678,30987,8850,4224
,,,,,,,,8679,30657,8757,4179
,,,,,,,,8680,30744,8781,4191
,,,,,,,,8681,33078,9447,4512
,,,,,,,,8682,35391,10107,4824
,,,,,,,,8683,35040,10008,4776
,,,,,,,,8684,34086,9735,4647
,,,,,,,,8685,32967,9417,4494
,,,,,,,,8686,31257,8925,4260
,,,,,,,,8687,28992,8280,3954
,,,,,,,,8688,26532,7578,3618
,,,,,,,,8689,24723,7062,3369
,,,,,,,,8690,23640,6750,3225
,,,,,,,,8691,23109,6600,3150
,,,,,,,,8692,22845,6525,3114
,,,,,,,,8693,22980,6564,3135
,,,,,,,,8694,23751,6783,3240
,,,,,,,,8695,25125,7176,3423
,,,,,,,,8696,26655,7614,3636
,,,,,,,,8697,28533,8148,3891
,,,,,,,,8698,30015,8571,4092
,,,,,,,,8699,30768,8787,4194
,,,,,,,,8700,30897,8823,4212
,,,,,,,,8701,30906,8826,4212
,,,,,,,,8702,30831,8805,4203
,,,,,,,,8703,30867,8817,4209
,,,,,,,,8704,31470,8985,4290
,,,,,,,,8705,33771,9645,4605
,,,,,,,,8706,35310,10083,4815
,,,,,,,,8707,35010,9999,4773
,,,,,,,,8708,33933,9693,4626
,,,,,,,,8709,32616,9315,4446
,,,,,,,,8710,30909,8829,4212
,,,,,,,,8711,28674,8190,3909
,,,,,,,,8712,26361,7527,3594
,,,,,,,,8713,24537,7008,3345
,,,,,,,,8714,23364,6672,3186
,,,,,,,,8715,22806,6513,3108
,,,,,,,,8716,22560,6444,3075
,,,,,,,,8717,22704,6483,3093
,,,,,,,,8718,23349,6669,3183
,,,,,,,,8719,24435,6978,3330
,,,,,,,,8720,25545,7296,3483
,,,,,,,,8721,27222,7773,3711
,,,,,,,,8722,28665,8187,3906
,,,,,,,,8723,29631,8460,4041
,,,,,,,,8724,30246,8640,4122
,,,,,,,,8725,30483,8706,4155
,,,,,,,,8726,30255,8640,4125
,,,,,,,,8727,30006,8568,4089
,,,,,,,,8728,30258,8640,4125
,,,,,,,,8729,32988,9420,4497
,,,,,,,,8730,35451,10125,4833
,,,,,,,,8731,35331,10089,4815
,,,,,,,,8732,34458,9843,4698
,,,,,,,,8733,33486,9564,4566
,,,,,,,,8734,31809,9084,4335
,,,,,,,,8735,29595,8454,4035
,,,,,,,,8736,27270,7788,3717
,,,,,,,,8737,25548,7296,3483
,,,,,,,,8738,24582,7020,3351
,,,,,,,,8739,24084,6879,3285
,,,,,,,,8740,24006,6855,3270
,,,,,,,,8741,24444,6981,3330
,,,,,,,,8742,25767,7359,3513
,,,,,,,,8743,27975,7989,3816
,,,,,,,,8744,29712,8487,4050
,,,,,,,,8745,31200,8910,4254
,,,,,,,,8746,32313,9228,4407
,,,,,,,,8747,32814,9372,4473
,,,,,,,,8748,32721,9345,4461
,,,,,,,,8749,32190,9192,4389
,,,,,,,,8750,31650,9039,4317
,,,,,,,,8751,31314,8943,4269
,,,,,,,,8752,31407,8970,4281
,,,,,,,,8753,33684,9618,4593
,,,,,,,,8754,35724,10203,4872
,,,,,,,,8755,34686,9906,4728
,,,,,,,,8756,29769,11391,4017
,,,,,,,,8757,28383,10863,3831
,,,,,,,,8758,27054,10356,3651
,,,,,,,,8759,25653,9843,3462
,,,,,,,,8760,24267,9318,3276