Voll,Demand_Segment,Cost_of_Demand_Curtailment_per_MW,Max_Demand_Curtailment,$/MWh,Rep_Periods,Timesteps_per_Rep_Period,Sub_Weights,Time_Index,Demand_MW_z1,Demand_MW_z2,Demand_MW_z3
50000,1,1,1,2000,1,8760,8760,1,15700,4484,2140
,2,0.9,0.04,1800,,,,2,14848,4240,2024
,3,0.55,0.024,1100,,,,3,14214,4058,1938
,4,0.2,0.003,400,,,,4,13894,3968,1894
,,,,,,,,5,13844,3954,1888
,,,,,,,,6,14090,4024,1920
,,,,,,,,7,14614,4174,1992
,,,,,,,,8,15088,4308,2058
,,,,,,,,9,15892,4538,2166
,,,,,,,,10,16680,4764,2274
,,,,,,,,11,17156,4898,2338
,,,,,,,,12,17332,4948,2362
,,,,,,,,13,17414,4974,2374
,,,,,,,,14,17260,4928,2352
,,,,,,,,15,17088,4880,2330
,,,,,,,,16,17188,4908,2342
,,,,,,,,17,18862,5386,2572
,,,,,,,,18,20450,5840,2788
,,,,,,,,19,20330,5806,2772
,,,,,,,,20,19708,5630,2686
,,,,,,,,21,18980,5420,2588
,,,,,,,,22,17964,5130,2450
,,,,,,,,23,16706,4770,2278
,,,,,,,,24,15296,4368,2084
,,,,,,,,25,14102,4026,1922
,,,,,,,,26,13378,3820,1824
,,,,,,,,27,13030,3722,1776
,,,,,,,,28,12952,3698,1766
,,,,,,,,29,13236,3780,1804
,,,,,,,,30,13960,3986,1902
,,,,,,,,31,15046,4296,2050
,,,,,,,,32,15936,4550,2172
,,,,,,,,33,17026,4862,2322
,,,,,,,,34,18144,5182,2472
,,,,,,,,35,18964,5416,2584
,,,,,,,,36,19300,5510,2632
,,,,,,,,37,19270,5502,2626
,,,,,,,,38,19144,5468,2610
,,,,,,,,39,19084,5450,2602
,,,,,,,,40,19374,5532,2642
,,,,,,,,41,21192,6052,2888
,,,,,,,,42,23030,6578,3140
,,,,,,,,43,22828,6520,3112
,,,,,,,,44,22276,6362,3038
,,,,,,,,45,21376,6104,2914
,,,,,,,,46,19958,5700,2720
,,,,,,,,47,18200,5198,2482
,,,,,,,,48,16608,4744,2264
,,,,,,,,49,15552,4442,2120
,,,,,,,,50,15026,4290,2048
,,,,,,,,51,14772,4218,2014
,,,,,,,,52,14802,4228,2018
,,,,,,,,53,15334,4378,2090
,,,,,,,,54,16910,4828,2304
,,,,,,,,55,19696,5624,2686
,,,,,,,,56,21258,6070,2898
,,,,,,,,57,21522,6146,2934
,,,,,,,,58,21670,6188,2954
,,,,,,,,59,21864,6244,2980
,,,,,,,,60,21900,6254,2986
,,,,,,,,61,21810,6230,2974
,,,,,,,,62,21780,6222,2968
,,,,,,,,63,21698,6196,2958
,,,,,,,,64,21998,6282,2998
,,,,,,,,65,23716,6772,3232
,,,,,,,,66,25592,7308,3490
,,,,,,,,67,25642,7322,3496
,,,,,,,,68,25210,7200,3438
,,,,,,,,69,24390,6966,3326
,,,,,,,,70,22952,6554,3130
,,,,,,,,71,21030,6006,2868
,,,,,,,,72,19348,5526,2638
,,,,,,,,73,18302,5228,2494
,,,,,,,,74,17752,5070,2420
,,,,,,,,75,17472,4990,2382
,,,,,,,,76,17504,4998,2386
,,,,,,,,77,17980,5136,2452
,,,,,,,,78,19466,5560,2654
,,,,,,,,79,22168,6332,3022
,,,,,,,,80,23640,6752,3222
,,,,,,,,81,23668,6760,3228
,,,,,,,,82,23606,6742,3218
,,,,,,,,83,23554,6726,3210
,,,,,,,,84,23322,6660,3180
,,,,,,,,85,22988,6566,3134
,,,,,,,,86,22790,6510,3108
,,,,,,,,87,22612,6458,3082
,,,,,,,,88,22846,6524,3114
,,,,,,,,89,24442,6982,3332
,,,,,,,,90,25742,7352,3510
,,,,,,,,91,25544,7294,3482
,,,,,,,,92,24948,7124,3402
,,,,,,,,93,23994,6852,3270
,,,,,,,,94,22414,6402,3056
,,,,,,,,95,20402,5828,2782
,,,,,,,,96,18540,5296,2528
,,,,,,,,97,17352,4956,2364
,,,,,,,,98,16716,4774,2280
,,,,,,,,99,16396,4682,2234
,,,,,,,,100,16336,4666,2228
,,,,,,,,101,16756,4786,2284
,,,,,,,,102,18130,5178,2472
,,,,,,,,103,20742,5924,2828
,,,,,,,,104,22272,6362,3036
,,,,,,,,105,22434,6408,3060
,,,,,,,,106,22534,6436,3072
,,,,,,,,107,22432,6406,3060
,,,,,,,,108,22118,6318,3016
,,,,,,,,109,21846,6238,2978
,,,,,,,,110,21738,6208,2964
,,,,,,,,111,21566,6160,2940
,,,,,,,,112,21706,6200,2958
,,,,,,,,113,23084,6592,3148
,,,,,,,,114,24594,7024,3352
,,,,,,,,115,24504,6998,3342
,,,,,,,,116,23948,6840,3264
,,,,,,,,117,23054,6584,3142
,,,,,,,,118,21576,6162,2942
,,,,,,,,119,19590,5594,2670
,,,,,,,,120,17874,5106,2436
,,,,,,,,121,16752,4784,2282
,,,,,,,,122,16142,4610,2200
,,,,,,,,123,15830,4520,2158
,,,,,,,,124,15752,4498,2148
,,,,,,,,125,16136,4608,2200
,,,,,,,,126,17500,4998,2386
,,,,,,,,127,20064,5730,2736
,,,,,,,,128,21600,6170,2946
,,,,,,,,129,21780,6220,2968
,,,,,,,,130,21802,6226,2972
,,,,,,,,131,21706,6200,2958
,,,,,,,,132,21384,6106,2916
,,,,,,,,133,21030,6006,2868
,,,,,,,,134,20846,5952,2842
,,,,,,,,135,20556,5870,2802
,,,,,,,,136,20654,5900,2816
,,,,,,,,137,21860,6242,2980
,,,,,,,,138,23014,6572,3138
,,,,,,,,139,22644,6468,3088
,,,,,,,,140,21992,6280,2998
,,,,,,,,141,21122,6032,2880
,,,,,,,,142,19988,5710,2726
,,,,,,,,143,18448,5270,2514
,,,,,,,,144,16864,4816,2300
,,,,,,,,145,15638,4468,2132
,,,,,,,,146,14960,4272,2040
,,,,,,,,147,14592,4166,1988
,,,,,,,,148,14442,4126,1968
,,,,,,,,149,14586,4166,1988
,,,,,,,,150,15142,4324,2064
,,,,,,,,151,16146,4610,2200
,,,,,,,,152,17204,4912,2344
,,,,,,,,153,18286,5222,2494
,,,,,,,,154,18942,5408,2582
,,,,,,,,155,19126,5462,2606
,,,,,,,,156,18972,5418,2586
,,,,,,,,157,18624,5318,2538
,,,,,,,,158,18230,5206,2484
,,,,,,,,159,17952,5128,2448
,,,,,,,,160,18144,5182,2472
,,,,,,,,161,19472,5560,2656
,,,,,,,,162,20806,5940,2836
,,,,,,,,163,20560,5872,2804
,,,,,,,,164,19900,5684,2714
,,,,,,,,165,19276,5504,2628
,,,,,,,,166,18374,5248,2504
,,,,,,,,167,17194,4910,2344
,,,,,,,,168,15896,4540,2168
,,,,,,,,169,14808,4228,2020
,,,,,,,,170,14178,4048,1932
,,,,,,,,171,13804,3942,1882
,,,,,,,,172,13704,3914,1868
,,,,,,,,173,13808,3944,1882
,,,,,,,,174,14210,4058,1938
,,,,,,,,175,14988,4280,2042
,,,,,,,,176,15802,4512,2154
,,,,,,,,177,16936,4836,2308
,,,,,,,,178,17812,5088,2428
,,,,,,,,179,18366,5246,2504
,,,,,,,,180,18712,5344,2552
,,,,,,,,181,18772,5360,2560
,,,,,,,,182,18668,5330,2544
,,,,,,,,183,18602,5312,2536
,,,,,,,,184,18862,5388,2572
,,,,,,,,185,20480,5850,2792
,,,,,,,,186,22162,6330,3022
,,,,,,,,187,22128,6320,3018
,,,,,,,,188,21558,6156,2938
,,,,,,,,189,20810,5942,2836
,,,,,,,,190,19582,5592,2670
,,,,,,,,191,17966,5130,2450
,,,,,,,,192,16552,4728,2256
,,,,,,,,193,15626,4462,2130
,,,,,,,,194,15180,4336,2070
,,,,,,,,195,15014,4288,2048
,,,,,,,,196,15072,4304,2054
,,,,,,,,197,15616,4460,2130
,,,,,,,,198,17184,4908,2342
,,,,,,,,199,20006,5714,2726
,,,,,,,,200,21636,6180,2950
,,,,,,,,201,21796,6224,2972
,,,,,,,,202,21818,6230,2974
,,,,,,,,203,21806,6228,2974
,,,,,,,,204,21620,6174,2948
,,,,,,,,205,21254,6070,2898
,,,,,,,,206,21026,6004,2868
,,,,,,,,207,20732,5920,2828
,,,,,,,,208,20802,5940,2836
,,,,,,,,209,22202,6340,3028
,,,,,,,,210,24088,6880,3284
,,,,,,,,211,24030,6862,3276
,,,,,,,,212,23386,6678,3188
,,,,,,,,213,22450,6410,3060
,,,,,,,,214,20906,5970,2850
,,,,,,,,215,18940,5408,2582
,,,,,,,,216,17200,4912,2344
,,,,,,,,217,16058,4586,2190
,,,,,,,,218,15490,4424,2110
,,,,,,,,219,15178,4334,2070
,,,,,,,,220,15156,4328,2066
,,,,,,,,221,15594,4454,2126
,,,,,,,,222,17042,4868,2322
,,,,,,,,223,19786,5650,2698
,,,,,,,,224,21252,6070,2898
,,,,,,,,225,21330,6092,2908
,,,,,,,,226,21438,6122,2922
,,,,,,,,227,21446,6124,2924
,,,,,,,,228,21238,6066,2896
,,,,,,,,229,20888,5966,2848
,,,,,,,,230,20710,5914,2824
,,,,,,,,231,20524,5860,2798
,,,,,,,,232,20664,5900,2816
,,,,,,,,233,22016,6288,3002
,,,,,,,,234,23556,6726,3210
,,,,,,,,235,23382,6678,3188
,,,,,,,,236,22802,6512,3110
,,,,,,,,237,21946,6268,2992
,,,,,,,,238,20500,5854,2796
,,,,,,,,239,18594,5310,2534
,,,,,,,,240,16936,4836,2308
,,,,,,,,241,15884,4538,2166
,,,,,,,,242,15358,4386,2094
,,,,,,,,243,15116,4316,2060
,,,,,,,,244,15184,4336,2070
,,,,,,,,245,15660,4472,2134
,,,,,,,,246,17226,4918,2348
,,,,,,,,247,19982,5708,2726
,,,,,,,,248,21444,6124,2924
,,,,,,,,249,21446,6124,2924
,,,,,,,,250,21318,6088,2906
,,,,,,,,251,21242,6066,2896
,,,,,,,,252,21072,6018,2872
,,,,,,,,253,20776,5932,2832
,,,,,,,,254,20656,5900,2816
,,,,,,,,255,20460,5842,2788
,,,,,,,,256,20598,5882,2808
,,,,,,,,257,21930,6262,2990
,,,,,,,,258,23562,6730,3212
,,,,,,,,259,23474,6704,3200
,,,,,,,,260,22896,6540,3120
,,,,,,,,261,22018,6288,3002
,,,,,,,,262,20510,5858,2796
,,,,,,,,263,18550,5298,2530
,,,,,,,,264,16824,4804,2292
,,,,,,,,265,15684,4478,2138
,,,,,,,,266,15058,4300,2052
,,,,,,,,267,14762,4216,2012
,,,,,,,,268,14756,4214,2010
,,,,,,,,269,15214,4344,2074
,,,,,,,,270,16644,4752,2270
,,,,,,,,271,19216,5488,2620
,,,,,,,,272,20994,5996,2862
,,,,,,,,273,21488,6136,2928
,,,,,,,,274,21838,6238,2978
,,,,,,,,275,22146,6324,3018
,,,,,,,,276,22224,6346,3030
,,,,,,,,277,22136,6322,3018
,,,,,,,,278,22038,6294,3004
,,,,,,,,279,21746,6210,2964
,,,,,,,,280,21694,6196,2958
,,,,,,,,281,22728,6492,3100
,,,,,,,,282,23902,6826,3260
,,,,,,,,283,23660,6756,3226
,,,,,,,,284,22958,6556,3130
,,,,,,,,285,21994,6280,2998
,,,,,,,,286,20448,5840,2786
,,,,,,,,287,18502,5284,2522
,,,,,,,,288,16810,4800,2292
,,,,,,,,289,15622,4462,2130
,,,,,,,,290,15026,4290,2048
,,,,,,,,291,14742,4210,2008
,,,,,,,,292,14688,4196,2002
,,,,,,,,293,15084,4308,2056
,,,,,,,,294,16434,4694,2240
,,,,,,,,295,19002,5426,2590
,,,,,,,,296,20680,5906,2818
,,,,,,,,297,21006,6000,2864
,,,,,,,,298,21096,6024,2876
,,,,,,,,299,21124,6032,2880
,,,,,,,,300,21032,6006,2868
,,,,,,,,301,20840,5952,2842
,,,,,,,,302,20756,5928,2830
,,,,,,,,303,20678,5906,2818
,,,,,,,,304,20978,5990,2860
,,,,,,,,305,22282,6364,3038
,,,,,,,,306,23590,6738,3216
,,,,,,,,307,23376,6676,3188
,,,,,,,,308,22778,6506,3106
,,,,,,,,309,22020,6290,3002
,,,,,,,,310,20890,5966,2848
,,,,,,,,311,19374,5532,2642
,,,,,,,,312,17862,5100,2434
,,,,,,,,313,16682,4764,2274
,,,,,,,,314,15992,4568,2180
,,,,,,,,315,15604,4458,2128
,,,,,,,,316,15484,4422,2110
,,,,,,,,317,15646,4468,2132
,,,,,,,,318,16194,4626,2208
,,,,,,,,319,17222,4918,2348
,,,,,,,,320,18256,5214,2488
,,,,,,,,321,19426,5548,2648
,,,,,,,,322,20346,5810,2774
,,,,,,,,323,20734,5920,2828
,,,,,,,,324,20604,5884,2808
,,,,,,,,325,20276,5790,2766
,,,,,,,,326,19896,5682,2712
,,,,,,,,327,19716,5630,2688
,,,,,,,,328,19876,5676,2710
,,,,,,,,329,21172,6046,2888
,,,,,,,,330,22940,6552,3128
,,,,,,,,331,22934,6550,3128
,,,,,,,,332,22420,6402,3058
,,,,,,,,333,21714,6202,2960
,,,,,,,,334,20854,5956,2844
,,,,,,,,335,19832,5664,2704
,,,,,,,,336,18642,5324,2542
,,,,,,,,337,17522,5004,2390
,,,,,,,,338,16852,4812,2298
,,,,,,,,339,16580,4736,2260
,,,,,,,,340,16548,4726,2256
,,,,,,,,341,16734,4778,2280
,,,,,,,,342,17200,4912,2344
,,,,,,,,343,18004,5142,2454
,,,,,,,,344,18872,5388,2574
,,,,,,,,345,20098,5740,2740
,,,,,,,,346,21020,6002,2866
,,,,,,,,347,21524,6146,2934
,,,,,,,,348,21692,6194,2958
,,,,,,,,349,21674,6190,2956
,,,,,,,,350,21454,6128,2926
,,,,,,,,351,21322,6090,2908
,,,,,,,,352,21494,6138,2930
,,,,,,,,353,22886,6536,3120
,,,,,,,,354,24706,7056,3368
,,,,,,,,355,24736,7064,3372
,,,,,,,,356,24048,6868,3280
,,,,,,,,357,23360,6672,3184
,,,,,,,,358,22196,6340,3026
,,,,,,,,359,20806,5942,2836
,,,,,,,,360,19414,5544,2646
,,,,,,,,361,18436,5266,2514
,,,,,,,,362,17926,5118,2444
,,,,,,,,363,17720,5060,2416
,,,,,,,,364,17728,5064,2416
,,,,,,,,365,18138,5180,2472
,,,,,,,,366,19208,5486,2618
,,,,,,,,367,20976,5990,2860
,,,,,,,,368,22278,6362,3038
,,,,,,,,369,23174,6618,3160
,,,,,,,,370,23674,6762,3228
,,,,,,,,371,23866,6816,3254
,,,,,,,,372,23676,6762,3228
,,,,,,,,373,23296,6652,3176
,,,,,,,,374,23030,6578,3140
,,,,,,,,375,22740,6494,3100
,,,,,,,,376,22784,6508,3106
,,,,,,,,377,23944,6838,3264
,,,,,,,,378,25490,7280,3474
,,,,,,,,379,25208,7200,3436
,,,,,,,,380,24446,6982,3332
,,,,,,,,381,23336,6664,3180
,,,,,,,,382,21736,6208,2964
,,,,,,,,383,19822,5660,2702
,,,,,,,,384,18056,5158,2462
,,,,,,,,385,16844,4810,2296
,,,,,,,,386,16160,4616,2202
,,,,,,,,387,15852,4528,2160
,,,,,,,,388,15770,4504,2150
,,,,,,,,389,16168,4618,2204
,,,,,,,,390,17542,5008,2392
,,,,,,,,391,20034,5722,2732
,,,,,,,,392,21496,6140,2930
,,,,,,,,393,21712,6202,2960
,,,,,,,,394,21722,6202,2960
,,,,,,,,395,21706,6200,2958
,,,,,,,,396,21622,6174,2948
,,,,,,,,397,21508,6142,2932
,,,,,,,,398,21482,6136,2928
,,,,,,,,399,21410,6114,2918
,,,,,,,,400,21616,6172,2948
,,,,,,,,401,22816,6516,3110
,,,,,,,,402,23980,6848,3270
,,,,,,,,403,23646,6752,3224
,,,,,,,,404,22934,6550,3126
,,,,,,,,405,21872,6248,2982
,,,,,,,,406,20290,5794,2766
,,,,,,,,407,18316,5230,2496
,,,,,,,,408,16540,4724,2254
,,,,,,,,409,15346,4382,2092
,,,,,,,,410,14736,4208,2008
,,,,,,,,411,14420,4118,1966
,,,,,,,,412,14384,4108,1960
,,,,,,,,413,14856,4242,2026
,,,,,,,,414,16390,4680,2234
,,,,,,,,415,19202,5484,2618
,,,,,,,,416,20674,5904,2818
,,,,,,,,417,20828,5948,2838
,,,,,,,,418,20954,5984,2856
,,,,,,,,419,21116,6030,2878
,,,,,,,,420,21126,6034,2880
,,,,,,,,421,21028,6006,2868
,,,,,,,,422,21004,6000,2864
,,,,,,,,423,20904,5970,2850
,,,,,,,,424,21080,6020,2874
,,,,,,,,425,22334,6378,3046
,,,,,,,,426,24444,6982,3332
,,,,,,,,427,24622,7032,3358
,,,,,,,,428,24194,6910,3298
,,,,,,,,429,23362,6672,3184
,,,,,,,,430,21950,6270,2992
,,,,,,,,431,20152,5756,2746
,,,,,,,,432,18498,5282,2522
,,,,,,,,433,17468,4988,2382
,,,,,,,,434,16976,4848,2314
,,,,,,,,435,16772,4790,2286
,,,,,,,,436,16810,4800,2292
,,,,,,,,437,17344,4952,2364
,,,,,,,,438,18892,5396,2576
,,,,,,,,439,21720,6202,2960
,,,,,,,,440,23202,6626,3162
,,,,,,,,441,23266,6644,3172
,,,,,,,,442,23148,6612,3156
,,,,,,,,443,23022,6574,3140
,,,,,,,,444,22736,6492,3100
,,,,,,,,445,22380,6392,3050
,,,,,,,,446,22156,6328,3020
,,,,,,,,447,21892,6252,2986
,,,,,,,,448,22042,6296,3006
,,,,,,,,449,23154,6612,3158
,,,,,,,,450,24704,7056,3368
,,,,,,,,451,24660,7042,3362
,,,,,,,,452,24234,6922,3304
,,,,,,,,453,23262,6644,3170
,,,,,,,,454,21730,6206,2962
,,,,,,,,455,19800,5654,2700
,,,,,,,,456,18050,5156,2462
,,,,,,,,457,16868,4818,2300
,,,,,,,,458,16200,4628,2210
,,,,,,,,459,15894,4538,2166
,,,,,,,,460,15826,4520,2158
,,,,,,,,461,16304,4658,2222
,,,,,,,,462,17732,5064,2418
,,,,,,,,463,20376,5820,2778
,,,,,,,,464,21782,6222,2968
,,,,,,,,465,21940,6266,2990
,,,,,,,,466,22004,6284,3000
,,,,,,,,467,22066,6302,3008
,,,,,,,,468,21976,6276,2996
,,,,,,,,469,21730,6206,2962
,,,,,,,,470,21572,6162,2940
,,,,,,,,471,21312,6086,2906
,,,,,,,,472,21348,6098,2910
,,,,,,,,473,22296,6368,3040
,,,,,,,,474,24050,6870,3280
,,,,,,,,475,23960,6842,3266
,,,,,,,,476,23372,6674,3186
,,,,,,,,477,22610,6458,3082
,,,,,,,,478,21522,6146,2934
,,,,,,,,479,20038,5722,2732
,,,,,,,,480,18486,5278,2520
,,,,,,,,481,17380,4964,2370
,,,,,,,,482,16760,4786,2284
,,,,,,,,483,16380,4678,2232
,,,,,,,,484,16232,4636,2212
,,,,,,,,485,16370,4676,2232
,,,,,,,,486,16900,4828,2304
,,,,,,,,487,17946,5126,2446
,,,,,,,,488,19192,5480,2616
,,,,,,,,489,20580,5878,2806
,,,,,,,,490,21790,6222,2970
,,,,,,,,491,22534,6436,3072
,,,,,,,,492,22852,6526,3116
,,,,,,,,493,22850,6526,3116
,,,,,,,,494,22560,6442,3076
,,,,,,,,495,22192,6338,3026
,,,,,,,,496,22036,6292,3004
,,,,,,,,497,22878,6532,3120
,,,,,,,,498,24322,6946,3316
,,,,,,,,499,24072,6874,3282
,,,,,,,,500,23238,6636,3168
,,,,,,,,501,22380,6390,3050
,,,,,,,,502,21268,6074,2898
,,,,,,,,503,19902,5684,2714
,,,,,,,,504,18566,5302,2532
,,,,,,,,505,17522,5004,2390
,,,,,,,,506,16948,4840,2312
,,,,,,,,507,16672,4760,2272
,,,,,,,,508,16550,4728,2256
,,,,,,,,509,16660,4758,2272
,,,,,,,,510,17114,4888,2332
,,,,,,,,511,17918,5118,2444
,,,,,,,,512,18798,5368,2564
,,,,,,,,513,19964,5700,2722
,,,,,,,,514,20682,5906,2820
,,,,,,,,515,20966,5988,2858
,,,,,,,,516,20962,5986,2856
,,,,,,,,517,20836,5950,2840
,,,,,,,,518,20678,5906,2818
,,,,,,,,519,20616,5888,2810
,,,,,,,,520,20652,5898,2816
,,,,,,,,521,21616,6172,2948
,,,,,,,,522,23054,6584,3142
,,,,,,,,523,23062,6586,3144
,,,,,,,,524,22640,6466,3088
,,,,,,,,525,21810,6230,2974
,,,,,,,,526,20444,5840,2786
,,,,,,,,527,18916,5402,2578
,,,,,,,,528,17366,4958,2368
,,,,,,,,529,16252,4642,2216
,,,,,,,,530,15684,4478,2138
,,,,,,,,531,15454,4414,2108
,,,,,,,,532,15466,4418,2110
,,,,,,,,533,15946,4554,2174
,,,,,,,,534,17408,4970,2372
,,,,,,,,535,20068,5730,2736
,,,,,,,,536,21562,6158,2938
,,,,,,,,537,21884,6252,2984
,,,,,,,,538,22066,6302,3008
,,,,,,,,539,22238,6352,3032
,,,,,,,,540,22206,6340,3028
,,,,,,,,541,21992,6280,2998
,,,,,,,,542,21842,6238,2978
,,,,,,,,543,21606,6170,2946
,,,,,,,,544,21616,6172,2948
,,,,,,,,545,22602,6454,3080
,,,,,,,,546,24038,6864,3278
,,,,,,,,547,23838,6808,3250
,,,,,,,,548,23082,6592,3148
,,,,,,,,549,21994,6280,2998
,,,,,,,,550,20394,5824,2780
,,,,,,,,551,18388,5250,2506
,,,,,,,,552,16570,4732,2260
,,,,,,,,553,15414,4402,2100
,,,,,,,,554,14682,4194,2000
,,,,,,,,555,14324,4090,1952
,,,,,,,,556,14232,4064,1940
,,,,,,,,557,14638,4180,1996
,,,,,,,,558,15988,4566,2180
,,,,,,,,559,18674,5332,2546
,,,,,,,,560,20156,5756,2748
,,,,,,,,561,20306,5800,2768
,,,,,,,,562,20222,5776,2756
,,,,,,,,563,20246,5782,2760
,,,,,,,,564,20162,5758,2748
,,,,,,,,565,19930,5692,2716
,,,,,,,,566,19778,5650,2696
,,,,,,,,567,19566,5588,2666
,,,,,,,,568,19582,5592,2670
,,,,,,,,569,20562,5872,2804
,,,,,,,,570,22364,6388,3050
,,,,,,,,571,22384,6392,3052
,,,,,,,,572,21852,6240,2978
,,,,,,,,573,20986,5994,2860
,,,,,,,,574,19552,5584,2664
,,,,,,,,575,17760,5072,2422
,,,,,,,,576,16084,4594,2192
,,,,,,,,577,15006,4286,2046
,,,,,,,,578,14464,4130,1972
,,,,,,,,579,14222,4062,1938
,,,,,,,,580,14234,4066,1940
,,,,,,,,581,14692,4196,2002
,,,,,,,,582,16174,4618,2204
,,,,,,,,583,18980,5420,2588
,,,,,,,,584,20546,5868,2802
,,,,,,,,585,20676,5904,2818
,,,,,,,,586,20792,5938,2836
,,,,,,,,587,20886,5964,2848
,,,,,,,,588,20832,5950,2840
,,,,,,,,589,20624,5890,2812
,,,,,,,,590,20512,5858,2796
,,,,,,,,591,20276,5790,2766
,,,,,,,,592,20244,5782,2760
,,,,,,,,593,21156,6042,2884
,,,,,,,,594,23146,6612,3156
,,,,,,,,595,23280,6650,3174
,,,,,,,,596,22750,6498,3102
,,,,,,,,597,21916,6260,2988
,,,,,,,,598,20422,5832,2784
,,,,,,,,599,18486,5278,2520
,,,,,,,,600,16770,4788,2286
,,,,,,,,601,15650,4470,2134
,,,,,,,,602,15078,4306,2056
,,,,,,,,603,14808,4228,2020
,,,,,,,,604,14796,4226,2018
,,,,,,,,605,15264,4360,2080
,,,,,,,,606,16686,4766,2274
,,,,,,,,607,19474,5560,2656
,,,,,,,,608,20964,5988,2858
,,,,,,,,609,21064,6016,2872
,,,,,,,,610,21000,5998,2864
,,,,,,,,611,20948,5982,2856
,,,,,,,,612,20810,5944,2836
,,,,,,,,613,20644,5896,2814
,,,,,,,,614,20628,5890,2812
,,,,,,,,615,20570,5874,2804
,,,,,,,,616,20728,5920,2826
,,,,,,,,617,21736,6208,2964
,,,,,,,,618,23320,6660,3180
,,,,,,,,619,23260,6642,3170
,,,,,,,,620,22722,6490,3098
,,,,,,,,621,21822,6232,2976
,,,,,,,,622,20382,5820,2778
,,,,,,,,623,18488,5280,2520
,,,,,,,,624,16792,4796,2290
,,,,,,,,625,15644,4468,2132
,,,,,,,,626,14988,4280,2042
,,,,,,,,627,14686,4194,2002
,,,,,,,,628,14578,4164,1988
,,,,,,,,629,14964,4274,2040
,,,,,,,,630,16284,4650,2220
,,,,,,,,631,18776,5362,2560
,,,,,,,,632,20466,5844,2790
,,,,,,,,633,20988,5994,2862
,,,,,,,,634,21330,6092,2908
,,,,,,,,635,21560,6158,2938
,,,,,,,,636,21634,6178,2948
,,,,,,,,637,21486,6136,2928
,,,,,,,,638,21314,6088,2906
,,,,,,,,639,21032,6006,2868
,,,,,,,,640,20936,5980,2854
,,,,,,,,641,21576,6162,2942
,,,,,,,,642,22508,6428,3070
,,,,,,,,643,22176,6334,3024
,,,,,,,,644,21430,6120,2922
,,,,,,,,645,20624,5890,2812
,,,,,,,,646,19534,5580,2664
,,,,,,,,647,18082,5164,2464
,,,,,,,,648,16610,4744,2264
,,,,,,,,649,15426,4406,2102
,,,,,,,,650,14712,4202,2006
,,,,,,,,651,14348,4096,1956
,,,,,,,,652,14212,4058,1938
,,,,,,,,653,14340,4096,1956
,,,,,,,,654,14940,4268,2038
,,,,,,,,655,15978,4564,2178
,,,,,,,,656,17086,4878,2330
,,,,,,,,657,18258,5214,2490
,,,,,,,,658,19008,5430,2592
,,,,,,,,659,19342,5524,2636
,,,,,,,,660,19156,5470,2612
,,,,,,,,661,18794,5368,2562
,,,,,,,,662,18304,5228,2494
,,,,,,,,663,18004,5142,2454
,,,,,,,,664,18010,5144,2454
,,,,,,,,665,18870,5388,2574
,,,,,,,,666,20682,5906,2820
,,,,,,,,667,20832,5950,2840
,,,,,,,,668,20224,5776,2756
,,,,,,,,669,19604,5600,2674
,,,,,,,,670,18662,5330,2544
,,,,,,,,671,17460,4986,2380
,,,,,,,,672,16176,4620,2206
,,,,,,,,673,15134,4322,2062
,,,,,,,,674,14508,4144,1978
,,,,,,,,675,14176,4048,1932
,,,,,,,,676,14068,4016,1918
,,,,,,,,677,14202,4056,1936
,,,,,,,,678,14624,4178,1994
,,,,,,,,679,15398,4398,2100
,,,,,,,,680,16180,4620,2206
,,,,,,,,681,17346,4954,2364
,,,,,,,,682,18138,5180,2472
,,,,,,,,683,18570,5304,2532
,,,,,,,,684,18722,5348,2552
,,,,,,,,685,18664,5330,2544
,,,,,,,,686,18474,5276,2518
,,,,,,,,687,18274,5220,2492
,,,,,,,,688,18354,5242,2502
,,,,,,,,689,19412,5544,2646
,,,,,,,,690,21564,6158,2940
,,,,,,,,691,21900,6254,2986
,,,,,,,,692,21382,6106,2916
,,,,,,,,693,20576,5876,2806
,,,,,,,,694,19276,5506,2628
,,,,,,,,695,17698,5054,2412
,,,,,,,,696,16230,4636,2212
,,,,,,,,697,15238,4352,2078
,,,,,,,,698,14748,4212,2010
,,,,,,,,699,14556,4158,1984
,,,,,,,,700,14614,4174,1992
,,,,,,,,701,15142,4324,2064
,,,,,,,,702,16636,4750,2268
,,,,,,,,703,19452,5556,2652
,,,,,,,,704,20962,5986,2856
,,,,,,,,705,21160,6042,2886
,,,,,,,,706,21340,6094,2908
,,,,,,,,707,21322,6090,2908
,,,,,,,,708,21230,6062,2894
,,,,,,,,709,21064,6016,2872
,,,,,,,,710,20908,5970,2850
,,,,,,,,711,20686,5908,2820
,,,,,,,,712,20758,5930,2830
,,,,,,,,713,21634,6178,2948
,,,,,,,,714,23690,6766,3230
,,,,,,,,715,23948,6840,3266
,,,,,,,,716,23384,6678,3188
,,,,,,,,717,22506,6428,3070
,,,,,,,,718,20970,5990,2858
,,,,,,,,719,19018,5430,2594
,,,,,,,,720,17266,4930,2352
,,,,,,,,721,16168,4618,2204
,,,,,,,,722,15568,4448,2122
,,,,,,,,723,15280,4364,2082
,,,,,,,,724,15252,4356,2080
,,,,,,,,725,15692,4482,2140
,,,,,,,,726,17114,4888,2332
,,,,,,,,727,19820,5660,2702
,,,,,,,,728,21318,6088,2908
,,,,,,,,729,21464,6130,2926
,,,,,,,,730,21442,6122,2924
,,,,,,,,731,21340,6094,2908
,,,,,,,,732,21094,6024,2876
,,,,,,,,733,20732,5920,2828
,,,,,,,,734,20440,5838,2786
,,,,,,,,735,20096,5740,2740
,,,,,,,,736,19980,5706,2724
,,,,,,,,737,20668,5902,2816
,,,,,,,,738,22586,6452,3080
,,,,,,,,739,22846,6524,3114
,,,,,,,,740,22296,6368,3040
,,,,,,,,741,21388,6108,2916
,,,,,,,,742,19942,5696,2718
,,,,,,,,743,18032,5148,2458
,,,,,,,,744,16328,4664,2226
,,,,,,,,745,15234,4350,2076
,,,,,,,,746,14630,4178,1994
,,,,,,,,747,14340,4096,1954
,,,,,,,,748,14340,4096,1956
,,,,,,,,749,14746,4210,2010
,,,,,,,,750,16190,4624,2208
,,,,,,,,751,18894,5396,2576
,,,,,,,,752,20456,5842,2788
,,,,,,,,753,20610,5886,2810
,,,,,,,,754,20624,5890,2812
,,,,,,,,755,20608,5886,2810
,,,,,,,,756,20566,5874,2804
,,,,,,,,757,20354,5812,2776
,,,,,,,,758,20158,5758,2748
,,,,,,,,759,19754,5640,2694
,,,,,,,,760,19584,5592,2670
,,,,,,,,761,20150,5754,2746
,,,,,,,,762,21940,6266,2990
,,,,,,,,763,22184,6336,3024
,,,,,,,,764,21640,6180,2950
,,,,,,,,765,20768,5930,2832
,,,,,,,,766,19356,5528,2638
,,,,,,,,767,17476,4990,2382
,,,,,,,,768,15808,4516,2154
,,,,,,,,769,14730,4206,2008
,,,,,,,,770,14174,4048,1932
,,,,,,,,771,13920,3976,1898
,,,,,,,,772,13942,3982,1900
,,,,,,,,773,14406,4114,1964
,,,,,,,,774,15906,4542,2168
,,,,,,,,775,18710,5344,2550
,,,,,,,,776,20196,5768,2754
,,,,,,,,777,20472,5846,2790
,,,,,,,,778,20658,5900,2816
,,,,,,,,779,20858,5958,2844
,,,,,,,,780,20904,5970,2850
,,,,,,,,781,20820,5946,2838
,,,,,,,,782,20784,5936,2834
,,,,,,,,783,20718,5916,2824
,,,,,,,,784,20906,5970,2850
,,,,,,,,785,21810,6230,2974
,,,,,,,,786,23160,6614,3158
,,,,,,,,787,23226,6632,3166
,,,,,,,,788,22692,6482,3094
,,,,,,,,789,21868,6246,2982
,,,,,,,,790,20452,5840,2788
,,,,,,,,791,18608,5314,2536
,,,,,,,,792,16954,4842,2312
,,,,,,,,793,15870,4532,2164
,,,,,,,,794,15292,4368,2084
,,,,,,,,795,15086,4308,2056
,,,,,,,,796,15116,4316,2060
,,,,,,,,797,15582,4450,2124
,,,,,,,,798,17094,4880,2330
,,,,,,,,799,19880,5678,2710
,,,,,,,,800,21252,6070,2898
,,,,,,,,801,21420,6118,2920
,,,,,,,,802,21370,6102,2914
,,,,,,,,803,21320,6090,2908
,,,,,,,,804,21114,6030,2878
,,,,,,,,805,20730,5920,2826
,,,,,,,,806,20470,5846,2790
,,,,,,,,807,20152,5756,2746
,,,,,,,,808,20046,5726,2734
,,,,,,,,809,20644,5896,2814
,,,,,,,,810,22296,6368,3038
,,,,,,,,811,22520,6432,3070
,,,,,,,,812,21964,6272,2994
,,,,,,,,813,21226,6060,2894
,,,,,,,,814,20122,5746,2744
,,,,,,,,815,18618,5318,2538
,,,,,,,,816,16998,4854,2318
,,,,,,,,817,15802,4512,2154
,,,,,,,,818,15140,4324,2064
,,,,,,,,819,14774,4218,2014
,,,,,,,,820,14632,4178,1994
,,,,,,,,821,14742,4210,2008
,,,,,,,,822,15276,4362,2082
,,,,,,,,823,16326,4662,2226
,,,,,,,,824,17406,4970,2372
,,,,,,,,825,18544,5296,2528
,,,,,,,,826,19238,5494,2624
,,,,,,,,827,19476,5562,2656
,,,,,,,,828,19326,5520,2636
,,,,,,,,829,19006,5428,2592
,,,,,,,,830,18606,5314,2536
,,,,,,,,831,18356,5242,2504
,,,,,,,,832,18378,5250,2504
,,,,,,,,833,19102,5456,2604
,,,,,,,,834,20946,5982,2856
,,,,,,,,835,21348,6096,2910
,,,,,,,,836,20854,5956,2844
,,,,,,,,837,20266,5788,2764
,,,,,,,,838,19370,5532,2640
,,,,,,,,839,18174,5190,2478
,,,,,,,,840,16918,4832,2306
,,,,,,,,841,15912,4544,2170
,,,,,,,,842,15342,4382,2090
,,,,,,,,843,15076,4306,2056
,,,,,,,,844,15002,4284,2046
,,,,,,,,845,15118,4316,2060
,,,,,,,,846,15558,4444,2120
,,,,,,,,847,16292,4652,2220
,,,,,,,,848,17190,4908,2342
,,,,,,,,849,18378,5250,2504
,,,,,,,,850,19140,5466,2610
,,,,,,,,851,19458,5556,2652
,,,,,,,,852,19564,5588,2666
,,,,,,,,853,19484,5564,2656
,,,,,,,,854,19208,5486,2618
,,,,,,,,855,19012,5430,2592
,,,,,,,,856,19118,5460,2606
,,,,,,,,857,19950,5698,2720
,,,,,,,,858,21740,6208,2964
,,,,,,,,859,21454,6126,2926
,,,,,,,,860,20408,5830,2782
,,,,,,,,861,19880,5678,2710
,,,,,,,,862,19022,5432,2594
,,,,,,,,863,18368,5246,2504
,,,,,,,,864,16862,4816,2298
,,,,,,,,865,15732,4492,2144
,,,,,,,,866,15198,4340,2072
,,,,,,,,867,15004,4286,2046
,,,,,,,,868,15058,4300,2052
,,,,,,,,869,15536,4438,2118
,,,,,,,,870,16994,4854,2316
,,,,,,,,871,19654,5612,2680
,,,,,,,,872,20978,5990,2860
,,,,,,,,873,21164,6044,2886
,,,,,,,,874,21052,6012,2870
,,,,,,,,875,20996,5996,2862
,,,,,,,,876,20810,5942,2836
,,,,,,,,877,20440,5838,2786
,,,,,,,,878,20154,5756,2748
,,,,,,,,879,19796,5654,2698
,,,,,,,,880,19650,5610,2678
,,,,,,,,881,20260,5786,2762
,,,,,,,,882,22188,6336,3026
,,,,,,,,883,22744,6496,3100
,,,,,,,,884,22180,6334,3024
,,,,,,,,885,21204,6056,2890
,,,,,,,,886,19684,5622,2684
,,,,,,,,887,17856,5098,2434
,,,,,,,,888,16190,4624,2208
,,,,,,,,889,15140,4324,2064
,,,,,,,,890,14592,4166,1988
,,,,,,,,891,14374,4106,1958
,,,,,,,,892,14402,4112,1964
,,,,,,,,893,14882,4250,2028
,,,,,,,,894,16394,4682,2234
,,,,,,,,895,19088,5450,2602
,,,,,,,,896,20436,5836,2786
,,,,,,,,897,20578,5878,2806
,,,,,,,,898,20594,5880,2806
,,,,,,,,899,20612,5888,2810
,,,,,,,,900,20546,5868,2800
,,,,,,,,901,20338,5808,2772
,,,,,,,,902,20182,5764,2752
,,,,,,,,903,19930,5692,2716
,,,,,,,,904,19946,5696,2718
,,,,,,,,905,20634,5892,2814
,,,,,,,,906,22454,6412,3060
,,,,,,,,907,22908,6542,3122
,,,,,,,,908,22446,6410,3060
,,,,,,,,909,21628,6176,2948
,,,,,,,,910,20224,5776,2756
,,,,,,,,911,18380,5250,2506
,,,,,,,,912,16794,4796,2290
,,,,,,,,913,15794,4510,2152
,,,,,,,,914,15316,4374,2088
,,,,,,,,915,15160,4328,2066
,,,,,,,,916,15254,4358,2080
,,,,,,,,917,15768,4504,2150
,,,,,,,,918,17358,4958,2366
,,,,,,,,919,20160,5758,2748
,,,,,,,,920,21520,6146,2934
,,,,,,,,921,21688,6192,2958
,,,,,,,,922,21578,6162,2942
,,,,,,,,923,21444,6124,2924
,,,,,,,,924,21202,6056,2890
,,,,,,,,925,20872,5960,2846
,,,,,,,,926,20696,5910,2822
,,,,,,,,927,20514,5860,2796
,,,,,,,,928,20710,5914,2824
,,,,,,,,929,21566,6160,2940
,,,,,,,,930,23234,6636,3168
,,,,,,,,931,23498,6712,3204
,,,,,,,,932,22912,6542,3124
,,,,,,,,933,22008,6286,3000
,,,,,,,,934,20516,5860,2796
,,,,,,,,935,18528,5292,2526
,,,,,,,,936,16848,4812,2296
,,,,,,,,937,15744,4498,2146
,,,,,,,,938,15190,4338,2070
,,,,,,,,939,14930,4264,2036
,,,,,,,,940,14948,4268,2038
,,,,,,,,941,15450,4412,2106
,,,,,,,,942,17016,4858,2320
,,,,,,,,943,19786,5650,2698
,,,,,,,,944,21062,6016,2872
,,,,,,,,945,21066,6016,2872
,,,,,,,,946,20896,5968,2848
,,,,,,,,947,20778,5934,2832
,,,,,,,,948,20546,5868,2802
,,,,,,,,949,20214,5772,2756
,,,,,,,,950,20000,5712,2726
,,,,,,,,951,19684,5620,2684
,,,,,,,,952,19630,5606,2676
,,,,,,,,953,20210,5772,2756
,,,,,,,,954,22030,6292,3004
,,,,,,,,955,22714,6488,3098
,,,,,,,,956,22300,6370,3040
,,,,,,,,957,21556,6156,2938
,,,,,,,,958,20226,5776,2756
,,,,,,,,959,18374,5248,2504
,,,,,,,,960,16766,4788,2286
,,,,,,,,961,15764,4502,2150
,,,,,,,,962,15242,4354,2078
,,,,,,,,963,15020,4290,2048
,,,,,,,,964,15064,4302,2054
,,,,,,,,965,15550,4440,2120
,,,,,,,,966,17012,4858,2320
,,,,,,,,967,19668,5618,2682
,,,,,,,,968,21008,6000,2864
,,,,,,,,969,21010,6000,2864
,,,,,,,,970,20780,5934,2834
,,,,,,,,971,20620,5890,2810
,,,,,,,,972,20354,5812,2776
,,,,,,,,973,19940,5696,2718
,,,,,,,,974,19706,5628,2686
,,,,,,,,975,19438,5550,2650
,,,,,,,,976,19348,5526,2638
,,,,,,,,977,19918,5690,2716
,,,,,,,,978,21510,6142,2932
,,,,,,,,979,21772,6218,2968
,,,,,,,,980,21152,6040,2884
,,,,,,,,981,20356,5814,2776
,,,,,,,,982,19254,5498,2624
,,,,,,,,983,17790,5080,2424
,,,,,,,,984,16324,4662,2226
,,,,,,,,985,15226,4348,2076
,,,,,,,,986,14612,4172,1992
,,,,,,,,987,14244,4068,1942
,,,,,,,,988,14110,4030,1924
,,,,,,,,989,14264,4074,1944
,,,,,,,,990,14830,4236,2022
,,,,,,,,991,15882,4536,2166
,,,,,,,,992,17040,4866,2322
,,,,,,,,993,18398,5254,2508
,,,,,,,,994,19446,5554,2652
,,,,,,,,995,19940,5696,2718
,,,,,,,,996,20012,5716,2728
,,,,,,,,997,19828,5662,2704
,,,,,,,,998,19542,5580,2664
,,,,,,,,999,19256,5498,2624
,,,,,,,,1000,19118,5460,2606
,,,,,,,,1001,19704,5628,2686
,,,,,,,,1002,21172,6046,2888
,,,,,,,,1003,21462,6130,2926
,,,,,,,,1004,20844,5952,2842
,,,,,,,,1005,20162,5760,2748
,,,,,,,,1006,19258,5500,2624
,,,,,,,,1007,18118,5174,2470
,,,,,,,,1008,16936,4838,2310
,,,,,,,,1009,16066,4588,2190
,,,,,,,,1010,15586,4452,2124
,,,,,,,,1011,15422,4406,2102
,,,,,,,,1012,15436,4408,2104
,,,,,,,,1013,15644,4468,2132
,,,,,,,,1014,16124,4606,2198
,,,,,,,,1015,16902,4828,2304
,,,,,,,,1016,17764,5074,2422
,,,,,,,,1017,18978,5420,2586
,,,,,,,,1018,19852,5670,2706
,,,,,,,,1019,20284,5792,2766
,,,,,,,,1020,20378,5820,2778
,,,,,,,,1021,20292,5796,2766
,,,,,,,,1022,20072,5732,2736
,,,,,,,,1023,19852,5670,2706
,,,,,,,,1024,19962,5700,2722
,,,,,,,,1025,20808,5942,2836
,,,,,,,,1026,22738,6494,3100
,,,,,,,,1027,23516,6716,3206
,,,,,,,,1028,23112,6602,3150
,,,,,,,,1029,22304,6370,3040
,,,,,,,,1030,20968,5988,2858
,,,,,,,,1031,19444,5552,2650
,,,,,,,,1032,17996,5138,2452
,,,,,,,,1033,17010,4858,2320
,,,,,,,,1034,16530,4720,2252
,,,,,,,,1035,16336,4666,2228
,,,,,,,,1036,16378,4678,2232
,,,,,,,,1037,16856,4814,2298
,,,,,,,,1038,18294,5224,2494
,,,,,,,,1039,20918,5974,2852
,,,,,,,,1040,22198,6340,3028
,,,,,,,,1041,22296,6368,3040
,,,,,,,,1042,22162,6330,3020
,,,,,,,,1043,22030,6292,3004
,,,,,,,,1044,21834,6236,2978
,,,,,,,,1045,21420,6118,2920
,,,,,,,,1046,21098,6026,2878
,,,,,,,,1047,20718,5916,2824
,,,,,,,,1048,20580,5878,2806
,,,,,,,,1049,21072,6018,2872
,,,,,,,,1050,22806,6512,3110
,,,,,,,,1051,23528,6720,3208
,,,,,,,,1052,23088,6592,3148
,,,,,,,,1053,22266,6360,3036
,,,,,,,,1054,20842,5952,2842
,,,,,,,,1055,18968,5418,2586
,,,,,,,,1056,17268,4930,2354
,,,,,,,,1057,16180,4620,2206
,,,,,,,,1058,15622,4462,2130
,,,,,,,,1059,15418,4404,2102
,,,,,,,,1060,15414,4402,2100
,,,,,,,,1061,15886,4538,2166
,,,,,,,,1062,17360,4958,2366
,,,,,,,,1063,20046,5726,2734
,,,,,,,,1064,21318,6088,2908
,,,,,,,,1065,21402,6112,2918
,,,,,,,,1066,21336,6092,2908
,,,,,,,,1067,21296,6082,2904
,,,,,,,,1068,21112,6030,2878
,,,,,,,,1069,20868,5960,2846
,,,,,,,,1070,20682,5906,2820
,,,,,,,,1071,20450,5840,2788
,,,,,,,,1072,20338,5808,2772
,,,,,,,,1073,20766,5930,2830
,,,,,,,,1074,22368,6388,3050
,,,,,,,,1075,22976,6562,3132
,,,,,,,,1076,22394,6396,3052
,,,,,,,,1077,21524,6146,2934
,,,,,,,,1078,20112,5744,2742
,,,,,,,,1079,18268,5218,2490
,,,,,,,,1080,16636,4750,2268
,,,,,,,,1081,15526,4434,2116
,,,,,,,,1082,14932,4264,2036
,,,,,,,,1083,14644,4182,1996
,,,,,,,,1084,14614,4174,1992
,,,,,,,,1085,15020,4288,2048
,,,,,,,,1086,16504,4714,2250
,,,,,,,,1087,19162,5472,2612
,,,,,,,,1088,20582,5878,2806
,,,,,,,,1089,20862,5958,2844
,,,,,,,,1090,20930,5978,2854
,,,,,,,,1091,20990,5994,2862
,,,,,,,,1092,20898,5968,2848
,,,,,,,,1093,20648,5898,2816
,,,,,,,,1094,20532,5864,2798
,,,,,,,,1095,20298,5798,2766
,,,,,,,,1096,20220,5774,2756
,,,,,,,,1097,20718,5918,2826
,,,,,,,,1098,22198,6340,3026
,,,,,,,,1099,22710,6486,3096
,,,,,,,,1100,22176,6334,3024
,,,,,,,,1101,21272,6074,2900
,,,,,,,,1102,19854,5670,2706
,,,,,,,,1103,17986,5138,2452
,,,,,,,,1104,16284,4650,2220
,,,,,,,,1105,15250,4356,2080
,,,,,,,,1106,14704,4198,2004
,,,,,,,,1107,14494,4138,1976
,,,,,,,,1108,14594,4168,1988
,,,,,,,,1109,15064,4302,2054
,,,,,,,,1110,16628,4748,2266
,,,,,,,,1111,19282,5508,2628
,,,,,,,,1112,20574,5876,2806
,,,,,,,,1113,20740,5922,2828
,,,,,,,,1114,20770,5932,2832
,,,,,,,,1115,20730,5920,2826
,,,,,,,,1116,20620,5890,2810
,,,,,,,,1117,20494,5852,2794
,,,,,,,,1118,20488,5850,2794
,,,,,,,,1119,20336,5808,2772
,,,,,,,,1120,20408,5830,2782
,,,,,,,,1121,21144,6040,2882
,,,,,,,,1122,22518,6432,3070
,,,,,,,,1123,22812,6514,3110
,,,,,,,,1124,22242,6352,3032
,,,,,,,,1125,21358,6100,2912
,,,,,,,,1126,19932,5692,2716
,,,,,,,,1127,18050,5156,2462
,,,,,,,,1128,16374,4676,2232
,,,,,,,,1129,15222,4348,2076
,,,,,,,,1130,14568,4160,1986
,,,,,,,,1131,14220,4062,1938
,,,,,,,,1132,14164,4046,1930
,,,,,,,,1133,14532,4150,1980
,,,,,,,,1134,15882,4536,2166
,,,,,,,,1135,18380,5250,2506
,,,,,,,,1136,19870,5674,2708
,,,,,,,,1137,20290,5794,2766
,,,,,,,,1138,20398,5826,2780
,,,,,,,,1139,20426,5834,2786
,,,,,,,,1140,20270,5790,2764
,,,,,,,,1141,19928,5690,2716
,,,,,,,,1142,19684,5622,2684
,,,,,,,,1143,19354,5528,2638
,,,,,,,,1144,19176,5478,2616
,,,,,,,,1145,19514,5572,2660
,,,,,,,,1146,20846,5952,2842
,,,,,,,,1147,21464,6130,2926
,,,,,,,,1148,20930,5978,2854
,,,,,,,,1149,20224,5776,2756
,,,,,,,,1150,19216,5488,2620
,,,,,,,,1151,17804,5086,2428
,,,,,,,,1152,16338,4666,2228
,,,,,,,,1153,15252,4356,2080
,,,,,,,,1154,14638,4180,1996
,,,,,,,,1155,14350,4098,1956
,,,,,,,,1156,14230,4064,1938
,,,,,,,,1157,14376,4106,1960
,,,,,,,,1158,14986,4280,2042
,,,,,,,,1159,15942,4554,2172
,,,,,,,,1160,16974,4848,2314
,,,,,,,,1161,18108,5172,2468
,,,,,,,,1162,18756,5358,2556
,,,,,,,,1163,18950,5412,2584
,,,,,,,,1164,18794,5368,2562
,,,,,,,,1165,18426,5262,2512
,,,,,,,,1166,17974,5134,2450
,,,,,,,,1167,17692,5052,2412
,,,,,,,,1168,17710,5058,2414
,,,,,,,,1169,18312,5228,2496
,,,,,,,,1170,19798,5654,2698
,,,,,,,,1171,20406,5828,2782
,,,,,,,,1172,19870,5676,2708
,,,,,,,,1173,19250,5498,2624
,,,,,,,,1174,18360,5244,2504
,,,,,,,,1175,17162,4902,2340
,,,,,,,,1176,15942,4554,2172
,,,,,,,,1177,14980,4276,2042
,,,,,,,,1178,14420,4118,1966
,,,,,,,,1179,14118,4032,1924
,,,,,,,,1180,14022,4006,1912
,,,,,,,,1181,14140,4038,1928
,,,,,,,,1182,14586,4166,1988
,,,,,,,,1183,15218,4346,2074
,,,,,,,,1184,16024,4576,2184
,,,,,,,,1185,17076,4878,2328
,,,,,,,,1186,17800,5084,2426
,,,,,,,,1187,18068,5160,2464
,,,,,,,,1188,18108,5170,2468
,,,,,,,,1189,17906,5114,2442
,,,,,,,,1190,17562,5016,2394
,,,,,,,,1191,17250,4926,2352
,,,,,,,,1192,17222,4918,2348
,,,,,,,,1193,17834,5094,2432
,,,,,,,,1194,19550,5582,2664
,,,,,,,,1195,20590,5880,2806
,,,,,,,,1196,20152,5756,2746
,,,,,,,,1197,19512,5572,2660
,,,,,,,,1198,18502,5284,2522
,,,,,,,,1199,17240,4924,2350
,,,,,,,,1200,16008,4572,2182
,,,,,,,,1201,15182,4336,2070
,,,,,,,,1202,14698,4198,2004
,,,,,,,,1203,14420,4118,1966
,,,,,,,,1204,14466,4132,1972
,,,,,,,,1205,14856,4242,2026
,,,,,,,,1206,15922,4548,2170
,,,,,,,,1207,17488,4994,2384
,,,,,,,,1208,18694,5340,2548
,,,,,,,,1209,19656,5614,2680
,,,,,,,,1210,20258,5786,2762
,,,,,,,,1211,20526,5862,2798
,,,,,,,,1212,20456,5842,2788
,,,,,,,,1213,20124,5748,2744
,,,,,,,,1214,19764,5644,2696
,,,,,,,,1215,19476,5562,2656
,,,,,,,,1216,19392,5538,2644
,,,,,,,,1217,19980,5706,2724
,,,,,,,,1218,21724,6204,2962
,,,,,,,,1219,22636,6464,3086
,,,,,,,,1220,22080,6306,3010
,,,,,,,,1221,21230,6062,2894
,,,,,,,,1222,19924,5690,2716
,,,,,,,,1223,18256,5214,2488
,,,,,,,,1224,16744,4782,2282
,,,,,,,,1225,15776,4506,2150
,,,,,,,,1226,15280,4364,2082
,,,,,,,,1227,15090,4308,2058
,,,,,,,,1228,15170,4332,2068
,,,,,,,,1229,15662,4472,2136
,,,,,,,,1230,17082,4878,2330
,,,,,,,,1231,19302,5512,2632
,,,,,,,,1232,20582,5878,2806
,,,,,,,,1233,20982,5992,2860
,,,,,,,,1234,20962,5986,2856
,,,,,,,,1235,20910,5972,2850
,,,,,,,,1236,20702,5912,2822
,,,,,,,,1237,20382,5820,2778
,,,,,,,,1238,20220,5776,2756
,,,,,,,,1239,20078,5734,2736
,,,,,,,,1240,20084,5736,2738
,,,,,,,,1241,20676,5904,2818
,,,,,,,,1242,22246,6352,3032
,,,,,,,,1243,22836,6520,3114
,,,,,,,,1244,22194,6338,3026
,,,,,,,,1245,21202,6054,2890
,,,,,,,,1246,19770,5646,2696
,,,,,,,,1247,17936,5122,2444
,,,,,,,,1248,16306,4658,2222
,,,,,,,,1249,15198,4340,2072
,,,,,,,,1250,14568,4160,1986
,,,,,,,,1251,14294,4082,1948
,,,,,,,,1252,14250,4070,1942
,,,,,,,,1253,14666,4188,1998
,,,,,,,,1254,15982,4564,2180
,,,,,,,,1255,18094,5168,2466
,,,,,,,,1256,19464,5560,2654
,,,,,,,,1257,19900,5684,2714
,,,,,,,,1258,19944,5696,2718
,,,,,,,,1259,20008,5714,2728
,,,,,,,,1260,19900,5684,2714
,,,,,,,,1261,19614,5602,2674
,,,,,,,,1262,19418,5546,2646
,,,,,,,,1263,19120,5460,2606
,,,,,,,,1264,18938,5408,2582
,,,,,,,,1265,19312,5516,2634
,,,,,,,,1266,20762,5930,2830
,,,,,,,,1267,21638,6180,2950
,,,,,,,,1268,21124,6032,2880
,,,,,,,,1269,20302,5800,2768
,,,,,,,,1270,19016,5430,2592
,,,,,,,,1271,17276,4934,2354
,,,,,,,,1272,15692,4482,2140
,,,,,,,,1273,14606,4172,1990
,,,,,,,,1274,13998,3998,1908
,,,,,,,,1275,13676,3906,1864
,,,,,,,,1276,13640,3896,1858
,,,,,,,,1277,14002,3998,1908
,,,,,,,,1278,15304,4370,2086
,,,,,,,,1279,17488,4994,2384
,,,,,,,,1280,18902,5398,2576
,,,,,,,,1281,19520,5574,2662
,,,,,,,,1282,19848,5670,2706
,,,,,,,,1283,19962,5700,2722
,,,,,,,,1284,19948,5698,2720
,,,,,,,,1285,19754,5640,2694
,,,,,,,,1286,19544,5580,2664
,,,,,,,,1287,19304,5512,2632
,,,,,,,,1288,19080,5450,2602
,,,,,,,,1289,19342,5524,2636
,,,,,,,,1290,20710,5914,2824
,,,,,,,,1291,21672,6190,2954
,,,,,,,,1292,21240,6066,2896
,,,,,,,,1293,20434,5836,2786
,,,,,,,,1294,19176,5476,2614
,,,,,,,,1295,17484,4994,2382
,,,,,,,,1296,15954,4558,2174
,,,,,,,,1297,14914,4258,2032
,,,,,,,,1298,14314,4088,1950
,,,,,,,,1299,14038,4008,1914
,,,,,,,,1300,14054,4014,1916
,,,,,,,,1301,14462,4130,1970
,,,,,,,,1302,15722,4490,2142
,,,,,,,,1303,17822,5090,2430
,,,,,,,,1304,19406,5542,2644
,,,,,,,,1305,20374,5820,2776
,,,,,,,,1306,20882,5964,2848
,,,,,,,,1307,21226,6062,2894
,,,,,,,,1308,21338,6094,2908
,,,,,,,,1309,21208,6056,2890
,,,,,,,,1310,21130,6034,2880
,,,,,,,,1311,20980,5990,2860
,,,,,,,,1312,20886,5966,2848
,,,,,,,,1313,21278,6078,2900
,,,,,,,,1314,22144,6324,3018
,,,,,,,,1315,22192,6338,3026
,,,,,,,,1316,21490,6138,2930
,,,,,,,,1317,20578,5878,2806
,,,,,,,,1318,19380,5534,2642
,,,,,,,,1319,17860,5100,2434
,,,,,,,,1320,16356,4670,2230
,,,,,,,,1321,15242,4354,2078
,,,,,,,,1322,14574,4162,1988
,,,,,,,,1323,14220,4060,1938
,,,,,,,,1324,14088,4024,1920
,,,,,,,,1325,14262,4074,1944
,,,,,,,,1326,14820,4232,2020
,,,,,,,,1327,15656,4470,2134
,,,,,,,,1328,16632,4748,2268
,,,,,,,,1329,17806,5086,2428
,,,,,,,,1330,18716,5344,2552
,,,,,,,,1331,19164,5472,2614
,,,,,,,,1332,19174,5476,2614
,,,,,,,,1333,18970,5418,2586
,,,,,,,,1334,18636,5322,2540
,,,,,,,,1335,18390,5252,2506
,,,,,,,,1336,18350,5240,2502
,,,,,,,,1337,18844,5380,2568
,,,,,,,,1338,20192,5768,2754
,,,,,,,,1339,21120,6030,2878
,,,,,,,,1340,20652,5898,2816
,,,,,,,,1341,19990,5710,2726
,,,,,,,,1342,19106,5456,2604
,,,,,,,,1343,17844,5098,2432
,,,,,,,,1344,16636,4750,2268
,,,,,,,,1345,15722,4490,2142
,,,,,,,,1346,15130,4320,2062
,,,,,,,,1347,14826,4234,2020
,,,,,,,,1348,14760,4216,2012
,,,,,,,,1349,14882,4250,2028
,,,,,,,,1350,15330,4378,2090
,,,,,,,,1351,15894,4538,2166
,,,,,,,,1352,16666,4758,2272
,,,,,,,,1353,17770,5076,2424
,,,,,,,,1354,18478,5278,2518
,,,,,,,,1355,18822,5376,2566
,,,,,,,,1356,18924,5404,2580
,,,,,,,,1357,18822,5376,2566
,,,,,,,,1358,18470,5274,2518
,,,,,,,,1359,18100,5168,2468
,,,,,,,,1360,18064,5160,2464
,,,,,,,,1361,18650,5326,2544
,,,,,,,,1362,20196,5768,2754
,,,,,,,,1363,21630,6178,2948
,,,,,,,,1364,21242,6066,2896
,,,,,,,,1365,20452,5840,2788
,,,,,,,,1366,19236,5494,2622
,,,,,,,,1367,17726,5062,2416
,,,,,,,,1368,16384,4678,2232
,,,,,,,,1369,15510,4428,2114
,,,,,,,,1370,15074,4306,2054
,,,,,,,,1371,14926,4262,2034
,,,,,,,,1372,15014,4288,2048
,,,,,,,,1373,15570,4448,2122
,,,,,,,,1374,17122,4890,2334
,,,,,,,,1375,19550,5582,2664
,,,,,,,,1376,20842,5952,2842
,,,,,,,,1377,20982,5992,2860
,,,,,,,,1378,20910,5970,2850
,,,,,,,,1379,20820,5946,2838
,,,,,,,,1380,20644,5896,2814
,,,,,,,,1381,20412,5830,2784
,,,,,,,,1382,20240,5780,2758
,,,,,,,,1383,19976,5706,2724
,,,,,,,,1384,19964,5700,2722
,,,,,,,,1385,20560,5872,2804
,,,,,,,,1386,21916,6260,2988
,,,,,,,,1387,22656,6470,3090
,,,,,,,,1388,22074,6304,3008
,,,,,,,,1389,21052,6012,2870
,,,,,,,,1390,19578,5590,2668
,,,,,,,,1391,17746,5070,2420
,,,,,,,,1392,16088,4594,2192
,,,,,,,,1393,15040,4296,2050
,,,,,,,,1394,14462,4130,1970
,,,,,,,,1395,14214,4058,1938
,,,,,,,,1396,14212,4058,1938
,,,,,,,,1397,14670,4190,1998
,,,,,,,,1398,16186,4622,2206
,,,,,,,,1399,18580,5306,2534
,,,,,,,,1400,19862,5672,2708
,,,,,,,,1401,20122,5748,2744
,,,,,,,,1402,20204,5770,2756
,,,,,,,,1403,20182,5764,2752
,,,,,,,,1404,20036,5722,2732
,,,,,,,,1405,19750,5640,2692
,,,,,,,,1406,19576,5590,2668
,,,,,,,,1407,19318,5518,2634
,,,,,,,,1408,19206,5484,2618
,,,,,,,,1409,19606,5600,2674
,,,,,,,,1410,21036,6008,2868
,,,,,,,,1411,22332,6378,3044
,,,,,,,,1412,23046,6582,3142
,,,,,,,,1413,21996,6282,2998
,,,,,,,,1414,20430,5834,2786
,,,,,,,,1415,18522,5290,2524
,,,,,,,,1416,16854,4814,2298
,,,,,,,,1417,15750,4498,2148
,,,,,,,,1418,15210,4344,2072
,,,,,,,,1419,14934,4266,2036
,,,,,,,,1420,14938,4266,2036
,,,,,,,,1421,15346,4382,2092
,,,,,,,,1422,16698,4768,2276
,,,,,,,,1423,18986,5422,2588
,,,,,,,,1424,20448,5840,2788
,,,,,,,,1425,21094,6024,2876
,,,,,,,,1426,21504,6140,2932
,,,,,,,,1427,21860,6242,2980
,,,,,,,,1428,21978,6278,2998
,,,,,,,,1429,21916,6260,2988
,,,,,,,,1430,21802,6226,2972
,,,,,,,,1431,21632,6178,2948
,,,,,,,,1432,21570,6162,2940
,,,,,,,,1433,21982,6278,2998
,,,,,,,,1434,23050,6582,3142
,,,,,,,,1435,23734,6778,3236
,,,,,,,,1436,23210,6628,3164
,,,,,,,,1437,22294,6366,3038
,,,,,,,,1438,20832,5950,2840
,,,,,,,,1439,18954,5412,2584
,,,,,,,,1440,17282,4936,2356
,,,,,,,,1441,16240,4638,2214
,,,,,,,,1442,15668,4476,2136
,,,,,,,,1443,15366,4388,2094
,,,,,,,,1444,15386,4394,2098
,,,,,,,,1445,15808,4514,2154
,,,,,,,,1446,17272,4932,2354
,,,,,,,,1447,19614,5600,2674
,,,,,,,,1448,21018,6002,2866
,,,,,,,,1449,21440,6122,2922
,,,,,,,,1450,21552,6154,2938
,,,,,,,,1451,21630,6176,2948
,,,,,,,,1452,21502,6140,2932
,,,,,,,,1453,21268,6074,2898
,,,,,,,,1454,21144,6038,2882
,,,,,,,,1455,20896,5968,2848
,,,,,,,,1456,20794,5938,2836
,,,,,,,,1457,21186,6050,2888
,,,,,,,,1458,22160,6330,3020
,,,,,,,,1459,22622,6462,3084
,,,,,,,,1460,22034,6292,3004
,,,,,,,,1461,21206,6056,2890
,,,,,,,,1462,20070,5732,2736
,,,,,,,,1463,18564,5302,2532
,,,,,,,,1464,17034,4864,2322
,,,,,,,,1465,15964,4558,2176
,,,,,,,,1466,15308,4372,2088
,,,,,,,,1467,14898,4254,2030
,,,,,,,,1468,14682,4192,2000
,,,,,,,,1469,14742,4210,2008
,,,,,,,,1470,15230,4348,2076
,,,,,,,,1471,16112,4602,2196
,,,,,,,,1472,17196,4910,2344
,,,,,,,,1473,18520,5290,2524
,,,,,,,,1474,19498,5568,2658
,,,,,,,,1475,19942,5696,2718
,,,,,,,,1476,20034,5720,2732
,,,,,,,,1477,19738,5638,2692
,,,,,,,,1478,19166,5474,2614
,,,,,,,,1479,18584,5308,2534
,,,,,,,,1480,18204,5200,2482
,,,,,,,,1481,18278,5220,2492
,,,,,,,,1482,19228,5490,2622
,,,,,,,,1483,20444,5840,2786
,,,,,,,,1484,19990,5710,2726
,,,,,,,,1485,19364,5530,2640
,,,,,,,,1486,18404,5256,2508
,,,,,,,,1487,17204,4914,2344
,,,,,,,,1488,15954,4558,2174
,,,,,,,,1489,14954,4270,2040
,,,,,,,,1490,14344,4096,1956
,,,,,,,,1491,14004,4000,1908
,,,,,,,,1492,13864,3960,1890
,,,,,,,,1493,13970,3990,1904
,,,,,,,,1494,14352,4098,1958
,,,,,,,,1495,14964,4274,2040
,,,,,,,,1496,15842,4524,2160
,,,,,,,,1497,17118,4888,2332
,,,,,,,,1498,18120,5176,2470
,,,,,,,,1499,18566,5302,2532
,,,,,,,,1500,18736,5350,2554
,,,,,,,,1501,18698,5340,2548
,,,,,,,,1502,18412,5258,2510
,,,,,,,,1503,18232,5208,2484
,,,,,,,,1504,18236,5208,2486
,,,,,,,,1505,18686,5336,2546
,,,,,,,,1506,19946,5698,2720
,,,,,,,,1507,21326,6090,2908
,,,,,,,,1508,20992,5996,2862
,,,,,,,,1509,20192,5768,2754
,,,,,,,,1510,18914,5400,2578
,,,,,,,,1511,17356,4956,2366
,,,,,,,,1512,15986,4566,2180
,,,,,,,,1513,15104,4314,2060
,,,,,,,,1514,14702,4198,2004
,,,,,,,,1515,14564,4158,1986
,,,,,,,,1516,14670,4190,1998
,,,,,,,,1517,15238,4352,2078
,,,,,,,,1518,16830,4806,2294
,,,,,,,,1519,19264,5500,2626
,,,,,,,,1520,20618,5888,2810
,,,,,,,,1521,20890,5966,2848
,,,,,,,,1522,20942,5982,2856
,,,,,,,,1523,20970,5990,2858
,,,,,,,,1524,20836,5950,2840
,,,,,,,,1525,20524,5860,2798
,,,,,,,,1526,20296,5796,2766
,,,,,,,,1527,19954,5700,2720
,,,,,,,,1528,19870,5676,2708
,,,,,,,,1529,20320,5804,2770
,,,,,,,,1530,21690,6194,2958
,,,,,,,,1531,23230,6634,3168
,,,,,,,,1532,22918,6544,3124
,,,,,,,,1533,22098,6312,3012
,,,,,,,,1534,20712,5916,2824
,,,,,,,,1535,18884,5392,2576
,,,,,,,,1536,17314,4944,2360
,,,,,,,,1537,16326,4662,2226
,,,,,,,,1538,15890,4538,2166
,,,,,,,,1539,15724,4490,2144
,,,,,,,,1540,15796,4512,2154
,,,,,,,,1541,16330,4664,2226
,,,,,,,,1542,17888,5110,2438
,,,,,,,,1543,20260,5786,2762
,,,,,,,,1544,21518,6144,2934
,,,,,,,,1545,21632,6178,2948
,,,,,,,,1546,21402,6112,2918
,,,,,,,,1547,21302,6084,2904
,,,,,,,,1548,21134,6036,2880
,,,,,,,,1549,20752,5926,2828
,,,,,,,,1550,20512,5858,2796
,,,,,,,,1551,20170,5760,2750
,,,,,,,,1552,19912,5688,2716
,,,,,,,,1553,20284,5792,2766
,,,,,,,,1554,21434,6120,2922
,,,,,,,,1555,22922,6546,3126
,,,,,,,,1556,22696,6482,3094
,,,,,,,,1557,21920,6260,2988
,,,,,,,,1558,20494,5852,2794
,,,,,,,,1559,18576,5306,2534
,,,,,,,,1560,16874,4818,2300
,,,,,,,,1561,15820,4518,2156
,,,,,,,,1562,15284,4366,2084
,,,,,,,,1563,15002,4284,2046
,,,,,,,,1564,15010,4288,2046
,,,,,,,,1565,15432,4406,2104
,,,,,,,,1566,16936,4838,2310
,,,,,,,,1567,19202,5484,2618
,,,,,,,,1568,20332,5806,2772
,,,,,,,,1569,20370,5818,2776
,,,,,,,,1570,20232,5780,2758
,,,,,,,,1571,20114,5744,2742
,,,,,,,,1572,19876,5676,2710
,,,,,,,,1573,19582,5592,2670
,,,,,,,,1574,19414,5544,2646
,,,,,,,,1575,19060,5444,2598
,,,,,,,,1576,18886,5394,2576
,,,,,,,,1577,19148,5468,2610
,,,,,,,,1578,20218,5774,2756
,,,,,,,,1579,21610,6170,2946
,,,,,,,,1580,21282,6078,2902
,,,,,,,,1581,20460,5842,2788
,,,,,,,,1582,19034,5436,2596
,,,,,,,,1583,17180,4906,2342
,,,,,,,,1584,15480,4422,2110
,,,,,,,,1585,14454,4128,1970
,,,,,,,,1586,13894,3968,1894
,,,,,,,,1587,13608,3886,1856
,,,,,,,,1588,13546,3868,1846
,,,,,,,,1589,13956,3986,1902
,,,,,,,,1590,15388,4396,2098
,,,,,,,,1591,17546,5010,2392
,,,,,,,,1592,18884,5392,2576
,,,,,,,,1593,19180,5478,2616
,,,,,,,,1594,19282,5508,2628
,,,,,,,,1595,19352,5528,2638
,,,,,,,,1596,19334,5520,2636
,,,,,,,,1597,19150,5470,2610
,,,,,,,,1598,19064,5444,2598
,,,,,,,,1599,18848,5382,2570
,,,,,,,,1600,18716,5346,2552
,,,,,,,,1601,18948,5410,2584
,,,,,,,,1602,19950,5698,2720
,,,,,,,,1603,21036,6008,2868
,,,,,,,,1604,20648,5898,2816
,,,,,,,,1605,19780,5650,2696
,,,,,,,,1606,18378,5250,2504
,,,,,,,,1607,16516,4718,2252
,,,,,,,,1608,14894,4254,2030
,,,,,,,,1609,13838,3952,1888
,,,,,,,,1610,13292,3796,1812
,,,,,,,,1611,13014,3716,1774
,,,,,,,,1612,12960,3700,1766
,,,,,,,,1613,13378,3820,1824
,,,,,,,,1614,14806,4228,2020
,,,,,,,,1615,17252,4928,2352
,,,,,,,,1616,18886,5394,2576
,,,,,,,,1617,19408,5542,2644
,,,,,,,,1618,19594,5596,2672
,,,,,,,,1619,19684,5620,2684
,,,,,,,,1620,19578,5590,2668
,,,,,,,,1621,19298,5510,2632
,,,,,,,,1622,19122,5460,2606
,,,,,,,,1623,18850,5384,2570
,,,,,,,,1624,18752,5356,2556
,,,,,,,,1625,18982,5420,2588
,,,,,,,,1626,19784,5650,2696
,,,,,,,,1627,20966,5988,2858
,,,,,,,,1628,20610,5886,2810
,,,,,,,,1629,19928,5692,2716
,,,,,,,,1630,18908,5400,2578
,,,,,,,,1631,17476,4990,2382
,,,,,,,,1632,16012,4574,2182
,,,,,,,,1633,14996,4282,2044
,,,,,,,,1634,14478,4136,1974
,,,,,,,,1635,14222,4062,1938
,,,,,,,,1636,14166,4046,1930
,,,,,,,,1637,14370,4104,1958
,,,,,,,,1638,14970,4276,2040
,,,,,,,,1639,15812,4516,2156
,,,,,,,,1640,17060,4872,2326
,,,,,,,,1641,18244,5210,2486
,,,,,,,,1642,18980,5420,2588
,,,,,,,,1643,19138,5466,2608
,,,,,,,,1644,18994,5424,2590
,,,,,,,,1645,18656,5328,2544
,,,,,,,,1646,18242,5208,2486
,,,,,,,,1647,17880,5106,2438
,,,,,,,,1648,17742,5068,2420
,,,,,,,,1649,18020,5146,2456
,,,,,,,,1650,18902,5400,2576
,,,,,,,,1651,20294,5796,2766
,,,,,,,,1652,20026,5720,2730
,,,,,,,,1653,19474,5560,2656
,,,,,,,,1654,18574,5304,2532
,,,,,,,,1655,17334,4950,2362
,,,,,,,,1656,16114,4602,2196
,,,,,,,,1657,15182,4336,2070
,,,,,,,,1658,14904,4256,2030
,,,,,,,,1659,14624,4178,1994
,,,,,,,,1660,14338,4096,1954
,,,,,,,,1661,14276,4076,1946
,,,,,,,,1662,14498,4140,1976
,,,,,,,,1663,15024,4290,2048
,,,,,,,,1664,15618,4460,2130
,,,,,,,,1665,16514,4716,2252
,,,,,,,,1666,17328,4948,2362
,,,,,,,,1667,17750,5070,2420
,,,,,,,,1668,17858,5100,2434
,,,,,,,,1669,17734,5064,2418
,,,,,,,,1670,17378,4962,2370
,,,,,,,,1671,16946,4838,2310
,,,,,,,,1672,16676,4762,2272
,,,,,,,,1673,16750,4784,2282
,,,,,,,,1674,17238,4922,2350
,,,,,,,,1675,18082,5164,2464
,,,,,,,,1676,19586,5592,2670
,,,,,,,,1677,19282,5508,2628
,,,,,,,,1678,18110,5172,2470
,,,,,,,,1679,16602,4742,2262
,,,,,,,,1680,15026,4290,2048
,,,,,,,,1681,14036,4008,1914
,,,,,,,,1682,13460,3844,1836
,,,,,,,,1683,13244,3782,1806
,,,,,,,,1684,13274,3792,1808
,,,,,,,,1685,13668,3904,1864
,,,,,,,,1686,15090,4308,2058
,,,,,,,,1687,17768,5074,2424
,,,,,,,,1688,19320,5518,2634
,,,,,,,,1689,19530,5578,2662
,,,,,,,,1690,19454,5556,2652
,,,,,,,,1691,19520,5574,2662
,,,,,,,,1692,19476,5562,2656
,,,,,,,,1693,19276,5504,2628
,,,,,,,,1694,19150,5470,2610
,,,,,,,,1695,18856,5386,2570
,,,,,,,,1696,18584,5308,2534
,,,,,,,,1697,18510,5288,2524
,,,,,,,,1698,18754,5356,2556
,,,,,,,,1699,19382,5536,2642
,,,,,,,,1700,20400,5826,2782
,,,,,,,,1701,19790,5652,2698
,,,,,,,,1702,18358,5242,2504
,,,,,,,,1703,16514,4716,2252
,,,,,,,,1704,14808,4228,2020
,,,,,,,,1705,13648,3896,1860
,,,,,,,,1706,12982,3706,1770
,,,,,,,,1707,12666,3616,1726
,,,,,,,,1708,12590,3596,1716
,,,,,,,,1709,12924,3690,1762
,,,,,,,,1710,14188,4052,1934
,,,,,,,,1711,16778,4792,2288
,,,,,,,,1712,18518,5290,2524
,,,,,,,,1713,18994,5424,2590
,,,,,,,,1714,19174,5476,2614
,,,,,,,,1715,19304,5512,2632
,,,,,,,,1716,19328,5520,2636
,,,,,,,,1717,19220,5490,2620
,,,,,,,,1718,19186,5480,2616
,,,,,,,,1719,18990,5424,2588
,,,,,,,,1720,18800,5368,2564
,,,,,,,,1721,18814,5374,2564
,,,,,,,,1722,19022,5432,2594
,,,,,,,,1723,19320,5518,2634
,,,,,,,,1724,20256,5784,2762
,,,,,,,,1725,19700,5626,2686
,,,,,,,,1726,18294,5224,2494
,,,,,,,,1727,16398,4682,2236
,,,,,,,,1728,14650,4184,1998
,,,,,,,,1729,13480,3850,1838
,,,,,,,,1730,12850,3668,1752
,,,,,,,,1731,12528,3578,1706
,,,,,,,,1732,12514,3574,1706
,,,,,,,,1733,12810,3658,1746
,,,,,,,,1734,14106,4028,1922
,,,,,,,,1735,16720,4776,2280
,,,,,,,,1736,18332,5236,2500
,,,,,,,,1737,18708,5342,2550
,,,,,,,,1738,18926,5406,2580
,,,,,,,,1739,19100,5454,2604
,,,,,,,,1740,19132,5464,2608
,,,,,,,,1741,18960,5414,2584
,,,,,,,,1742,18920,5402,2580
,,,,,,,,1743,18716,5346,2552
,,,,,,,,1744,18572,5304,2532
,,,,,,,,1745,18712,5344,2552
,,,,,,,,1746,19154,5470,2612
,,,,,,,,1747,19618,5602,2676
,,,,,,,,1748,20338,5808,2772
,,,,,,,,1749,19816,5660,2702
,,,,,,,,1750,18502,5284,2522
,,,,,,,,1751,16662,4758,2272
,,,,,,,,1752,14976,4276,2040
,,,,,,,,1753,13892,3966,1894
,,,,,,,,1754,13292,3796,1812
,,,,,,,,1755,13000,3712,1772
,,,,,,,,1756,12978,3706,1768
,,,,,,,,1757,13340,3810,1818
,,,,,,,,1758,14702,4198,2004
,,,,,,,,1759,17392,4968,2372
,,,,,,,,1760,19098,5454,2604
,,,,,,,,1761,19492,5566,2656
,,,,,,,,1762,19668,5618,2682
,,,,,,,,1763,19826,5662,2704
,,,,,,,,1764,19738,5638,2692
,,,,,,,,1765,19494,5568,2656
,,,,,,,,1766,19324,5520,2636
,,,,,,,,1767,18968,5418,2586
,,,,,,,,1768,18780,5364,2560
,,,,,,,,1769,18912,5400,2578
,,,,,,,,1770,19388,5538,2644
,,,,,,,,1771,20028,5720,2730
,,,,,,,,1772,20856,5956,2844
,,,,,,,,1773,20324,5804,2770
,,,,,,,,1774,19104,5456,2604
,,,,,,,,1775,17286,4936,2356
,,,,,,,,1776,15576,4448,2124
,,,,,,,,1777,14428,4120,1968
,,,,,,,,1778,13786,3936,1878
,,,,,,,,1779,13510,3858,1842
,,,,,,,,1780,13438,3838,1832
,,,,,,,,1781,13780,3936,1878
,,,,,,,,1782,15084,4308,2056
,,,,,,,,1783,17644,5038,2404
,,,,,,,,1784,19228,5490,2622
,,,,,,,,1785,19716,5630,2688
,,,,,,,,1786,19968,5702,2722
,,,,,,,,1787,20192,5768,2754
,,,,,,,,1788,20228,5778,2756
,,,,,,,,1789,20082,5736,2738
,,,,,,,,1790,20002,5712,2726
,,,,,,,,1791,19756,5642,2694
,,,,,,,,1792,19560,5586,2666
,,,,,,,,1793,19508,5570,2660
,,,,,,,,1794,19570,5590,2668
,,,,,,,,1795,19746,5640,2692
,,,,,,,,1796,20232,5778,2758
,,,,,,,,1797,19684,5622,2684
,,,,,,,,1798,18664,5330,2544
,,,,,,,,1799,17206,4914,2346
,,,,,,,,1800,15634,4466,2130
,,,,,,,,1801,14420,4118,1966
,,,,,,,,1802,13678,3906,1864
,,,,,,,,1803,13292,3796,1812
,,,,,,,,1804,13112,3744,1786
,,,,,,,,1805,13198,3768,1798
,,,,,,,,1806,13660,3902,1862
,,,,,,,,1807,14596,4168,1988
,,,,,,,,1808,15668,4476,2136
,,,,,,,,1809,16994,4854,2316
,,,,,,,,1810,17886,5110,2438
,,,,,,,,1811,18300,5226,2494
,,,,,,,,1812,18246,5210,2488
,,,,,,,,1813,17918,5118,2444
,,,,,,,,1814,17500,4998,2384
,,,,,,,,1815,17068,4874,2326
,,,,,,,,1816,16708,4770,2278
,,,,,,,,1817,16630,4748,2268
,,,,,,,,1818,16698,4768,2276
,,,,,,,,1819,17016,4858,2320
,,,,,,,,1820,18120,5176,2470
,,,,,,,,1821,17980,5136,2452
,,,,,,,,1822,17218,4918,2346
,,,,,,,,1823,16106,4600,2196
,,,,,,,,1824,14860,4244,2026
,,,,,,,,1825,13850,3956,1888
,,,,,,,,1826,13232,3778,1804
,,,,,,,,1827,12912,3686,1760
,,,,,,,,1828,12748,3640,1736
,,,,,,,,1829,12788,3652,1744
,,,,,,,,1830,13112,3744,1786
,,,,,,,,1831,13754,3928,1876
,,,,,,,,1832,14496,4140,1976
,,,,,,,,1833,15618,4460,2130
,,,,,,,,1834,16534,4722,2254
,,,,,,,,1835,16922,4832,2306
,,,,,,,,1836,16994,4852,2316
,,,,,,,,1837,16814,4802,2292
,,,,,,,,1838,16494,4710,2248
,,,,,,,,1839,16218,4632,2212
,,,,,,,,1840,16066,4588,2190
,,,,,,,,1841,16276,4648,2220
,,,,,,,,1842,16688,4766,2274
,,,,,,,,1843,17228,4920,2348
,,,,,,,,1844,18638,5322,2542
,,,,,,,,1845,18386,5250,2506
,,,,,,,,1846,17118,4888,2332
,,,,,,,,1847,15494,4426,2112
,,,,,,,,1848,14018,4004,1910
,,,,,,,,1849,12976,3706,1768
,,,,,,,,1850,12440,3552,1696
,,,,,,,,1851,12194,3482,1662
,,,,,,,,1852,12190,3482,1662
,,,,,,,,1853,12610,3602,1718
,,,,,,,,1854,14018,4004,1910
,,,,,,,,1855,16642,4752,2270
,,,,,,,,1856,18174,5190,2478
,,,,,,,,1857,18606,5314,2536
,,,,,,,,1858,18852,5384,2570
,,,,,,,,1859,19162,5472,2612
,,,,,,,,1860,19320,5518,2634
,,,,,,,,1861,19328,5520,2636
,,,,,,,,1862,19402,5540,2644
,,,,,,,,1863,19250,5498,2624
,,,,,,,,1864,19026,5434,2594
,,,,,,,,1865,18880,5392,2574
,,,,,,,,1866,18876,5390,2574
,,,,,,,,1867,19020,5432,2594
,,,,,,,,1868,20068,5730,2736
,,,,,,,,1869,19606,5600,2674
,,,,,,,,1870,18106,5170,2468
,,,,,,,,1871,16168,4618,2204
,,,,,,,,1872,14444,4126,1968
,,,,,,,,1873,13314,3802,1816
,,,,,,,,1874,12728,3636,1736
,,,,,,,,1875,12458,3558,1698
,,,,,,,,1876,12376,3534,1686
,,,,,,,,1877,12766,3646,1740
,,,,,,,,1878,14076,4020,1918
,,,,,,,,1879,16632,4750,2268
,,,,,,,,1880,18116,5174,2470
,,,,,,,,1881,18480,5278,2520
,,,,,,,,1882,18670,5332,2544
,,,,,,,,1883,18936,5408,2582
,,,,,,,,1884,19104,5456,2604
,,,,,,,,1885,19180,5478,2616
,,,,,,,,1886,19332,5520,2636
,,,,,,,,1887,19280,5506,2628
,,,,,,,,1888,19188,5480,2616
,,,,,,,,1889,19176,5476,2614
,,,,,,,,1890,19224,5490,2620
,,,,,,,,1891,19248,5498,2624
,,,,,,,,1892,20266,5788,2764
,,,,,,,,1893,19932,5692,2716
,,,,,,,,1894,18482,5278,2520
,,,,,,,,1895,16480,4706,2246
,,,,,,,,1896,14746,4210,2010
,,,,,,,,1897,13558,3872,1848
,,,,,,,,1898,12930,3692,1762
,,,,,,,,1899,12566,3588,1714
,,,,,,,,1900,12474,3562,1700
,,,,,,,,1901,12798,3656,1746
,,,,,,,,1902,14040,4010,1914
,,,,,,,,1903,16576,4734,2260
,,,,,,,,1904,18072,5160,2464
,,,,,,,,1905,18660,5330,2544
,,,,,,,,1906,19024,5432,2594
,,,,,,,,1907,19420,5546,2646
,,,,,,,,1908,19664,5616,2682
,,,,,,,,1909,19730,5634,2690
,,,,,,,,1910,19842,5668,2706
,,,,,,,,1911,19784,5650,2696
,,,,,,,,1912,19684,5622,2684
,,,,,,,,1913,19634,5608,2676
,,,,,,,,1914,19630,5606,2676
,,,,,,,,1915,19556,5586,2666
,,,,,,,,1916,20490,5850,2794
,,,,,,,,1917,20140,5752,2746
,,,,,,,,1918,18720,5346,2552
,,,,,,,,1919,16764,4788,2284
,,,,,,,,1920,14950,4268,2038
,,,,,,,,1921,13848,3956,1888
,,,,,,,,1922,13122,3746,1788
,,,,,,,,1923,12758,3644,1738
,,,,,,,,1924,12630,3606,1722
,,,,,,,,1925,12912,3686,1760
,,,,,,,,1926,14122,4034,1926
,,,,,,,,1927,16632,4750,2268
,,,,,,,,1928,18134,5180,2472
,,,,,,,,1929,18738,5350,2554
,,,,,,,,1930,19202,5484,2618
,,,,,,,,1931,19676,5620,2682
,,,,,,,,1932,19934,5692,2718
,,,,,,,,1933,20002,5712,2726
,,,,,,,,1934,20228,5778,2758
,,,,,,,,1935,20224,5776,2756
,,,,,,,,1936,20192,5766,2754
,,,,,,,,1937,20158,5758,2748
,,,,,,,,1938,20078,5734,2736
,,,,,,,,1939,19868,5674,2708
,,,,,,,,1940,20726,5920,2826
,,,,,,,,1941,20438,5838,2786
,,,,,,,,1942,19046,5440,2596
,,,,,,,,1943,17026,4862,2322
,,,,,,,,1944,15238,4352,2078
,,,,,,,,1945,14084,4022,1920
,,,,,,,,1946,13368,3816,1822
,,,,,,,,1947,12922,3690,1762
,,,,,,,,1948,12780,3650,1742
,,,,,,,,1949,13054,3726,1778
,,,,,,,,1950,14192,4054,1934
,,,,,,,,1951,16564,4730,2258
,,,,,,,,1952,18078,5164,2464
,,,,,,,,1953,18672,5332,2544
,,,,,,,,1954,19060,5444,2598
,,,,,,,,1955,19398,5540,2644
,,,,,,,,1956,19492,5566,2656
,,,,,,,,1957,19338,5522,2636
,,,,,,,,1958,19384,5536,2642
,,,,,,,,1959,19206,5486,2618
,,,,,,,,1960,18976,5420,2586
,,,,,,,,1961,18850,5382,2570
,,,,,,,,1962,18642,5324,2542
,,,,,,,,1963,18274,5220,2492
,,,,,,,,1964,19038,5438,2596
,,,,,,,,1965,18686,5338,2548
,,,,,,,,1966,17606,5028,2400
,,,,,,,,1967,16146,4610,2200
,,,,,,,,1968,14602,4170,1990
,,,,,,,,1969,13432,3836,1830
,,,,,,,,1970,12702,3626,1732
,,,,,,,,1971,12286,3508,1676
,,,,,,,,1972,12066,3446,1646
,,,,,,,,1973,12086,3452,1646
,,,,,,,,1974,12492,3566,1702
,,,,,,,,1975,13320,3804,1816
,,,,,,,,1976,14314,4088,1950
,,,,,,,,1977,15676,4478,2138
,,,,,,,,1978,16650,4756,2270
,,,,,,,,1979,17078,4878,2328
,,,,,,,,1980,17158,4900,2340
,,,,,,,,1981,16966,4846,2312
,,,,,,,,1982,16626,4748,2266
,,,,,,,,1983,16350,4668,2230
,,,,,,,,1984,16218,4632,2212
,,,,,,,,1985,16332,4664,2226
,,,,,,,,1986,16746,4782,2282
,,,,,,,,1987,17166,4902,2340
,,,,,,,,1988,17850,5098,2432
,,,,,,,,1989,17522,5004,2390
,,,,,,,,1990,16626,4748,2266
,,,,,,,,1991,15418,4404,2102
,,,,,,,,1992,14174,4046,1932
,,,,,,,,1993,13142,3754,1792
,,,,,,,,1994,12462,3558,1698
,,,,,,,,1995,12118,3460,1652
,,,,,,,,1996,11950,3412,1628
,,,,,,,,1997,11978,3422,1634
,,,,,,,,1998,12252,3498,1670
,,,,,,,,1999,12894,3682,1756
,,,,,,,,2000,13762,3930,1876
,,,,,,,,2001,15136,4322,2062
,,,,,,,,2002,16320,4660,2224
,,,,,,,,2003,17060,4872,2326
,,,,,,,,2004,17496,4996,2384
,,,,,,,,2005,17644,5038,2404
,,,,,,,,2006,17468,4988,2382
,,,,,,,,2007,17272,4932,2354
,,,,,,,,2008,17138,4894,2336
,,,,,,,,2009,17380,4964,2370
,,,,,,,,2010,17866,5102,2436
,,,,,,,,2011,18270,5218,2492
,,,,,,,,2012,19030,5434,2596
,,,,,,,,2013,18644,5324,2542
,,,,,,,,2014,17346,4954,2364
,,,,,,,,2015,15780,4508,2150
,,,,,,,,2016,14328,4092,1954
,,,,,,,,2017,13312,3802,1816
,,,,,,,,2018,12770,3646,1740
,,,,,,,,2019,12546,3582,1710
,,,,,,,,2020,12564,3588,1712
,,,,,,,,2021,13012,3716,1774
,,,,,,,,2022,14448,4126,1968
,,,,,,,,2023,17118,4888,2332
,,,,,,,,2024,18678,5334,2546
,,,,,,,,2025,19214,5488,2620
,,,,,,,,2026,19436,5550,2650
,,,,,,,,2027,19546,5582,2664
,,,,,,,,2028,19458,5558,2654
,,,,,,,,2029,19256,5498,2624
,,,,,,,,2030,19140,5466,2610
,,,,,,,,2031,18858,5386,2572
,,,,,,,,2032,18714,5344,2552
,,,,,,,,2033,18856,5386,2570
,,,,,,,,2034,19364,5530,2640
,,,,,,,,2035,19876,5678,2710
,,,,,,,,2036,21114,6030,2878
,,,,,,,,2037,20946,5982,2856
,,,,,,,,2038,19692,5624,2686
,,,,,,,,2039,17866,5102,2436
,,,,,,,,2040,16240,4638,2214
,,,,,,,,2041,15204,4342,2072
,,,,,,,,2042,14698,4198,2004
,,,,,,,,2043,14486,4136,1974
,,,,,,,,2044,14512,4144,1978
,,,,,,,,2045,14980,4276,2042
,,,,,,,,2046,16428,4692,2240
,,,,,,,,2047,19042,5438,2596
,,,,,,,,2048,20478,5850,2792
,,,,,,,,2049,20642,5894,2814
,,,,,,,,2050,20590,5880,2806
,,,,,,,,2051,20532,5864,2798
,,,,,,,,2052,20396,5824,2780
,,,,,,,,2053,20102,5740,2740
,,,,,,,,2054,19814,5660,2702
,,,,,,,,2055,19394,5540,2644
,,,,,,,,2056,19112,5458,2604
,,,,,,,,2057,19082,5450,2602
,,,,,,,,2058,19350,5526,2638
,,,,,,,,2059,19642,5610,2678
,,,,,,,,2060,20832,5950,2840
,,,,,,,,2061,20736,5922,2828
,,,,,,,,2062,19468,5560,2654
,,,,,,,,2063,17604,5028,2400
,,,,,,,,2064,15900,4540,2168
,,,,,,,,2065,14838,4238,2022
,,,,,,,,2066,14246,4068,1942
,,,,,,,,2067,13970,3990,1904
,,,,,,,,2068,13880,3964,1892
,,,,,,,,2069,14258,4072,1944
,,,,,,,,2070,15628,4464,2130
,,,,,,,,2071,18204,5200,2482
,,,,,,,,2072,19700,5626,2686
,,,,,,,,2073,19982,5708,2724
,,,,,,,,2074,20018,5718,2728
,,,,,,,,2075,20142,5752,2746
,,,,,,,,2076,20160,5758,2748
,,,,,,,,2077,20064,5730,2736
,,,,,,,,2078,20010,5714,2728
,,,,,,,,2079,19630,5606,2676
,,,,,,,,2080,19308,5514,2632
,,,,,,,,2081,19354,5528,2638
,,,,,,,,2082,19576,5590,2668
,,,,,,,,2083,19792,5652,2698
,,,,,,,,2084,20544,5868,2800
,,,,,,,,2085,20184,5764,2752
,,,,,,,,2086,18830,5378,2566
,,,,,,,,2087,16880,4820,2302
,,,,,,,,2088,15164,4330,2068
,,,,,,,,2089,14036,4008,1914
,,,,,,,,2090,13454,3842,1834
,,,,,,,,2091,13162,3758,1794
,,,,,,,,2092,13112,3746,1786
,,,,,,,,2093,13506,3856,1840
,,,,,,,,2094,14856,4242,2026
,,,,,,,,2095,17442,4982,2378
,,,,,,,,2096,18954,5412,2584
,,,,,,,,2097,19384,5536,2642
,,,,,,,,2098,19676,5620,2682
,,,,,,,,2099,19902,5684,2714
,,,,,,,,2100,19936,5694,2718
,,,,,,,,2101,19802,5656,2700
,,,,,,,,2102,19704,5628,2686
,,,,,,,,2103,19392,5538,2644
,,,,,,,,2104,19276,5504,2628
,,,,,,,,2105,19428,5550,2648
,,,,,,,,2106,19780,5650,2696
,,,,,,,,2107,20132,5750,2746
,,,,,,,,2108,20820,5946,2838
,,,,,,,,2109,20430,5834,2786
,,,,,,,,2110,19120,5460,2606
,,,,,,,,2111,17224,4918,2348
,,,,,,,,2112,15570,4448,2122
,,,,,,,,2113,14498,4140,1976
,,,,,,,,2114,13926,3978,1898
,,,,,,,,2115,13672,3906,1864
,,,,,,,,2116,13624,3890,1858
,,,,,,,,2117,14044,4010,1914
,,,,,,,,2118,15410,4402,2100
,,,,,,,,2119,17842,5096,2432
,,,,,,,,2120,19236,5494,2622
,,,,,,,,2121,19492,5566,2656
,,,,,,,,2122,19534,5580,2664
,,,,,,,,2123,19576,5590,2668
,,,,,,,,2124,19426,5548,2648
,,,,,,,,2125,19092,5452,2604
,,,,,,,,2126,18888,5394,2576
,,,,,,,,2127,18510,5286,2524
,,,,,,,,2128,18164,5188,2476
,,,,,,,,2129,18026,5148,2458
,,,,,,,,2130,18014,5144,2456
,,,,,,,,2131,18124,5176,2472
,,,,,,,,2132,19128,5462,2608
,,,,,,,,2133,19124,5460,2606
,,,,,,,,2134,18254,5214,2488
,,,,,,,,2135,16872,4818,2300
,,,,,,,,2136,15362,4386,2094
,,,,,,,,2137,14174,4048,1932
,,,,,,,,2138,13524,3862,1844
,,,,,,,,2139,13192,3766,1798
,,,,,,,,2140,13092,3738,1784
,,,,,,,,2141,13198,3770,1798
,,,,,,,,2142,13692,3910,1868
,,,,,,,,2143,14596,4168,1988
,,,,,,,,2144,15858,4528,2162
,,,,,,,,2145,17296,4938,2358
,,,,,,,,2146,18170,5188,2476
,,,,,,,,2147,18668,5330,2544
,,,,,,,,2148,18754,5356,2556
,,,,,,,,2149,18592,5310,2534
,,,,,,,,2150,18166,5188,2476
,,,,,,,,2151,17768,5074,2424
,,,,,,,,2152,17518,5004,2388
,,,,,,,,2153,17546,5010,2392
,,,,,,,,2154,17772,5076,2424
,,,,,,,,2155,17962,5128,2448
,,,,,,,,2156,18728,5350,2554
,,,,,,,,2157,18644,5324,2542
,,,,,,,,2158,17900,5112,2440
,,,,,,,,2159,16778,4792,2288
,,,,,,,,2160,15482,4422,2110
,,,,,,,,2161,14448,4126,1968
,,,,,,,,2162,13806,3942,1882
,,,,,,,,2163,13498,3856,1840
,,,,,,,,2164,13378,3820,1824
,,,,,,,,2165,13436,3836,1832
,,,,,,,,2166,13812,3946,1882
,,,,,,,,2167,14370,4104,1958
,,,,,,,,2168,15192,4338,2070
,,,,,,,,2169,16230,4636,2212
,,,,,,,,2170,16900,4828,2304
,,,,,,,,2171,17154,4898,2338
,,,,,,,,2172,17198,4910,2344
,,,,,,,,2173,17188,4908,2342
,,,,,,,,2174,17080,4878,2328
,,,,,,,,2175,16968,4846,2312
,,,,,,,,2176,17068,4874,2326
,,,,,,,,2177,17564,5016,2394
,,,,,,,,2178,18306,5228,2496
,,,,,,,,2179,18844,5382,2568
,,,,,,,,2180,19472,5560,2656
,,,,,,,,2181,18978,5420,2586
,,,,,,,,2182,17744,5068,2420
,,,,,,,,2183,16164,4616,2202
,,,,,,,,2184,14710,4200,2006
,,,,,,,,2185,13752,3926,1874
,,,,,,,,2186,13228,3778,1804
,,,,,,,,2187,13034,3722,1776
,,,,,,,,2188,13064,3730,1780
,,,,,,,,2189,13532,3866,1844
,,,,,,,,2190,15046,4296,2050
,,,,,,,,2191,17632,5036,2404
,,,,,,,,2192,19178,5478,2616
,,,,,,,,2193,19638,5610,2676
,,,,,,,,2194,19832,5664,2704
,,,,,,,,2195,19930,5692,2716
,,,,,,,,2196,19784,5650,2696
,,,,,,,,2197,19502,5570,2658
,,,,,,,,2198,19294,5510,2630
,,,,,,,,2199,18942,5408,2582
,,,,,,,,2200,18664,5330,2544
,,,,,,,,2201,18650,5326,2544
,,,,,,,,2202,18916,5402,2578
,,,,,,,,2203,19114,5460,2604
,,,,,,,,2204,20170,5760,2750
,,,,,,,,2205,20258,5786,2762
,,,,,,,,2206,19042,5438,2596
,,,,,,,,2207,17198,4910,2344
,,,,,,,,2208,15472,4418,2110
,,,,,,,,2209,14406,4114,1964
,,,,,,,,2210,13864,3958,1890
,,,,,,,,2211,13638,3896,1858
,,,,,,,,2212,13664,3902,1862
,,,,,,,,2213,14154,4042,1928
,,,,,,,,2214,15660,4472,2134
,,,,,,,,2215,18168,5188,2476
,,,,,,,,2216,19536,5580,2664
,,,,,,,,2217,19660,5614,2680
,,,,,,,,2218,19630,5606,2676
,,,,,,,,2219,19598,5596,2672
,,,,,,,,2220,19428,5548,2648
,,,,,,,,2221,19170,5474,2614
,,,,,,,,2222,18958,5414,2584
,,,,,,,,2223,18674,5332,2546
,,,,,,,,2224,18480,5278,2520
,,,,,,,,2225,18466,5274,2518
,,,,,,,,2226,18646,5324,2542
,,,,,,,,2227,18828,5378,2566
,,,,,,,,2228,19874,5676,2710
,,,,,,,,2229,19988,5710,2726
,,,,,,,,2230,18666,5330,2544
,,,,,,,,2231,16778,4792,2288
,,,,,,,,2232,15054,4298,2052
,,,,,,,,2233,13920,3976,1898
,,,,,,,,2234,13358,3816,1820
,,,,,,,,2235,13068,3732,1782
,,,,,,,,2236,13026,3720,1776
,,,,,,,,2237,13408,3828,1826
,,,,,,,,2238,14822,4234,2020
,,,,,,,,2239,17254,4928,2352
,,,,,,,,2240,18628,5320,2540
,,,,,,,,2241,18864,5388,2572
,,,,,,,,2242,18920,5404,2580
,,,,,,,,2243,19044,5440,2596
,,,,,,,,2244,19046,5440,2596
,,,,,,,,2245,18880,5392,2574
,,,,,,,,2246,18836,5380,2568
,,,,,,,,2247,18676,5334,2546
,,,,,,,,2248,18476,5278,2518
,,,,,,,,2249,18478,5278,2520
,,,,,,,,2250,18650,5326,2544
,,,,,,,,2251,18820,5374,2564
,,,,,,,,2252,19726,5634,2690
,,,,,,,,2253,19684,5620,2684
,,,,,,,,2254,18400,5254,2508
,,,,,,,,2255,16574,4732,2260
,,,,,,,,2256,14848,4240,2024
,,,,,,,,2257,13810,3944,1882
,,,,,,,,2258,13260,3786,1806
,,,,,,,,2259,13016,3716,1774
,,,,,,,,2260,13018,3716,1774
,,,,,,,,2261,13470,3846,1838
,,,,,,,,2262,14896,4254,2030
,,,,,,,,2263,17394,4968,2372
,,,,,,,,2264,18828,5378,2566
,,,,,,,,2265,19120,5460,2606
,,,,,,,,2266,19268,5502,2626
,,,,,,,,2267,19370,5532,2640
,,,,,,,,2268,19306,5514,2632
,,,,,,,,2269,19108,5458,2604
,,,,,,,,2270,18978,5420,2586
,,,,,,,,2271,18646,5326,2542
,,,,,,,,2272,18378,5250,2504
,,,,,,,,2273,18320,5232,2498
,,,,,,,,2274,18444,5268,2514
,,,,,,,,2275,18562,5300,2530
,,,,,,,,2276,19450,5554,2652
,,,,,,,,2277,19654,5612,2680
,,,,,,,,2278,18632,5320,2540
,,,,,,,,2279,16936,4838,2310
,,,,,,,,2280,15304,4370,2086
,,,,,,,,2281,14212,4058,1938
,,,,,,,,2282,13642,3896,1858
,,,,,,,,2283,13380,3822,1824
,,,,,,,,2284,13366,3816,1822
,,,,,,,,2285,13720,3918,1870
,,,,,,,,2286,14874,4248,2028
,,,,,,,,2287,16656,4758,2272
,,,,,,,,2288,18024,5148,2458
,,,,,,,,2289,18646,5326,2542
,,,,,,,,2290,18948,5410,2584
,,,,,,,,2291,19026,5434,2594
,,,,,,,,2292,18846,5382,2570
,,,,,,,,2293,18548,5298,2528
,,,,,,,,2294,18280,5220,2492
,,,,,,,,2295,17892,5110,2440
,,,,,,,,2296,17568,5018,2394
,,,,,,,,2297,17516,5002,2388
,,,,,,,,2298,17628,5034,2404
,,,,,,,,2299,17696,5054,2412
,,,,,,,,2300,18482,5278,2520
,,,,,,,,2301,18686,5336,2546
,,,,,,,,2302,17836,5094,2432
,,,,,,,,2303,16498,4712,2250
,,,,,,,,2304,15096,4310,2058
,,,,,,,,2305,14048,4012,1916
,,,,,,,,2306,13440,3838,1832
,,,,,,,,2307,13132,3750,1790
,,,,,,,,2308,13030,3720,1776
,,,,,,,,2309,13192,3768,1798
,,,,,,,,2310,13730,3920,1872
,,,,,,,,2311,14504,4142,1978
,,,,,,,,2312,15702,4486,2140
,,,,,,,,2313,16888,4822,2302
,,,,,,,,2314,17508,5000,2386
,,,,,,,,2315,17648,5040,2406
,,,,,,,,2316,17538,5008,2392
,,,,,,,,2317,17268,4932,2354
,,,,,,,,2318,16922,4832,2306
,,,,,,,,2319,16604,4742,2262
,,,,,,,,2320,16544,4726,2256
,,,,,,,,2321,16850,4812,2298
,,,,,,,,2322,17296,4938,2358
,,,,,,,,2323,17634,5036,2404
,,,,,,,,2324,18340,5238,2500
,,,,,,,,2325,18322,5232,2498
,,,,,,,,2326,17480,4992,2382
,,,,,,,,2327,16214,4630,2212
,,,,,,,,2328,14828,4234,2020
,,,,,,,,2329,13690,3910,1866
,,,,,,,,2330,13030,3722,1776
,,,,,,,,2331,12638,3608,1722
,,,,,,,,2332,12494,3568,1704
,,,,,,,,2333,12558,3586,1712
,,,,,,,,2334,12916,3688,1760
,,,,,,,,2335,13532,3866,1844
,,,,,,,,2336,14666,4188,1998
,,,,,,,,2337,15956,4558,2176
,,,,,,,,2338,16760,4788,2284
,,,,,,,,2339,17040,4866,2322
,,,,,,,,2340,17202,4912,2344
,,,,,,,,2341,17054,4870,2324
,,,,,,,,2342,16442,4696,2240
,,,,,,,,2343,15824,4518,2158
,,,,,,,,2344,15480,4420,2110
,,,,,,,,2345,15402,4398,2100
,,,,,,,,2346,15578,4448,2124
,,,,,,,,2347,16002,4570,2180
,,,,,,,,2348,17228,4920,2348
,,,,,,,,2349,17840,5096,2432
,,,,,,,,2350,16878,4818,2302
,,,,,,,,2351,15414,4402,2100
,,,,,,,,2352,14062,4016,1918
,,,,,,,,2353,13158,3758,1794
,,,,,,,,2354,12718,3632,1734
,,,,,,,,2355,12554,3586,1712
,,,,,,,,2356,12564,3588,1712
,,,,,,,,2357,13022,3718,1776
,,,,,,,,2358,14476,4134,1974
,,,,,,,,2359,16852,4812,2298
,,,,,,,,2360,18450,5270,2514
,,,,,,,,2361,19016,5430,2594
,,,,,,,,2362,19256,5498,2624
,,,,,,,,2363,19470,5560,2656
,,,,,,,,2364,19472,5560,2656
,,,,,,,,2365,19314,5516,2634
,,,,,,,,2366,19170,5474,2614
,,,,,,,,2367,18858,5386,2572
,,,,,,,,2368,18644,5324,2542
,,,,,,,,2369,18646,5326,2542
,,,,,,,,2370,18864,5388,2572
,,,,,,,,2371,19052,5440,2596
,,,,,,,,2372,19856,5670,2706
,,,,,,,,2373,19888,5680,2712
,,,,,,,,2374,18510,5286,2524
,,,,,,,,2375,16624,4748,2266
,,,,,,,,2376,14870,4248,2028
,,,,,,,,2377,13818,3946,1884
,,,,,,,,2378,13286,3796,1812
,,,,,,,,2379,13046,3726,1778
,,,,,,,,2380,13026,3720,1776
,,,,,,,,2381,13474,3848,1838
,,,,,,,,2382,14874,4248,2028
,,,,,,,,2383,17184,4908,2342
,,,,,,,,2384,18632,5320,2540
,,,,,,,,2385,18920,5404,2580
,,,,,,,,2386,19042,5438,2596
,,,,,,,,2387,19166,5474,2614
,,,,,,,,2388,19122,5460,2606
,,,,,,,,2389,19006,5428,2592
,,,,,,,,2390,18960,5414,2584
,,,,,,,,2391,18704,5340,2550
,,,,,,,,2392,18484,5278,2520
,,,,,,,,2393,18514,5288,2524
,,,,,,,,2394,18662,5330,2544
,,,,,,,,2395,18790,5366,2562
,,,,,,,,2396,19622,5604,2676
,,,,,,,,2397,19696,5626,2686
,,,,,,,,2398,18350,5240,2502
,,,,,,,,2399,16460,4700,2244
,,,,,,,,2400,14754,4214,2010
,,,,,,,,2401,13700,3914,1868
,,,,,,,,2402,13158,3756,1794
,,,,,,,,2403,12916,3688,1760
,,,,,,,,2404,12916,3688,1760
,,,,,,,,2405,13346,3812,1818
,,,,,,,,2406,14746,4210,2010
,,,,,,,,2407,17082,4878,2330
,,,,,,,,2408,18646,5326,2542
,,,,,,,,2409,19038,5438,2596
,,,,,,,,2410,19106,5456,2604
,,,,,,,,2411,19196,5482,2616
,,,,,,,,2412,19144,5468,2610
,,,,,,,,2413,18954,5412,2584
,,,,,,,,2414,18866,5388,2572
,,,,,,,,2415,18644,5324,2542
,,,,,,,,2416,18450,5270,2514
,,,,,,,,2417,18496,5282,2522
,,,,,,,,2418,18694,5340,2548
,,,,,,,,2419,18884,5392,2576
,,,,,,,,2420,19728,5634,2690
,,,,,,,,2421,19726,5634,2690
,,,,,,,,2422,18416,5258,2512
,,,,,,,,2423,16574,4734,2260
,,,,,,,,2424,14892,4252,2030
,,,,,,,,2425,13796,3940,1880
,,,,,,,,2426,13220,3776,1802
,,,,,,,,2427,12958,3700,1766
,,,,,,,,2428,12950,3698,1766
,,,,,,,,2429,13352,3814,1820
,,,,,,,,2430,14768,4218,2012
,,,,,,,,2431,17070,4876,2326
,,,,,,,,2432,18556,5298,2530
,,,,,,,,2433,18932,5408,2582
,,,,,,,,2434,19044,5440,2596
,,,,,,,,2435,19110,5458,2604
,,,,,,,,2436,19126,5462,2606
,,,,,,,,2437,19052,5440,2596
,,,,,,,,2438,19030,5434,2596
,,,,,,,,2439,18802,5368,2564
,,,,,,,,2440,18626,5318,2540
,,,,,,,,2441,18682,5336,2546
,,,,,,,,2442,18902,5398,2576
,,,,,,,,2443,18960,5414,2584
,,,,,,,,2444,19646,5610,2678
,,,,,,,,2445,19746,5640,2692
,,,,,,,,2446,18546,5296,2528
,,,,,,,,2447,16762,4788,2284
,,,,,,,,2448,15056,4298,2052
,,,,,,,,2449,13982,3994,1906
,,,,,,,,2450,13448,3840,1834
,,,,,,,,2451,13192,3766,1798
,,,,,,,,2452,13192,3768,1798
,,,,,,,,2453,13602,3886,1854
,,,,,,,,2454,14962,4272,2040
,,,,,,,,2455,17174,4904,2342
,,,,,,,,2456,18612,5316,2536
,,,,,,,,2457,18894,5396,2576
,,,,,,,,2458,18994,5424,2590
,,,,,,,,2459,19082,5450,2602
,,,,,,,,2460,18960,5414,2584
,,,,,,,,2461,18744,5352,2554
,,,,,,,,2462,18618,5318,2538
,,,,,,,,2463,18332,5236,2500
,,,,,,,,2464,18002,5142,2454
,,,,,,,,2465,17860,5100,2434
,,,,,,,,2466,17758,5072,2422
,,,,,,,,2467,17610,5028,2402
,,,,,,,,2468,18208,5200,2484
,,,,,,,,2469,18560,5300,2530
,,,,,,,,2470,17594,5026,2398
,,,,,,,,2471,16154,4614,2202
,,,,,,,,2472,14600,4170,1990
,,,,,,,,2473,13510,3858,1842
,,,,,,,,2474,12874,3676,1756
,,,,,,,,2475,12512,3574,1706
,,,,,,,,2476,12436,3552,1696
,,,,,,,,2477,12576,3592,1714
,,,,,,,,2478,13116,3746,1788
,,,,,,,,2479,13808,3944,1882
,,,,,,,,2480,15054,4298,2052
,,,,,,,,2481,16158,4614,2202
,,,,,,,,2482,16836,4808,2294
,,,,,,,,2483,17102,4884,2332
,,,,,,,,2484,17032,4864,2322
,,,,,,,,2485,16782,4792,2288
,,,,,,,,2486,16472,4704,2246
,,,,,,,,2487,16200,4628,2210
,,,,,,,,2488,16106,4600,2196
,,,,,,,,2489,16172,4618,2204
,,,,,,,,2490,16374,4676,2232
,,,,,,,,2491,16472,4704,2246
,,,,,,,,2492,17106,4886,2332
,,,,,,,,2493,17402,4968,2372
,,,,,,,,2494,16544,4726,2256
,,,,,,,,2495,15268,4360,2080
,,,,,,,,2496,13982,3994,1906
,,,,,,,,2497,12960,3700,1766
,,,,,,,,2498,12316,3516,1678
,,,,,,,,2499,11938,3410,1626
,,,,,,,,2500,11792,3366,1606
,,,,,,,,2501,11818,3376,1610
,,,,,,,,2502,12094,3454,1648
,,,,,,,,2503,12484,3566,1702
,,,,,,,,2504,13418,3832,1828
,,,,,,,,2505,14700,4198,2004
,,,,,,,,2506,15680,4478,2138
,,,,,,,,2507,16196,4626,2208
,,,,,,,,2508,16486,4708,2248
,,,,,,,,2509,16548,4726,2256
,,,,,,,,2510,16426,4690,2240
,,,,,,,,2511,16324,4662,2226
,,,,,,,,2512,16358,4672,2230
,,,,,,,,2513,16622,4748,2266
,,,,,,,,2514,17010,4858,2320
,,,,,,,,2515,17162,4900,2340
,,,,,,,,2516,17786,5078,2424
,,,,,,,,2517,18062,5160,2464
,,,,,,,,2518,17034,4864,2322
,,,,,,,,2519,15596,4454,2126
,,,,,,,,2520,14222,4062,1938
,,,,,,,,2521,13216,3776,1802
,,,,,,,,2522,12638,3608,1722
,,,,,,,,2523,12342,3526,1682
,,,,,,,,2524,12280,3506,1674
,,,,,,,,2525,12608,3600,1718
,,,,,,,,2526,13728,3920,1872
,,,,,,,,2527,15338,4380,2090
,,,,,,,,2528,17104,4884,2332
,,,,,,,,2529,18416,5258,2510
,,,,,,,,2530,19356,5528,2638
,,,,,,,,2531,20108,5742,2742
,,,,,,,,2532,20612,5886,2810
,,,,,,,,2533,20926,5976,2854
,,,,,,,,2534,21142,6038,2882
,,,,,,,,2535,21202,6056,2890
,,,,,,,,2536,21190,6050,2888
,,,,,,,,2537,21156,6042,2884
,,,,,,,,2538,20986,5992,2860
,,,,,,,,2539,20594,5880,2806
,,,,,,,,2540,20724,5920,2826
,,,,,,,,2541,20950,5982,2856
,,,,,,,,2542,19484,5564,2656
,,,,,,,,2543,17472,4990,2382
,,,,,,,,2544,15594,4454,2126
,,,,,,,,2545,14292,4082,1948
,,,,,,,,2546,13542,3866,1846
,,,,,,,,2547,13084,3736,1784
,,,,,,,,2548,12892,3682,1756
,,,,,,,,2549,13174,3762,1796
,,,,,,,,2550,14268,4076,1946
,,,,,,,,2551,15976,4562,2178
,,,,,,,,2552,17868,5104,2436
,,,,,,,,2553,18978,5420,2586
,,,,,,,,2554,19650,5612,2678
,,,,,,,,2555,20146,5754,2746
,,,,,,,,2556,20396,5826,2780
,,,,,,,,2557,20502,5856,2796
,,,,,,,,2558,20710,5914,2824
,,,,,,,,2559,20732,5920,2828
,,,,,,,,2560,20688,5910,2820
,,,,,,,,2561,20640,5894,2814
,,,,,,,,2562,20458,5842,2788
,,,,,,,,2563,19942,5696,2718
,,,,,,,,2564,20012,5716,2728
,,,,,,,,2565,20198,5768,2754
,,,,,,,,2566,18734,5350,2554
,,,,,,,,2567,16750,4784,2282
,,,,,,,,2568,14980,4278,2042
,,,,,,,,2569,13704,3914,1868
,,,,,,,,2570,12974,3706,1768
,,,,,,,,2571,12578,3592,1716
,,,,,,,,2572,12416,3546,1692
,,,,,,,,2573,12690,3624,1730
,,,,,,,,2574,13764,3932,1876
,,,,,,,,2575,15366,4388,2094
,,,,,,,,2576,17020,4860,2320
,,,,,,,,2577,17846,5098,2432
,,,,,,,,2578,18304,5228,2494
,,,,,,,,2579,18658,5330,2544
,,,,,,,,2580,18822,5376,2566
,,,,,,,,2581,18770,5360,2558
,,,,,,,,2582,18778,5362,2560
,,,,,,,,2583,18600,5312,2536
,,,,,,,,2584,18326,5234,2498
,,,,,,,,2585,18272,5220,2492
,,,,,,,,2586,18352,5240,2502
,,,,,,,,2587,18360,5244,2504
,,,,,,,,2588,18856,5386,2570
,,,,,,,,2589,18980,5420,2588
,,,,,,,,2590,17760,5072,2422
,,,,,,,,2591,16050,4584,2188
,,,,,,,,2592,14420,4118,1966
,,,,,,,,2593,13342,3810,1818
,,,,,,,,2594,12744,3638,1736
,,,,,,,,2595,12408,3544,1692
,,,,,,,,2596,12346,3526,1684
,,,,,,,,2597,12704,3628,1732
,,,,,,,,2598,13836,3952,1886
,,,,,,,,2599,15608,4458,2128
,,,,,,,,2600,17240,4924,2350
,,,,,,,,2601,17994,5138,2452
,,,,,,,,2602,18462,5272,2516
,,,,,,,,2603,18826,5378,2566
,,,,,,,,2604,18990,5422,2588
,,,,,,,,2605,18956,5414,2584
,,,,,,,,2606,18962,5416,2584
,,,,,,,,2607,18826,5378,2566
,,,,,,,,2608,18668,5332,2544
,,,,,,,,2609,18640,5324,2542
,,,,,,,,2610,18572,5304,2532
,,,,,,,,2611,18350,5240,2502
,,,,,,,,2612,18700,5340,2550
,,,,,,,,2613,19138,5466,2608
,,,,,,,,2614,17966,5130,2450
,,,,,,,,2615,16216,4630,2212
,,,,,,,,2616,14534,4150,1980
,,,,,,,,2617,13436,3836,1832
,,,,,,,,2618,12836,3666,1750
,,,,,,,,2619,12532,3578,1708
,,,,,,,,2620,12404,3542,1690
,,,,,,,,2621,12714,3632,1734
,,,,,,,,2622,13730,3922,1872
,,,,,,,,2623,15342,4382,2090
,,,,,,,,2624,16952,4840,2312
,,,,,,,,2625,17908,5114,2442
,,,,,,,,2626,18584,5308,2534
,,,,,,,,2627,19084,5450,2602
,,,,,,,,2628,19320,5518,2634
,,,,,,,,2629,19308,5514,2632
,,,,,,,,2630,19328,5520,2636
,,,,,,,,2631,19162,5472,2612
,,,,,,,,2632,18930,5406,2580
,,,,,,,,2633,18764,5360,2558
,,,,,,,,2634,18502,5284,2522
,,,,,,,,2635,18050,5156,2462
,,,,,,,,2636,18248,5212,2488
,,,,,,,,2637,18540,5296,2528
,,,,,,,,2638,17488,4994,2384
,,,,,,,,2639,16006,4570,2182
,,,,,,,,2640,14474,4134,1972
,,,,,,,,2641,13344,3810,1818
,,,,,,,,2642,12682,3622,1728
,,,,,,,,2643,12300,3514,1676
,,,,,,,,2644,12130,3464,1654
,,,,,,,,2645,12224,3492,1666
,,,,,,,,2646,12634,3608,1722
,,,,,,,,2647,13244,3782,1806
,,,,,,,,2648,14436,4122,1968
,,,,,,,,2649,15766,4502,2150
,,,,,,,,2650,16720,4776,2280
,,,,,,,,2651,17230,4920,2350
,,,,,,,,2652,17402,4968,2372
,,,,,,,,2653,17394,4968,2372
,,,,,,,,2654,17280,4934,2356
,,,,,,,,2655,17166,4902,2340
,,,,,,,,2656,17140,4896,2336
,,,,,,,,2657,17260,4928,2352
,,,,,,,,2658,17434,4980,2376
,,,,,,,,2659,17360,4958,2366
,,,,,,,,2660,17676,5050,2410
,,,,,,,,2661,18026,5148,2458
,,,,,,,,2662,17122,4890,2334
,,,,,,,,2663,15812,4516,2156
,,,,,,,,2664,14468,4132,1972
,,,,,,,,2665,13364,3816,1822
,,,,,,,,2666,12696,3626,1730
,,,,,,,,2667,12266,3504,1672
,,,,,,,,2668,12044,3440,1642
,,,,,,,,2669,12034,3436,1640
,,,,,,,,2670,12250,3498,1670
,,,,,,,,2671,12550,3584,1710
,,,,,,,,2672,13452,3842,1834
,,,,,,,,2673,14698,4198,2004
,,,,,,,,2674,15778,4506,2150
,,,,,,,,2675,16446,4698,2240
,,,,,,,,2676,16892,4824,2302
,,,,,,,,2677,17120,4888,2334
,,,,,,,,2678,17130,4892,2334
,,,,,,,,2679,17060,4872,2326
,,,,,,,,2680,17138,4894,2336
,,,,,,,,2681,17500,4998,2386
,,,,,,,,2682,17914,5116,2442
,,,,,,,,2683,18234,5208,2486
,,,,,,,,2684,18486,5278,2520
,,,,,,,,2685,18200,5198,2482
,,,,,,,,2686,16978,4848,2314
,,,,,,,,2687,15512,4430,2114
,,,,,,,,2688,14144,4038,1928
,,,,,,,,2689,13252,3786,1806
,,,,,,,,2690,12784,3650,1742
,,,,,,,,2691,12572,3590,1714
,,,,,,,,2692,12528,3578,1706
,,,,,,,,2693,12890,3680,1756
,,,,,,,,2694,14254,4070,1942
,,,,,,,,2695,16610,4744,2264
,,,,,,,,2696,18394,5252,2508
,,,,,,,,2697,19136,5466,2608
,,,,,,,,2698,19510,5572,2660
,,,,,,,,2699,19782,5650,2696
,,,,,,,,2700,19894,5682,2712
,,,,,,,,2701,19768,5646,2696
,,,,,,,,2702,19680,5620,2684
,,,,,,,,2703,19410,5542,2646
,,,,,,,,2704,19194,5480,2616
,,,,,,,,2705,19276,5506,2628
,,,,,,,,2706,19504,5570,2658
,,,,,,,,2707,19464,5560,2654
,,,,,,,,2708,19676,5620,2682
,,,,,,,,2709,19622,5604,2676
,,,,,,,,2710,18238,5208,2486
,,,,,,,,2711,16366,4674,2232
,,,,,,,,2712,14658,4186,1998
,,,,,,,,2713,13560,3872,1848
,,,,,,,,2714,13038,3724,1776
,,,,,,,,2715,12754,3642,1738
,,,,,,,,2716,12700,3626,1732
,,,,,,,,2717,13084,3736,1784
,,,,,,,,2718,14362,4102,1958
,,,,,,,,2719,16486,4708,2248
,,,,,,,,2720,18090,5166,2466
,,,,,,,,2721,18606,5314,2536
,,,,,,,,2722,18900,5398,2576
,,,,,,,,2723,19108,5458,2604
,,,,,,,,2724,19092,5452,2604
,,,,,,,,2725,18946,5410,2584
,,,,,,,,2726,18878,5390,2574
,,,,,,,,2727,18670,5332,2544
,,,,,,,,2728,18470,5276,2518
,,,,,,,,2729,18500,5284,2522
,,,,,,,,2730,18616,5316,2538
,,,,,,,,2731,18650,5326,2544
,,,,,,,,2732,19178,5478,2616
,,,,,,,,2733,19668,5618,2682
,,,,,,,,2734,18446,5268,2514
,,,,,,,,2735,16532,4720,2254
,,,,,,,,2736,14806,4228,2020
,,,,,,,,2737,13692,3910,1868
,,,,,,,,2738,13126,3748,1788
,,,,,,,,2739,12868,3676,1754
,,,,,,,,2740,12792,3654,1744
,,,,,,,,2741,13214,3774,1802
,,,,,,,,2742,14516,4146,1978
,,,,,,,,2743,16642,4752,2270
,,,,,,,,2744,18110,5172,2470
,,,,,,,,2745,18496,5282,2522
,,,,,,,,2746,18730,5350,2554
,,,,,,,,2747,18890,5394,2576
,,,,,,,,2748,18952,5412,2584
,,,,,,,,2749,18862,5386,2572
,,,,,,,,2750,18822,5376,2566
,,,,,,,,2751,18568,5302,2532
,,,,,,,,2752,18400,5254,2508
,,,,,,,,2753,18434,5264,2514
,,,,,,,,2754,18550,5298,2530
,,,,,,,,2755,18628,5318,2540
,,,,,,,,2756,19058,5442,2598
,,,,,,,,2757,19408,5542,2644
,,,,,,,,2758,18270,5218,2492
,,,,,,,,2759,16480,4708,2246
,,,,,,,,2760,14808,4228,2020
,,,,,,,,2761,13682,3906,1866
,,,,,,,,2762,13092,3738,1786
,,,,,,,,2763,12854,3670,1752
,,,,,,,,2764,12854,3670,1752
,,,,,,,,2765,13264,3788,1808
,,,,,,,,2766,14612,4174,1992
,,,,,,,,2767,16748,4784,2282
,,,,,,,,2768,18228,5206,2484
,,,,,,,,2769,18626,5318,2540
,,,,,,,,2770,18792,5368,2562
,,,,,,,,2771,18940,5408,2582
,,,,,,,,2772,19022,5432,2594
,,,,,,,,2773,18950,5412,2584
,,,,,,,,2774,18962,5416,2584
,,,,,,,,2775,18760,5358,2558
,,,,,,,,2776,18602,5312,2536
,,,,,,,,2777,18776,5362,2560
,,,,,,,,2778,19172,5476,2614
,,,,,,,,2779,19294,5510,2630
,,,,,,,,2780,19572,5590,2668
,,,,,,,,2781,19568,5588,2668
,,,,,,,,2782,18292,5224,2494
,,,,,,,,2783,16444,4696,2240
,,,,,,,,2784,14748,4212,2010
,,,,,,,,2785,13616,3888,1856
,,,,,,,,2786,13000,3712,1772
,,,,,,,,2787,12674,3620,1726
,,,,,,,,2788,12598,3596,1716
,,,,,,,,2789,12912,3686,1760
,,,,,,,,2790,14128,4036,1926
,,,,,,,,2791,16238,4638,2212
,,,,,,,,2792,17888,5110,2438
,,,,,,,,2793,18514,5288,2524
,,,,,,,,2794,18814,5374,2564
,,,,,,,,2795,19004,5428,2592
,,,,,,,,2796,18966,5416,2584
,,,,,,,,2797,18770,5360,2558
,,,,,,,,2798,18650,5326,2544
,,,,,,,,2799,18354,5242,2502
,,,,,,,,2800,18060,5158,2462
,,,,,,,,2801,17984,5136,2452
,,,,,,,,2802,17946,5126,2446
,,,,,,,,2803,17888,5110,2438
,,,,,,,,2804,18382,5250,2506
,,,,,,,,2805,18978,5420,2586
,,,,,,,,2806,18156,5186,2474
,,,,,,,,2807,16708,4772,2278
,,,,,,,,2808,15188,4338,2070
,,,,,,,,2809,14054,4014,1916
,,,,,,,,2810,13414,3830,1828
,,,,,,,,2811,13116,3746,1788
,,,,,,,,2812,13006,3714,1772
,,,,,,,,2813,13180,3766,1798
,,,,,,,,2814,13646,3896,1860
,,,,,,,,2815,14312,4088,1950
,,,,,,,,2816,15628,4464,2130
,,,,,,,,2817,16720,4776,2280
,,,,,,,,2818,17294,4938,2358
,,,,,,,,2819,17390,4966,2372
,,,,,,,,2820,17254,4928,2352
,,,,,,,,2821,16952,4840,2312
,,,,,,,,2822,16596,4738,2262
,,,,,,,,2823,16276,4648,2220
,,,,,,,,2824,16084,4594,2192
,,,,,,,,2825,16174,4618,2204
,,,,,,,,2826,16406,4686,2236
,,,,,,,,2827,16556,4728,2258
,,,,,,,,2828,16994,4854,2316
,,,,,,,,2829,17648,5040,2406
,,,,,,,,2830,16946,4838,2310
,,,,,,,,2831,15724,4490,2144
,,,,,,,,2832,14432,4122,1968
,,,,,,,,2833,13356,3816,1820
,,,,,,,,2834,12758,3644,1738
,,,,,,,,2835,12462,3558,1698
,,,,,,,,2836,12366,3532,1686
,,,,,,,,2837,12452,3556,1696
,,,,,,,,2838,12716,3632,1734
,,,,,,,,2839,13132,3750,1790
,,,,,,,,2840,14114,4030,1924
,,,,,,,,2841,15222,4348,2074
,,,,,,,,2842,16018,4574,2184
,,,,,,,,2843,16352,4670,2230
,,,,,,,,2844,16496,4710,2250
,,,,,,,,2845,16420,4688,2238
,,,,,,,,2846,16202,4628,2210
,,,,,,,,2847,15966,4560,2176
,,,,,,,,2848,15928,4548,2170
,,,,,,,,2849,16166,4618,2204
,,,,,,,,2850,16618,4746,2266
,,,,,,,,2851,16902,4828,2304
,,,,,,,,2852,17442,4982,2378
,,,,,,,,2853,18232,5208,2484
,,,,,,,,2854,17180,4906,2342
,,,,,,,,2855,15572,4448,2122
,,,,,,,,2856,14104,4028,1922
,,,,,,,,2857,13166,3760,1796
,,,,,,,,2858,12692,3626,1730
,,,,,,,,2859,12518,3576,1706
,,,,,,,,2860,12582,3594,1716
,,,,,,,,2861,13072,3734,1782
,,,,,,,,2862,14460,4130,1970
,,,,,,,,2863,16786,4794,2288
,,,,,,,,2864,18346,5240,2502
,,,,,,,,2865,18654,5328,2544
,,,,,,,,2866,18826,5378,2566
,,,,,,,,2867,18958,5414,2584
,,,,,,,,2868,18944,5410,2584
,,,,,,,,2869,18810,5372,2564
,,,,,,,,2870,18772,5360,2560
,,,,,,,,2871,18570,5302,2532
,,,,,,,,2872,18376,5250,2504
,,,,,,,,2873,18362,5244,2504
,,,,,,,,2874,18488,5280,2520
,,,,,,,,2875,18638,5322,2542
,,,,,,,,2876,19156,5470,2612
,,,,,,,,2877,19538,5580,2664
,,,,,,,,2878,18154,5184,2474
,,,,,,,,2879,16236,4638,2212
,,,,,,,,2880,14516,4146,1978
,,,,,,,,2881,13418,3832,1828
,,,,,,,,2882,12902,3686,1758
,,,,,,,,2883,12626,3606,1720
,,,,,,,,2884,12560,3586,1712
,,,,,,,,2885,12880,3678,1756
,,,,,,,,2886,14206,4056,1936
,,,,,,,,2887,16520,4718,2252
,,,,,,,,2888,18360,5244,2504
,,,,,,,,2889,19088,5450,2602
,,,,,,,,2890,19546,5582,2664
,,,,,,,,2891,19814,5660,2702
,,,,,,,,2892,20082,5736,2738
,,,,,,,,2893,20038,5722,2732
,,,,,,,,2894,19878,5678,2710
,,,,,,,,2895,19656,5614,2680
,,,,,,,,2896,19488,5566,2656
,,,,,,,,2897,19618,5602,2676
,,,,,,,,2898,19896,5682,2712
,,,,,,,,2899,19896,5682,2712
,,,,,,,,2900,20022,5718,2730
,,,,,,,,2901,20008,5714,2728
,,,,,,,,2902,18666,5330,2544
,,,,,,,,2903,16686,4766,2274
,,,,,,,,2904,14944,4268,2038
,,,,,,,,2905,13802,3942,1882
,,,,,,,,2906,13192,3768,1798
,,,,,,,,2907,12886,3680,1756
,,,,,,,,2908,12814,3660,1746
,,,,,,,,2909,13158,3756,1794
,,,,,,,,2910,14442,4126,1968
,,,,,,,,2911,16740,4780,2282
,,,,,,,,2912,18464,5272,2516
,,,,,,,,2913,18968,5418,2584
,,,,,,,,2914,19260,5500,2624
,,,,,,,,2915,19498,5568,2658
,,,,,,,,2916,19508,5570,2660
,,,,,,,,2917,19370,5530,2640
,,,,,,,,2918,19304,5512,2632
,,,,,,,,2919,19078,5450,2602
,,,,,,,,2920,18886,5394,2576
,,,,,,,,2921,18952,5412,2584
,,,,,,,,2922,19180,5478,2616
,,,,,,,,2923,19348,5526,2638
,,,,,,,,2924,19696,5624,2686
,,,,,,,,2925,19834,5664,2704
,,,,,,,,2926,18572,5304,2532
,,,,,,,,2927,16622,4748,2266
,,,,,,,,2928,14878,4248,2028
,,,,,,,,2929,13722,3918,1870
,,,,,,,,2930,13130,3748,1790
,,,,,,,,2931,12810,3658,1746
,,,,,,,,2932,12732,3636,1736
,,,,,,,,2933,13088,3738,1784
,,,,,,,,2934,14360,4102,1958
,,,,,,,,2935,16688,4766,2274
,,,,,,,,2936,18460,5272,2516
,,,,,,,,2937,19026,5434,2594
,,,,,,,,2938,19324,5520,2636
,,,,,,,,2939,19552,5584,2664
,,,,,,,,2940,19618,5602,2676
,,,,,,,,2941,19466,5560,2654
,,,,,,,,2942,19422,5546,2648
,,,,,,,,2943,19140,5466,2610
,,,,,,,,2944,18948,5410,2584
,,,,,,,,2945,19042,5438,2596
,,,,,,,,2946,19252,5498,2624
,,,,,,,,2947,19328,5520,2636
,,,,,,,,2948,19630,5606,2676
,,,,,,,,2949,19768,5646,2696
,,,,,,,,2950,18524,5290,2524
,,,,,,,,2951,16590,4738,2260
,,,,,,,,2952,14828,4234,2020
,,,,,,,,2953,13676,3906,1864
,,,,,,,,2954,13038,3724,1776
,,,,,,,,2955,12710,3630,1732
,,,,,,,,2956,12622,3606,1720
,,,,,,,,2957,12940,3696,1764
,,,,,,,,2958,14158,4044,1930
,,,,,,,,2959,16432,4692,2240
,,,,,,,,2960,18198,5198,2482
,,,,,,,,2961,18924,5404,2580
,,,,,,,,2962,19284,5508,2628
,,,,,,,,2963,19630,5606,2676
,,,,,,,,2964,19676,5620,2682
,,,,,,,,2965,19562,5586,2666
,,,,,,,,2966,19494,5568,2656
,,,,,,,,2967,19202,5484,2618
,,,,,,,,2968,18944,5410,2584
,,,,,,,,2969,18924,5404,2580
,,,,,,,,2970,18870,5388,2574
,,,,,,,,2971,18698,5340,2548
,,,,,,,,2972,18720,5346,2552
,,,,,,,,2973,18942,5408,2582
,,,,,,,,2974,17996,5138,2452
,,,,,,,,2975,16480,4708,2246
,,,,,,,,2976,14890,4252,2028
,,,,,,,,2977,13620,3890,1858
,,,,,,,,2978,12920,3688,1760
,,,,,,,,2979,12488,3566,1702
,,,,,,,,2980,12292,3510,1676
,,,,,,,,2981,12356,3528,1684
,,,,,,,,2982,12754,3642,1738
,,,,,,,,2983,13498,3856,1840
,,,,,,,,2984,14804,4228,2018
,,,,,,,,2985,16178,4620,2206
,,,,,,,,2986,17068,4874,2326
,,,,,,,,2987,17460,4988,2380
,,,,,,,,2988,17538,5008,2392
,,,,,,,,2989,17364,4958,2368
,,,,,,,,2990,17078,4878,2328
,,,,,,,,2991,16800,4798,2292
,,,,,,,,2992,16610,4744,2264
,,,,,,,,2993,16596,4738,2262
,,,,,,,,2994,16698,4768,2276
,,,,,,,,2995,16662,4758,2272
,,,,,,,,2996,16852,4812,2298
,,,,,,,,2997,17488,4994,2384
,,,,,,,,2998,16840,4808,2296
,,,,,,,,2999,15608,4458,2128
,,,,,,,,3000,14290,4080,1948
,,,,,,,,3001,13232,3778,1804
,,,,,,,,3002,12570,3590,1714
,,,,,,,,3003,12180,3478,1660
,,,,,,,,3004,11990,3424,1634
,,,,,,,,3005,11992,3426,1634
,,,,,,,,3006,12162,3474,1658
,,,,,,,,3007,12530,3578,1708
,,,,,,,,3008,13546,3868,1846
,,,,,,,,3009,14784,4222,2016
,,,,,,,,3010,15722,4490,2142
,,,,,,,,3011,16216,4630,2212
,,,,,,,,3012,16412,4688,2238
,,,,,,,,3013,16416,4688,2238
,,,,,,,,3014,16252,4642,2216
,,,,,,,,3015,16030,4578,2186
,,,,,,,,3016,15984,4566,2180
,,,,,,,,3017,16224,4634,2212
,,,,,,,,3018,16654,4756,2272
,,,,,,,,3019,16918,4832,2306
,,,,,,,,3020,17284,4936,2356
,,,,,,,,3021,18134,5180,2472
,,,,,,,,3022,17132,4892,2336
,,,,,,,,3023,15520,4432,2116
,,,,,,,,3024,14004,3998,1908
,,,,,,,,3025,12926,3692,1762
,,,,,,,,3026,12386,3536,1688
,,,,,,,,3027,12152,3470,1656
,,,,,,,,3028,12114,3460,1652
,,,,,,,,3029,12536,3580,1708
,,,,,,,,3030,13714,3916,1868
,,,,,,,,3031,15988,4566,2180
,,,,,,,,3032,17742,5068,2420
,,,,,,,,3033,18338,5238,2500
,,,,,,,,3034,18720,5346,2552
,,,,,,,,3035,19090,5452,2604
,,,,,,,,3036,19256,5498,2624
,,,,,,,,3037,19246,5496,2624
,,,,,,,,3038,19290,5510,2630
,,,,,,,,3039,19126,5462,2606
,,,,,,,,3040,18906,5400,2576
,,,,,,,,3041,18818,5374,2564
,,,,,,,,3042,18740,5352,2554
,,,,,,,,3043,18602,5312,2536
,,,,,,,,3044,18902,5398,2576
,,,,,,,,3045,19448,5554,2652
,,,,,,,,3046,18190,5194,2480
,,,,,,,,3047,16214,4630,2212
,,,,,,,,3048,14422,4118,1966
,,,,,,,,3049,13286,3794,1810
,,,,,,,,3050,12690,3624,1730
,,,,,,,,3051,12370,3534,1686
,,,,,,,,3052,12282,3508,1674
,,,,,,,,3053,12634,3608,1722
,,,,,,,,3054,13828,3948,1886
,,,,,,,,3055,16106,4600,2196
,,,,,,,,3056,17960,5128,2448
,,,,,,,,3057,18628,5318,2540
,,,,,,,,3058,19016,5430,2592
,,,,,,,,3059,19366,5530,2640
,,,,,,,,3060,19476,5562,2656
,,,,,,,,3061,19362,5530,2640
,,,,,,,,3062,19392,5538,2644
,,,,,,,,3063,19210,5486,2618
,,,,,,,,3064,19110,5458,2604
,,,,,,,,3065,19324,5520,2636
,,,,,,,,3066,19646,5610,2678
,,,,,,,,3067,19630,5606,2676
,,,,,,,,3068,19732,5636,2690
,,,,,,,,3069,19664,5616,2682
,,,,,,,,3070,18310,5228,2496
,,,,,,,,3071,16416,4688,2238
,,,,,,,,3072,14684,4194,2002
,,,,,,,,3073,13518,3860,1842
,,,,,,,,3074,12918,3688,1760
,,,,,,,,3075,12600,3598,1716
,,,,,,,,3076,12508,3572,1706
,,,,,,,,3077,12846,3668,1750
,,,,,,,,3078,14108,4028,1924
,,,,,,,,3079,16454,4698,2242
,,,,,,,,3080,18394,5252,2508
,,,,,,,,3081,19106,5456,2604
,,,,,,,,3082,19534,5580,2664
,,,,,,,,3083,19882,5680,2710
,,,,,,,,3084,20026,5720,2730
,,,,,,,,3085,19954,5700,2720
,,,,,,,,3086,19942,5696,2718
,,,,,,,,3087,19718,5630,2688
,,,,,,,,3088,19590,5594,2670
,,,,,,,,3089,19728,5634,2690
,,,,,,,,3090,19898,5682,2714
,,,,,,,,3091,19790,5652,2698
,,,,,,,,3092,19870,5674,2708
,,,,,,,,3093,19836,5664,2706
,,,,,,,,3094,18558,5298,2530
,,,,,,,,3095,16616,4746,2264
,,,,,,,,3096,14866,4246,2026
,,,,,,,,3097,13704,3914,1868
,,,,,,,,3098,13066,3732,1780
,,,,,,,,3099,12738,3636,1736
,,,,,,,,3100,12664,3616,1726
,,,,,,,,3101,12950,3698,1766
,,,,,,,,3102,14106,4028,1922
,,,,,,,,3103,16362,4672,2232
,,,,,,,,3104,18210,5200,2484
,,,,,,,,3105,18876,5390,2574
,,,,,,,,3106,19204,5484,2618
,,,,,,,,3107,19478,5562,2656
,,,,,,,,3108,19572,5590,2668
,,,,,,,,3109,19492,5566,2656
,,,,,,,,3110,19436,5550,2650
,,,,,,,,3111,19194,5480,2616
,,,,,,,,3112,18964,5416,2584
,,,,,,,,3113,18898,5398,2576
,,,,,,,,3114,18862,5386,2572
,,,,,,,,3115,18678,5334,2546
,,,,,,,,3116,18766,5360,2558
,,,,,,,,3117,19312,5514,2634
,,,,,,,,3118,18332,5236,2500
,,,,,,,,3119,16534,4722,2254
,,,,,,,,3120,14732,4206,2008
,,,,,,,,3121,13554,3870,1846
,,,,,,,,3122,12920,3688,1760
,,,,,,,,3123,12576,3592,1714
,,,,,,,,3124,12494,3568,1704
,,,,,,,,3125,12856,3672,1752
,,,,,,,,3126,13898,3968,1894
,,,,,,,,3127,16136,4608,2200
,,,,,,,,3128,17812,5088,2428
,,,,,,,,3129,18368,5246,2504
,,,,,,,,3130,18698,5340,2548
,,,,,,,,3131,18938,5408,2582
,,,,,,,,3132,19034,5436,2596
,,,,,,,,3133,18910,5400,2578
,,,,,,,,3134,18822,5376,2566
,,,,,,,,3135,18576,5306,2534
,,,,,,,,3136,18330,5236,2498
,,,,,,,,3137,18200,5198,2482
,,,,,,,,3138,18048,5154,2460
,,,,,,,,3139,17792,5080,2426
,,,,,,,,3140,17752,5070,2420
,,,,,,,,3141,18358,5242,2504
,,,,,,,,3142,17716,5058,2414
,,,,,,,,3143,16270,4646,2218
,,,,,,,,3144,14656,4186,1998
,,,,,,,,3145,13448,3840,1834
,,,,,,,,3146,12748,3640,1736
,,,,,,,,3147,12358,3528,1686
,,,,,,,,3148,12216,3488,1666
,,,,,,,,3149,12276,3506,1674
,,,,,,,,3150,12544,3582,1710
,,,,,,,,3151,13334,3808,1818
,,,,,,,,3152,14666,4188,1998
,,,,,,,,3153,15968,4560,2178
,,,,,,,,3154,16752,4784,2284
,,,,,,,,3155,17024,4862,2322
,,,,,,,,3156,17062,4872,2326
,,,,,,,,3157,16922,4832,2306
,,,,,,,,3158,16742,4780,2282
,,,,,,,,3159,16592,4738,2262
,,,,,,,,3160,16624,4748,2266
,,,,,,,,3161,16794,4796,2290
,,,,,,,,3162,17000,4856,2318
,,,,,,,,3163,17034,4866,2322
,,,,,,,,3164,17096,4882,2332
,,,,,,,,3165,17754,5070,2420
,,,,,,,,3166,17182,4908,2342
,,,,,,,,3167,15888,4538,2166
,,,,,,,,3168,14436,4122,1968
,,,,,,,,3169,13294,3796,1812
,,,,,,,,3170,12518,3576,1706
,,,,,,,,3171,12076,3448,1646
,,,,,,,,3172,11834,3380,1614
,,,,,,,,3173,11800,3370,1608
,,,,,,,,3174,11820,3376,1612
,,,,,,,,3175,12282,3506,1674
,,,,,,,,3176,13446,3840,1834
,,,,,,,,3177,14884,4250,2028
,,,,,,,,3178,15960,4558,2176
,,,,,,,,3179,16538,4724,2254
,,,,,,,,3180,16846,4810,2296
,,,,,,,,3181,16990,4852,2316
,,,,,,,,3182,16958,4842,2312
,,,,,,,,3183,16924,4834,2308
,,,,,,,,3184,16998,4854,2318
,,,,,,,,3185,17200,4912,2344
,,,,,,,,3186,17446,4982,2378
,,,,,,,,3187,17508,5000,2386
,,,,,,,,3188,17798,5084,2426
,,,,,,,,3189,18616,5316,2538
,,,,,,,,3190,17844,5096,2432
,,,,,,,,3191,16212,4630,2210
,,,,,,,,3192,14598,4168,1990
,,,,,,,,3193,13444,3840,1832
,,,,,,,,3194,12844,3668,1750
,,,,,,,,3195,12506,3572,1706
,,,,,,,,3196,12414,3546,1692
,,,,,,,,3197,12794,3654,1744
,,,,,,,,3198,13928,3978,1898
,,,,,,,,3199,16168,4618,2204
,,,,,,,,3200,18076,5162,2464
,,,,,,,,3201,18906,5400,2576
,,,,,,,,3202,19484,5564,2656
,,,,,,,,3203,19992,5710,2726
,,,,,,,,3204,20294,5796,2766
,,,,,,,,3205,20394,5824,2780
,,,,,,,,3206,20386,5822,2778
,,,,,,,,3207,20224,5776,2756
,,,,,,,,3208,20038,5722,2732
,,,,,,,,3209,20028,5720,2730
,,,,,,,,3210,20084,5736,2738
,,,,,,,,3211,19938,5694,2718
,,,,,,,,3212,19936,5694,2718
,,,,,,,,3213,20060,5730,2736
,,,,,,,,3214,18792,5366,2562
,,,,,,,,3215,16840,4808,2296
,,,,,,,,3216,15012,4288,2046
,,,,,,,,3217,13826,3948,1886
,,,,,,,,3218,13170,3762,1796
,,,,,,,,3219,12810,3658,1746
,,,,,,,,3220,12722,3634,1734
,,,,,,,,3221,13042,3726,1776
,,,,,,,,3222,14174,4048,1932
,,,,,,,,3223,16412,4688,2238
,,,,,,,,3224,18298,5226,2494
,,,,,,,,3225,19140,5466,2610
,,,,,,,,3226,19680,5620,2684
,,,,,,,,3227,20170,5760,2750
,,,,,,,,3228,20382,5820,2778
,,,,,,,,3229,20398,5826,2780
,,,,,,,,3230,20384,5820,2778
,,,,,,,,3231,20130,5750,2746
,,,,,,,,3232,19940,5696,2718
,,,,,,,,3233,20014,5716,2728
,,,,,,,,3234,20174,5760,2750
,,,,,,,,3235,20100,5740,2740
,,,,,,,,3236,20118,5746,2744
,,,,,,,,3237,20092,5740,2740
,,,,,,,,3238,18802,5368,2564
,,,,,,,,3239,16872,4818,2300
,,,,,,,,3240,15090,4308,2058
,,,,,,,,3241,13932,3978,1898
,,,,,,,,3242,13278,3792,1810
,,,,,,,,3243,12938,3696,1764
,,,,,,,,3244,12834,3666,1748
,,,,,,,,3245,13154,3756,1794
,,,,,,,,3246,14366,4104,1958
,,,,,,,,3247,16684,4766,2274
,,,,,,,,3248,18614,5316,2538
,,,,,,,,3249,19472,5560,2656
,,,,,,,,3250,19982,5708,2724
,,,,,,,,3251,20378,5820,2778
,,,,,,,,3252,20562,5872,2804
,,,,,,,,3253,20546,5868,2802
,,,,,,,,3254,20598,5882,2808
,,,,,,,,3255,20580,5878,2806
,,,,,,,,3256,20580,5878,2806
,,,,,,,,3257,20642,5894,2814
,,,,,,,,3258,20608,5886,2810
,,,,,,,,3259,20332,5806,2772
,,,,,,,,3260,20206,5770,2756
,,,,,,,,3261,20658,5900,2816
,,,,,,,,3262,19538,5580,2664
,,,,,,,,3263,17504,4998,2386
,,,,,,,,3264,15526,4434,2116
,,,,,,,,3265,14214,4058,1938
,,,,,,,,3266,13462,3846,1836
,,,,,,,,3267,13034,3724,1776
,,,,,,,,3268,12844,3668,1750
,,,,,,,,3269,13060,3730,1780
,,,,,,,,3270,13982,3994,1906
,,,,,,,,3271,16162,4616,2202
,,,,,,,,3272,17900,5112,2440
,,,,,,,,3273,18616,5318,2538
,,,,,,,,3274,19046,5440,2596
,,,,,,,,3275,19422,5546,2648
,,,,,,,,3276,19606,5600,2674
,,,,,,,,3277,19606,5600,2674
,,,,,,,,3278,19712,5630,2686
,,,,,,,,3279,19630,5606,2676
,,,,,,,,3280,19554,5584,2664
,,,,,,,,3281,19528,5576,2662
,,,,,,,,3282,19410,5542,2646
,,,,,,,,3283,19088,5450,2602
,,,,,,,,3284,18982,5420,2588
,,,,,,,,3285,19568,5588,2666
,,,,,,,,3286,18692,5338,2548
,,,,,,,,3287,16746,4782,2282
,,,,,,,,3288,14890,4252,2028
,,,,,,,,3289,13646,3896,1860
,,,,,,,,3290,12916,3688,1760
,,,,,,,,3291,12546,3584,1710
,,,,,,,,3292,12420,3546,1694
,,,,,,,,3293,12732,3636,1736
,,,,,,,,3294,13678,3906,1866
,,,,,,,,3295,15874,4534,2164
,,,,,,,,3296,17712,5058,2414
,,,,,,,,3297,18518,5290,2524
,,,,,,,,3298,19022,5432,2594
,,,,,,,,3299,19418,5546,2646
,,,,,,,,3300,19598,5596,2672
,,,,,,,,3301,19576,5590,2668
,,,,,,,,3302,19618,5602,2676
,,,,,,,,3303,19470,5560,2654
,,,,,,,,3304,19318,5518,2634
,,,,,,,,3305,19164,5472,2614
,,,,,,,,3306,18876,5390,2574
,,,,,,,,3307,18430,5264,2514
,,,,,,,,3308,18170,5188,2476
,,,,,,,,3309,18638,5322,2542
,,,,,,,,3310,18010,5144,2454
,,,,,,,,3311,16464,4702,2244
,,,,,,,,3312,14776,4218,2014
,,,,,,,,3313,13518,3860,1842
,,,,,,,,3314,12792,3654,1744
,,,,,,,,3315,12360,3530,1686
,,,,,,,,3316,12132,3466,1654
,,,,,,,,3317,12208,3486,1664
,,,,,,,,3318,12368,3532,1686
,,,,,,,,3319,13204,3772,1800
,,,,,,,,3320,14614,4174,1992
,,,,,,,,3321,16070,4588,2190
,,,,,,,,3322,16980,4848,2314
,,,,,,,,3323,17434,4980,2376
,,,,,,,,3324,17650,5040,2406
,,,,,,,,3325,17642,5038,2404
,,,,,,,,3326,17532,5008,2390
,,,,,,,,3327,17480,4992,2382
,,,,,,,,3328,17568,5018,2394
,,,,,,,,3329,17764,5074,2422
,,,,,,,,3330,17936,5122,2444
,,,,,,,,3331,17836,5094,2432
,,,,,,,,3332,17608,5028,2402
,,,,,,,,3333,18058,5158,2462
,,,,,,,,3334,17570,5018,2396
,,,,,,,,3335,16200,4628,2210
,,,,,,,,3336,14698,4198,2004
,,,,,,,,3337,13500,3856,1840
,,,,,,,,3338,12726,3634,1736
,,,,,,,,3339,12238,3496,1668
,,,,,,,,3340,12030,3436,1640
,,,,,,,,3341,12012,3430,1636
,,,,,,,,3342,11980,3422,1634
,,,,,,,,3343,12476,3564,1700
,,,,,,,,3344,13690,3910,1866
,,,,,,,,3345,15174,4334,2070
,,,,,,,,3346,16346,4668,2228
,,,,,,,,3347,17064,4874,2326
,,,,,,,,3348,17538,5008,2392
,,,,,,,,3349,17782,5078,2424
,,,,,,,,3350,17816,5090,2430
,,,,,,,,3351,17850,5098,2432
,,,,,,,,3352,17970,5132,2450
,,,,,,,,3353,18212,5200,2484
,,,,,,,,3354,18454,5270,2516
,,,,,,,,3355,18442,5268,2514
,,,,,,,,3356,18348,5240,2502
,,,,,,,,3357,18932,5408,2582
,,,,,,,,3358,18114,5174,2470
,,,,,,,,3359,16306,4658,2222
,,,,,,,,3360,14606,4170,1990
,,,,,,,,3361,13388,3824,1826
,,,,,,,,3362,12798,3656,1746
,,,,,,,,3363,12480,3564,1700
,,,,,,,,3364,12400,3542,1690
,,,,,,,,3365,12732,3636,1736
,,,,,,,,3366,13744,3926,1874
,,,,,,,,3367,16002,4570,2180
,,,,,,,,3368,18002,5142,2454
,,,,,,,,3369,18942,5410,2582
,,,,,,,,3370,19584,5592,2670
,,,,,,,,3371,20118,5746,2744
,,,,,,,,3372,20428,5834,2786
,,,,,,,,3373,20496,5854,2794
,,,,,,,,3374,20630,5892,2812
,,,,,,,,3375,20510,5858,2796
,,,,,,,,3376,20342,5810,2774
,,,,,,,,3377,20382,5820,2778
,,,,,,,,3378,20414,5830,2784
,,,,,,,,3379,20280,5792,2766
,,,,,,,,3380,20208,5770,2756
,,,,,,,,3381,20274,5790,2764
,,,,,,,,3382,19014,5430,2592
,,,,,,,,3383,17020,4860,2320
,,,,,,,,3384,15230,4348,2076
,,,,,,,,3385,14048,4012,1916
,,,,,,,,3386,13396,3826,1826
,,,,,,,,3387,13084,3736,1784
,,,,,,,,3388,12962,3702,1766
,,,,,,,,3389,13302,3798,1814
,,,,,,,,3390,14422,4118,1966
,,,,,,,,3391,16724,4778,2280
,,,,,,,,3392,18620,5318,2538
,,,,,,,,3393,19408,5542,2644
,,,,,,,,3394,19938,5694,2718
,,,,,,,,3395,20448,5840,2788
,,,,,,,,3396,20682,5908,2820
,,,,,,,,3397,20668,5902,2816
,,,,,,,,3398,20684,5908,2820
,,,,,,,,3399,20526,5862,2798
,,,,,,,,3400,20392,5824,2780
,,,,,,,,3401,20400,5826,2782
,,,,,,,,3402,20454,5842,2788
,,,,,,,,3403,20236,5780,2758
,,,,,,,,3404,20092,5738,2738
,,,,,,,,3405,20196,5768,2754
,,,,,,,,3406,19100,5454,2604
,,,,,,,,3407,17214,4916,2346
,,,,,,,,3408,15400,4398,2100
,,,,,,,,3409,14102,4026,1922
,,,,,,,,3410,13462,3846,1836
,,,,,,,,3411,13126,3748,1788
,,,,,,,,3412,13012,3716,1774
,,,,,,,,3413,13354,3814,1820
,,,,,,,,3414,14380,4108,1960
,,,,,,,,3415,16728,4778,2280
,,,,,,,,3416,18712,5344,2552
,,,,,,,,3417,19638,5610,2676
,,,,,,,,3418,20250,5784,2760
,,,,,,,,3419,20802,5940,2836
,,,,,,,,3420,21162,6044,2886
,,,,,,,,3421,21338,6094,2908
,,,,,,,,3422,21570,6160,2940
,,,,,,,,3423,21544,6152,2938
,,,,,,,,3424,21394,6110,2918
,,,,,,,,3425,21424,6120,2920
,,,,,,,,3426,21382,6106,2916
,,,,,,,,3427,21066,6016,2872
,,,,,,,,3428,20822,5946,2838
,,,,,,,,3429,21182,6050,2888
,,,,,,,,3430,20294,5796,2766
,,,,,,,,3431,18192,5196,2480
,,,,,,,,3432,16148,4612,2200
,,,,,,,,3433,14744,4210,2008
,,,,,,,,3434,13898,3968,1894
,,,,,,,,3435,13426,3834,1830
,,,,,,,,3436,13232,3778,1804
,,,,,,,,3437,13518,3860,1842
,,,,,,,,3438,14540,4152,1982
,,,,,,,,3439,16948,4840,2312
,,,,,,,,3440,18990,5422,2588
,,,,,,,,3441,20002,5712,2726
,,,,,,,,3442,20756,5928,2830
,,,,,,,,3443,21378,6106,2914
,,,,,,,,3444,21742,6210,2964
,,,,,,,,3445,21852,6240,2978
,,,,,,,,3446,21946,6268,2992
,,,,,,,,3447,21888,6252,2984
,,,,,,,,3448,21690,6194,2958
,,,,,,,,3449,21590,6166,2944
,,,,,,,,3450,21282,6078,2902
,,,,,,,,3451,20832,5950,2840
,,,,,,,,3452,20598,5882,2808
,,,,,,,,3453,20958,5986,2856
,,,,,,,,3454,20082,5736,2738
,,,,,,,,3455,17998,5140,2452
,,,,,,,,3456,15948,4554,2174
,,,,,,,,3457,14608,4172,1990
,,,,,,,,3458,13872,3962,1890
,,,,,,,,3459,13432,3836,1830
,,,,,,,,3460,13294,3796,1812
,,,,,,,,3461,13576,3876,1850
,,,,,,,,3462,14578,4164,1988
,,,,,,,,3463,16750,4784,2282
,,,,,,,,3464,18638,5322,2542
,,,,,,,,3465,19562,5588,2666
,,,,,,,,3466,20132,5750,2746
,,,,,,,,3467,20558,5870,2804
,,,,,,,,3468,20846,5954,2842
,,,,,,,,3469,20892,5968,2848
,,,,,,,,3470,20972,5990,2858
,,,,,,,,3471,20864,5960,2844
,,,,,,,,3472,20762,5930,2830
,,,,,,,,3473,20756,5928,2830
,,,,,,,,3474,20588,5880,2806
,,,,,,,,3475,20216,5774,2756
,,,,,,,,3476,19902,5684,2714
,,,,,,,,3477,20166,5760,2748
,,,,,,,,3478,19588,5594,2670
,,,,,,,,3479,18024,5148,2456
,,,,,,,,3480,16256,4642,2216
,,,,,,,,3481,14912,4258,2032
,,,,,,,,3482,14098,4026,1922
,,,,,,,,3483,13602,3886,1854
,,,,,,,,3484,13352,3814,1820
,,,,,,,,3485,13382,3822,1824
,,,,,,,,3486,13584,3878,1852
,,,,,,,,3487,14360,4102,1958
,,,,,,,,3488,15828,4520,2158
,,,,,,,,3489,17558,5014,2392
,,,,,,,,3490,18970,5418,2586
,,,,,,,,3491,19942,5696,2718
,,,,,,,,3492,20568,5874,2804
,,,,,,,,3493,20942,5982,2856
,,,,,,,,3494,21062,6014,2872
,,,,,,,,3495,21142,6038,2882
,,,,,,,,3496,21142,6038,2882
,,,,,,,,3497,21292,6080,2902
,,,,,,,,3498,21292,6080,2902
,,,,,,,,3499,20994,5996,2862
,,,,,,,,3500,20602,5884,2808
,,,,,,,,3501,20800,5940,2836
,,,,,,,,3502,20212,5772,2756
,,,,,,,,3503,18554,5298,2530
,,,,,,,,3504,16768,4788,2286
,,,,,,,,3505,15280,4364,2082
,,,,,,,,3506,14324,4090,1952
,,,,,,,,3507,13682,3906,1866
,,,,,,,,3508,13294,3796,1812
,,,,,,,,3509,13116,3746,1788
,,,,,,,,3510,12914,3688,1760
,,,,,,,,3511,13368,3818,1822
,,,,,,,,3512,14532,4150,1980
,,,,,,,,3513,15990,4568,2180
,,,,,,,,3514,17284,4936,2356
,,,,,,,,3515,18116,5174,2470
,,,,,,,,3516,18680,5336,2546
,,,,,,,,3517,19016,5430,2592
,,,,,,,,3518,19070,5446,2600
,,,,,,,,3519,19110,5458,2604
,,,,,,,,3520,19210,5486,2618
,,,,,,,,3521,19392,5538,2644
,,,,,,,,3522,19474,5560,2656
,,,,,,,,3523,19160,5472,2612
,,,,,,,,3524,18796,5368,2562
,,,,,,,,3525,19152,5470,2612
,,,,,,,,3526,18760,5358,2556
,,,,,,,,3527,17464,4988,2382
,,,,,,,,3528,15940,4552,2172
,,,,,,,,3529,14718,4204,2006
,,,,,,,,3530,13912,3974,1898
,,,,,,,,3531,13458,3844,1836
,,,,,,,,3532,13236,3780,1804
,,,,,,,,3533,13264,3788,1808
,,,,,,,,3534,13390,3826,1826
,,,,,,,,3535,14004,4000,1908
,,,,,,,,3536,15262,4358,2080
,,,,,,,,3537,16954,4842,2312
,,,,,,,,3538,18360,5244,2504
,,,,,,,,3539,19432,5550,2648
,,,,,,,,3540,20230,5778,2758
,,,,,,,,3541,20802,5940,2836
,,,,,,,,3542,21010,6000,2864
,,,,,,,,3543,21152,6040,2884
,,,,,,,,3544,21312,6088,2906
,,,,,,,,3545,21604,6170,2946
,,,,,,,,3546,21818,6230,2974
,,,,,,,,3547,21572,6162,2940
,,,,,,,,3548,21304,6084,2904
,,,,,,,,3549,21594,6168,2944
,,,,,,,,3550,20630,5892,2812
,,,,,,,,3551,18532,5292,2526
,,,,,,,,3552,16522,4718,2252
,,,,,,,,3553,15200,4340,2072
,,,,,,,,3554,14396,4112,1962
,,,,,,,,3555,13952,3986,1902
,,,,,,,,3556,13834,3952,1886
,,,,,,,,3557,14120,4034,1926
,,,,,,,,3558,15208,4344,2072
,,,,,,,,3559,17600,5028,2400
,,,,,,,,3560,19782,5650,2696
,,,,,,,,3561,21064,6016,2872
,,,,,,,,3562,22096,6312,3012
,,,,,,,,3563,23080,6592,3146
,,,,,,,,3564,23914,6832,3262
,,,,,,,,3565,24514,7002,3342
,,,,,,,,3566,25040,7152,3414
,,,,,,,,3567,25240,7210,3442
,,,,,,,,3568,25488,7280,3474
,,,,,,,,3569,25668,7332,3500
,,,,,,,,3570,25476,7276,3474
,,,,,,,,3571,24788,7080,3380
,,,,,,,,3572,24270,6932,3310
,,,,,,,,3573,23952,6842,3266
,,,,,,,,3574,22232,6350,3030
,,,,,,,,3575,19888,5680,2712
,,,,,,,,3576,17786,5078,2424
,,,,,,,,3577,16312,4658,2224
,,,,,,,,3578,15432,4406,2104
,,,,,,,,3579,14926,4264,2034
,,,,,,,,3580,14724,4206,2008
,,,,,,,,3581,15010,4288,2046
,,,,,,,,3582,16048,4584,2188
,,,,,,,,3583,18430,5264,2514
,,,,,,,,3584,20480,5850,2792
,,,,,,,,3585,21432,6120,2922
,,,,,,,,3586,22066,6302,3008
,,,,,,,,3587,22590,6452,3080
,,,,,,,,3588,22908,6542,3122
,,,,,,,,3589,23006,6572,3138
,,,,,,,,3590,23182,6622,3160
,,,,,,,,3591,23114,6602,3150
,,,,,,,,3592,23058,6586,3144
,,,,,,,,3593,23120,6602,3152
,,,,,,,,3594,22984,6564,3134
,,,,,,,,3595,22502,6426,3068
,,,,,,,,3596,22146,6326,3018
,,,,,,,,3597,22410,6402,3056
,,,,,,,,3598,21468,6130,2928
,,,,,,,,3599,19298,5510,2630
,,,,,,,,3600,17182,4908,2342
,,,,,,,,3601,15634,4466,2130
,,,,,,,,3602,14746,4210,2010
,,,,,,,,3603,14220,4060,1938
,,,,,,,,3604,13992,3996,1908
,,,,,,,,3605,14226,4064,1938
,,,,,,,,3606,15160,4330,2066
,,,,,,,,3607,17472,4990,2382
,,,,,,,,3608,19606,5600,2674
,,,,,,,,3609,20642,5896,2814
,,,,,,,,3610,21500,6140,2930
,,,,,,,,3611,22250,6354,3034
,,,,,,,,3612,22754,6498,3102
,,,,,,,,3613,23034,6578,3140
,,,,,,,,3614,23402,6682,3190
,,,,,,,,3615,23522,6718,3208
,,,,,,,,3616,23610,6742,3220
,,,,,,,,3617,23614,6742,3220
,,,,,,,,3618,23280,6650,3174
,,,,,,,,3619,22586,6452,3080
,,,,,,,,3620,21880,6250,2982
,,,,,,,,3621,21930,6262,2990
,,,,,,,,3622,21124,6032,2880
,,,,,,,,3623,18900,5398,2576
,,,,,,,,3624,16698,4768,2276
,,,,,,,,3625,15182,4336,2070
,,,,,,,,3626,14260,4072,1944
,,,,,,,,3627,13746,3926,1874
,,,,,,,,3628,13548,3868,1846
,,,,,,,,3629,13712,3916,1868
,,,,,,,,3630,14478,4136,1974
,,,,,,,,3631,16688,4766,2274
,,,,,,,,3632,18662,5330,2544
,,,,,,,,3633,19626,5604,2676
,,,,,,,,3634,20262,5786,2762
,,,,,,,,3635,20788,5938,2834
,,,,,,,,3636,21044,6010,2868
,,,,,,,,3637,21082,6020,2874
,,,,,,,,3638,21194,6052,2888
,,,,,,,,3639,21110,6030,2878
,,,,,,,,3640,20882,5964,2848
,,,,,,,,3641,20572,5874,2806
,,,,,,,,3642,20024,5720,2730
,,,,,,,,3643,19380,5534,2642
,,,,,,,,3644,19066,5446,2600
,,,,,,,,3645,19342,5524,2636
,,,,,,,,3646,18718,5346,2552
,,,,,,,,3647,17142,4896,2336
,,,,,,,,3648,15452,4414,2106
,,,,,,,,3649,14136,4036,1928
,,,,,,,,3650,13356,3816,1820
,,,,,,,,3651,12912,3686,1760
,,,,,,,,3652,12728,3636,1736
,,,,,,,,3653,12780,3650,1742
,,,,,,,,3654,13060,3730,1780
,,,,,,,,3655,13740,3924,1872
,,,,,,,,3656,15000,4284,2044
,,,,,,,,3657,16522,4718,2252
,,,,,,,,3658,17720,5060,2416
,,,,,,,,3659,18506,5286,2524
,,,,,,,,3660,18822,5376,2566
,,,,,,,,3661,18798,5368,2564
,,,,,,,,3662,18584,5308,2534
,,,,,,,,3663,18358,5242,2504
,,,,,,,,3664,18240,5208,2486
,,,,,,,,3665,18360,5244,2504
,,,,,,,,3666,18534,5292,2526
,,,,,,,,3667,18466,5274,2518
,,,,,,,,3668,18328,5234,2498
,,,,,,,,3669,18396,5254,2508
,,,,,,,,3670,17782,5078,2424
,,,,,,,,3671,16520,4718,2252
,,,,,,,,3672,15102,4312,2060
,,,,,,,,3673,13954,3986,1902
,,,,,,,,3674,13162,3758,1794
,,,,,,,,3675,12688,3624,1730
,,,,,,,,3676,12426,3548,1694
,,,,,,,,3677,12378,3536,1686
,,,,,,,,3678,12356,3528,1684
,,,,,,,,3679,12814,3660,1746
,,,,,,,,3680,13906,3972,1896
,,,,,,,,3681,15370,4390,2096
,,,,,,,,3682,16522,4718,2252
,,,,,,,,3683,17244,4924,2352
,,,,,,,,3684,17710,5058,2414
,,,,,,,,3685,17892,5110,2440
,,,,,,,,3686,17816,5090,2430
,,,,,,,,3687,17732,5064,2418
,,,,,,,,3688,17694,5054,2412
,,,,,,,,3689,17846,5098,2432
,,,,,,,,3690,18064,5160,2464
,,,,,,,,3691,18214,5202,2484
,,,,,,,,3692,18262,5216,2490
,,,,,,,,3693,18478,5278,2520
,,,,,,,,3694,17706,5058,2412
,,,,,,,,3695,16166,4618,2204
,,,,,,,,3696,14612,4174,1992
,,,,,,,,3697,13492,3854,1838
,,,,,,,,3698,12842,3666,1750
,,,,,,,,3699,12510,3574,1706
,,,,,,,,3700,12454,3556,1696
,,,,,,,,3701,12792,3654,1744
,,,,,,,,3702,13854,3958,1888
,,,,,,,,3703,16098,4598,2194
,,,,,,,,3704,18014,5146,2456
,,,,,,,,3705,18856,5386,2570
,,,,,,,,3706,19386,5536,2644
,,,,,,,,3707,19822,5660,2702
,,,,,,,,3708,19960,5700,2722
,,,,,,,,3709,19918,5690,2716
,,,,,,,,3710,19852,5670,2706
,,,,,,,,3711,19642,5610,2676
,,,,,,,,3712,19510,5572,2660
,,,,,,,,3713,19622,5604,2676
,,,,,,,,3714,19822,5660,2702
,,,,,,,,3715,19654,5612,2680
,,,,,,,,3716,19422,5546,2648
,,,,,,,,3717,19462,5558,2654
,,,,,,,,3718,18488,5280,2520
,,,,,,,,3719,16606,4742,2264
,,,,,,,,3720,14836,4238,2022
,,,,,,,,3721,13688,3908,1866
,,,,,,,,3722,13068,3732,1782
,,,,,,,,3723,12756,3644,1738
,,,,,,,,3724,12666,3616,1726
,,,,,,,,3725,12976,3706,1768
,,,,,,,,3726,13974,3990,1906
,,,,,,,,3727,16226,4634,2212
,,,,,,,,3728,18098,5168,2468
,,,,,,,,3729,18848,5382,2570
,,,,,,,,3730,19260,5500,2624
,,,,,,,,3731,19600,5598,2672
,,,,,,,,3732,19778,5650,2696
,,,,,,,,3733,19738,5638,2692
,,,,,,,,3734,19742,5638,2692
,,,,,,,,3735,19532,5578,2664
,,,,,,,,3736,19410,5544,2646
,,,,,,,,3737,19466,5560,2654
,,,,,,,,3738,19506,5570,2658
,,,,,,,,3739,19296,5510,2630
,,,,,,,,3740,19232,5492,2622
,,,,,,,,3741,19436,5550,2650
,,,,,,,,3742,18710,5342,2550
,,,,,,,,3743,16842,4808,2296
,,,,,,,,3744,15068,4302,2054
,,,,,,,,3745,13778,3936,1878
,,,,,,,,3746,13096,3740,1786
,,,,,,,,3747,12770,3646,1740
,,,,,,,,3748,12638,3608,1722
,,,,,,,,3749,12974,3706,1768
,,,,,,,,3750,13928,3978,1898
,,,,,,,,3751,16170,4618,2204
,,,,,,,,3752,18046,5154,2460
,,,,,,,,3753,18814,5374,2564
,,,,,,,,3754,19262,5500,2626
,,,,,,,,3755,19692,5624,2686
,,,,,,,,3756,19902,5684,2714
,,,,,,,,3757,19950,5698,2720
,,,,,,,,3758,20022,5718,2730
,,,,,,,,3759,19876,5678,2710
,,,,,,,,3760,19754,5640,2694
,,,,,,,,3761,19750,5640,2692
,,,,,,,,3762,19676,5620,2682
,,,,,,,,3763,19332,5520,2636
,,,,,,,,3764,19176,5478,2616
,,,,,,,,3765,19552,5584,2664
,,,,,,,,3766,18874,5390,2574
,,,,,,,,3767,16918,4830,2306
,,,,,,,,3768,15068,4302,2054
,,,,,,,,3769,13862,3958,1888
,,,,,,,,3770,13158,3756,1794
,,,,,,,,3771,12802,3656,1746
,,,,,,,,3772,12706,3628,1732
,,,,,,,,3773,13018,3718,1776
,,,,,,,,3774,13978,3992,1906
,,,,,,,,3775,16194,4626,2208
,,,,,,,,3776,17994,5138,2452
,,,,,,,,3777,18832,5380,2568
,,,,,,,,3778,19528,5578,2662
,,,,,,,,3779,20118,5746,2744
,,,,,,,,3780,20504,5856,2796
,,,,,,,,3781,20550,5870,2802
,,,,,,,,3782,20686,5908,2820
,,,,,,,,3783,20548,5870,2802
,,,,,,,,3784,20452,5840,2788
,,,,,,,,3785,20396,5826,2780
,,,,,,,,3786,20228,5778,2758
,,,,,,,,3787,19812,5658,2702
,,,,,,,,3788,19594,5596,2672
,,,,,,,,3789,19920,5690,2716
,,,,,,,,3790,19254,5498,2624
,,,,,,,,3791,17350,4954,2364
,,,,,,,,3792,15444,4410,2106
,,,,,,,,3793,14118,4032,1924
,,,,,,,,3794,13426,3834,1830
,,,,,,,,3795,13014,3716,1774
,,,,,,,,3796,12830,3664,1748
,,,,,,,,3797,13126,3748,1788
,,,,,,,,3798,14004,4000,1908
,,,,,,,,3799,16184,4622,2206
,,,,,,,,3800,18154,5186,2474
,,,,,,,,3801,19166,5474,2614
,,,,,,,,3802,19946,5698,2720
,,,,,,,,3803,20656,5900,2816
,,,,,,,,3804,21096,6024,2876
,,,,,,,,3805,21268,6074,2898
,,,,,,,,3806,21536,6150,2936
,,,,,,,,3807,21530,6150,2936
,,,,,,,,3808,21366,6102,2912
,,,,,,,,3809,21224,6060,2894
,,,,,,,,3810,20850,5954,2842
,,,,,,,,3811,20234,5780,2758
,,,,,,,,3812,19840,5666,2706
,,,,,,,,3813,20012,5716,2728
,,,,,,,,3814,19448,5554,2652
,,,,,,,,3815,17802,5084,2426
,,,,,,,,3816,16030,4578,2186
,,,,,,,,3817,14670,4188,1998
,,,,,,,,3818,13790,3938,1880
,,,,,,,,3819,13302,3798,1814
,,,,,,,,3820,12976,3706,1768
,,,,,,,,3821,12916,3688,1760
,,,,,,,,3822,12980,3706,1768
,,,,,,,,3823,13868,3960,1890
,,,,,,,,3824,15376,4392,2096
,,,,,,,,3825,16958,4842,2312
,,,,,,,,3826,17978,5134,2452
,,,,,,,,3827,18548,5298,2528
,,,,,,,,3828,18784,5364,2562
,,,,,,,,3829,18800,5368,2564
,,,,,,,,3830,18668,5330,2544
,,,,,,,,3831,18548,5298,2528
,,,,,,,,3832,18574,5304,2532
,,,,,,,,3833,18772,5360,2560
,,,,,,,,3834,18914,5402,2578
,,,,,,,,3835,18780,5364,2560
,,,,,,,,3836,18568,5302,2532
,,,,,,,,3837,18836,5380,2568
,,,,,,,,3838,18672,5332,2544
,,,,,,,,3839,17374,4962,2368
,,,,,,,,3840,15822,4518,2158
,,,,,,,,3841,14472,4132,1972
,,,,,,,,3842,13626,3892,1858
,,,,,,,,3843,13100,3742,1786
,,,,,,,,3844,12798,3656,1746
,,,,,,,,3845,12658,3616,1726
,,,,,,,,3846,12530,3578,1708
,,,,,,,,3847,13100,3742,1786
,,,,,,,,3848,14428,4120,1968
,,,,,,,,3849,16070,4590,2190
,,,,,,,,3850,17446,4984,2378
,,,,,,,,3851,18382,5250,2506
,,,,,,,,3852,19000,5426,2590
,,,,,,,,3853,19374,5532,2642
,,,,,,,,3854,19476,5562,2656
,,,,,,,,3855,19544,5582,2664
,,,,,,,,3856,19680,5620,2684
,,,,,,,,3857,19944,5698,2718
,,,,,,,,3858,20130,5750,2744
,,,,,,,,3859,20002,5712,2726
,,,,,,,,3860,19720,5632,2688
,,,,,,,,3861,19876,5678,2710
,,,,,,,,3862,19424,5548,2648
,,,,,,,,3863,17566,5018,2394
,,,,,,,,3864,15704,4486,2140
,,,,,,,,3865,14396,4112,1962
,,,,,,,,3866,13640,3896,1858
,,,,,,,,3867,13264,3788,1808
,,,,,,,,3868,13150,3756,1792
,,,,,,,,3869,13442,3840,1832
,,,,,,,,3870,14406,4116,1964
,,,,,,,,3871,16696,4768,2276
,,,,,,,,3872,18758,5358,2556
,,,,,,,,3873,19868,5674,2708
,,,,,,,,3874,20644,5896,2814
,,,,,,,,3875,21246,6068,2898
,,,,,,,,3876,21618,6174,2948
,,,,,,,,3877,21822,6232,2976
,,,,,,,,3878,22020,6290,3002
,,,,,,,,3879,22022,6292,3002
,,,,,,,,3880,22036,6294,3004
,,,,,,,,3881,22060,6300,3008
,,,,,,,,3882,21868,6246,2980
,,,,,,,,3883,21266,6074,2898
,,,,,,,,3884,20776,5934,2832
,,,,,,,,3885,20876,5962,2846
,,,,,,,,3886,20096,5740,2740
,,,,,,,,3887,18000,5140,2454
,,,,,,,,3888,15982,4564,2180
,,,,,,,,3889,14676,4192,2000
,,,,,,,,3890,13876,3964,1892
,,,,,,,,3891,13502,3856,1840
,,,,,,,,3892,13352,3814,1820
,,,,,,,,3893,13680,3906,1866
,,,,,,,,3894,14600,4170,1990
,,,,,,,,3895,16908,4828,2304
,,,,,,,,3896,18938,5408,2582
,,,,,,,,3897,20012,5716,2728
,,,,,,,,3898,20682,5908,2820
,,,,,,,,3899,21252,6070,2898
,,,,,,,,3900,21560,6158,2938
,,,,,,,,3901,21698,6198,2958
,,,,,,,,3902,21954,6270,2992
,,,,,,,,3903,21900,6254,2986
,,,,,,,,3904,21784,6222,2968
,,,,,,,,3905,21736,6208,2964
,,,,,,,,3906,21534,6150,2936
,,,,,,,,3907,21100,6026,2878
,,,,,,,,3908,20828,5948,2838
,,,,,,,,3909,20956,5984,2856
,,,,,,,,3910,20036,5722,2732
,,,,,,,,3911,18058,5158,2462
,,,,,,,,3912,16174,4618,2204
,,,,,,,,3913,14916,4260,2034
,,,,,,,,3914,14202,4056,1936
,,,,,,,,3915,13816,3946,1884
,,,,,,,,3916,13692,3910,1868
,,,,,,,,3917,13964,3988,1904
,,,,,,,,3918,15038,4296,2050
,,,,,,,,3919,17246,4926,2352
,,,,,,,,3920,19312,5516,2634
,,,,,,,,3921,20286,5794,2766
,,,,,,,,3922,20842,5952,2842
,,,,,,,,3923,21272,6074,2900
,,,,,,,,3924,21464,6130,2926
,,,,,,,,3925,21436,6122,2922
,,,,,,,,3926,21480,6134,2928
,,,,,,,,3927,21318,6088,2906
,,,,,,,,3928,21156,6042,2884
,,,,,,,,3929,21198,6054,2890
,,,,,,,,3930,21182,6050,2888
,,,,,,,,3931,20860,5958,2844
,,,,,,,,3932,20540,5866,2800
,,,,,,,,3933,20580,5878,2806
,,,,,,,,3934,19948,5698,2720
,,,,,,,,3935,18038,5152,2460
,,,,,,,,3936,16116,4602,2198
,,,,,,,,3937,14784,4222,2016
,,,,,,,,3938,14008,4000,1908
,,,,,,,,3939,13524,3862,1844
,,,,,,,,3940,13374,3820,1824
,,,,,,,,3941,13628,3892,1858
,,,,,,,,3942,14582,4164,1988
,,,,,,,,3943,16768,4788,2286
,,,,,,,,3944,18788,5366,2562
,,,,,,,,3945,19836,5666,2706
,,,,,,,,3946,20444,5840,2786
,,,,,,,,3947,20936,5980,2854
,,,,,,,,3948,21148,6040,2884
,,,,,,,,3949,21224,6060,2894
,,,,,,,,3950,21388,6110,2916
,,,,,,,,3951,21442,6124,2924
,,,,,,,,3952,21464,6130,2926
,,,,,,,,3953,21494,6140,2930
,,,,,,,,3954,21334,6092,2908
,,,,,,,,3955,20834,5950,2840
,,,,,,,,3956,20360,5814,2776
,,,,,,,,3957,20412,5830,2782
,,,,,,,,3958,19982,5708,2726
,,,,,,,,3959,18036,5150,2460
,,,,,,,,3960,16042,4582,2188
,,,,,,,,3961,14638,4180,1996
,,,,,,,,3962,13758,3930,1876
,,,,,,,,3963,13294,3796,1812
,,,,,,,,3964,13126,3748,1788
,,,,,,,,3965,13344,3812,1818
,,,,,,,,3966,14108,4028,1924
,,,,,,,,3967,16232,4636,2212
,,,,,,,,3968,18286,5222,2494
,,,,,,,,3969,19534,5580,2664
,,,,,,,,3970,20352,5812,2776
,,,,,,,,3971,20968,5988,2858
,,,,,,,,3972,21262,6072,2898
,,,,,,,,3973,21350,6098,2910
,,,,,,,,3974,21524,6148,2934
,,,,,,,,3975,21524,6148,2934
,,,,,,,,3976,21472,6132,2928
,,,,,,,,3977,21422,6118,2920
,,,,,,,,3978,21110,6030,2878
,,,,,,,,3979,20456,5842,2788
,,,,,,,,3980,19834,5666,2704
,,,,,,,,3981,19726,5634,2690
,,,,,,,,3982,19360,5530,2640
,,,,,,,,3983,17710,5058,2414
,,,,,,,,3984,15886,4538,2166
,,,,,,,,3985,14462,4130,1970
,,,,,,,,3986,13602,3886,1854
,,,,,,,,3987,13122,3746,1788
,,,,,,,,3988,12854,3670,1752
,,,,,,,,3989,12790,3652,1744
,,,,,,,,3990,12806,3656,1746
,,,,,,,,3991,13690,3910,1866
,,,,,,,,3992,15226,4348,2076
,,,,,,,,3993,16870,4818,2300
,,,,,,,,3994,17988,5138,2452
,,,,,,,,3995,18588,5310,2534
,,,,,,,,3996,18806,5370,2564
,,,,,,,,3997,18802,5370,2564
,,,,,,,,3998,18632,5322,2540
,,,,,,,,3999,18478,5278,2518
,,,,,,,,4000,18438,5266,2514
,,,,,,,,4001,18496,5282,2522
,,,,,,,,4002,18540,5296,2528
,,,,,,,,4003,18314,5230,2496
,,,,,,,,4004,17970,5132,2450
,,,,,,,,4005,18102,5170,2468
,,,,,,,,4006,17904,5114,2442
,,,,,,,,4007,16632,4750,2268
,,,,,,,,4008,15080,4308,2056
,,,,,,,,4009,13864,3960,1890
,,,,,,,,4010,13100,3742,1786
,,,,,,,,4011,12644,3612,1724
,,,,,,,,4012,12376,3536,1686
,,,,,,,,4013,12322,3518,1680
,,,,,,,,4014,12224,3490,1666
,,,,,,,,4015,12692,3626,1730
,,,,,,,,4016,13834,3952,1886
,,,,,,,,4017,15288,4366,2084
,,,,,,,,4018,16398,4684,2236
,,,,,,,,4019,17078,4878,2328
,,,,,,,,4020,17468,4988,2382
,,,,,,,,4021,17632,5036,2404
,,,,,,,,4022,17542,5010,2392
,,,,,,,,4023,17488,4994,2384
,,,,,,,,4024,17542,5010,2392
,,,,,,,,4025,17748,5070,2420
,,,,,,,,4026,17964,5130,2450
,,,,,,,,4027,17918,5118,2444
,,,,,,,,4028,17776,5078,2424
,,,,,,,,4029,18136,5180,2472
,,,,,,,,4030,17910,5116,2442
,,,,,,,,4031,16362,4674,2232
,,,,,,,,4032,14706,4200,2004
,,,,,,,,4033,13562,3874,1848
,,,,,,,,4034,12894,3682,1756
,,,,,,,,4035,12618,3604,1720
,,,,,,,,4036,12562,3586,1712
,,,,,,,,4037,12916,3688,1760
,,,,,,,,4038,13872,3962,1890
,,,,,,,,4039,15876,4536,2164
,,,,,,,,4040,17888,5110,2438
,,,,,,,,4041,19070,5446,2600
,,,,,,,,4042,19836,5666,2706
,,,,,,,,4043,20454,5842,2788
,,,,,,,,4044,20778,5934,2832
,,,,,,,,4045,20840,5952,2840
,,,,,,,,4046,21128,6034,2880
,,,,,,,,4047,21036,6008,2868
,,,,,,,,4048,20988,5994,2862
,,,,,,,,4049,21022,6004,2866
,,,,,,,,4050,20900,5970,2848
,,,,,,,,4051,20474,5848,2792
,,,,,,,,4052,20062,5730,2736
,,,,,,,,4053,20124,5748,2744
,,,,,,,,4054,19546,5582,2664
,,,,,,,,4055,17566,5018,2394
,,,,,,,,4056,15650,4470,2134
,,,,,,,,4057,14374,4106,1958
,,,,,,,,4058,13602,3886,1854
,,,,,,,,4059,13198,3770,1798
,,,,,,,,4060,13038,3724,1776
,,,,,,,,4061,13338,3810,1818
,,,,,,,,4062,14210,4058,1938
,,,,,,,,4063,16278,4648,2220
,,,,,,,,4064,18368,5246,2504
,,,,,,,,4065,19558,5586,2666
,,,,,,,,4066,20296,5798,2766
,,,,,,,,4067,20920,5974,2852
,,,,,,,,4068,21350,6098,2910
,,,,,,,,4069,21552,6156,2938
,,,,,,,,4070,21822,6232,2976
,,,,,,,,4071,21854,6242,2978
,,,,,,,,4072,21774,6220,2968
,,,,,,,,4073,21780,6222,2968
,,,,,,,,4074,21718,6202,2960
,,,,,,,,4075,21390,6110,2916
,,,,,,,,4076,21136,6038,2882
,,,,,,,,4077,21410,6114,2918
,,,,,,,,4078,20976,5990,2860
,,,,,,,,4079,19090,5452,2604
,,,,,,,,4080,17102,4884,2332
,,,,,,,,4081,15692,4482,2140
,,,,,,,,4082,14856,4242,2026
,,,,,,,,4083,14414,4116,1966
,,,,,,,,4084,14228,4064,1938
,,,,,,,,4085,14502,4142,1978
,,,,,,,,4086,15422,4406,2102
,,,,,,,,4087,17754,5070,2420
,,,,,,,,4088,20484,5850,2792
,,,,,,,,4089,22660,6472,3090
,,,,,,,,4090,24646,7040,3360
,,,,,,,,4091,26542,7582,3618
,,,,,,,,4092,28036,8006,3822
,,,,,,,,4093,29162,8328,3976
,,,,,,,,4094,30186,8622,4116
,,,,,,,,4095,30894,8824,4212
,,,,,,,,4096,31414,8972,4282
,,,,,,,,4097,31818,9086,4338
,,,,,,,,4098,31852,9096,4342
,,,,,,,,4099,31400,8968,4280
,,,,,,,,4100,30718,8774,4190
,,,,,,,,4101,30346,8666,4138
,,,,,,,,4102,29534,8434,4028
,,,,,,,,4103,26870,7674,3664
,,,,,,,,4104,24172,6902,3296
,,,,,,,,4105,22076,6304,3010
,,,,,,,,4106,20766,5930,2832
,,,,,,,,4107,19870,5674,2708
,,,,,,,,4108,19278,5506,2628
,,,,,,,,4109,19184,5480,2616
,,,,,,,,4110,19764,5646,2696
,,,,,,,,4111,22038,6294,3004
,,,,,,,,4112,24764,7072,3376
,,,,,,,,4113,26974,7704,3678
,,,,,,,,4114,28814,8230,3928
,,,,,,,,4115,30336,8664,4136
,,,,,,,,4116,31418,8974,4284
,,,,,,,,4117,32082,9162,4374
,,,,,,,,4118,32620,9316,4448
,,,,,,,,4119,32914,9400,4488
,,,,,,,,4120,33074,9448,4510
,,,,,,,,4121,33172,9474,4524
,,,,,,,,4122,32900,9396,4486
,,,,,,,,4123,32268,9216,4400
,,,,,,,,4124,31332,8948,4272
,,,,,,,,4125,30732,8776,4190
,,,,,,,,4126,29724,8488,4052
,,,,,,,,4127,26980,7704,3678
,,,,,,,,4128,24208,6914,3302
,,,,,,,,4129,22092,6310,3012
,,,,,,,,4130,20698,5910,2822
,,,,,,,,4131,19754,5640,2694
,,,,,,,,4132,19148,5470,2610
,,,,,,,,4133,19122,5460,2606
,,,,,,,,4134,19680,5620,2684
,,,,,,,,4135,21810,6230,2974
,,,,,,,,4136,24480,6992,3338
,,,,,,,,4137,26688,7624,3638
,,,,,,,,4138,28540,8152,3892
,,,,,,,,4139,30060,8586,4100
,,,,,,,,4140,31270,8930,4264
,,,,,,,,4141,32068,9158,4372
,,,,,,,,4142,32528,9288,4434
,,,,,,,,4143,32438,9264,4424
,,,,,,,,4144,32010,9140,4364
,,,,,,,,4145,31002,8854,4228
,,,,,,,,4146,29670,8474,4046
,,,,,,,,4147,28050,8010,3826
,,,,,,,,4148,26736,7634,3646
,,,,,,,,4149,26130,7462,3564
,,,,,,,,4150,25146,7182,3428
,,,,,,,,4151,23124,6602,3152
,,,,,,,,4152,20934,5980,2854
,,,,,,,,4153,19166,5474,2614
,,,,,,,,4154,18064,5160,2464
,,,,,,,,4155,17294,4938,2358
,,,,,,,,4156,16818,4802,2292
,,,,,,,,4157,16668,4760,2272
,,,,,,,,4158,16748,4782,2282
,,,,,,,,4159,17352,4956,2364
,,,,,,,,4160,18538,5294,2526
,,,,,,,,4161,20134,5750,2746
,,,,,,,,4162,21590,6166,2944
,,,,,,,,4163,22854,6528,3116
,,,,,,,,4164,23790,6794,3242
,,,,,,,,4165,24366,6958,3322
,,,,,,,,4166,24630,7034,3358
,,,,,,,,4167,24798,7082,3382
,,,,,,,,4168,24862,7102,3390
,,,,,,,,4169,24654,7042,3362
,,,,,,,,4170,23888,6822,3256
,,,,,,,,4171,22758,6500,3102
,,,,,,,,4172,21756,6214,2966
,,,,,,,,4173,21230,6062,2894
,,,,,,,,4174,20728,5920,2826
,,,,,,,,4175,19238,5494,2624
,,,,,,,,4176,17508,5000,2386
,,,,,,,,4177,16156,4614,2202
,,,,,,,,4178,15164,4330,2068
,,,,,,,,4179,14524,4148,1980
,,,,,,,,4180,14136,4036,1928
,,,,,,,,4181,13968,3988,1904
,,,,,,,,4182,13766,3932,1878
,,,,,,,,4183,14366,4104,1958
,,,,,,,,4184,15728,4492,2144
,,,,,,,,4185,17414,4974,2374
,,,,,,,,4186,18888,5394,2576
,,,,,,,,4187,19948,5698,2720
,,,,,,,,4188,20682,5906,2820
,,,,,,,,4189,21150,6040,2884
,,,,,,,,4190,21458,6128,2926
,,,,,,,,4191,21794,6224,2970
,,,,,,,,4192,22138,6322,3018
,,,,,,,,4193,22446,6410,3060
,,,,,,,,4194,22454,6412,3060
,,,,,,,,4195,22226,6348,3030
,,,,,,,,4196,21846,6240,2978
,,,,,,,,4197,22004,6284,3000
,,,,,,,,4198,21698,6196,2958
,,,,,,,,4199,20004,5714,2726
,,,,,,,,4200,18130,5178,2472
,,,,,,,,4201,16704,4770,2278
,,,,,,,,4202,15838,4524,2160
,,,,,,,,4203,15346,4384,2092
,,,,,,,,4204,15174,4334,2070
,,,,,,,,4205,15436,4408,2104
,,,,,,,,4206,16296,4654,2220
,,,,,,,,4207,18256,5214,2488
,,,,,,,,4208,20434,5836,2786
,,,,,,,,4209,21686,6192,2958
,,,,,,,,4210,22374,6390,3050
,,,,,,,,4211,22872,6532,3118
,,,,,,,,4212,22966,6560,3130
,,,,,,,,4213,22878,6534,3120
,,,,,,,,4214,22806,6512,3110
,,,,,,,,4215,22714,6488,3098
,,,,,,,,4216,22664,6472,3090
,,,,,,,,4217,22524,6432,3070
,,,,,,,,4218,22374,6390,3050
,,,,,,,,4219,21906,6256,2988
,,,,,,,,4220,21358,6100,2912
,,,,,,,,4221,21266,6072,2898
,,,,,,,,4222,20538,5866,2800
,,,,,,,,4223,18588,5310,2534
,,,,,,,,4224,16658,4758,2272
,,,,,,,,4225,15292,4368,2084
,,,,,,,,4226,14464,4130,1972
,,,,,,,,4227,14010,4002,1910
,,,,,,,,4228,13788,3936,1878
,,,,,,,,4229,13990,3996,1908
,,,,,,,,4230,14736,4208,2008
,,,,,,,,4231,16548,4726,2256
,,,,,,,,4232,18470,5276,2518
,,,,,,,,4233,19672,5620,2682
,,,,,,,,4234,20448,5840,2788
,,,,,,,,4235,21186,6050,2888
,,,,,,,,4236,21586,6164,2942
,,,,,,,,4237,21776,6220,2968
,,,,,,,,4238,21888,6252,2984
,,,,,,,,4239,21822,6230,2976
,,,,,,,,4240,21606,6170,2946
,,,,,,,,4241,21494,6140,2930
,,,,,,,,4242,21314,6088,2906
,,,,,,,,4243,20836,5950,2840
,,,,,,,,4244,20368,5818,2776
,,,,,,,,4245,20372,5818,2776
,,,,,,,,4246,19746,5640,2692
,,,,,,,,4247,17950,5126,2446
,,,,,,,,4248,16058,4586,2190
,,,,,,,,4249,14778,4220,2014
,,,,,,,,4250,13994,3996,1908
,,,,,,,,4251,13526,3864,1844
,,,,,,,,4252,13400,3826,1826
,,,,,,,,4253,13636,3896,1858
,,,,,,,,4254,14464,4130,1972
,,,,,,,,4255,16296,4654,2220
,,,,,,,,4256,18292,5224,2494
,,,,,,,,4257,19578,5590,2668
,,,,,,,,4258,20474,5848,2792
,,,,,,,,4259,21256,6070,2898
,,,,,,,,4260,21742,6210,2964
,,,,,,,,4261,22000,6282,2998
,,,,,,,,4262,22320,6374,3042
,,,,,,,,4263,22428,6406,3058
,,,,,,,,4264,22400,6398,3054
,,,,,,,,4265,22370,6390,3050
,,,,,,,,4266,22202,6340,3028
,,,,,,,,4267,21724,6204,2962
,,,,,,,,4268,21262,6072,2898
,,,,,,,,4269,21212,6058,2892
,,,,,,,,4270,20716,5916,2824
,,,,,,,,4271,18864,5388,2572
,,,,,,,,4272,16928,4834,2308
,,,,,,,,4273,15504,4428,2114
,,,,,,,,4274,14644,4182,1996
,,,,,,,,4275,14142,4038,1928
,,,,,,,,4276,13880,3964,1892
,,,,,,,,4277,14092,4026,1920
,,,,,,,,4278,14884,4250,2028
,,,,,,,,4279,16788,4794,2288
,,,,,,,,4280,19056,5442,2598
,,,,,,,,4281,20650,5898,2816
,,,,,,,,4282,21806,6228,2972
,,,,,,,,4283,22836,6522,3114
,,,,,,,,4284,23576,6732,3214
,,,,,,,,4285,24102,6884,3286
,,,,,,,,4286,24552,7012,3348
,,,,,,,,4287,24992,7138,3408
,,,,,,,,4288,25284,7222,3448
,,,,,,,,4289,25638,7322,3494
,,,,,,,,4290,25674,7334,3500
,,,,,,,,4291,25194,7196,3434
,,,,,,,,4292,24434,6978,3332
,,,,,,,,4293,24186,6908,3298
,,,,,,,,4294,23596,6740,3218
,,,,,,,,4295,21474,6132,2928
,,,,,,,,4296,19188,5480,2616
,,,,,,,,4297,17452,4984,2380
,,,,,,,,4298,16382,4678,2232
,,,,,,,,4299,15750,4498,2148
,,,,,,,,4300,15462,4416,2108
,,,,,,,,4301,15644,4468,2132
,,,,,,,,4302,16488,4708,2248
,,,,,,,,4303,18290,5224,2494
,,,,,,,,4304,20484,5850,2792
,,,,,,,,4305,21916,6260,2988
,,,,,,,,4306,22908,6542,3122
,,,,,,,,4307,23966,6844,3268
,,,,,,,,4308,25134,7180,3426
,,,,,,,,4309,26300,7514,3586
,,,,,,,,4310,27560,7872,3756
,,,,,,,,4311,28542,8152,3892
,,,,,,,,4312,29112,8316,3968
,,,,,,,,4313,29576,8446,4032
,,,,,,,,4314,29586,8450,4034
,,,,,,,,4315,28920,8260,3944
,,,,,,,,4316,27814,7944,3792
,,,,,,,,4317,27014,7714,3684
,,,,,,,,4318,25948,7412,3538
,,,,,,,,4319,23564,6730,3212
,,,,,,,,4320,20968,5988,2858
,,,,,,,,4321,18898,5398,2576
,,,,,,,,4322,17468,4988,2382
,,,,,,,,4323,16504,4714,2250
,,,,,,,,4324,15908,4544,2170
,,,,,,,,4325,15656,4472,2134
,,,,,,,,4326,15546,4440,2120
,,,,,,,,4327,16500,4712,2250
,,,,,,,,4328,18386,5250,2506
,,,,,,,,4329,20568,5874,2804
,,,,,,,,4330,22468,6418,3062
,,,,,,,,4331,23960,6842,3266
,,,,,,,,4332,24930,7120,3400
,,,,,,,,4333,25510,7286,3478
,,,,,,,,4334,25956,7412,3538
,,,,,,,,4335,26284,7506,3584
,,,,,,,,4336,26618,7602,3628
,,,,,,,,4337,26874,7674,3664
,,,,,,,,4338,26790,7652,3654
,,,,,,,,4339,26198,7482,3572
,,,,,,,,4340,25356,7242,3456
,,,,,,,,4341,24844,7096,3388
,,,,,,,,4342,24362,6958,3322
,,,,,,,,4343,22602,6454,3080
,,,,,,,,4344,20576,5876,2806
,,,,,,,,4345,18850,5384,2570
,,,,,,,,4346,17632,5036,2404
,,,,,,,,4347,16770,4788,2286
,,,,,,,,4348,16240,4638,2214
,,,,,,,,4349,15938,4552,2172
,,,,,,,,4350,15674,4478,2138
,,,,,,,,4351,16258,4644,2216
,,,,,,,,4352,17850,5098,2432
,,,,,,,,4353,19984,5708,2726
,,,,,,,,4354,22060,6300,3008
,,,,,,,,4355,23738,6780,3236
,,,,,,,,4356,25062,7158,3416
,,,,,,,,4357,25982,7422,3544
,,,,,,,,4358,26600,7598,3626
,,,,,,,,4359,26862,7672,3662
,,,,,,,,4360,26494,7566,3612
,,,,,,,,4361,26082,7448,3556
,,,,,,,,4362,25968,7416,3540
,,,,,,,,4363,25780,7364,3514
,,,,,,,,4364,25154,7184,3430
,,,,,,,,4365,24754,7070,3374
,,,,,,,,4366,24100,6882,3286
,,,,,,,,4367,22030,6292,3004
,,,,,,,,4368,19764,5644,2696
,,,,,,,,4369,18100,5168,2468
,,,,,,,,4370,17018,4860,2320
,,,,,,,,4371,16318,4660,2224
,,,,,,,,4372,15978,4564,2178
,,,,,,,,4373,16136,4608,2200
,,,,,,,,4374,16746,4782,2282
,,,,,,,,4375,18642,5324,2542
,,,,,,,,4376,21010,6000,2864
,,,,,,,,4377,22836,6522,3114
,,,,,,,,4378,24314,6944,3314
,,,,,,,,4379,25474,7274,3474
,,,,,,,,4380,26206,7484,3574
,,,,,,,,4381,26602,7598,3626
,,,,,,,,4382,26966,7702,3676
,,,,,,,,4383,27172,7760,3706
,,,,,,,,4384,27082,7734,3692
,,,,,,,,4385,26994,7710,3680
,,,,,,,,4386,26814,7658,3656
,,,,,,,,4387,26202,7484,3574
,,,,,,,,4388,25272,7218,3446
,,,,,,,,4389,24640,7038,3360
,,,,,,,,4390,23838,6808,3250
,,,,,,,,4391,21604,6170,2946
,,,,,,,,4392,19242,5496,2624
,,,,,,,,4393,17504,4998,2386
,,,,,,,,4394,16472,4704,2246
,,,,,,,,4395,15766,4504,2150
,,,,,,,,4396,15412,4402,2100
,,,,,,,,4397,15476,4420,2110
,,,,,,,,4398,16036,4580,2186
,,,,,,,,4399,17876,5106,2436
,,,,,,,,4400,20208,5772,2756
,,,,,,,,4401,21986,6280,2998
,,,,,,,,4402,23406,6684,3190
,,,,,,,,4403,24494,6996,3340
,,,,,,,,4404,25214,7202,3438
,,,,,,,,4405,25698,7340,3504
,,,,,,,,4406,26174,7474,3568
,,,,,,,,4407,26490,7566,3612
,,,,,,,,4408,26702,7626,3640
,,,,,,,,4409,26842,7666,3660
,,,,,,,,4410,26572,7590,3624
,,,,,,,,4411,25530,7292,3482
,,,,,,,,4412,24314,6944,3314
,,,,,,,,4413,23822,6804,3248
,,,,,,,,4414,22934,6550,3126
,,,,,,,,4415,21256,6070,2898
,,,,,,,,4416,19420,5546,2646
,,,,,,,,4417,17876,5106,2436
,,,,,,,,4418,16816,4802,2292
,,,,,,,,4419,16132,4608,2200
,,,,,,,,4420,15816,4518,2156
,,,,,,,,4421,15838,4524,2160
,,,,,,,,4422,16028,4578,2186
,,,,,,,,4423,16550,4728,2256
,,,,,,,,4424,17496,4998,2384
,,,,,,,,4425,18800,5368,2564
,,,,,,,,4426,20430,5836,2786
,,,,,,,,4427,22102,6312,3014
,,,,,,,,4428,23450,6698,3198
,,,,,,,,4429,24408,6972,3328
,,,,,,,,4430,24882,7106,3392
,,,,,,,,4431,25168,7188,3432
,,,,,,,,4432,25456,7272,3472
,,,,,,,,4433,25778,7364,3514
,,,,,,,,4434,25938,7408,3536
,,,,,,,,4435,25486,7278,3474
,,,,,,,,4436,24704,7056,3368
,,,,,,,,4437,24340,6952,3318
,,,,,,,,4438,23694,6766,3230
,,,,,,,,4439,22418,6402,3056
,,,,,,,,4440,20640,5894,2814
,,,,,,,,4441,19074,5448,2600
,,,,,,,,4442,17984,5136,2452
,,,,,,,,4443,17290,4938,2358
,,,,,,,,4444,16894,4826,2302
,,,,,,,,4445,16970,4848,2312
,,,,,,,,4446,17524,5006,2390
,,,,,,,,4447,19396,5540,2644
,,,,,,,,4448,21852,6240,2978
,,,,,,,,4449,23844,6812,3250
,,,,,,,,4450,25354,7242,3456
,,,,,,,,4451,26496,7568,3614
,,,,,,,,4452,27202,7770,3708
,,,,,,,,4453,27630,7892,3766
,,,,,,,,4454,27994,7994,3816
,,,,,,,,4455,28212,8058,3846
,,,,,,,,4456,28232,8064,3848
,,,,,,,,4457,28164,8044,3840
,,,,,,,,4458,27946,7982,3810
,,,,,,,,4459,27214,7774,3710
,,,,,,,,4460,26218,7488,3574
,,,,,,,,4461,25616,7316,3494
,,,,,,,,4462,24796,7082,3382
,,,,,,,,4463,22532,6436,3072
,,,,,,,,4464,20130,5750,2746
,,,,,,,,4465,18338,5238,2500
,,,,,,,,4466,17178,4906,2342
,,,,,,,,4467,16424,4690,2240
,,,,,,,,4468,15996,4568,2180
,,,,,,,,4469,16000,4570,2180
,,,,,,,,4470,16506,4714,2250
,,,,,,,,4471,18302,5228,2494
,,,,,,,,4472,20700,5912,2822
,,,,,,,,4473,22720,6490,3098
,,,,,,,,4474,24420,6974,3330
,,,,,,,,4475,25844,7382,3524
,,,,,,,,4476,26824,7662,3656
,,,,,,,,4477,27462,7844,3744
,,,,,,,,4478,28134,8034,3836
,,,,,,,,4479,28554,8156,3894
,,,,,,,,4480,28890,8252,3938
,,,,,,,,4481,29066,8302,3964
,,,,,,,,4482,28968,8274,3950
,,,,,,,,4483,28002,7998,3818
,,,,,,,,4484,26902,7684,3668
,,,,,,,,4485,26530,7576,3616
,,,,,,,,4486,25718,7344,3506
,,,,,,,,4487,23684,6764,3230
,,,,,,,,4488,21482,6134,2928
,,,,,,,,4489,19764,5646,2696
,,,,,,,,4490,18608,5314,2536
,,,,,,,,4491,17816,5090,2430
,,,,,,,,4492,17320,4948,2362
,,,,,,,,4493,17118,4888,2332
,,,,,,,,4494,17090,4880,2330
,,,,,,,,4495,17804,5086,2428
,,,,,,,,4496,19506,5570,2658
,,,,,,,,4497,21666,6188,2954
,,,,,,,,4498,23504,6712,3204
,,,,,,,,4499,24770,7074,3378
,,,,,,,,4500,25652,7326,3498
,,,,,,,,4501,26252,7498,3580
,,,,,,,,4502,26246,7496,3578
,,,,,,,,4503,25686,7336,3502
,,,,,,,,4504,25156,7184,3430
,,,,,,,,4505,25148,7184,3428
,,,,,,,,4506,25300,7226,3450
,,,,,,,,4507,25014,7144,3410
,,,,,,,,4508,24336,6952,3318
,,,,,,,,4509,23960,6842,3266
,,,,,,,,4510,23530,6720,3208
,,,,,,,,4511,21956,6272,2994
,,,,,,,,4512,20078,5734,2736
,,,,,,,,4513,18406,5258,2510
,,,,,,,,4514,17256,4928,2352
,,,,,,,,4515,16456,4700,2242
,,,,,,,,4516,15944,4554,2174
,,,,,,,,4517,15656,4472,2134
,,,,,,,,4518,15378,4392,2096
,,,,,,,,4519,15924,4548,2170
,,,,,,,,4520,17426,4978,2374
,,,,,,,,4521,19414,5544,2646
,,,,,,,,4522,21274,6076,2900
,,,,,,,,4523,22824,6520,3112
,,,,,,,,4524,24068,6874,3282
,,,,,,,,4525,24880,7106,3392
,,,,,,,,4526,25318,7232,3452
,,,,,,,,4527,25640,7322,3496
,,,,,,,,4528,25946,7410,3536
,,,,,,,,4529,26322,7518,3588
,,,,,,,,4530,26534,7578,3618
,,,,,,,,4531,26152,7470,3566
,,,,,,,,4532,25358,7242,3458
,,,,,,,,4533,25092,7166,3422
,,,,,,,,4534,24494,6996,3340
,,,,,,,,4535,22386,6392,3052
,,,,,,,,4536,20026,5720,2730
,,,,,,,,4537,18190,5196,2480
,,,,,,,,4538,16956,4842,2312
,,,,,,,,4539,16176,4620,2204
,,,,,,,,4540,15736,4496,2146
,,,,,,,,4541,15782,4508,2150
,,,,,,,,4542,16350,4670,2230
,,,,,,,,4543,18200,5200,2482
,,,,,,,,4544,20434,5836,2786
,,,,,,,,4545,21984,6280,2998
,,,,,,,,4546,23220,6632,3166
,,,,,,,,4547,24204,6912,3300
,,,,,,,,4548,24862,7102,3390
,,,,,,,,4549,25338,7236,3454
,,,,,,,,4550,25848,7382,3524
,,,,,,,,4551,26152,7468,3564
,,,,,,,,4552,26336,7522,3590
,,,,,,,,4553,26504,7570,3614
,,,,,,,,4554,26406,7542,3600
,,,,,,,,4555,25680,7334,3502
,,,,,,,,4556,24696,7052,3368
,,,,,,,,4557,24162,6902,3294
,,,,,,,,4558,23302,6654,3178
,,,,,,,,4559,21020,6002,2866
,,,,,,,,4560,18694,5340,2548
,,,,,,,,4561,17002,4856,2318
,,,,,,,,4562,15940,4552,2172
,,,,,,,,4563,15262,4358,2080
,,,,,,,,4564,14948,4268,2038
,,,,,,,,4565,15040,4296,2050
,,,,,,,,4566,15604,4458,2128
,,,,,,,,4567,17464,4988,2382
,,,,,,,,4568,19684,5620,2684
,,,,,,,,4569,21256,6070,2898
,,,,,,,,4570,22476,6420,3064
,,,,,,,,4571,23538,6722,3210
,,,,,,,,4572,24246,6924,3306
,,,,,,,,4573,24752,7070,3374
,,,,,,,,4574,25356,7242,3456
,,,,,,,,4575,25826,7376,3522
,,,,,,,,4576,26174,7474,3568
,,,,,,,,4577,26398,7540,3600
,,,,,,,,4578,26276,7504,3584
,,,,,,,,4579,25632,7320,3494
,,,,,,,,4580,24692,7052,3366
,,,,,,,,4581,24290,6938,3312
,,,,,,,,4582,23618,6744,3220
,,,,,,,,4583,21402,6112,2918
,,,,,,,,4584,19148,5470,2610
,,,,,,,,4585,17488,4994,2384
,,,,,,,,4586,16436,4694,2240
,,,,,,,,4587,15796,4512,2154
,,,,,,,,4588,15502,4428,2114
,,,,,,,,4589,15626,4464,2130
,,,,,,,,4590,16284,4650,2220
,,,,,,,,4591,18156,5186,2474
,,,,,,,,4592,20440,5838,2786
,,,,,,,,4593,22170,6332,3022
,,,,,,,,4594,23532,6722,3208
,,,,,,,,4595,24742,7066,3372
,,,,,,,,4596,25716,7344,3506
,,,,,,,,4597,26376,7534,3596
,,,,,,,,4598,26920,7688,3670
,,,,,,,,4599,27202,7770,3708
,,,,,,,,4600,27400,7826,3736
,,,,,,,,4601,27636,7894,3768
,,,,,,,,4602,27576,7874,3760
,,,,,,,,4603,26898,7682,3666
,,,,,,,,4604,25876,7390,3528
,,,,,,,,4605,25376,7248,3460
,,,,,,,,4606,24660,7042,3362
,,,,,,,,4607,22396,6396,3054
,,,,,,,,4608,20016,5718,2728
,,,,,,,,4609,18282,5220,2494
,,,,,,,,4610,17152,4898,2338
,,,,,,,,4611,16396,4682,2234
,,,,,,,,4612,16002,4570,2180
,,,,,,,,4613,16084,4594,2192
,,,,,,,,4614,16742,4782,2282
,,,,,,,,4615,18724,5348,2554
,,,,,,,,4616,21074,6020,2874
,,,,,,,,4617,22904,6542,3122
,,,,,,,,4618,24432,6978,3332
,,,,,,,,4619,25938,7408,3536
,,,,,,,,4620,27118,7744,3696
,,,,,,,,4621,27744,7924,3784
,,,,,,,,4622,28430,8120,3876
,,,,,,,,4623,28896,8254,3940
,,,,,,,,4624,29194,8338,3980
,,,,,,,,4625,29406,8398,4008
,,,,,,,,4626,29164,8330,3976
,,,,,,,,4627,28344,8096,3864
,,,,,,,,4628,27098,7740,3696
,,,,,,,,4629,26506,7570,3614
,,,,,,,,4630,25576,7304,3486
,,,,,,,,4631,23194,6624,3162
,,,,,,,,4632,20746,5924,2828
,,,,,,,,4633,18854,5384,2570
,,,,,,,,4634,17644,5038,2404
,,,,,,,,4635,16900,4828,2304
,,,,,,,,4636,16494,4710,2248
,,,,,,,,4637,16574,4734,2260
,,,,,,,,4638,17244,4924,2352
,,,,,,,,4639,19100,5456,2604
,,,,,,,,4640,21546,6152,2938
,,,,,,,,4641,23522,6718,3208
,,,,,,,,4642,25244,7210,3442
,,,,,,,,4643,26780,7648,3652
,,,,,,,,4644,27996,7994,3816
,,,,,,,,4645,28880,8248,3938
,,,,,,,,4646,29596,8454,4036
,,,,,,,,4647,29852,8526,4070
,,,,,,,,4648,29806,8514,4064
,,,,,,,,4649,29612,8456,4038
,,,,,,,,4650,28948,8268,3948
,,,,,,,,4651,27762,7928,3786
,,,,,,,,4652,26610,7600,3628
,,,,,,,,4653,26176,7474,3568
,,,,,,,,4654,25346,7238,3456
,,,,,,,,4655,23238,6636,3168
,,,,,,,,4656,21018,6002,2866
,,,,,,,,4657,19284,5508,2628
,,,,,,,,4658,18184,5194,2480
,,,,,,,,4659,17460,4988,2380
,,,,,,,,4660,17032,4864,2322
,,,,,,,,4661,16910,4828,2304
,,,,,,,,4662,17112,4888,2332
,,,,,,,,4663,17816,5090,2430
,,,,,,,,4664,19216,5488,2620
,,,,,,,,4665,21102,6028,2878
,,,,,,,,4666,22794,6510,3108
,,,,,,,,4667,24052,6870,3280
,,,,,,,,4668,25080,7162,3420
,,,,,,,,4669,25872,7388,3526
,,,,,,,,4670,26522,7574,3616
,,,,,,,,4671,27152,7754,3702
,,,,,,,,4672,27652,7896,3770
,,,,,,,,4673,27984,7992,3816
,,,,,,,,4674,28018,8002,3820
,,,,,,,,4675,27484,7848,3746
,,,,,,,,4676,26510,7572,3614
,,,,,,,,4677,26062,7444,3554
,,,,,,,,4678,25430,7262,3466
,,,,,,,,4679,23520,6716,3206
,,,,,,,,4680,21382,6106,2916
,,,,,,,,4681,19606,5600,2674
,,,,,,,,4682,18354,5242,2502
,,,,,,,,4683,17496,4998,2384
,,,,,,,,4684,16932,4836,2308
,,,,,,,,4685,16614,4746,2264
,,,,,,,,4686,16368,4674,2232
,,,,,,,,4687,16834,4808,2294
,,,,,,,,4688,18402,5256,2508
,,,,,,,,4689,20568,5874,2804
,,,,,,,,4690,22680,6478,3092
,,,,,,,,4691,24548,7012,3348
,,,,,,,,4692,26056,7442,3554
,,,,,,,,4693,26920,7688,3670
,,,,,,,,4694,27086,7734,3694
,,,,,,,,4695,27100,7740,3696
,,,,,,,,4696,27140,7752,3700
,,,,,,,,4697,27192,7766,3706
,,,,,,,,4698,27176,7762,3706
,,,,,,,,4699,26736,7636,3646
,,,,,,,,4700,26352,7526,3594
,,,,,,,,4701,26440,7552,3606
,,,,,,,,4702,25486,7278,3474
,,,,,,,,4703,23492,6710,3202
,,,,,,,,4704,21424,6118,2920
,,,,,,,,4705,19932,5692,2716
,,,,,,,,4706,18976,5420,2586
,,,,,,,,4707,18364,5244,2504
,,,,,,,,4708,18042,5152,2460
,,,,,,,,4709,18166,5188,2476
,,,,,,,,4710,18994,5424,2590
,,,,,,,,4711,20982,5992,2860
,,,,,,,,4712,23616,6744,3220
,,,,,,,,4713,25662,7330,3498
,,,,,,,,4714,27306,7798,3724
,,,,,,,,4715,28752,8212,3920
,,,,,,,,4716,29916,8544,4080
,,,,,,,,4717,30814,8800,4200
,,,,,,,,4718,31586,9022,4306
,,,,,,,,4719,31750,9068,4330
,,,,,,,,4720,31814,9086,4338
,,,,,,,,4721,31754,9068,4330
,,,,,,,,4722,31518,9002,4298
,,,,,,,,4723,30784,8792,4198
,,,,,,,,4724,29818,8516,4066
,,,,,,,,4725,29440,8408,4014
,,,,,,,,4726,28270,8074,3854
,,,,,,,,4727,25570,7302,3486
,,,,,,,,4728,22898,6540,3122
,,,,,,,,4729,21006,6000,2864
,,,,,,,,4730,19778,5650,2696
,,,,,,,,4731,18986,5422,2588
,,,,,,,,4732,18490,5280,2522
,,,,,,,,4733,18536,5294,2526
,,,,,,,,4734,19286,5508,2630
,,,,,,,,4735,21368,6102,2914
,,,,,,,,4736,24072,6874,3282
,,,,,,,,4737,26240,7494,3578
,,,,,,,,4738,28160,8042,3838
,,,,,,,,4739,29820,8516,4066
,,,,,,,,4740,30956,8842,4220
,,,,,,,,4741,31740,9066,4328
,,,,,,,,4742,32450,9266,4424
,,,,,,,,4743,32896,9396,4484
,,,,,,,,4744,33234,9492,4532
,,,,,,,,4745,33434,9548,4558
,,,,,,,,4746,33158,9470,4522
,,,,,,,,4747,32398,9252,4418
,,,,,,,,4748,31402,8968,4280
,,,,,,,,4749,30832,8806,4204
,,,,,,,,4750,29708,8486,4050
,,,,,,,,4751,27162,7756,3704
,,,,,,,,4752,24634,7036,3358
,,,,,,,,4753,22856,6528,3116
,,,,,,,,4754,21752,6212,2966
,,,,,,,,4755,21054,6012,2870
,,,,,,,,4756,20632,5892,2814
,,,,,,,,4757,20610,5886,2810
,,,,,,,,4758,21332,6092,2908
,,,,,,,,4759,23220,6632,3166
,,,,,,,,4760,25996,7424,3544
,,,,,,,,4761,27944,7980,3810
,,,,,,,,4762,29512,8428,4024
,,,,,,,,4763,31128,8890,4244
,,,,,,,,4764,32360,9242,4412
,,,,,,,,4765,33134,9464,4518
,,,,,,,,4766,33158,9470,4522
,,,,,,,,4767,32382,9248,4414
,,,,,,,,4768,30868,8816,4210
,,,,,,,,4769,29724,8488,4052
,,,,,,,,4770,29232,8348,3986
,,,,,,,,4771,28488,8136,3884
,,,,,,,,4772,27776,7934,3786
,,,,,,,,4773,27564,7874,3758
,,,,,,,,4774,26668,7616,3636
,,,,,,,,4775,24404,6970,3328
,,,,,,,,4776,22040,6294,3006
,,,,,,,,4777,20226,5776,2756
,,,,,,,,4778,18920,5404,2580
,,,,,,,,4779,18090,5166,2466
,,,,,,,,4780,17582,5022,2396
,,,,,,,,4781,17554,5012,2392
,,,,,,,,4782,18172,5190,2478
,,,,,,,,4783,19680,5620,2684
,,,,,,,,4784,21514,6144,2934
,,,,,,,,4785,22580,6450,3080
,,,,,,,,4786,23322,6662,3180
,,,,,,,,4787,24046,6868,3278
,,,,,,,,4788,24546,7012,3346
,,,,,,,,4789,24850,7098,3388
,,,,,,,,4790,25288,7222,3448
,,,,,,,,4791,25444,7266,3470
,,,,,,,,4792,25640,7322,3496
,,,,,,,,4793,25842,7380,3524
,,,,,,,,4794,25770,7360,3514
,,,,,,,,4795,25028,7148,3414
,,,,,,,,4796,24136,6892,3290
,,,,,,,,4797,23988,6852,3270
,,,,,,,,4798,23156,6612,3158
,,,,,,,,4799,21138,6036,2882
,,,,,,,,4800,19012,5430,2592
,,,,,,,,4801,17418,4976,2374
,,,,,,,,4802,16492,4710,2248
,,,,,,,,4803,15904,4542,2168
,,,,,,,,4804,15638,4466,2132
,,,,,,,,4805,15796,4512,2154
,,,,,,,,4806,16596,4738,2262
,,,,,,,,4807,18190,5196,2480
,,,,,,,,4808,20076,5734,2736
,,,,,,,,4809,21316,6088,2906
,,,,,,,,4810,21962,6272,2994
,,,,,,,,4811,22388,6394,3052
,,,,,,,,4812,22462,6414,3062
,,,,,,,,4813,22352,6384,3048
,,,,,,,,4814,22328,6378,3044
,,,,,,,,4815,22110,6314,3014
,,,,,,,,4816,21790,6222,2970
,,,,,,,,4817,21616,6172,2948
,,,,,,,,4818,21388,6108,2916
,,,,,,,,4819,20868,5960,2846
,,,,,,,,4820,20438,5838,2786
,,,,,,,,4821,20612,5888,2810
,,,,,,,,4822,20100,5740,2740
,,,,,,,,4823,18540,5296,2528
,,,,,,,,4824,16790,4796,2290
,,,,,,,,4825,15418,4404,2102
,,,,,,,,4826,14526,4148,1980
,,,,,,,,4827,13980,3992,1906
,,,,,,,,4828,13678,3906,1866
,,,,,,,,4829,13634,3894,1858
,,,,,,,,4830,13736,3924,1872
,,,,,,,,4831,14432,4122,1968
,,,,,,,,4832,15878,4536,2164
,,,,,,,,4833,17608,5028,2400
,,,,,,,,4834,18922,5404,2580
,,,,,,,,4835,19756,5642,2694
,,,,,,,,4836,20242,5780,2760
,,,,,,,,4837,20488,5850,2794
,,,,,,,,4838,20610,5886,2810
,,,,,,,,4839,20722,5920,2826
,,,,,,,,4840,20896,5968,2848
,,,,,,,,4841,21164,6044,2886
,,,,,,,,4842,21294,6080,2904
,,,,,,,,4843,21026,6004,2868
,,,,,,,,4844,20374,5820,2778
,,,,,,,,4845,20304,5800,2768
,,,,,,,,4846,19862,5672,2708
,,,,,,,,4847,18426,5262,2512
,,,,,,,,4848,16838,4808,2294
,,,,,,,,4849,15484,4422,2110
,,,,,,,,4850,14614,4174,1992
,,,,,,,,4851,14066,4016,1918
,,,,,,,,4852,13726,3920,1870
,,,,,,,,4853,13590,3882,1852
,,,,,,,,4854,13456,3844,1834
,,,,,,,,4855,13868,3960,1890
,,,,,,,,4856,15108,4316,2060
,,,,,,,,4857,16806,4800,2292
,,,,,,,,4858,18346,5240,2502
,,,,,,,,4859,19614,5600,2674
,,,,,,,,4860,20638,5894,2814
,,,,,,,,4861,21366,6102,2912
,,,,,,,,4862,21784,6222,2970
,,,,,,,,4863,22172,6332,3022
,,,,,,,,4864,22564,6444,3076
,,,,,,,,4865,23084,6592,3148
,,,,,,,,4866,23410,6686,3190
,,,,,,,,4867,23158,6614,3158
,,,,,,,,4868,22538,6438,3072
,,,,,,,,4869,22552,6442,3074
,,,,,,,,4870,21986,6280,2998
,,,,,,,,4871,20272,5790,2764
,,,,,,,,4872,18408,5258,2510
,,,,,,,,4873,17006,4858,2318
,,,,,,,,4874,16098,4598,2194
,,,,,,,,4875,15578,4448,2124
,,,,,,,,4876,15396,4398,2100
,,,,,,,,4877,15710,4488,2140
,,,,,,,,4878,16710,4772,2278
,,,,,,,,4879,18504,5286,2524
,,,,,,,,4880,20634,5892,2814
,,,,,,,,4881,22194,6340,3026
,,,,,,,,4882,23358,6672,3184
,,,,,,,,4883,24450,6984,3332
,,,,,,,,4884,25322,7232,3454
,,,,,,,,4885,25930,7406,3534
,,,,,,,,4886,26804,7656,3654
,,,,,,,,4887,27486,7850,3746
,,,,,,,,4888,27988,7994,3816
,,,,,,,,4889,28292,8080,3858
,,,,,,,,4890,28178,8048,3842
,,,,,,,,4891,27518,7860,3752
,,,,,,,,4892,26822,7660,3656
,,,,,,,,4893,26872,7674,3664
,,,,,,,,4894,25870,7388,3526
,,,,,,,,4895,23624,6746,3222
,,,,,,,,4896,21318,6088,2906
,,,,,,,,4897,19646,5610,2678
,,,,,,,,4898,18608,5314,2536
,,,,,,,,4899,17952,5128,2448
,,,,,,,,4900,17656,5042,2406
,,,,,,,,4901,17796,5082,2426
,,,,,,,,4902,18588,5310,2534
,,,,,,,,4903,20294,5796,2766
,,,,,,,,4904,22624,6462,3084
,,,,,,,,4905,24634,7036,3358
,,,,,,,,4906,26284,7508,3584
,,,,,,,,4907,27752,7926,3784
,,,,,,,,4908,28704,8198,3914
,,,,,,,,4909,29532,8434,4028
,,,,,,,,4910,30248,8638,4124
,,,,,,,,4911,30520,8716,4160
,,,,,,,,4912,30254,8640,4124
,,,,,,,,4913,29736,8494,4054
,,,,,,,,4914,29076,8304,3964
,,,,,,,,4915,28036,8006,3822
,,,,,,,,4916,26972,7704,3678
,,,,,,,,4917,26504,7570,3614
,,,,,,,,4918,25072,7162,3418
,,,,,,,,4919,22446,6410,3060
,,,,,,,,4920,19900,5684,2714
,,,,,,,,4921,17966,5130,2450
,,,,,,,,4922,16718,4774,2280
,,,,,,,,4923,15946,4554,2174
,,,,,,,,4924,15494,4426,2112
,,,,,,,,4925,15554,4442,2120
,,,,,,,,4926,16234,4638,2212
,,,,,,,,4927,17874,5106,2436
,,,,,,,,4928,19982,5708,2724
,,,,,,,,4929,21468,6130,2928
,,,,,,,,4930,22484,6422,3066
,,,,,,,,4931,23282,6650,3174
,,,,,,,,4932,23798,6796,3244
,,,,,,,,4933,24148,6898,3292
,,,,,,,,4934,24648,7040,3362
,,,,,,,,4935,25070,7160,3418
,,,,,,,,4936,25456,7270,3470
,,,,,,,,4937,25792,7366,3516
,,,,,,,,4938,25778,7362,3514
,,,,,,,,4939,25088,7164,3422
,,,,,,,,4940,24190,6910,3298
,,,,,,,,4941,24226,6920,3302
,,,,,,,,4942,23302,6654,3178
,,,,,,,,4943,21188,6050,2888
,,,,,,,,4944,19020,5432,2594
,,,,,,,,4945,17518,5004,2388
,,,,,,,,4946,16528,4720,2252
,,,,,,,,4947,15934,4550,2172
,,,,,,,,4948,15698,4484,2140
,,,,,,,,4949,15908,4544,2170
,,,,,,,,4950,16910,4830,2304
,,,,,,,,4951,18752,5356,2556
,,,,,,,,4952,20756,5928,2830
,,,,,,,,4953,22094,6312,3012
,,,,,,,,4954,23012,6572,3138
,,,,,,,,4955,23698,6768,3230
,,,,,,,,4956,24092,6882,3284
,,,,,,,,4957,24428,6978,3332
,,,,,,,,4958,25146,7184,3428
,,,,,,,,4959,25778,7364,3514
,,,,,,,,4960,26360,7530,3594
,,,,,,,,4961,26946,7696,3674
,,,,,,,,4962,27264,7786,3716
,,,,,,,,4963,26974,7704,3678
,,,,,,,,4964,26572,7590,3624
,,,,,,,,4965,26302,7512,3586
,,,,,,,,4966,24998,7140,3408
,,,,,,,,4967,22834,6520,3112
,,,,,,,,4968,20678,5906,2818
,,,,,,,,4969,19096,5454,2604
,,,,,,,,4970,18026,5148,2458
,,,,,,,,4971,17322,4948,2362
,,,,,,,,4972,16970,4848,2312
,,,,,,,,4973,17122,4890,2334
,,,,,,,,4974,18086,5166,2466
,,,,,,,,4975,19776,5650,2696
,,,,,,,,4976,21734,6208,2962
,,,,,,,,4977,23130,6606,3154
,,,,,,,,4978,24274,6932,3310
,,,,,,,,4979,25276,7220,3446
,,,,,,,,4980,26000,7426,3544
,,,,,,,,4981,26452,7554,3606
,,,,,,,,4982,26754,7642,3648
,,,,,,,,4983,26752,7642,3646
,,,,,,,,4984,26616,7602,3628
,,,,,,,,4985,26456,7556,3606
,,,,,,,,4986,26226,7492,3576
,,,,,,,,4987,25588,7308,3488
,,,,,,,,4988,24808,7086,3382
,,,,,,,,4989,24526,7004,3344
,,,,,,,,4990,23764,6788,3240
,,,,,,,,4991,21946,6268,2992
,,,,,,,,4992,19954,5700,2720
,,,,,,,,4993,18316,5230,2496
,,,,,,,,4994,17160,4900,2340
,,,,,,,,4995,16398,4684,2236
,,,,,,,,4996,15936,4552,2172
,,,,,,,,4997,15832,4522,2158
,,,,,,,,4998,15972,4562,2178
,,,,,,,,4999,16584,4738,2260
,,,,,,,,5000,18052,5156,2462
,,,,,,,,5001,19906,5686,2714
,,,,,,,,5002,21564,6160,2940
,,,,,,,,5003,22746,6496,3100
,,,,,,,,5004,23372,6674,3186
,,,,,,,,5005,23612,6742,3220
,,,,,,,,5006,23628,6748,3222
,,,,,,,,5007,23442,6694,3196
,,,,,,,,5008,22902,6542,3122
,,,,,,,,5009,22434,6408,3060
,,,,,,,,5010,22212,6344,3030
,,,,,,,,5011,21872,6246,2982
,,,,,,,,5012,21582,6162,2942
,,,,,,,,5013,21588,6166,2944
,,,,,,,,5014,20820,5946,2838
,,,,,,,,5015,19456,5556,2652
,,,,,,,,5016,17928,5120,2444
,,,,,,,,5017,16600,4740,2262
,,,,,,,,5018,15734,4494,2144
,,,,,,,,5019,15168,4332,2068
,,,,,,,,5020,14840,4238,2022
,,,,,,,,5021,14762,4216,2012
,,,,,,,,5022,14878,4248,2028
,,,,,,,,5023,15136,4322,2062
,,,,,,,,5024,16120,4604,2198
,,,,,,,,5025,17522,5004,2390
,,,,,,,,5026,18780,5364,2560
,,,,,,,,5027,19650,5612,2678
,,,,,,,,5028,20302,5798,2768
,,,,,,,,5029,20696,5910,2822
,,,,,,,,5030,20744,5924,2828
,,,,,,,,5031,20678,5906,2818
,,,,,,,,5032,20580,5878,2806
,,,,,,,,5033,20780,5936,2834
,,,,,,,,5034,21068,6018,2872
,,,,,,,,5035,20950,5982,2856
,,,,,,,,5036,20650,5898,2816
,,,,,,,,5037,20876,5962,2846
,,,,,,,,5038,20260,5786,2762
,,,,,,,,5039,18726,5350,2554
,,,,,,,,5040,17062,4872,2326
,,,,,,,,5041,15746,4498,2146
,,,,,,,,5042,14928,4264,2034
,,,,,,,,5043,14464,4130,1972
,,,,,,,,5044,14276,4076,1946
,,,,,,,,5045,14572,4162,1986
,,,,,,,,5046,15450,4414,2106
,,,,,,,,5047,17162,4902,2340
,,,,,,,,5048,19364,5530,2640
,,,,,,,,5049,21054,6012,2870
,,,,,,,,5050,22312,6372,3042
,,,,,,,,5051,23412,6686,3192
,,,,,,,,5052,24214,6916,3302
,,,,,,,,5053,24818,7088,3382
,,,,,,,,5054,25482,7278,3474
,,,,,,,,5055,25914,7402,3534
,,,,,,,,5056,26152,7470,3566
,,,,,,,,5057,26356,7528,3594
,,,,,,,,5058,26210,7484,3574
,,,,,,,,5059,25508,7284,3478
,,,,,,,,5060,24556,7012,3348
,,,,,,,,5061,24330,6950,3318
,,,,,,,,5062,23218,6632,3166
,,,,,,,,5063,20936,5980,2854
,,,,,,,,5064,18690,5338,2548
,,,,,,,,5065,17058,4872,2326
,,,,,,,,5066,16044,4582,2188
,,,,,,,,5067,15444,4410,2106
,,,,,,,,5068,15144,4326,2064
,,,,,,,,5069,15324,4378,2090
,,,,,,,,5070,16172,4618,2204
,,,,,,,,5071,17848,5098,2432
,,,,,,,,5072,19936,5694,2718
,,,,,,,,5073,21428,6120,2920
,,,,,,,,5074,22492,6424,3068
,,,,,,,,5075,23414,6688,3192
,,,,,,,,5076,23980,6850,3270
,,,,,,,,5077,24308,6942,3314
,,,,,,,,5078,24676,7048,3364
,,,,,,,,5079,24680,7050,3364
,,,,,,,,5080,24420,6974,3330
,,,,,,,,5081,24166,6902,3294
,,,,,,,,5082,23900,6826,3258
,,,,,,,,5083,23462,6702,3200
,,,,,,,,5084,23134,6608,3154
,,,,,,,,5085,23284,6650,3174
,,,,,,,,5086,22242,6352,3032
,,,,,,,,5087,20298,5798,2766
,,,,,,,,5088,18402,5256,2508
,,,,,,,,5089,16972,4848,2312
,,,,,,,,5090,16072,4590,2190
,,,,,,,,5091,15524,4434,2116
,,,,,,,,5092,15296,4368,2086
,,,,,,,,5093,15534,4438,2118
,,,,,,,,5094,16504,4714,2250
,,,,,,,,5095,18248,5212,2488
,,,,,,,,5096,20404,5828,2782
,,,,,,,,5097,22002,6284,3000
,,,,,,,,5098,23328,6662,3180
,,,,,,,,5099,24498,6998,3340
,,,,,,,,5100,25358,7242,3456
,,,,,,,,5101,26004,7426,3544
,,,,,,,,5102,26574,7590,3624
,,,,,,,,5103,26768,7644,3650
,,,,,,,,5104,26516,7574,3614
,,,,,,,,5105,26296,7512,3586
,,,,,,,,5106,25980,7420,3542
,,,,,,,,5107,25386,7250,3462
,,,,,,,,5108,24830,7092,3386
,,,,,,,,5109,24870,7102,3392
,,,,,,,,5110,23890,6822,3258
,,,,,,,,5111,21746,6210,2964
,,,,,,,,5112,19618,5602,2676
,,,,,,,,5113,18092,5168,2466
,,,,,,,,5114,17114,4888,2332
,,,,,,,,5115,16494,4710,2248
,,,,,,,,5116,16286,4650,2220
,,,,,,,,5117,16494,4710,2248
,,,,,,,,5118,17464,4988,2382
,,,,,,,,5119,19236,5494,2622
,,,,,,,,5120,21488,6138,2928
,,,,,,,,5121,23318,6660,3180
,,,,,,,,5122,24952,7126,3402
,,,,,,,,5123,26496,7568,3614
,,,,,,,,5124,27700,7912,3776
,,,,,,,,5125,28528,8148,3890
,,,,,,,,5126,29334,8378,3998
,,,,,,,,5127,29824,8518,4066
,,,,,,,,5128,30128,8606,4108
,,,,,,,,5129,30274,8646,4128
,,,,,,,,5130,30130,8606,4108
,,,,,,,,5131,29454,8412,4016
,,,,,,,,5132,28520,8144,3888
,,,,,,,,5133,28292,8080,3858
,,,,,,,,5134,27084,7734,3694
,,,,,,,,5135,24596,7024,3352
,,,,,,,,5136,22184,6336,3024
,,,,,,,,5137,20254,5784,2762
,,,,,,,,5138,19024,5432,2594
,,,,,,,,5139,18174,5190,2478
,,,,,,,,5140,17738,5066,2418
,,,,,,,,5141,17824,5090,2430
,,,,,,,,5142,18682,5336,2546
,,,,,,,,5143,20404,5828,2782
,,,,,,,,5144,22660,6472,3090
,,,,,,,,5145,24698,7054,3368
,,,,,,,,5146,26520,7574,3616
,,,,,,,,5147,28282,8078,3858
,,,,,,,,5148,29592,8452,4034
,,,,,,,,5149,30492,8708,4158
,,,,,,,,5150,31270,8932,4264
,,,,,,,,5151,31790,9080,4334
,,,,,,,,5152,31976,9132,4360
,,,,,,,,5153,31960,9126,4358
,,,,,,,,5154,31536,9006,4300
,,,,,,,,5155,30518,8716,4160
,,,,,,,,5156,29488,8422,4020
,,,,,,,,5157,29246,8352,3988
,,,,,,,,5158,28136,8034,3836
,,,,,,,,5159,25878,7390,3528
,,,,,,,,5160,23506,6712,3204
,,,,,,,,5161,21418,6116,2920
,,,,,,,,5162,20100,5740,2740
,,,,,,,,5163,19132,5464,2608
,,,,,,,,5164,18514,5288,2524
,,,,,,,,5165,18242,5210,2486
,,,,,,,,5166,18320,5232,2498
,,,,,,,,5167,18952,5412,2584
,,,,,,,,5168,20668,5902,2816
,,,,,,,,5169,22916,6544,3124
,,,,,,,,5170,24984,7136,3406
,,,,,,,,5171,26796,7654,3654
,,,,,,,,5172,28136,8034,3836
,,,,,,,,5173,28968,8274,3948
,,,,,,,,5174,29458,8414,4018
,,,,,,,,5175,29736,8494,4054
,,,,,,,,5176,29764,8500,4058
,,,,,,,,5177,29508,8426,4024
,,,,,,,,5178,28954,8270,3948
,,,,,,,,5179,27978,7990,3816
,,,,,,,,5180,27024,7718,3686
,,,,,,,,5181,26906,7684,3668
,,,,,,,,5182,25912,7400,3534
,,,,,,,,5183,24102,6882,3286
,,,,,,,,5184,22148,6326,3018
,,,,,,,,5185,20550,5870,2802
,,,,,,,,5186,19404,5542,2644
,,,,,,,,5187,18664,5330,2544
,,,,,,,,5188,18190,5196,2480
,,,,,,,,5189,18022,5148,2456
,,,,,,,,5190,18084,5166,2464
,,,,,,,,5191,18466,5274,2518
,,,,,,,,5192,19822,5662,2702
,,,,,,,,5193,21780,6222,2968
,,,,,,,,5194,23860,6814,3252
,,,,,,,,5195,25580,7306,3488
,,,,,,,,5196,26986,7708,3680
,,,,,,,,5197,28034,8006,3822
,,,,,,,,5198,28522,8146,3888
,,,,,,,,5199,28664,8186,3908
,,,,,,,,5200,28676,8190,3910
,,,,,,,,5201,28488,8136,3884
,,,,,,,,5202,27904,7970,3804
,,,,,,,,5203,27328,7804,3726
,,,,,,,,5204,26902,7684,3668
,,,,,,,,5205,26752,7640,3646
,,,,,,,,5206,25668,7330,3500
,,,,,,,,5207,23798,6796,3244
,,,,,,,,5208,21810,6230,2974
,,,,,,,,5209,20194,5768,2754
,,,,,,,,5210,19192,5480,2616
,,,,,,,,5211,18592,5310,2534
,,,,,,,,5212,18298,5226,2494
,,,,,,,,5213,18528,5292,2526
,,,,,,,,5214,19476,5562,2656
,,,,,,,,5215,21148,6040,2884
,,,,,,,,5216,23466,6702,3200
,,,,,,,,5217,25310,7228,3452
,,,,,,,,5218,26608,7600,3628
,,,,,,,,5219,27360,7814,3730
,,,,,,,,5220,27940,7980,3808
,,,,,,,,5221,28304,8084,3858
,,,,,,,,5222,28650,8184,3908
,,,,,,,,5223,28788,8222,3926
,,,,,,,,5224,28846,8238,3934
,,,,,,,,5225,28720,8204,3916
,,,,,,,,5226,28238,8064,3850
,,,,,,,,5227,27158,7756,3704
,,,,,,,,5228,26016,7430,3546
,,,,,,,,5229,25720,7344,3506
,,,,,,,,5230,24296,6938,3312
,,,,,,,,5231,21780,6220,2968
,,,,,,,,5232,19458,5556,2652
,,,,,,,,5233,17682,5050,2412
,,,,,,,,5234,16580,4736,2260
,,,,,,,,5235,15880,4536,2164
,,,,,,,,5236,15560,4444,2120
,,,,,,,,5237,15684,4480,2138
,,,,,,,,5238,16486,4708,2248
,,,,,,,,5239,18100,5168,2468
,,,,,,,,5240,20240,5780,2760
,,,,,,,,5241,21772,6218,2968
,,,,,,,,5242,23026,6576,3140
,,,,,,,,5243,24164,6902,3294
,,,,,,,,5244,25038,7152,3414
,,,,,,,,5245,25646,7324,3496
,,,,,,,,5246,26296,7510,3586
,,,,,,,,5247,26658,7614,3634
,,,,,,,,5248,26896,7682,3666
,,,,,,,,5249,27012,7714,3684
,,,,,,,,5250,26730,7634,3646
,,,,,,,,5251,25954,7412,3538
,,,,,,,,5252,25162,7186,3432
,,,,,,,,5253,25256,7212,3442
,,,,,,,,5254,24080,6878,3282
,,,,,,,,5255,21834,6236,2978
,,,,,,,,5256,19630,5606,2676
,,,,,,,,5257,17974,5134,2450
,,,,,,,,5258,16878,4820,2302
,,,,,,,,5259,16164,4616,2202
,,,,,,,,5260,15808,4516,2154
,,,,,,,,5261,15978,4564,2178
,,,,,,,,5262,16862,4816,2300
,,,,,,,,5263,18534,5294,2526
,,,,,,,,5264,20768,5930,2832
,,,,,,,,5265,22660,6472,3090
,,,,,,,,5266,24256,6928,3308
,,,,,,,,5267,25794,7366,3516
,,,,,,,,5268,26950,7696,3674
,,,,,,,,5269,27770,7932,3786
,,,,,,,,5270,28530,8148,3890
,,,,,,,,5271,28940,8264,3946
,,,,,,,,5272,29130,8320,3972
,,,,,,,,5273,29054,8298,3962
,,,,,,,,5274,28644,8182,3906
,,,,,,,,5275,27852,7954,3796
,,,,,,,,5276,27178,7762,3706
,,,,,,,,5277,27268,7788,3718
,,,,,,,,5278,25950,7412,3538
,,,,,,,,5279,23592,6738,3216
,,,,,,,,5280,21190,6052,2888
,,,,,,,,5281,19344,5524,2636
,,,,,,,,5282,18294,5226,2494
,,,,,,,,5283,17588,5024,2398
,,,,,,,,5284,17262,4930,2352
,,,,,,,,5285,17426,4978,2376
,,,,,,,,5286,18428,5264,2512
,,,,,,,,5287,20130,5750,2744
,,,,,,,,5288,22352,6384,3048
,,,,,,,,5289,24278,6934,3310
,,,,,,,,5290,26026,7432,3548
,,,,,,,,5291,27708,7914,3778
,,,,,,,,5292,28992,8280,3952
,,,,,,,,5293,29852,8524,4070
,,,,,,,,5294,30560,8728,4168
,,,,,,,,5295,30824,8804,4202
,,,,,,,,5296,30856,8814,4208
,,,,,,,,5297,30672,8758,4182
,,,,,,,,5298,30120,8602,4106
,,,,,,,,5299,29088,8306,3966
,,,,,,,,5300,28374,8104,3868
,,,,,,,,5301,28336,8092,3864
,,,,,,,,5302,26918,7688,3670
,,,,,,,,5303,24556,7012,3348
,,,,,,,,5304,22216,6344,3030
,,,,,,,,5305,20480,5850,2792
,,,,,,,,5306,19412,5544,2646
,,,,,,,,5307,18712,5344,2552
,,,,,,,,5308,18400,5256,2508
,,,,,,,,5309,18564,5302,2532
,,,,,,,,5310,19566,5588,2666
,,,,,,,,5311,21290,6080,2902
,,,,,,,,5312,23498,6712,3204
,,,,,,,,5313,25320,7232,3452
,,,,,,,,5314,26792,7652,3654
,,,,,,,,5315,27960,7984,3812
,,,,,,,,5316,28740,8208,3918
,,,,,,,,5317,28918,8258,3942
,,,,,,,,5318,28758,8214,3920
,,,,,,,,5319,28166,8044,3840
,,,,,,,,5320,27352,7812,3730
,,,,,,,,5321,26862,7672,3664
,,,,,,,,5322,26310,7514,3586
,,,,,,,,5323,25578,7304,3488
,,,,,,,,5324,25046,7152,3414
,,,,,,,,5325,25042,7152,3414
,,,,,,,,5326,24104,6884,3286
,,,,,,,,5327,22420,6402,3058
,,,,,,,,5328,20546,5868,2802
,,,,,,,,5329,19020,5430,2594
,,,,,,,,5330,18002,5142,2454
,,,,,,,,5331,17328,4948,2362
,,,,,,,,5332,16950,4840,2312
,,,,,,,,5333,16834,4808,2294
,,,,,,,,5334,17034,4864,2322
,,,,,,,,5335,17600,5028,2400
,,,,,,,,5336,19062,5444,2598
,,,,,,,,5337,20868,5960,2846
,,,,,,,,5338,22532,6434,3072
,,,,,,,,5339,23928,6832,3262
,,,,,,,,5340,24764,7072,3376
,,,,,,,,5341,25252,7212,3442
,,,,,,,,5342,25548,7296,3482
,,,,,,,,5343,25710,7342,3504
,,,,,,,,5344,25836,7378,3524
,,,,,,,,5345,25940,7408,3536
,,,,,,,,5346,25894,7394,3530
,,,,,,,,5347,25482,7278,3474
,,,,,,,,5348,25060,7158,3416
,,,,,,,,5349,25210,7200,3436
,,,,,,,,5350,24282,6934,3312
,,,,,,,,5351,22684,6478,3092
,,,,,,,,5352,20896,5968,2848
,,,,,,,,5353,19374,5532,2642
,,,,,,,,5354,18338,5238,2500
,,,,,,,,5355,17606,5028,2400
,,,,,,,,5356,17204,4912,2344
,,,,,,,,5357,17056,4870,2324
,,,,,,,,5358,17192,4908,2342
,,,,,,,,5359,17480,4992,2382
,,,,,,,,5360,18372,5248,2504
,,,,,,,,5361,19902,5684,2714
,,,,,,,,5362,21482,6134,2928
,,,,,,,,5363,22850,6526,3116
,,,,,,,,5364,23918,6830,3262
,,,,,,,,5365,24728,7062,3372
,,,,,,,,5366,25236,7208,3442
,,,,,,,,5367,25716,7344,3506
,,,,,,,,5368,26144,7466,3564
,,,,,,,,5369,26456,7556,3606
,,,,,,,,5370,26520,7574,3616
,,,,,,,,5371,26114,7456,3560
,,,,,,,,5372,25532,7292,3482
,,,,,,,,5373,25644,7322,3496
,,,,,,,,5374,24434,6978,3332
,,,,,,,,5375,22358,6384,3050
,,,,,,,,5376,20234,5780,2758
,,,,,,,,5377,18602,5312,2536
,,,,,,,,5378,17526,5006,2390
,,,,,,,,5379,16846,4810,2296
,,,,,,,,5380,16494,4710,2248
,,,,,,,,5381,16632,4750,2268
,,,,,,,,5382,17516,5002,2388
,,,,,,,,5383,19030,5436,2596
,,,,,,,,5384,21198,6054,2890
,,,,,,,,5385,23016,6572,3138
,,,,,,,,5386,24540,7008,3346
,,,,,,,,5387,25866,7386,3526
,,,,,,,,5388,26800,7654,3654
,,,,,,,,5389,27404,7826,3736
,,,,,,,,5390,27954,7984,3812
,,,,,,,,5391,28322,8088,3862
,,,,,,,,5392,28480,8134,3884
,,,,,,,,5393,28618,8174,3902
,,,,,,,,5394,28418,8114,3874
,,,,,,,,5395,27536,7864,3756
,,,,,,,,5396,26698,7624,3640
,,,,,,,,5397,26610,7600,3628
,,,,,,,,5398,24998,7140,3408
,,,,,,,,5399,22546,6440,3074
,,,,,,,,5400,20196,5768,2754
,,,,,,,,5401,18456,5270,2516
,,,,,,,,5402,17306,4942,2360
,,,,,,,,5403,16560,4728,2258
,,,,,,,,5404,16196,4626,2208
,,,,,,,,5405,16314,4658,2224
,,,,,,,,5406,17256,4928,2352
,,,,,,,,5407,18824,5376,2566
,,,,,,,,5408,20990,5994,2862
,,,,,,,,5409,22688,6480,3094
,,,,,,,,5410,24146,6896,3292
,,,,,,,,5411,25360,7242,3458
,,,,,,,,5412,26180,7476,3570
,,,,,,,,5413,26648,7612,3634
,,,,,,,,5414,26982,7706,3678
,,,,,,,,5415,27074,7732,3692
,,,,,,,,5416,26974,7704,3678
,,,,,,,,5417,26920,7688,3670
,,,,,,,,5418,26620,7604,3630
,,,,,,,,5419,25966,7414,3540
,,,,,,,,5420,25550,7296,3482
,,,,,,,,5421,25746,7354,3510
,,,,,,,,5422,24390,6966,3326
,,,,,,,,5423,22190,6338,3026
,,,,,,,,5424,20034,5722,2732
,,,,,,,,5425,18528,5290,2526
,,,,,,,,5426,17538,5008,2392
,,,,,,,,5427,16928,4834,2308
,,,,,,,,5428,16672,4762,2272
,,,,,,,,5429,16868,4818,2300
,,,,,,,,5430,17922,5118,2444
,,,,,,,,5431,19714,5630,2688
,,,,,,,,5432,21492,6138,2930
,,,,,,,,5433,22612,6458,3082
,,,,,,,,5434,23432,6692,3194
,,,,,,,,5435,24498,6996,3340
,,,,,,,,5436,25558,7300,3484
,,,,,,,,5437,26354,7526,3594
,,,,,,,,5438,27090,7736,3694
,,,,,,,,5439,27456,7842,3744
,,,,,,,,5440,27604,7884,3764
,,,,,,,,5441,27482,7848,3746
,,,,,,,,5442,27048,7724,3688
,,,,,,,,5443,26336,7522,3592
,,,,,,,,5444,26044,7438,3552
,,,,,,,,5445,25968,7414,3540
,,,,,,,,5446,24526,7004,3344
,,,,,,,,5447,22276,6362,3038
,,,,,,,,5448,20060,5730,2736
,,,,,,,,5449,18340,5238,2500
,,,,,,,,5450,17244,4924,2352
,,,,,,,,5451,16580,4736,2260
,,,,,,,,5452,16288,4652,2220
,,,,,,,,5453,16424,4690,2240
,,,,,,,,5454,17418,4976,2374
,,,,,,,,5455,19110,5458,2604
,,,,,,,,5456,20956,5984,2856
,,,,,,,,5457,22462,6416,3062
,,,,,,,,5458,23830,6806,3250
,,,,,,,,5459,25084,7164,3420
,,,,,,,,5460,26014,7430,3546
,,,,,,,,5461,26614,7602,3628
,,,,,,,,5462,27140,7752,3700
,,,,,,,,5463,27436,7834,3740
,,,,,,,,5464,27558,7870,3756
,,,,,,,,5465,27604,7884,3764
,,,,,,,,5466,27316,7802,3726
,,,,,,,,5467,26408,7542,3600
,,,,,,,,5468,25588,7308,3488
,,,,,,,,5469,25516,7286,3478
,,,,,,,,5470,24038,6864,3278
,,,,,,,,5471,21772,6218,2968
,,,,,,,,5472,19484,5564,2656
,,,,,,,,5473,17810,5088,2428
,,,,,,,,5474,16694,4768,2276
,,,,,,,,5475,15996,4568,2180
,,,,,,,,5476,15644,4468,2132
,,,,,,,,5477,15754,4500,2148
,,,,,,,,5478,16596,4740,2262
,,,,,,,,5479,18064,5160,2464
,,,,,,,,5480,20046,5726,2734
,,,,,,,,5481,21860,6242,2980
,,,,,,,,5482,23396,6682,3190
,,,,,,,,5483,24830,7092,3384
,,,,,,,,5484,25924,7404,3534
,,,,,,,,5485,26822,7662,3656
,,,,,,,,5486,27664,7900,3772
,,,,,,,,5487,28186,8050,3842
,,,,,,,,5488,28360,8100,3866
,,,,,,,,5489,28340,8094,3864
,,,,,,,,5490,27850,7954,3796
,,,,,,,,5491,26800,7654,3654
,,,,,,,,5492,26188,7478,3570
,,,,,,,,5493,26052,7440,3552
,,,,,,,,5494,24646,7040,3362
,,,,,,,,5495,22530,6434,3072
,,,,,,,,5496,20422,5832,2784
,,,,,,,,5497,18682,5336,2546
,,,,,,,,5498,17508,5000,2386
,,,,,,,,5499,16722,4776,2280
,,,,,,,,5500,16212,4628,2210
,,,,,,,,5501,16022,4576,2184
,,,,,,,,5502,16212,4630,2210
,,,,,,,,5503,16618,4746,2266
,,,,,,,,5504,17618,5032,2402
,,,,,,,,5505,18932,5408,2582
,,,,,,,,5506,19970,5704,2722
,,,,,,,,5507,20634,5892,2814
,,,,,,,,5508,21036,6008,2868
,,,,,,,,5509,21100,6026,2878
,,,,,,,,5510,21040,6010,2868
,,,,,,,,5511,20960,5986,2856
,,,,,,,,5512,20886,5964,2848
,,,,,,,,5513,20948,5982,2856
,,,,,,,,5514,20942,5982,2856
,,,,,,,,5515,20670,5902,2818
,,,,,,,,5516,20392,5824,2780
,,,,,,,,5517,20634,5892,2814
,,,,,,,,5518,19680,5620,2684
,,,,,,,,5519,18212,5200,2484
,,,,,,,,5520,16614,4746,2264
,,,,,,,,5521,15318,4376,2090
,,,,,,,,5522,14412,4116,1964
,,,,,,,,5523,13788,3938,1878
,,,,,,,,5524,13466,3846,1836
,,,,,,,,5525,13326,3806,1818
,,,,,,,,5526,13416,3832,1828
,,,,,,,,5527,13558,3872,1848
,,,,,,,,5528,14550,4156,1984
,,,,,,,,5529,16044,4582,2188
,,,,,,,,5530,17372,4960,2368
,,,,,,,,5531,18284,5222,2494
,,,,,,,,5532,18836,5380,2568
,,,,,,,,5533,19148,5468,2610
,,,,,,,,5534,19176,5476,2614
,,,,,,,,5535,19192,5480,2616
,,,,,,,,5536,19302,5512,2632
,,,,,,,,5537,19622,5604,2676
,,,,,,,,5538,19856,5670,2706
,,,,,,,,5539,19812,5658,2702
,,,,,,,,5540,19906,5686,2714
,,,,,,,,5541,20346,5810,2774
,,,,,,,,5542,19364,5530,2640
,,,,,,,,5543,17780,5078,2424
,,,,,,,,5544,16242,4638,2214
,,,,,,,,5545,15102,4312,2060
,,,,,,,,5546,14392,4110,1962
,,,,,,,,5547,13974,3990,1906
,,,,,,,,5548,13830,3950,1886
,,,,,,,,5549,14110,4030,1924
,,,,,,,,5550,15064,4302,2054
,,,,,,,,5551,16652,4756,2270
,,,,,,,,5552,18476,5278,2518
,,,,,,,,5553,19936,5694,2718
,,,,,,,,5554,21168,6046,2886
,,,,,,,,5555,22202,6340,3028
,,,,,,,,5556,22930,6548,3126
,,,,,,,,5557,23368,6674,3186
,,,,,,,,5558,23690,6766,3230
,,,,,,,,5559,23756,6784,3240
,,,,,,,,5560,23712,6772,3232
,,,,,,,,5561,23748,6782,3238
,,,,,,,,5562,23670,6760,3228
,,,,,,,,5563,23044,6582,3142
,,,,,,,,5564,22722,6490,3098
,,,,,,,,5565,22924,6546,3126
,,,,,,,,5566,21510,6142,2932
,,,,,,,,5567,19454,5556,2652
,,,,,,,,5568,17500,4998,2386
,,,,,,,,5569,16102,4598,2196
,,,,,,,,5570,15318,4376,2088
,,,,,,,,5571,14812,4230,2020
,,,,,,,,5572,14612,4172,1992
,,,,,,,,5573,14890,4252,2028
,,,,,,,,5574,15978,4564,2178
,,,,,,,,5575,17724,5062,2416
,,,,,,,,5576,19550,5584,2664
,,,,,,,,5577,20938,5980,2856
,,,,,,,,5578,22102,6312,3014
,,,,,,,,5579,23134,6606,3154
,,,,,,,,5580,23822,6802,3248
,,,,,,,,5581,24288,6936,3312
,,,,,,,,5582,24756,7072,3376
,,,,,,,,5583,25010,7142,3410
,,,,,,,,5584,25090,7166,3422
,,,,,,,,5585,25094,7166,3422
,,,,,,,,5586,24684,7050,3366
,,,,,,,,5587,23858,6812,3252
,,,,,,,,5588,23390,6680,3190
,,,,,,,,5589,23498,6712,3204
,,,,,,,,5590,22044,6296,3006
,,,,,,,,5591,19874,5676,2710
,,,,,,,,5592,17818,5090,2430
,,,,,,,,5593,16346,4668,2228
,,,,,,,,5594,15440,4408,2104
,,,,,,,,5595,14862,4244,2026
,,,,,,,,5596,14560,4158,1986
,,,,,,,,5597,14730,4206,2008
,,,,,,,,5598,15694,4482,2140
,,,,,,,,5599,17196,4910,2344
,,,,,,,,5600,19182,5480,2616
,,,,,,,,5601,20698,5910,2822
,,,,,,,,5602,21996,6282,2998
,,,,,,,,5603,23132,6606,3154
,,,,,,,,5604,23944,6838,3264
,,,,,,,,5605,24436,6980,3332
,,,,,,,,5606,24966,7130,3402
,,,,,,,,5607,25288,7224,3448
,,,,,,,,5608,25376,7248,3460
,,,,,,,,5609,25432,7262,3468
,,,,,,,,5610,25122,7174,3424
,,,,,,,,5611,24346,6952,3320
,,,,,,,,5612,23800,6798,3244
,,,,,,,,5613,23926,6832,3262
,,,,,,,,5614,22498,6426,3068
,,,,,,,,5615,20308,5800,2768
,,,,,,,,5616,18248,5212,2488
,,,,,,,,5617,16744,4782,2282
,,,,,,,,5618,15806,4514,2154
,,,,,,,,5619,15178,4334,2070
,,,,,,,,5620,14934,4266,2036
,,,,,,,,5621,15096,4310,2058
,,,,,,,,5622,16132,4608,2200
,,,,,,,,5623,17706,5058,2412
,,,,,,,,5624,19772,5648,2696
,,,,,,,,5625,21476,6134,2928
,,,,,,,,5626,22850,6526,3116
,,,,,,,,5627,24026,6862,3276
,,,,,,,,5628,24970,7132,3404
,,,,,,,,5629,25704,7342,3504
,,,,,,,,5630,26438,7552,3606
,,,,,,,,5631,26786,7650,3652
,,,,,,,,5632,26952,7698,3674
,,,,,,,,5633,26998,7712,3682
,,,,,,,,5634,26688,7622,3638
,,,,,,,,5635,25876,7390,3528
,,,,,,,,5636,25290,7224,3448
,,,,,,,,5637,25334,7234,3454
,,,,,,,,5638,23846,6810,3250
,,,,,,,,5639,21590,6166,2944
,,,,,,,,5640,19414,5544,2646
,,,,,,,,5641,17848,5098,2432
,,,,,,,,5642,16782,4792,2288
,,,,,,,,5643,16094,4596,2194
,,,,,,,,5644,15726,4492,2144
,,,,,,,,5645,15852,4528,2160
,,,,,,,,5646,16778,4792,2288
,,,,,,,,5647,18262,5216,2490
,,,,,,,,5648,20210,5772,2756
,,,,,,,,5649,21888,6252,2984
,,,,,,,,5650,23314,6658,3180
,,,,,,,,5651,24600,7026,3354
,,,,,,,,5652,25550,7296,3482
,,,,,,,,5653,26170,7474,3568
,,,,,,,,5654,26774,7646,3650
,,,,,,,,5655,27028,7720,3686
,,,,,,,,5656,26962,7702,3676
,,,,,,,,5657,26842,7666,3660
,,,,,,,,5658,26306,7514,3586
,,,,,,,,5659,25314,7230,3452
,,,,,,,,5660,24786,7080,3380
,,,,,,,,5661,24652,7042,3362
,,,,,,,,5662,23274,6646,3172
,,,,,,,,5663,21322,6090,2908
,,,,,,,,5664,19298,5510,2630
,,,,,,,,5665,17662,5044,2408
,,,,,,,,5666,16638,4752,2268
,,,,,,,,5667,15942,4554,2172
,,,,,,,,5668,15542,4438,2120
,,,,,,,,5669,15480,4420,2110
,,,,,,,,5670,15806,4514,2154
,,,,,,,,5671,16390,4680,2234
,,,,,,,,5672,17702,5056,2412
,,,,,,,,5673,19422,5546,2648
,,,,,,,,5674,20952,5984,2856
,,,,,,,,5675,22080,6306,3010
,,,,,,,,5676,22804,6512,3110
,,,,,,,,5677,23256,6642,3170
,,,,,,,,5678,23534,6722,3208
,,,,,,,,5679,23672,6762,3228
,,,,,,,,5680,23624,6746,3222
,,,,,,,,5681,23494,6710,3202
,,,,,,,,5682,23156,6612,3158
,,,,,,,,5683,22472,6418,3064
,,,,,,,,5684,22164,6332,3022
,,,,,,,,5685,22106,6314,3014
,,,,,,,,5686,20996,5996,2862
,,,,,,,,5687,19406,5542,2644
,,,,,,,,5688,17706,5058,2412
,,,,,,,,5689,16358,4672,2230
,,,,,,,,5690,15400,4398,2100
,,,,,,,,5691,14796,4226,2018
,,,,,,,,5692,14406,4114,1964
,,,,,,,,5693,14284,4078,1948
,,,,,,,,5694,14428,4120,1968
,,,,,,,,5695,14602,4170,1990
,,,,,,,,5696,15686,4480,2140
,,,,,,,,5697,17346,4954,2364
,,,,,,,,5698,18894,5396,2576
,,,,,,,,5699,20082,5736,2738
,,,,,,,,5700,21004,6000,2864
,,,,,,,,5701,21730,6206,2962
,,,,,,,,5702,22128,6320,3018
,,,,,,,,5703,22490,6424,3066
,,,,,,,,5704,22856,6528,3116
,,,,,,,,5705,23222,6632,3166
,,,,,,,,5706,23408,6684,3190
,,,,,,,,5707,22982,6562,3132
,,,,,,,,5708,22714,6488,3098
,,,,,,,,5709,22778,6506,3106
,,,,,,,,5710,21370,6102,2914
,,,,,,,,5711,19406,5542,2644
,,,,,,,,5712,17640,5038,2404
,,,,,,,,5713,16240,4638,2214
,,,,,,,,5714,15394,4398,2100
,,,,,,,,5715,14892,4254,2030
,,,,,,,,5716,14668,4188,1998
,,,,,,,,5717,14922,4262,2034
,,,,,,,,5718,16014,4574,2182
,,,,,,,,5719,17692,5054,2412
,,,,,,,,5720,19688,5622,2684
,,,,,,,,5721,21356,6100,2912
,,,,,,,,5722,22734,6492,3100
,,,,,,,,5723,23932,6834,3262
,,,,,,,,5724,24930,7120,3400
,,,,,,,,5725,25680,7334,3502
,,,,,,,,5726,26464,7558,3608
,,,,,,,,5727,26848,7668,3660
,,,,,,,,5728,26900,7684,3668
,,,,,,,,5729,26832,7664,3658
,,,,,,,,5730,26484,7564,3612
,,,,,,,,5731,25822,7374,3520
,,,,,,,,5732,25844,7382,3524
,,,,,,,,5733,25812,7372,3520
,,,,,,,,5734,24346,6952,3320
,,,,,,,,5735,22208,6342,3028
,,,,,,,,5736,20216,5774,2756
,,,,,,,,5737,18816,5374,2564
,,,,,,,,5738,17926,5118,2444
,,,,,,,,5739,17394,4968,2372
,,,,,,,,5740,17190,4908,2342
,,,,,,,,5741,17496,4998,2384
,,,,,,,,5742,18798,5368,2564
,,,,,,,,5743,21030,6006,2868
,,,,,,,,5744,22914,6544,3124
,,,,,,,,5745,23998,6854,3272
,,,,,,,,5746,24684,7050,3364
,,,,,,,,5747,25360,7242,3458
,,,,,,,,5748,26140,7466,3564
,,,,,,,,5749,26808,7656,3654
,,,,,,,,5750,27566,7874,3758
,,,,,,,,5751,28048,8010,3824
,,,,,,,,5752,28212,8056,3846
,,,,,,,,5753,28264,8072,3854
,,,,,,,,5754,27868,7958,3800
,,,,,,,,5755,26778,7648,3652
,,,,,,,,5756,26310,7514,3586
,,,,,,,,5757,25970,7416,3542
,,,,,,,,5758,24060,6872,3282
,,,,,,,,5759,21516,6144,2934
,,,,,,,,5760,19188,5480,2616
,,,,,,,,5761,17378,4962,2370
,,,,,,,,5762,16270,4648,2218
,,,,,,,,5763,15502,4428,2112
,,,,,,,,5764,15096,4310,2058
,,,,,,,,5765,15138,4324,2064
,,,,,,,,5766,16154,4614,2202
,,,,,,,,5767,17856,5100,2434
,,,,,,,,5768,19528,5578,2662
,,,,,,,,5769,20568,5874,2804
,,,,,,,,5770,21318,6088,2906
,,,,,,,,5771,21942,6266,2992
,,,,,,,,5772,22326,6376,3044
,,,,,,,,5773,22586,6452,3080
,,,,,,,,5774,22922,6546,3126
,,,,,,,,5775,23126,6604,3152
,,,,,,,,5776,23256,6642,3170
,,,,,,,,5777,23408,6684,3190
,,,,,,,,5778,23292,6652,3176
,,,,,,,,5779,22638,6466,3086
,,,,,,,,5780,22418,6402,3056
,,,,,,,,5781,22284,6364,3038
,,,,,,,,5782,20686,5908,2820
,,,,,,,,5783,18524,5290,2524
,,,,,,,,5784,16522,4718,2252
,,,,,,,,5785,15178,4336,2070
,,,,,,,,5786,14354,4098,1958
,,,,,,,,5787,13862,3958,1888
,,,,,,,,5788,13668,3904,1864
,,,,,,,,5789,13898,3968,1894
,,,,,,,,5790,15014,4288,2046
,,,,,,,,5791,16874,4818,2302
,,,,,,,,5792,18616,5318,2538
,,,,,,,,5793,19866,5674,2708
,,,,,,,,5794,20886,5966,2848
,,,,,,,,5795,21788,6222,2970
,,,,,,,,5796,22362,6388,3050
,,,,,,,,5797,22742,6494,3100
,,,,,,,,5798,23238,6636,3168
,,,,,,,,5799,23516,6716,3206
,,,,,,,,5800,23702,6770,3230
,,,,,,,,5801,23840,6810,3250
,,,,,,,,5802,23588,6736,3216
,,,,,,,,5803,22894,6538,3120
,,,,,,,,5804,22926,6548,3126
,,,,,,,,5805,22890,6538,3120
,,,,,,,,5806,21394,6110,2918
,,,,,,,,5807,19312,5516,2634
,,,,,,,,5808,17438,4980,2376
,,,,,,,,5809,16040,4580,2186
,,,,,,,,5810,15116,4316,2060
,,,,,,,,5811,14592,4166,1988
,,,,,,,,5812,14362,4102,1958
,,,,,,,,5813,14570,4162,1986
,,,,,,,,5814,15660,4472,2134
,,,,,,,,5815,17376,4962,2368
,,,,,,,,5816,19178,5478,2616
,,,,,,,,5817,20696,5910,2822
,,,,,,,,5818,21972,6276,2996
,,,,,,,,5819,23110,6602,3150
,,,,,,,,5820,24058,6872,3280
,,,,,,,,5821,24730,7062,3372
,,,,,,,,5822,25526,7292,3480
,,,,,,,,5823,25976,7420,3542
,,,,,,,,5824,26218,7488,3574
,,,,,,,,5825,26268,7502,3582
,,,,,,,,5826,26034,7434,3550
,,,,,,,,5827,25218,7204,3438
,,,,,,,,5828,24906,7112,3396
,,,,,,,,5829,24706,7056,3368
,,,,,,,,5830,23376,6676,3188
,,,,,,,,5831,21574,6162,2940
,,,,,,,,5832,19600,5598,2672
,,,,,,,,5833,17800,5084,2426
,,,,,,,,5834,16940,4838,2310
,,,,,,,,5835,16346,4668,2228
,,,,,,,,5836,15934,4550,2172
,,,,,,,,5837,15740,4496,2146
,,,,,,,,5838,15980,4564,2178
,,,,,,,,5839,16396,4682,2234
,,,,,,,,5840,17654,5042,2406
,,,,,,,,5841,19520,5576,2662
,,,,,,,,5842,21120,6032,2878
,,,,,,,,5843,22210,6342,3028
,,,,,,,,5844,22948,6554,3130
,,,,,,,,5845,23322,6662,3180
,,,,,,,,5846,23368,6674,3186
,,,,,,,,5847,23292,6652,3176
,,,,,,,,5848,23096,6596,3150
,,,,,,,,5849,22952,6556,3130
,,,,,,,,5850,22568,6446,3078
,,,,,,,,5851,21818,6232,2976
,,,,,,,,5852,21660,6186,2952
,,,,,,,,5853,21452,6126,2924
,,,,,,,,5854,20338,5810,2774
,,,,,,,,5855,18812,5372,2564
,,,,,,,,5856,17188,4908,2342
,,,,,,,,5857,15868,4532,2162
,,,,,,,,5858,15004,4286,2046
,,,,,,,,5859,14432,4122,1968
,,,,,,,,5860,14126,4036,1926
,,,,,,,,5861,14000,3998,1908
,,,,,,,,5862,14142,4038,1928
,,,,,,,,5863,14336,4096,1954
,,,,,,,,5864,15268,4360,2080
,,,,,,,,5865,16770,4788,2286
,,,,,,,,5866,18054,5156,2462
,,,,,,,,5867,18932,5408,2582
,,,,,,,,5868,19538,5580,2664
,,,,,,,,5869,20030,5720,2730
,,,,,,,,5870,20232,5780,2758
,,,,,,,,5871,20344,5810,2774
,,,,,,,,5872,20382,5820,2778
,,,,,,,,5873,20420,5832,2784
,,,,,,,,5874,20450,5840,2788
,,,,,,,,5875,20156,5758,2748
,,,,,,,,5876,20254,5786,2762
,,,,,,,,5877,20144,5754,2746
,,,,,,,,5878,19164,5472,2614
,,,,,,,,5879,17776,5078,2424
,,,,,,,,5880,16284,4650,2220
,,,,,,,,5881,15094,4310,2058
,,,,,,,,5882,14300,4084,1948
,,,,,,,,5883,13810,3946,1882
,,,,,,,,5884,13568,3876,1848
,,,,,,,,5885,13588,3882,1852
,,,,,,,,5886,13976,3992,1906
,,,,,,,,5887,14418,4116,1966
,,,,,,,,5888,15316,4374,2088
,,,,,,,,5889,16766,4788,2286
,,,,,,,,5890,18182,5192,2478
,,,,,,,,5891,19184,5480,2616
,,,,,,,,5892,19834,5664,2704
,,,,,,,,5893,20188,5766,2752
,,,,,,,,5894,20408,5830,2782
,,,,,,,,5895,20554,5870,2802
,,,,,,,,5896,20692,5910,2820
,,,,,,,,5897,20950,5982,2856
,,,,,,,,5898,21132,6036,2880
,,,,,,,,5899,20952,5984,2856
,,,,,,,,5900,21390,6110,2916
,,,,,,,,5901,21300,6082,2904
,,,,,,,,5902,19788,5652,2698
,,,,,,,,5903,17838,5096,2432
,,,,,,,,5904,16134,4608,2200
,,,,,,,,5905,15024,4290,2048
,,,,,,,,5906,14374,4106,1958
,,,,,,,,5907,14072,4018,1918
,,,,,,,,5908,14018,4004,1910
,,,,,,,,5909,14374,4106,1958
,,,,,,,,5910,15766,4504,2150
,,,,,,,,5911,18290,5224,2494
,,,,,,,,5912,20122,5748,2744
,,,,,,,,5913,21124,6032,2880
,,,,,,,,5914,21932,6264,2990
,,,,,,,,5915,22590,6452,3080
,,,,,,,,5916,22924,6548,3126
,,,,,,,,5917,23062,6588,3144
,,,,,,,,5918,23220,6632,3166
,,,,,,,,5919,23182,6622,3160
,,,,,,,,5920,23274,6648,3172
,,,,,,,,5921,23482,6706,3200
,,,,,,,,5922,23744,6782,3238
,,,,,,,,5923,23820,6802,3248
,,,,,,,,5924,24246,6924,3306
,,,,,,,,5925,23900,6826,3258
,,,,,,,,5926,22468,6418,3062
,,,,,,,,5927,20452,5840,2788
,,,,,,,,5928,18632,5320,2540
,,,,,,,,5929,17396,4968,2372
,,,,,,,,5930,16696,4768,2276
,,,,,,,,5931,16358,4672,2230
,,,,,,,,5932,16284,4650,2220
,,,,,,,,5933,16698,4768,2276
,,,,,,,,5934,18170,5188,2476
,,,,,,,,5935,20886,5966,2848
,,,,,,,,5936,22842,6524,3114
,,,,,,,,5937,23916,6830,3262
,,,,,,,,5938,24762,7072,3376
,,,,,,,,5939,25188,7194,3434
,,,,,,,,5940,25306,7228,3450
,,,,,,,,5941,25280,7220,3446
,,,,,,,,5942,25466,7274,3472
,,,,,,,,5943,25658,7328,3498
,,,,,,,,5944,25748,7354,3510
,,,,,,,,5945,25974,7418,3542
,,,,,,,,5946,25942,7408,3536
,,,,,,,,5947,25476,7276,3474
,,,,,,,,5948,25584,7306,3488
,,,,,,,,5949,25082,7162,3420
,,,,,,,,5950,23278,6648,3174
,,,,,,,,5951,20870,5960,2846
,,,,,,,,5952,18706,5342,2550
,,,,,,,,5953,17104,4884,2332
,,,,,,,,5954,16114,4602,2196
,,,,,,,,5955,15546,4440,2120
,,,,,,,,5956,15304,4370,2086
,,,,,,,,5957,15536,4438,2118
,,,,,,,,5958,16778,4792,2288
,,,,,,,,5959,19034,5436,2596
,,,,,,,,5960,20718,5918,2824
,,,,,,,,5961,21702,6198,2958
,,,,,,,,5962,22524,6432,3070
,,,,,,,,5963,23292,6652,3176
,,,,,,,,5964,23750,6782,3238
,,,,,,,,5965,23966,6844,3268
,,,,,,,,5966,24482,6992,3338
,,,,,,,,5967,24882,7106,3392
,,,,,,,,5968,25078,7162,3420
,,,,,,,,5969,25094,7168,3422
,,,,,,,,5970,24772,7074,3378
,,,,,,,,5971,24298,6940,3312
,,,,,,,,5972,24758,7072,3376
,,,,,,,,5973,24420,6974,3330
,,,,,,,,5974,22778,6506,3106
,,,,,,,,5975,20534,5864,2800
,,,,,,,,5976,18482,5278,2520
,,,,,,,,5977,17060,4872,2326
,,,,,,,,5978,16182,4622,2206
,,,,,,,,5979,15652,4470,2134
,,,,,,,,5980,15392,4398,2100
,,,,,,,,5981,15664,4474,2136
,,,,,,,,5982,16944,4838,2310
,,,,,,,,5983,19236,5494,2622
,,,,,,,,5984,20998,5998,2862
,,,,,,,,5985,22228,6348,3030
,,,,,,,,5986,23390,6682,3190
,,,,,,,,5987,24528,7006,3344
,,,,,,,,5988,25594,7310,3490
,,,,,,,,5989,26340,7522,3592
,,,,,,,,5990,27006,7714,3682
,,,,,,,,5991,27484,7850,3746
,,,,,,,,5992,27696,7910,3776
,,,,,,,,5993,27688,7908,3776
,,,,,,,,5994,27090,7736,3694
,,,,,,,,5995,26180,7476,3570
,,,,,,,,5996,26190,7480,3572
,,,,,,,,5997,25636,7322,3494
,,,,,,,,5998,24088,6880,3284
,,,,,,,,5999,22040,6294,3006
,,,,,,,,6000,19962,5700,2722
,,,,,,,,6001,18390,5252,2506
,,,,,,,,6002,17340,4952,2364
,,,,,,,,6003,16710,4772,2278
,,,,,,,,6004,16360,4672,2232
,,,,,,,,6005,16302,4656,2222
,,,,,,,,6006,16778,4792,2288
,,,,,,,,6007,17508,5000,2386
,,,,,,,,6008,18742,5352,2554
,,,,,,,,6009,20556,5870,2802
,,,,,,,,6010,22072,6304,3008
,,,,,,,,6011,23184,6622,3160
,,,,,,,,6012,23794,6794,3244
,,,,,,,,6013,24104,6884,3286
,,,,,,,,6014,24162,6902,3294
,,,,,,,,6015,24114,6886,3288
,,,,,,,,6016,24046,6866,3278
,,,,,,,,6017,24030,6862,3276
,,,,,,,,6018,24014,6858,3274
,,,,,,,,6019,24048,6868,3280
,,,,,,,,6020,24186,6906,3298
,,,,,,,,6021,23460,6700,3200
,,,,,,,,6022,22060,6300,3008
,,,,,,,,6023,20074,5732,2736
,,,,,,,,6024,18022,5148,2456
,,,,,,,,6025,16508,4714,2252
,,,,,,,,6026,15492,4424,2112
,,,,,,,,6027,14766,4218,2012
,,,,,,,,6028,14342,4096,1956
,,,,,,,,6029,14156,4042,1928
,,,,,,,,6030,14292,4082,1948
,,,,,,,,6031,14636,4180,1996
,,,,,,,,6032,15346,4382,2092
,,,,,,,,6033,16594,4738,2262
,,,,,,,,6034,17686,5050,2412
,,,,,,,,6035,18360,5244,2504
,,,,,,,,6036,18804,5370,2564
,,,,,,,,6037,19144,5468,2610
,,,,,,,,6038,19166,5474,2614
,,,,,,,,6039,19276,5504,2628
,,,,,,,,6040,19458,5558,2654
,,,,,,,,6041,19816,5660,2702
,,,,,,,,6042,20108,5742,2742
,,,,,,,,6043,20034,5722,2732
,,,,,,,,6044,20550,5870,2802
,,,,,,,,6045,20180,5762,2752
,,,,,,,,6046,18728,5350,2554
,,,,,,,,6047,16946,4838,2310
,,,,,,,,6048,15324,4378,2090
,,,,,,,,6049,14210,4058,1938
,,,,,,,,6050,13546,3868,1846
,,,,,,,,6051,13182,3766,1798
,,,,,,,,6052,13088,3738,1784
,,,,,,,,6053,13424,3834,1830
,,,,,,,,6054,14702,4198,2004
,,,,,,,,6055,16856,4814,2298
,,,,,,,,6056,18354,5242,2502
,,,,,,,,6057,19222,5490,2620
,,,,,,,,6058,19898,5684,2714
,,,,,,,,6059,20462,5844,2790
,,,,,,,,6060,20726,5920,2826
,,,,,,,,6061,20708,5914,2824
,,,,,,,,6062,20704,5912,2822
,,,,,,,,6063,20512,5858,2796
,,,,,,,,6064,20306,5800,2768
,,,,,,,,6065,20274,5790,2764
,,,,,,,,6066,20242,5780,2760
,,,,,,,,6067,20066,5730,2736
,,,,,,,,6068,20586,5880,2806
,,,,,,,,6069,20054,5728,2734
,,,,,,,,6070,18490,5280,2522
,,,,,,,,6071,16518,4718,2252
,,,,,,,,6072,14770,4218,2014
,,,,,,,,6073,13666,3904,1862
,,,,,,,,6074,13010,3716,1774
,,,,,,,,6075,12652,3614,1726
,,,,,,,,6076,12570,3590,1714
,,,,,,,,6077,12894,3682,1756
,,,,,,,,6078,14174,4048,1932
,,,,,,,,6079,16318,4660,2224
,,,,,,,,6080,17772,5076,2424
,,,,,,,,6081,18486,5278,2520
,,,,,,,,6082,19074,5448,2600
,,,,,,,,6083,19576,5590,2668
,,,,,,,,6084,19902,5684,2714
,,,,,,,,6085,20056,5728,2734
,,,,,,,,6086,20304,5800,2768
,,,,,,,,6087,20336,5808,2772
,,,,,,,,6088,20348,5812,2774
,,,,,,,,6089,20432,5836,2786
,,,,,,,,6090,20432,5836,2786
,,,,,,,,6091,20224,5776,2756
,,,,,,,,6092,20814,5944,2836
,,,,,,,,6093,20312,5800,2768
,,,,,,,,6094,18716,5346,2552
,,,,,,,,6095,16706,4770,2278
,,,,,,,,6096,14948,4268,2038
,,,,,,,,6097,13768,3932,1878
,,,,,,,,6098,13108,3744,1786
,,,,,,,,6099,12772,3646,1740
,,,,,,,,6100,12676,3620,1728
,,,,,,,,6101,12976,3706,1768
,,,,,,,,6102,14232,4066,1940
,,,,,,,,6103,16472,4704,2246
,,,,,,,,6104,17958,5128,2448
,,,,,,,,6105,18672,5332,2544
,,,,,,,,6106,19352,5528,2638
,,,,,,,,6107,20072,5732,2736
,,,,,,,,6108,20580,5878,2806
,,,,,,,,6109,20850,5954,2842
,,,,,,,,6110,21210,6058,2892
,,,,,,,,6111,21312,6086,2906
,,,,,,,,6112,21384,6108,2916
,,,,,,,,6113,21470,6130,2928
,,,,,,,,6114,21388,6108,2916
,,,,,,,,6115,21068,6018,2872
,,,,,,,,6116,21676,6190,2956
,,,,,,,,6117,21124,6032,2880
,,,,,,,,6118,19526,5576,2662
,,,,,,,,6119,17508,5000,2386
,,,,,,,,6120,15652,4470,2134
,,,,,,,,6121,14430,4120,1968
,,,,,,,,6122,13722,3918,1870
,,,,,,,,6123,13354,3814,1820
,,,,,,,,6124,13214,3774,1802
,,,,,,,,6125,13502,3856,1840
,,,,,,,,6126,14738,4208,2008
,,,,,,,,6127,16984,4850,2314
,,,,,,,,6128,18514,5288,2524
,,,,,,,,6129,19514,5572,2660
,,,,,,,,6130,20368,5818,2776
,,,,,,,,6131,21200,6054,2890
,,,,,,,,6132,21834,6236,2978
,,,,,,,,6133,22232,6350,3030
,,,,,,,,6134,22710,6486,3096
,,,,,,,,6135,22920,6546,3124
,,,,,,,,6136,23072,6590,3146
,,,,,,,,6137,23164,6616,3158
,,,,,,,,6138,22916,6544,3124
,,,,,,,,6139,22432,6406,3060
,,,,,,,,6140,22932,6550,3126
,,,,,,,,6141,22334,6380,3046
,,,,,,,,6142,20658,5900,2816
,,,,,,,,6143,18518,5290,2524
,,,,,,,,6144,16572,4732,2260
,,,,,,,,6145,15212,4344,2074
,,,,,,,,6146,14410,4116,1964
,,,,,,,,6147,13938,3980,1900
,,,,,,,,6148,13764,3930,1876
,,,,,,,,6149,14004,4000,1908
,,,,,,,,6150,15210,4344,2072
,,,,,,,,6151,17408,4972,2372
,,,,,,,,6152,18954,5414,2584
,,,,,,,,6153,20016,5718,2728
,,,,,,,,6154,20970,5990,2858
,,,,,,,,6155,21854,6240,2978
,,,,,,,,6156,22520,6432,3070
,,,,,,,,6157,22952,6554,3130
,,,,,,,,6158,23430,6692,3194
,,,,,,,,6159,23606,6742,3218
,,,,,,,,6160,23578,6732,3214
,,,,,,,,6161,23394,6682,3190
,,,,,,,,6162,22748,6496,3100
,,,,,,,,6163,22050,6298,3006
,,,,,,,,6164,22334,6380,3046
,,,,,,,,6165,21678,6190,2956
,,,,,,,,6166,20366,5816,2776
,,,,,,,,6167,18608,5314,2536
,,,,,,,,6168,16836,4808,2294
,,,,,,,,6169,15484,4422,2110
,,,,,,,,6170,14654,4186,1998
,,,,,,,,6171,14172,4046,1932
,,,,,,,,6172,13908,3972,1896
,,,,,,,,6173,13912,3974,1898
,,,,,,,,6174,14348,4096,1956
,,,,,,,,6175,15036,4294,2050
,,,,,,,,6176,16086,4594,2192
,,,,,,,,6177,17442,4980,2378
,,,,,,,,6178,18358,5242,2504
,,,,,,,,6179,18792,5368,2562
,,,,,,,,6180,18924,5404,2580
,,,,,,,,6181,18912,5400,2578
,,,,,,,,6182,18778,5362,2560
,,,,,,,,6183,18620,5318,2538
,,,,,,,,6184,18542,5296,2528
,,,,,,,,6185,18584,5308,2534
,,,,,,,,6186,18588,5310,2534
,,,,,,,,6187,18488,5280,2520
,,,,,,,,6188,19004,5428,2590
,,,,,,,,6189,18540,5296,2528
,,,,,,,,6190,17472,4988,2382
,,,,,,,,6191,16116,4602,2198
,,,,,,,,6192,14692,4196,2002
,,,,,,,,6193,13606,3886,1856
,,,,,,,,6194,12912,3686,1760
,,,,,,,,6195,12476,3564,1700
,,,,,,,,6196,12232,3494,1666
,,,,,,,,6197,12214,3488,1666
,,,,,,,,6198,12472,3562,1700
,,,,,,,,6199,12868,3676,1754
,,,,,,,,6200,13766,3932,1878
,,,,,,,,6201,15162,4330,2068
,,,,,,,,6202,16222,4634,2212
,,,,,,,,6203,16854,4814,2298
,,,,,,,,6204,17210,4914,2346
,,,,,,,,6205,17456,4984,2380
,,,,,,,,6206,17446,4982,2378
,,,,,,,,6207,17442,4982,2378
,,,,,,,,6208,17542,5008,2392
,,,,,,,,6209,17836,5094,2432
,,,,,,,,6210,18284,5222,2494
,,,,,,,,6211,18470,5274,2518
,,,,,,,,6212,19240,5494,2624
,,,,,,,,6213,18644,5324,2542
,,,,,,,,6214,17234,4922,2350
,,,,,,,,6215,15586,4450,2124
,,,,,,,,6216,14120,4032,1926
,,,,,,,,6217,13162,3758,1794
,,,,,,,,6218,12622,3606,1720
,,,,,,,,6219,12334,3522,1682
,,,,,,,,6220,12312,3516,1678
,,,,,,,,6221,12674,3620,1726
,,,,,,,,6222,13980,3994,1906
,,,,,,,,6223,16168,4618,2204
,,,,,,,,6224,17646,5040,2406
,,,,,,,,6225,18486,5278,2520
,,,,,,,,6226,19156,5470,2612
,,,,,,,,6227,19792,5652,2698
,,,,,,,,6228,20176,5762,2750
,,,,,,,,6229,20372,5820,2776
,,,,,,,,6230,20648,5898,2816
,,,,,,,,6231,20726,5920,2826
,,,,,,,,6232,20748,5926,2828
,,,,,,,,6233,20802,5940,2836
,,,,,,,,6234,20838,5950,2840
,,,,,,,,6235,20794,5940,2836
,,,,,,,,6236,21476,6132,2928
,,,,,,,,6237,20670,5902,2818
,,,,,,,,6238,19034,5436,2596
,,,,,,,,6239,17020,4860,2320
,,,,,,,,6240,15256,4358,2080
,,,,,,,,6241,14120,4034,1926
,,,,,,,,6242,13430,3836,1830
,,,,,,,,6243,13062,3730,1780
,,,,,,,,6244,12992,3710,1770
,,,,,,,,6245,13350,3814,1820
,,,,,,,,6246,14706,4200,2004
,,,,,,,,6247,17118,4888,2332
,,,,,,,,6248,18754,5356,2556
,,,,,,,,6249,19668,5618,2682
,,,,,,,,6250,20356,5814,2776
,,,,,,,,6251,20984,5992,2860
,,,,,,,,6252,21320,6090,2908
,,,,,,,,6253,21442,6124,2924
,,,,,,,,6254,21644,6182,2950
,,,,,,,,6255,21578,6162,2942
,,,,,,,,6256,21542,6152,2938
,,,,,,,,6257,21794,6224,2970
,,,,,,,,6258,22154,6328,3020
,,,,,,,,6259,22422,6404,3058
,,,,,,,,6260,22644,6468,3088
,,,,,,,,6261,21814,6230,2974
,,,,,,,,6262,20242,5780,2760
,,,,,,,,6263,18272,5218,2492
,,,,,,,,6264,16580,4736,2260
,,,,,,,,6265,15402,4398,2100
,,,,,,,,6266,14698,4198,2004
,,,,,,,,6267,14272,4076,1946
,,,,,,,,6268,14096,4026,1922
,,,,,,,,6269,14292,4082,1948
,,,,,,,,6270,15450,4414,2106
,,,,,,,,6271,17716,5060,2414
,,,,,,,,6272,19128,5462,2608
,,,,,,,,6273,19634,5608,2676
,,,,,,,,6274,19982,5708,2726
,,,,,,,,6275,20344,5810,2774
,,,,,,,,6276,20580,5878,2806
,,,,,,,,6277,20638,5894,2814
,,,,,,,,6278,20780,5934,2834
,,,,,,,,6279,20690,5910,2820
,,,,,,,,6280,20576,5876,2806
,,,,,,,,6281,20546,5868,2802
,,,,,,,,6282,20380,5820,2778
,,,,,,,,6283,20228,5778,2758
,,,,,,,,6284,20920,5974,2852
,,,,,,,,6285,20196,5768,2754
,,,,,,,,6286,18648,5326,2542
,,,,,,,,6287,16622,4748,2266
,,,,,,,,6288,14892,4254,2030
,,,,,,,,6289,13704,3914,1868
,,,,,,,,6290,13056,3728,1780
,,,,,,,,6291,12704,3626,1732
,,,,,,,,6292,12600,3598,1716
,,,,,,,,6293,12928,3692,1762
,,,,,,,,6294,14206,4056,1938
,,,,,,,,6295,16544,4726,2256
,,,,,,,,6296,17922,5118,2444
,,,,,,,,6297,18540,5294,2528
,,,,,,,,6298,18994,5424,2590
,,,,,,,,6299,19450,5554,2652
,,,,,,,,6300,19656,5614,2680
,,,,,,,,6301,19656,5614,2680
,,,,,,,,6302,19794,5654,2698
,,,,,,,,6303,19700,5626,2686
,,,,,,,,6304,19550,5582,2664
,,,,,,,,6305,19518,5574,2660
,,,,,,,,6306,19510,5570,2660
,,,,,,,,6307,19642,5610,2676
,,,,,,,,6308,20432,5836,2786
,,,,,,,,6309,19798,5654,2698
,,,,,,,,6310,18352,5240,2502
,,,,,,,,6311,16438,4694,2240
,,,,,,,,6312,14706,4200,2004
,,,,,,,,6313,13568,3876,1848
,,,,,,,,6314,12944,3696,1764
,,,,,,,,6315,12612,3602,1718
,,,,,,,,6316,12526,3576,1706
,,,,,,,,6317,12842,3666,1750
,,,,,,,,6318,14086,4024,1920
,,,,,,,,6319,16480,4708,2246
,,,,,,,,6320,17924,5118,2444
,,,,,,,,6321,18582,5308,2534
,,,,,,,,6322,19038,5438,2596
,,,,,,,,6323,19410,5544,2646
,,,,,,,,6324,19528,5578,2662
,,,,,,,,6325,19560,5586,2666
,,,,,,,,6326,19594,5596,2672
,,,,,,,,6327,19506,5570,2658
,,,,,,,,6328,19386,5536,2644
,,,,,,,,6329,19328,5520,2636
,,,,,,,,6330,19188,5480,2616
,,,,,,,,6331,19228,5490,2622
,,,,,,,,6332,19800,5656,2700
,,,,,,,,6333,19168,5474,2614
,,,,,,,,6334,17950,5126,2446
,,,,,,,,6335,16386,4678,2234
,,,,,,,,6336,14790,4224,2016
,,,,,,,,6337,13634,3894,1858
,,,,,,,,6338,12944,3696,1764
,,,,,,,,6339,12550,3584,1710
,,,,,,,,6340,12410,3544,1692
,,,,,,,,6341,12448,3556,1696
,,,,,,,,6342,12892,3682,1756
,,,,,,,,6343,13738,3924,1872
,,,,,,,,6344,14838,4238,2022
,,,,,,,,6345,16238,4638,2214
,,,,,,,,6346,17210,4916,2346
,,,,,,,,6347,17712,5058,2414
,,,,,,,,6348,17856,5100,2434
,,,,,,,,6349,17852,5098,2434
,,,,,,,,6350,17722,5062,2416
,,,,,,,,6351,17666,5046,2408
,,,,,,,,6352,17662,5044,2408
,,,,,,,,6353,17834,5094,2432
,,,,,,,,6354,18092,5168,2466
,,,,,,,,6355,18522,5290,2524
,,,,,,,,6356,19110,5458,2604
,,,,,,,,6357,18560,5300,2530
,,,,,,,,6358,17632,5036,2404
,,,,,,,,6359,16340,4666,2228
,,,,,,,,6360,14946,4268,2038
,,,,,,,,6361,13970,3990,1904
,,,,,,,,6362,13232,3778,1804
,,,,,,,,6363,12806,3656,1746
,,,,,,,,6364,12590,3596,1716
,,,,,,,,6365,12530,3578,1708
,,,,,,,,6366,12780,3650,1742
,,,,,,,,6367,13228,3778,1804
,,,,,,,,6368,14002,3998,1908
,,,,,,,,6369,15312,4374,2088
,,,,,,,,6370,16336,4666,2228
,,,,,,,,6371,16932,4836,2308
,,,,,,,,6372,17242,4924,2350
,,,,,,,,6373,17360,4958,2366
,,,,,,,,6374,17290,4938,2358
,,,,,,,,6375,17246,4926,2352
,,,,,,,,6376,17308,4942,2360
,,,,,,,,6377,17564,5016,2394
,,,,,,,,6378,18012,5144,2454
,,,,,,,,6379,18430,5264,2514
,,,,,,,,6380,19198,5482,2616
,,,,,,,,6381,18466,5274,2518
,,,,,,,,6382,17052,4870,2324
,,,,,,,,6383,15510,4430,2114
,,,,,,,,6384,14036,4008,1914
,,,,,,,,6385,12964,3702,1766
,,,,,,,,6386,12346,3526,1684
,,,,,,,,6387,12054,3442,1644
,,,,,,,,6388,12020,3432,1638
,,,,,,,,6389,12388,3538,1688
,,,,,,,,6390,13740,3924,1872
,,,,,,,,6391,16190,4624,2208
,,,,,,,,6392,17694,5054,2412
,,,,,,,,6393,18372,5248,2504
,,,,,,,,6394,18862,5388,2572
,,,,,,,,6395,19276,5506,2628
,,,,,,,,6396,19510,5572,2660
,,,,,,,,6397,19546,5582,2664
,,,,,,,,6398,19618,5602,2676
,,,,,,,,6399,19466,5560,2654
,,,,,,,,6400,19316,5516,2634
,,,,,,,,6401,19330,5520,2636
,,,,,,,,6402,19524,5576,2662
,,,,,,,,6403,19896,5682,2712
,,,,,,,,6404,20580,5878,2806
,,,,,,,,6405,19680,5620,2684
,,,,,,,,6406,18100,5168,2468
,,,,,,,,6407,16158,4614,2202
,,,,,,,,6408,14470,4132,1972
,,,,,,,,6409,13374,3820,1824
,,,,,,,,6410,12794,3654,1744
,,,,,,,,6411,12476,3564,1700
,,,,,,,,6412,12426,3548,1694
,,,,,,,,6413,12768,3646,1740
,,,,,,,,6414,14108,4028,1924
,,,,,,,,6415,16612,4744,2264
,,,,,,,,6416,18046,5154,2460
,,,,,,,,6417,18568,5302,2532
,,,,,,,,6418,18946,5410,2584
,,,,,,,,6419,19370,5532,2640
,,,,,,,,6420,19546,5582,2664
,,,,,,,,6421,19582,5592,2670
,,,,,,,,6422,19700,5626,2686
,,,,,,,,6423,19646,5610,2678
,,,,,,,,6424,19572,5590,2668
,,,,,,,,6425,19668,5618,2682
,,,,,,,,6426,19754,5642,2694
,,,,,,,,6427,20122,5748,2744
,,,,,,,,6428,20766,5930,2832
,,,,,,,,6429,19878,5678,2710
,,,,,,,,6430,18394,5252,2508
,,,,,,,,6431,16454,4698,2242
,,,,,,,,6432,14798,4226,2018
,,,,,,,,6433,13682,3906,1866
,,,,,,,,6434,13080,3736,1784
,,,,,,,,6435,12780,3650,1742
,,,,,,,,6436,12710,3630,1732
,,,,,,,,6437,13100,3742,1786
,,,,,,,,6438,14416,4116,1966
,,,,,,,,6439,16858,4814,2298
,,,,,,,,6440,18402,5256,2508
,,,,,,,,6441,19224,5490,2620
,,,,,,,,6442,19854,5670,2706
,,,,,,,,6443,20412,5830,2782
,,,,,,,,6444,20650,5898,2816
,,,,,,,,6445,20694,5910,2822
,,,,,,,,6446,20760,5930,2830
,,,,,,,,6447,20632,5892,2814
,,,,,,,,6448,20436,5838,2786
,,,,,,,,6449,20560,5872,2804
,,,,,,,,6450,20892,5966,2848
,,,,,,,,6451,21340,6094,2908
,,,,,,,,6452,21548,6154,2938
,,,,,,,,6453,20656,5900,2816
,,,,,,,,6454,19160,5472,2612
,,,,,,,,6455,17222,4918,2348
,,,,,,,,6456,15490,4424,2110
,,,,,,,,6457,14314,4088,1950
,,,,,,,,6458,13656,3900,1862
,,,,,,,,6459,13246,3784,1806
,,,,,,,,6460,13130,3750,1790
,,,,,,,,6461,13432,3836,1830
,,,,,,,,6462,14808,4228,2020
,,,,,,,,6463,17310,4944,2360
,,,,,,,,6464,18726,5350,2554
,,,,,,,,6465,19352,5526,2638
,,,,,,,,6466,19770,5648,2696
,,,,,,,,6467,20134,5750,2746
,,,,,,,,6468,20324,5804,2770
,,,,,,,,6469,20338,5810,2774
,,,,,,,,6470,20386,5822,2778
,,,,,,,,6471,20260,5786,2762
,,,,,,,,6472,20112,5744,2742
,,,,,,,,6473,20054,5728,2734
,,,,,,,,6474,19958,5700,2722
,,,,,,,,6475,20286,5794,2766
,,,,,,,,6476,20850,5954,2842
,,,,,,,,6477,20016,5716,2728
,,,,,,,,6478,18538,5294,2526
,,,,,,,,6479,16646,4754,2270
,,,,,,,,6480,14914,4258,2032
,,,,,,,,6481,13740,3924,1874
,,,,,,,,6482,13062,3730,1780
,,,,,,,,6483,12696,3626,1730
,,,,,,,,6484,12608,3600,1718
,,,,,,,,6485,12920,3690,1760
,,,,,,,,6486,14144,4040,1928
,,,,,,,,6487,16634,4750,2268
,,,,,,,,6488,18222,5204,2484
,,,,,,,,6489,18966,5418,2584
,,,,,,,,6490,19404,5540,2644
,,,,,,,,6491,19736,5638,2690
,,,,,,,,6492,19886,5680,2712
,,,,,,,,6493,19848,5670,2706
,,,,,,,,6494,19850,5670,2706
,,,,,,,,6495,19650,5612,2678
,,,,,,,,6496,19544,5580,2664
,,,,,,,,6497,19622,5604,2676
,,,,,,,,6498,19812,5660,2702
,,,,,,,,6499,20118,5746,2744
,,,,,,,,6500,20028,5720,2730
,,,,,,,,6501,19160,5472,2612
,,,,,,,,6502,17998,5140,2452
,,,,,,,,6503,16498,4712,2250
,,,,,,,,6504,14944,4268,2038
,,,,,,,,6505,13748,3926,1874
,,,,,,,,6506,13044,3726,1778
,,,,,,,,6507,12638,3608,1722
,,,,,,,,6508,12442,3554,1696
,,,,,,,,6509,12480,3564,1702
,,,,,,,,6510,12970,3704,1766
,,,,,,,,6511,13890,3966,1894
,,,,,,,,6512,15056,4300,2052
,,,,,,,,6513,16442,4696,2240
,,,,,,,,6514,17418,4974,2374
,,,,,,,,6515,17912,5116,2442
,,,,,,,,6516,18006,5142,2454
,,,,,,,,6517,17888,5110,2438
,,,,,,,,6518,17600,5028,2400
,,,,,,,,6519,17372,4960,2368
,,,,,,,,6520,17238,4922,2350
,,,,,,,,6521,17400,4968,2372
,,,,,,,,6522,17794,5082,2426
,,,,,,,,6523,18382,5250,2506
,,,,,,,,6524,18540,5296,2528
,,,,,,,,6525,17920,5118,2444
,,,,,,,,6526,16986,4850,2316
,,,,,,,,6527,15738,4494,2146
,,,,,,,,6528,14368,4104,1958
,,,,,,,,6529,13300,3798,1814
,,,,,,,,6530,12620,3604,1720
,,,,,,,,6531,12232,3494,1666
,,,,,,,,6532,12030,3436,1640
,,,,,,,,6533,12034,3436,1640
,,,,,,,,6534,12328,3520,1680
,,,,,,,,6535,12968,3704,1766
,,,,,,,,6536,13838,3952,1888
,,,,,,,,6537,15222,4348,2076
,,,,,,,,6538,16434,4694,2240
,,,,,,,,6539,17196,4910,2344
,,,,,,,,6540,17614,5030,2402
,,,,,,,,6541,17802,5084,2426
,,,,,,,,6542,17620,5032,2404
,,,,,,,,6543,17496,4996,2384
,,,,,,,,6544,17386,4966,2370
,,,,,,,,6545,17632,5036,2404
,,,,,,,,6546,18010,5144,2454
,,,,,,,,6547,18740,5352,2554
,,,,,,,,6548,19176,5476,2616
,,,,,,,,6549,18412,5258,2510
,,,,,,,,6550,17028,4862,2322
,,,,,,,,6551,15464,4418,2108
,,,,,,,,6552,14008,4000,1908
,,,,,,,,6553,12966,3704,1766
,,,,,,,,6554,12400,3542,1690
,,,,,,,,6555,12162,3474,1658
,,,,,,,,6556,12118,3460,1652
,,,,,,,,6557,12524,3576,1706
,,,,,,,,6558,13930,3978,1898
,,,,,,,,6559,16478,4706,2246
,,,,,,,,6560,17934,5122,2444
,,,,,,,,6561,18526,5290,2524
,,,,,,,,6562,18966,5416,2584
,,,,,,,,6563,19364,5530,2640
,,,,,,,,6564,19542,5580,2664
,,,,,,,,6565,19558,5586,2666
,,,,,,,,6566,19568,5590,2668
,,,,,,,,6567,19444,5552,2650
,,,,,,,,6568,19322,5518,2634
,,,,,,,,6569,19382,5534,2642
,,,,,,,,6570,19704,5628,2686
,,,,,,,,6571,20442,5838,2786
,,,,,,,,6572,20838,5950,2840
,,,,,,,,6573,19934,5692,2718
,,,,,,,,6574,18368,5246,2504
,,,,,,,,6575,16424,4690,2240
,,,,,,,,6576,14676,4192,2000
,,,,,,,,6577,13514,3858,1842
,,,,,,,,6578,12894,3682,1756
,,,,,,,,6579,12584,3594,1716
,,,,,,,,6580,12524,3576,1706
,,,,,,,,6581,12884,3680,1756
,,,,,,,,6582,14172,4046,1932
,,,,,,,,6583,16746,4782,2282
,,,,,,,,6584,18174,5190,2478
,,,,,,,,6585,18782,5364,2560
,,,,,,,,6586,19232,5492,2622
,,,,,,,,6587,19688,5622,2684
,,,,,,,,6588,19962,5700,2722
,,,,,,,,6589,19996,5710,2726
,,,,,,,,6590,20058,5730,2736
,,,,,,,,6591,19910,5686,2716
,,,,,,,,6592,19804,5656,2700
,,,,,,,,6593,19930,5692,2716
,,,,,,,,6594,20360,5814,2776
,,,,,,,,6595,21026,6004,2868
,,,,,,,,6596,21048,6010,2870
,,,,,,,,6597,20110,5742,2742
,,,,,,,,6598,18628,5320,2540
,,,,,,,,6599,16702,4770,2276
,,,,,,,,6600,14994,4282,2044
,,,,,,,,6601,13828,3948,1886
,,,,,,,,6602,13210,3774,1800
,,,,,,,,6603,12926,3692,1762
,,,,,,,,6604,12874,3676,1756
,,,,,,,,6605,13220,3776,1802
,,,,,,,,6606,14544,4154,1982
,,,,,,,,6607,17160,4900,2340
,,,,,,,,6608,18826,5376,2566
,,,,,,,,6609,19418,5546,2646
,,,,,,,,6610,19888,5680,2712
,,,,,,,,6611,20304,5800,2768
,,,,,,,,6612,20496,5854,2794
,,,,,,,,6613,20452,5840,2788
,,,,,,,,6614,20488,5850,2794
,,,,,,,,6615,20356,5814,2776
,,,,,,,,6616,20272,5790,2764
,,,,,,,,6617,20404,5828,2782
,,,,,,,,6618,20818,5946,2838
,,,,,,,,6619,21478,6134,2928
,,,,,,,,6620,21448,6126,2924
,,,,,,,,6621,20642,5896,2814
,,,,,,,,6622,19078,5450,2602
,,,,,,,,6623,17266,4930,2352
,,,,,,,,6624,15524,4434,2116
,,,,,,,,6625,14238,4066,1940
,,,,,,,,6626,13540,3866,1846
,,,,,,,,6627,13192,3768,1798
,,,,,,,,6628,13100,3742,1786
,,,,,,,,6629,13414,3832,1828
,,,,,,,,6630,14730,4206,2008
,,,,,,,,6631,17380,4964,2370
,,,,,,,,6632,19068,5446,2600
,,,,,,,,6633,19716,5630,2688
,,,,,,,,6634,20180,5764,2752
,,,,,,,,6635,20568,5874,2804
,,,,,,,,6636,20744,5924,2828
,,,,,,,,6637,20692,5910,2820
,,,,,,,,6638,20654,5900,2816
,,,,,,,,6639,20440,5838,2786
,,,,,,,,6640,20286,5794,2766
,,,,,,,,6641,20402,5828,2782
,,,,,,,,6642,20792,5938,2836
,,,,,,,,6643,21418,6116,2920
,,,,,,,,6644,21340,6094,2908
,,,,,,,,6645,20490,5852,2794
,,,,,,,,6646,19076,5448,2600
,,,,,,,,6647,17228,4918,2348
,,,,,,,,6648,15436,4408,2104
,,,,,,,,6649,14224,4062,1938
,,,,,,,,6650,13526,3864,1844
,,,,,,,,6651,13130,3750,1790
,,,,,,,,6652,13026,3720,1776
,,,,,,,,6653,13330,3806,1818
,,,,,,,,6654,14516,4146,1978
,,,,,,,,6655,16950,4840,2312
,,,,,,,,6656,18448,5270,2514
,,,,,,,,6657,19152,5470,2612
,,,,,,,,6658,19784,5650,2696
,,,,,,,,6659,20360,5816,2776
,,,,,,,,6660,20668,5902,2816
,,,,,,,,6661,20722,5918,2826
,,,,,,,,6662,20810,5942,2836
,,,,,,,,6663,20722,5918,2826
,,,,,,,,6664,20588,5880,2806
,,,,,,,,6665,20428,5834,2786
,,,,,,,,6666,20170,5760,2750
,,,,,,,,6667,20604,5884,2808
,,,,,,,,6668,20774,5932,2832
,,,,,,,,6669,19940,5694,2718
,,,,,,,,6670,18752,5356,2556
,,,,,,,,6671,17202,4912,2344
,,,,,,,,6672,15586,4450,2124
,,,,,,,,6673,14330,4092,1954
,,,,,,,,6674,13520,3862,1844
,,,,,,,,6675,13060,3730,1780
,,,,,,,,6676,12854,3670,1752
,,,,,,,,6677,12860,3674,1754
,,,,,,,,6678,13266,3788,1808
,,,,,,,,6679,14158,4044,1930
,,,,,,,,6680,15182,4336,2070
,,,,,,,,6681,16618,4746,2266
,,,,,,,,6682,17668,5046,2408
,,,,,,,,6683,18250,5212,2488
,,,,,,,,6684,18540,5296,2528
,,,,,,,,6685,18564,5302,2532
,,,,,,,,6686,18424,5262,2512
,,,,,,,,6687,18298,5226,2494
,,,,,,,,6688,18228,5206,2484
,,,,,,,,6689,18386,5250,2506
,,,,,,,,6690,18738,5350,2554
,,,,,,,,6691,19108,5458,2604
,,,,,,,,6692,18914,5400,2578
,,,,,,,,6693,18126,5176,2472
,,,,,,,,6694,17148,4898,2338
,,,,,,,,6695,15800,4512,2154
,,,,,,,,6696,14418,4116,1966
,,,,,,,,6697,13312,3802,1816
,,,,,,,,6698,12622,3606,1720
,,,,,,,,6699,12230,3492,1666
,,,,,,,,6700,12054,3442,1644
,,,,,,,,6701,12056,3444,1644
,,,,,,,,6702,12316,3516,1678
,,,,,,,,6703,12900,3684,1758
,,,,,,,,6704,13712,3916,1868
,,,,,,,,6705,15024,4290,2048
,,,,,,,,6706,15960,4558,2176
,,,,,,,,6707,16470,4704,2244
,,,,,,,,6708,16726,4778,2280
,,,,,,,,6709,16906,4828,2304
,,,,,,,,6710,16896,4826,2302
,,,,,,,,6711,16900,4826,2304
,,,,,,,,6712,16976,4848,2314
,,,,,,,,6713,17288,4938,2356
,,,,,,,,6714,17726,5062,2416
,,,,,,,,6715,18642,5324,2542
,,,,,,,,6716,18592,5310,2534
,,,,,,,,6717,17884,5108,2438
,,,,,,,,6718,16754,4784,2284
,,,,,,,,6719,15402,4398,2100
,,,,,,,,6720,14066,4016,1918
,,,,,,,,6721,13056,3728,1780
,,,,,,,,6722,12460,3558,1698
,,,,,,,,6723,12180,3478,1660
,,,,,,,,6724,12144,3468,1654
,,,,,,,,6725,12450,3556,1696
,,,,,,,,6726,13378,3820,1824
,,,,,,,,6727,14990,4280,2044
,,,,,,,,6728,16384,4678,2234
,,,,,,,,6729,17512,5002,2388
,,,,,,,,6730,18274,5220,2492
,,,,,,,,6731,18716,5346,2552
,,,,,,,,6732,18858,5386,2572
,,,,,,,,6733,18740,5352,2554
,,,,,,,,6734,18648,5326,2542
,,,,,,,,6735,18522,5290,2524
,,,,,,,,6736,18404,5256,2508
,,,,,,,,6737,18646,5326,2542
,,,,,,,,6738,19322,5520,2636
,,,,,,,,6739,20436,5836,2786
,,,,,,,,6740,20512,5858,2796
,,,,,,,,6741,19604,5598,2672
,,,,,,,,6742,18096,5168,2466
,,,,,,,,6743,16236,4638,2212
,,,,,,,,6744,14578,4164,1988
,,,,,,,,6745,13436,3836,1832
,,,,,,,,6746,12824,3662,1748
,,,,,,,,6747,12542,3582,1710
,,,,,,,,6748,12502,3570,1704
,,,,,,,,6749,12882,3678,1756
,,,,,,,,6750,14258,4072,1944
,,,,,,,,6751,16950,4840,2312
,,,,,,,,6752,18542,5296,2528
,,,,,,,,6753,19028,5434,2594
,,,,,,,,6754,19328,5520,2636
,,,,,,,,6755,19564,5588,2666
,,,,,,,,6756,19664,5616,2680
,,,,,,,,6757,19590,5594,2670
,,,,,,,,6758,19568,5590,2668
,,,,,,,,6759,19390,5538,2644
,,,,,,,,6760,19270,5502,2626
,,,,,,,,6761,19442,5552,2650
,,,,,,,,6762,20012,5716,2728
,,,,,,,,6763,21002,5998,2864
,,,,,,,,6764,20964,5988,2858
,,,,,,,,6765,20024,5720,2730
,,,,,,,,6766,18464,5272,2516
,,,,,,,,6767,16502,4712,2250
,,,,,,,,6768,14762,4216,2012
,,,,,,,,6769,13646,3896,1860
,,,,,,,,6770,13034,3722,1776
,,,,,,,,6771,12734,3636,1736
,,,,,,,,6772,12662,3616,1726
,,,,,,,,6773,13012,3716,1774
,,,,,,,,6774,14336,4096,1954
,,,,,,,,6775,17002,4856,2318
,,,,,,,,6776,18672,5332,2544
,,,,,,,,6777,19146,5468,2610
,,,,,,,,6778,19452,5556,2652
,,,,,,,,6779,19738,5638,2690
,,,,,,,,6780,19870,5676,2708
,,,,,,,,6781,19840,5666,2706
,,,,,,,,6782,19842,5668,2706
,,,,,,,,6783,19728,5634,2690
,,,,,,,,6784,19660,5614,2680
,,,,,,,,6785,19874,5676,2710
,,,,,,,,6786,20326,5804,2772
,,,,,,,,6787,21088,6022,2876
,,,,,,,,6788,21026,6004,2868
,,,,,,,,6789,20088,5738,2738
,,,,,,,,6790,18566,5302,2532
,,,,,,,,6791,16622,4748,2266
,,,,,,,,6792,14860,4244,2026
,,,,,,,,6793,13696,3912,1868
,,,,,,,,6794,13076,3734,1782
,,,,,,,,6795,12736,3636,1736
,,,,,,,,6796,12704,3628,1732
,,,,,,,,6797,13080,3736,1784
,,,,,,,,6798,14428,4120,1968
,,,,,,,,6799,17086,4880,2330
,,,,,,,,6800,18494,5282,2522
,,,,,,,,6801,18880,5392,2574
,,,,,,,,6802,19060,5444,2598
,,,,,,,,6803,19158,5470,2612
,,,,,,,,6804,19140,5466,2610
,,,,,,,,6805,19018,5430,2594
,,,,,,,,6806,18972,5420,2586
,,,,,,,,6807,18738,5350,2554
,,,,,,,,6808,18594,5310,2534
,,,,,,,,6809,18664,5330,2544
,,,,,,,,6810,19086,5450,2602
,,,,,,,,6811,20304,5800,2768
,,,,,,,,6812,20646,5896,2816
,,,,,,,,6813,19910,5686,2716
,,,,,,,,6814,18482,5278,2520
,,,,,,,,6815,16744,4782,2282
,,,,,,,,6816,15064,4302,2054
,,,,,,,,6817,13838,3952,1888
,,,,,,,,6818,13202,3770,1800
,,,,,,,,6819,12878,3678,1756
,,,,,,,,6820,12818,3660,1746
,,,,,,,,6821,13150,3756,1792
,,,,,,,,6822,14488,4138,1976
,,,,,,,,6823,17098,4882,2332
,,,,,,,,6824,18558,5300,2530
,,,,,,,,6825,18990,5422,2588
,,,,,,,,6826,19370,5532,2640
,,,,,,,,6827,19688,5622,2684
,,,,,,,,6828,19754,5640,2694
,,,,,,,,6829,19570,5590,2668
,,,,,,,,6830,19406,5542,2644
,,,,,,,,6831,19008,5430,2592
,,,,,,,,6832,18712,5344,2552
,,,,,,,,6833,18740,5352,2554
,,,,,,,,6834,19150,5470,2610
,,,,,,,,6835,20210,5772,2756
,,,,,,,,6836,20330,5806,2772
,,,,,,,,6837,19642,5610,2678
,,,,,,,,6838,18594,5310,2534
,,,,,,,,6839,17082,4878,2330
,,,,,,,,6840,15552,4442,2120
,,,,,,,,6841,14382,4108,1960
,,,,,,,,6842,13758,3930,1876
,,,,,,,,6843,13448,3840,1834
,,,,,,,,6844,13332,3806,1818
,,,,,,,,6845,13496,3854,1840
,,,,,,,,6846,14088,4024,1920
,,,,,,,,6847,15142,4324,2064
,,,,,,,,6848,16282,4650,2220
,,,,,,,,6849,17468,4988,2382
,,,,,,,,6850,18002,5142,2454
,,,,,,,,6851,18078,5164,2464
,,,,,,,,6852,17834,5092,2432
,,,,,,,,6853,17456,4986,2380
,,,,,,,,6854,17046,4868,2324
,,,,,,,,6855,16722,4776,2280
,,,,,,,,6856,16632,4750,2268
,,,,,,,,6857,16908,4828,2304
,,,,,,,,6858,17620,5032,2404
,,,,,,,,6859,18942,5408,2582
,,,,,,,,6860,18976,5420,2586
,,,,,,,,6861,18410,5258,2510
,,,,,,,,6862,17484,4994,2382
,,,,,,,,6863,16230,4636,2212
,,,,,,,,6864,14904,4256,2032
,,,,,,,,6865,13828,3948,1886
,,,,,,,,6866,13096,3740,1786
,,,,,,,,6867,12736,3636,1736
,,,,,,,,6868,12542,3582,1710
,,,,,,,,6869,12544,3582,1710
,,,,,,,,6870,12864,3674,1754
,,,,,,,,6871,13554,3872,1846
,,,,,,,,6872,14508,4144,1978
,,,,,,,,6873,15854,4528,2160
,,,,,,,,6874,16966,4846,2312
,,,,,,,,6875,17598,5026,2400
,,,,,,,,6876,17948,5126,2446
,,,,,,,,6877,18024,5148,2458
,,,,,,,,6878,17808,5086,2428
,,,,,,,,6879,17526,5006,2390
,,,,,,,,6880,17392,4968,2372
,,,,,,,,6881,17618,5032,2402
,,,,,,,,6882,18178,5192,2478
,,,,,,,,6883,19336,5522,2636
,,,,,,,,6884,19418,5546,2646
,,,,,,,,6885,18664,5330,2544
,,,,,,,,6886,17228,4918,2348
,,,,,,,,6887,15644,4468,2132
,,,,,,,,6888,14216,4060,1938
,,,,,,,,6889,13218,3776,1802
,,,,,,,,6890,12720,3632,1734
,,,,,,,,6891,12502,3570,1704
,,,,,,,,6892,12494,3568,1704
,,,,,,,,6893,12894,3682,1756
,,,,,,,,6894,14296,4084,1948
,,,,,,,,6895,16958,4842,2312
,,,,,,,,6896,18504,5284,2524
,,,,,,,,6897,19002,5428,2590
,,,,,,,,6898,19582,5592,2670
,,,,,,,,6899,19978,5706,2724
,,,,,,,,6900,20146,5754,2746
,,,,,,,,6901,20118,5746,2744
,,,,,,,,6902,20142,5752,2746
,,,,,,,,6903,19958,5700,2720
,,,,,,,,6904,19818,5660,2702
,,,,,,,,6905,19942,5696,2718
,,,,,,,,6906,20542,5868,2800
,,,,,,,,6907,21550,6154,2938
,,,,,,,,6908,21246,6068,2898
,,,,,,,,6909,20214,5772,2756
,,,,,,,,6910,18636,5322,2540
,,,,,,,,6911,16702,4770,2276
,,,,,,,,6912,15018,4288,2048
,,,,,,,,6913,13866,3960,1890
,,,,,,,,6914,13202,3770,1800
,,,,,,,,6915,12828,3664,1748
,,,,,,,,6916,12680,3620,1728
,,,,,,,,6917,12926,3692,1762
,,,,,,,,6918,14148,4040,1928
,,,,,,,,6919,16720,4776,2280
,,,,,,,,6920,18310,5228,2496
,,,,,,,,6921,18610,5316,2536
,,,,,,,,6922,18828,5378,2566
,,,,,,,,6923,19094,5452,2604
,,,,,,,,6924,19158,5470,2612
,,,,,,,,6925,19022,5432,2594
,,,,,,,,6926,18966,5416,2584
,,,,,,,,6927,18722,5348,2554
,,,,,,,,6928,18568,5302,2532
,,,,,,,,6929,18742,5352,2554
,,,,,,,,6930,19324,5520,2636
,,,,,,,,6931,20662,5900,2816
,,,,,,,,6932,20692,5910,2820
,,,,,,,,6933,19870,5674,2708
,,,,,,,,6934,18350,5240,2502
,,,,,,,,6935,16654,4756,2272
,,,,,,,,6936,15050,4298,2052
,,,,,,,,6937,13818,3946,1884
,,,,,,,,6938,13232,3778,1804
,,,,,,,,6939,12978,3706,1768
,,,,,,,,6940,12956,3700,1766
,,,,,,,,6941,13374,3820,1824
,,,,,,,,6942,14786,4224,2016
,,,,,,,,6943,17550,5012,2392
,,,,,,,,6944,18994,5424,2590
,,,,,,,,6945,19250,5498,2624
,,,,,,,,6946,19260,5500,2624
,,,,,,,,6947,19312,5516,2634
,,,,,,,,6948,19234,5492,2622
,,,,,,,,6949,19096,5454,2604
,,,,,,,,6950,19050,5440,2596
,,,,,,,,6951,18858,5386,2572
,,,,,,,,6952,18716,5344,2552
,,,,,,,,6953,18792,5368,2562
,,,,,,,,6954,19348,5526,2638
,,,,,,,,6955,20692,5910,2820
,,,,,,,,6956,20678,5906,2818
,,,,,,,,6957,19866,5674,2708
,,,,,,,,6958,18426,5262,2512
,,,,,,,,6959,16454,4698,2242
,,,,,,,,6960,14824,4234,2020
,,,,,,,,6961,13718,3916,1870
,,,,,,,,6962,13136,3752,1790
,,,,,,,,6963,12886,3680,1756
,,,,,,,,6964,12824,3662,1748
,,,,,,,,6965,13226,3776,1804
,,,,,,,,6966,14612,4174,1992
,,,,,,,,6967,17380,4964,2370
,,,,,,,,6968,18874,5390,2574
,,,,,,,,6969,19128,5462,2608
,,,,,,,,6970,19232,5492,2622
,,,,,,,,6971,19364,5530,2640
,,,,,,,,6972,18468,5274,2518
,,,,,,,,6973,18828,5378,2566
,,,,,,,,6974,18814,5372,2564
,,,,,,,,6975,19304,5512,2632
,,,,,,,,6976,18128,5178,2472
,,,,,,,,6977,18942,5408,2582
,,,,,,,,6978,19388,5538,2644
,,,,,,,,6979,20620,5890,2810
,,,,,,,,6980,20610,5886,2810
,,,,,,,,6981,19774,5648,2696
,,,,,,,,6982,18364,5244,2504
,,,,,,,,6983,16514,4716,2252
,,,,,,,,6984,14812,4230,2020
,,,,,,,,6985,13652,3898,1860
,,,,,,,,6986,13022,3718,1776
,,,,,,,,6987,12724,3634,1734
,,,,,,,,6988,12656,3614,1726
,,,,,,,,6989,12996,3712,1772
,,,,,,,,6990,14274,4076,1946
,,,,,,,,6991,16870,4818,2300
,,,,,,,,6992,18618,5318,2538
,,,,,,,,6993,19232,5492,2622
,,,,,,,,6994,19668,5618,2682
,,,,,,,,6995,20028,5720,2730
,,,,,,,,6996,20124,5748,2744
,,,,,,,,6997,20016,5716,2728
,,,,,,,,6998,19994,5710,2726
,,,,,,,,6999,19824,5662,2704
,,,,,,,,7000,19712,5630,2686
,,,,,,,,7001,19866,5674,2708
,,,,,,,,7002,20360,5814,2776
,,,,,,,,7003,20834,5950,2840
,,,,,,,,7004,20326,5804,2772
,,,,,,,,7005,19516,5574,2660
,,,,,,,,7006,18370,5246,2504
,,,,,,,,7007,16836,4808,2294
,,,,,,,,7008,15226,4348,2076
,,,,,,,,7009,14018,4004,1910
,,,,,,,,7010,13324,3806,1818
,,,,,,,,7011,12918,3688,1760
,,,,,,,,7012,12740,3638,1736
,,,,,,,,7013,12792,3654,1744
,,,,,,,,7014,13218,3776,1802
,,,,,,,,7015,14204,4056,1936
,,,,,,,,7016,15366,4388,2094
,,,,,,,,7017,16694,4768,2276
,,,,,,,,7018,17722,5060,2416
,,,,,,,,7019,18232,5208,2486
,,,,,,,,7020,18368,5246,2504
,,,,,,,,7021,18226,5204,2484
,,,,,,,,7022,17926,5118,2444
,,,,,,,,7023,17566,5018,2394
,,,,,,,,7024,17342,4952,2364
,,,,,,,,7025,17392,4968,2372
,,,,,,,,7026,17764,5074,2422
,,,,,,,,7027,18840,5380,2568
,,,,,,,,7028,18598,5310,2534
,,,,,,,,7029,17922,5118,2444
,,,,,,,,7030,16948,4840,2312
,,,,,,,,7031,15670,4476,2136
,,,,,,,,7032,14336,4094,1954
,,,,,,,,7033,13238,3780,1806
,,,,,,,,7034,12528,3576,1706
,,,,,,,,7035,12148,3470,1654
,,,,,,,,7036,11944,3412,1628
,,,,,,,,7037,11958,3416,1630
,,,,,,,,7038,12248,3498,1670
,,,,,,,,7039,12934,3694,1764
,,,,,,,,7040,13730,3920,1872
,,,,,,,,7041,14980,4278,2042
,,,,,,,,7042,15958,4558,2176
,,,,,,,,7043,16432,4692,2240
,,,,,,,,7044,16684,4764,2274
,,,,,,,,7045,16774,4790,2286
,,,,,,,,7046,16666,4758,2272
,,,,,,,,7047,16582,4736,2260
,,,,,,,,7048,16628,4748,2266
,,,,,,,,7049,17036,4866,2322
,,,,,,,,7050,17830,5092,2432
,,,,,,,,7051,19210,5486,2618
,,,,,,,,7052,18876,5390,2574
,,,,,,,,7053,18218,5202,2484
,,,,,,,,7054,16858,4814,2298
,,,,,,,,7055,15262,4358,2080
,,,,,,,,7056,13826,3948,1886
,,,,,,,,7057,12826,3662,1748
,,,,,,,,7058,12320,3518,1678
,,,,,,,,7059,12114,3460,1652
,,,,,,,,7060,12126,3464,1654
,,,,,,,,7061,12528,3578,1706
,,,,,,,,7062,13938,3980,1900
,,,,,,,,7063,16672,4760,2272
,,,,,,,,7064,18160,5188,2476
,,,,,,,,7065,18532,5292,2526
,,,,,,,,7066,18884,5392,2576
,,,,,,,,7067,19192,5480,2616
,,,,,,,,7068,19304,5512,2632
,,,,,,,,7069,19216,5488,2620
,,,,,,,,7070,19192,5480,2616
,,,,,,,,7071,18998,5426,2590
,,,,,,,,7072,18850,5384,2570
,,,,,,,,7073,18972,5420,2586
,,,,,,,,7074,19572,5590,2668
,,,,,,,,7075,20900,5970,2848
,,,,,,,,7076,20674,5904,2818
,,,,,,,,7077,19646,5610,2678
,,,,,,,,7078,18122,5176,2470
,,,,,,,,7079,16310,4658,2222
,,,,,,,,7080,14648,4184,1998
,,,,,,,,7081,13430,3836,1830
,,,,,,,,7082,12794,3654,1744
,,,,,,,,7083,12478,3564,1700
,,,,,,,,7084,12444,3554,1696
,,,,,,,,7085,12768,3646,1740
,,,,,,,,7086,14192,4054,1934
,,,,,,,,7087,16928,4834,2308
,,,,,,,,7088,18376,5250,2504
,,,,,,,,7089,18666,5330,2544
,,,,,,,,7090,18856,5386,2570
,,,,,,,,7091,19070,5446,2600
,,,,,,,,7092,19162,5472,2612
,,,,,,,,7093,19102,5456,2604
,,,,,,,,7094,19128,5462,2608
,,,,,,,,7095,18946,5410,2584
,,,,,,,,7096,18822,5376,2566
,,,,,,,,7097,19000,5428,2590
,,,,,,,,7098,19760,5644,2694
,,,,,,,,7099,21012,6000,2864
,,,,,,,,7100,20660,5900,2816
,,,,,,,,7101,19692,5624,2686
,,,,,,,,7102,18218,5202,2484
,,,,,,,,7103,16296,4654,2220
,,,,,,,,7104,14620,4176,1992
,,,,,,,,7105,13532,3866,1846
,,,,,,,,7106,12942,3696,1764
,,,,,,,,7107,12636,3608,1722
,,,,,,,,7108,12562,3586,1712
,,,,,,,,7109,12920,3690,1760
,,,,,,,,7110,14268,4076,1946
,,,,,,,,7111,17048,4868,2324
,,,,,,,,7112,18620,5318,2538
,,,,,,,,7113,18936,5408,2582
,,,,,,,,7114,19152,5470,2612
,,,,,,,,7115,19306,5514,2632
,,,,,,,,7116,19322,5518,2634
,,,,,,,,7117,19254,5498,2624
,,,,,,,,7118,19214,5488,2620
,,,,,,,,7119,19006,5428,2592
,,,,,,,,7120,18862,5388,2572
,,,,,,,,7121,19076,5448,2600
,,,,,,,,7122,19886,5680,2712
,,,,,,,,7123,20984,5992,2860
,,,,,,,,7124,20662,5900,2816
,,,,,,,,7125,19758,5642,2694
,,,,,,,,7126,18346,5240,2502
,,,,,,,,7127,16390,4680,2234
,,,,,,,,7128,14736,4208,2008
,,,,,,,,7129,13612,3886,1856
,,,,,,,,7130,13022,3718,1776
,,,,,,,,7131,12740,3638,1736
,,,,,,,,7132,12704,3628,1732
,,,,,,,,7133,13056,3728,1780
,,,,,,,,7134,14450,4126,1970
,,,,,,,,7135,17200,4912,2344
,,,,,,,,7136,18656,5330,2544
,,,,,,,,7137,18862,5388,2572
,,,,,,,,7138,19060,5442,2598
,,,,,,,,7139,19236,5492,2622
,,,,,,,,7140,19254,5498,2624
,,,,,,,,7141,19128,5462,2608
,,,,,,,,7142,19080,5450,2602
,,,,,,,,7143,18860,5386,2572
,,,,,,,,7144,18700,5340,2550
,,,,,,,,7145,18822,5376,2566
,,,,,,,,7146,19504,5570,2658
,,,,,,,,7147,20770,5930,2832
,,,,,,,,7148,20552,5870,2802
,,,,,,,,7149,19734,5636,2690
,,,,,,,,7150,18358,5242,2504
,,,,,,,,7151,16496,4710,2250
,,,,,,,,7152,14802,4228,2018
,,,,,,,,7153,13670,3904,1864
,,,,,,,,7154,13026,3720,1776
,,,,,,,,7155,12722,3634,1734
,,,,,,,,7156,12676,3620,1728
,,,,,,,,7157,13006,3714,1772
,,,,,,,,7158,14336,4094,1954
,,,,,,,,7159,16962,4844,2312
,,,,,,,,7160,18482,5278,2520
,,,,,,,,7161,18828,5378,2566
,,,,,,,,7162,19132,5464,2608
,,,,,,,,7163,19352,5526,2638
,,,,,,,,7164,19370,5530,2640
,,,,,,,,7165,19214,5488,2620
,,,,,,,,7166,19106,5456,2604
,,,,,,,,7167,18886,5394,2576
,,,,,,,,7168,18688,5338,2548
,,,,,,,,7169,18668,5330,2544
,,,,,,,,7170,19130,5464,2608
,,,,,,,,7171,20058,5730,2736
,,,,,,,,7172,19622,5604,2676
,,,,,,,,7173,18848,5382,2570
,,,,,,,,7174,17728,5064,2416
,,,,,,,,7175,16222,4632,2212
,,,,,,,,7176,14672,4190,2000
,,,,,,,,7177,13518,3860,1842
,,,,,,,,7178,12834,3666,1750
,,,,,,,,7179,12458,3558,1698
,,,,,,,,7180,12278,3506,1674
,,,,,,,,7181,12354,3528,1684
,,,,,,,,7182,12864,3674,1754
,,,,,,,,7183,13924,3978,1898
,,,,,,,,7184,15062,4300,2052
,,,,,,,,7185,16326,4662,2226
,,,,,,,,7186,17188,4908,2342
,,,,,,,,7187,17574,5018,2396
,,,,,,,,7188,17580,5020,2396
,,,,,,,,7189,17458,4986,2380
,,,,,,,,7190,17216,4918,2346
,,,,,,,,7191,16950,4840,2312
,,,,,,,,7192,16826,4806,2294
,,,,,,,,7193,17004,4856,2318
,,,,,,,,7194,17834,5094,2432
,,,,,,,,7195,18958,5414,2584
,,,,,,,,7196,18542,5296,2528
,,,,,,,,7197,17852,5098,2432
,,,,,,,,7198,16890,4824,2302
,,,,,,,,7199,15676,4478,2138
,,,,,,,,7200,14370,4104,1958
,,,,,,,,7201,13328,3806,1818
,,,,,,,,7202,12642,3610,1724
,,,,,,,,7203,12228,3492,1666
,,,,,,,,7204,12030,3436,1640
,,,,,,,,7205,12026,3436,1638
,,,,,,,,7206,12334,3522,1682
,,,,,,,,7207,13062,3730,1780
,,,,,,,,7208,14070,4018,1918
,,,,,,,,7209,15392,4398,2100
,,,,,,,,7210,16572,4732,2260
,,,,,,,,7211,17252,4928,2352
,,,,,,,,7212,17662,5044,2408
,,,,,,,,7213,17910,5116,2442
,,,,,,,,7214,17874,5106,2436
,,,,,,,,7215,17812,5088,2428
,,,,,,,,7216,17844,5096,2432
,,,,,,,,7217,18328,5234,2498
,,,,,,,,7218,19380,5534,2642
,,,,,,,,7219,20258,5786,2762
,,,,,,,,7220,19806,5656,2700
,,,,,,,,7221,18870,5388,2574
,,,,,,,,7222,17586,5022,2398
,,,,,,,,7223,16112,4602,2196
,,,,,,,,7224,14686,4194,2002
,,,,,,,,7225,13500,3856,1840
,,,,,,,,7226,12820,3662,1746
,,,,,,,,7227,12464,3560,1698
,,,,,,,,7228,12380,3536,1686
,,,,,,,,7229,12678,3620,1728
,,,,,,,,7230,13810,3944,1882
,,,,,,,,7231,15744,4498,2146
,,,,,,,,7232,17310,4944,2360
,,,,,,,,7233,18430,5264,2514
,,,,,,,,7234,19382,5534,2642
,,,,,,,,7235,19916,5688,2716
,,,,,,,,7236,20054,5728,2734
,,,,,,,,7237,19800,5656,2700
,,,,,,,,7238,19388,5536,2644
,,,,,,,,7239,18540,5294,2528
,,,,,,,,7240,17658,5042,2408
,,,,,,,,7241,17214,4916,2346
,,,,,,,,7242,17258,4928,2352
,,,,,,,,7243,16768,4788,2286
,,,,,,,,7244,15578,4448,2124
,,,,,,,,7245,14548,4156,1984
,,,,,,,,7246,13572,3876,1850
,,,,,,,,7247,12486,3566,1702
,,,,,,,,7248,11490,3282,1566
,,,,,,,,7249,10792,3082,1472
,,,,,,,,7250,10414,2974,1420
,,,,,,,,7251,10210,2914,1392
,,,,,,,,7252,10196,2912,1390
,,,,,,,,7253,10492,2996,1430
,,,,,,,,7254,11384,3252,1552
,,,,,,,,7255,13058,3728,1780
,,,,,,,,7256,14488,4136,1976
,,,,,,,,7257,15384,4394,2098
,,,,,,,,7258,16092,4596,2194
,,,,,,,,7259,16668,4758,2272
,,,,,,,,7260,16958,4842,2312
,,,,,,,,7261,17116,4888,2332
,,,,,,,,7262,17166,4902,2340
,,,,,,,,7263,17030,4864,2322
,,,,,,,,7264,17044,4868,2322
,,,,,,,,7265,17414,4972,2374
,,,,,,,,7266,18372,5248,2504
,,,,,,,,7267,18972,5418,2586
,,,,,,,,7268,18470,5274,2518
,,,,,,,,7269,17668,5046,2410
,,,,,,,,7270,16310,4658,2222
,,,,,,,,7271,14812,4230,2020
,,,,,,,,7272,13454,3842,1834
,,,,,,,,7273,12548,3584,1710
,,,,,,,,7274,12034,3436,1640
,,,,,,,,7275,11752,3356,1602
,,,,,,,,7276,11698,3340,1594
,,,,,,,,7277,12004,3428,1636
,,,,,,,,7278,13184,3766,1798
,,,,,,,,7279,15528,4436,2118
,,,,,,,,7280,17064,4872,2326
,,,,,,,,7281,17442,4980,2378
,,,,,,,,7282,17800,5084,2426
,,,,,,,,7283,18100,5168,2468
,,,,,,,,7284,18210,5200,2484
,,,,,,,,7285,18152,5184,2474
,,,,,,,,7286,18116,5174,2470
,,,,,,,,7287,17966,5130,2450
,,,,,,,,7288,17898,5110,2440
,,,,,,,,7289,18110,5172,2470
,,,,,,,,7290,18618,5318,2538
,,,,,,,,7291,18976,5420,2586
,,,,,,,,7292,18584,5308,2534
,,,,,,,,7293,18126,5178,2472
,,,,,,,,7294,17086,4878,2330
,,,,,,,,7295,15510,4428,2114
,,,,,,,,7296,14036,4008,1914
,,,,,,,,7297,13072,3734,1782
,,,,,,,,7298,12562,3586,1712
,,,,,,,,7299,12282,3506,1674
,,,,,,,,7300,12220,3490,1666
,,,,,,,,7301,12576,3590,1714
,,,,,,,,7302,13842,3954,1888
,,,,,,,,7303,16318,4660,2224
,,,,,,,,7304,17834,5094,2432
,,,,,,,,7305,18096,5168,2466
,,,,,,,,7306,18320,5232,2498
,,,,,,,,7307,18484,5278,2520
,,,,,,,,7308,18476,5276,2518
,,,,,,,,7309,18364,5244,2504
,,,,,,,,7310,18304,5228,2494
,,,,,,,,7311,18132,5178,2472
,,,,,,,,7312,18074,5162,2464
,,,,,,,,7313,18396,5254,2508
,,,,,,,,7314,19436,5550,2650
,,,,,,,,7315,20330,5806,2772
,,,,,,,,7316,19992,5710,2726
,,,,,,,,7317,19190,5480,2616
,,,,,,,,7318,17882,5106,2438
,,,,,,,,7319,16142,4608,2200
,,,,,,,,7320,14586,4166,1988
,,,,,,,,7321,13502,3856,1840
,,,,,,,,7322,12904,3686,1758
,,,,,,,,7323,12576,3592,1714
,,,,,,,,7324,12510,3572,1706
,,,,,,,,7325,12846,3668,1750
,,,,,,,,7326,14124,4034,1926
,,,,,,,,7327,16624,4748,2266
,,,,,,,,7328,18248,5210,2488
,,,,,,,,7329,18558,5298,2530
,,,,,,,,7330,18766,5360,2558
,,,,,,,,7331,18918,5402,2578
,,,,,,,,7332,18770,5360,2558
,,,,,,,,7333,18610,5314,2536
,,,,,,,,7334,18582,5308,2534
,,,,,,,,7335,18400,5254,2508
,,,,,,,,7336,18294,5224,2494
,,,,,,,,7337,18594,5310,2534
,,,,,,,,7338,19448,5554,2652
,,,,,,,,7339,20126,5748,2744
,,,,,,,,7340,19646,5610,2678
,,,,,,,,7341,18912,5400,2578
,,,,,,,,7342,17868,5102,2436
,,,,,,,,7343,16450,4698,2242
,,,,,,,,7344,14982,4278,2042
,,,,,,,,7345,13866,3960,1890
,,,,,,,,7346,13178,3764,1798
,,,,,,,,7347,12848,3668,1752
,,,,,,,,7348,12692,3626,1730
,,,,,,,,7349,12796,3654,1744
,,,,,,,,7350,13294,3796,1812
,,,,,,,,7351,14336,4094,1954
,,,,,,,,7352,15460,4416,2108
,,,,,,,,7353,16560,4728,2258
,,,,,,,,7354,17332,4948,2362
,,,,,,,,7355,17584,5022,2398
,,,,,,,,7356,17496,4996,2384
,,,,,,,,7357,17268,4932,2354
,,,,,,,,7358,16962,4844,2312
,,,,,,,,7359,16724,4776,2280
,,,,,,,,7360,16632,4748,2268
,,,,,,,,7361,17034,4864,2322
,,,,,,,,7362,18138,5180,2472
,,,,,,,,7363,19136,5464,2608
,,,,,,,,7364,18730,5350,2554
,,,,,,,,7365,18156,5186,2474
,,,,,,,,7366,17312,4944,2360
,,,,,,,,7367,16178,4620,2206
,,,,,,,,7368,14988,4280,2042
,,,,,,,,7369,13898,3968,1894
,,,,,,,,7370,13014,3716,1774
,,,,,,,,7371,12628,3606,1722
,,,,,,,,7372,12608,3600,1718
,,,,,,,,7373,12828,3664,1748
,,,,,,,,7374,13374,3820,1824
,,,,,,,,7375,14150,4040,1928
,,,,,,,,7376,15280,4364,2082
,,,,,,,,7377,16404,4684,2236
,,,,,,,,7378,16954,4840,2312
,,,,,,,,7379,17020,4860,2320
,,,,,,,,7380,16962,4844,2312
,,,,,,,,7381,16856,4814,2298
,,,,,,,,7382,16732,4778,2280
,,,,,,,,7383,16684,4766,2274
,,,,,,,,7384,16984,4850,2314
,,,,,,,,7385,18570,5302,2532
,,,,,,,,7386,19994,5710,2726
,,,,,,,,7387,20040,5722,2732
,,,,,,,,7388,19426,5548,2648
,,,,,,,,7389,18774,5360,2560
,,,,,,,,7390,17110,4886,2332
,,,,,,,,7391,15510,4430,2114
,,,,,,,,7392,14164,4046,1930
,,,,,,,,7393,13564,3874,1848
,,,,,,,,7394,13162,3758,1794
,,,,,,,,7395,13010,3716,1774
,,,,,,,,7396,13100,3740,1786
,,,,,,,,7397,13654,3900,1862
,,,,,,,,7398,15288,4366,2084
,,,,,,,,7399,17984,5136,2452
,,,,,,,,7400,19432,5550,2648
,,,,,,,,7401,19782,5650,2696
,,,,,,,,7402,19946,5698,2720
,,,,,,,,7403,19990,5710,2726
,,,,,,,,7404,19918,5690,2716
,,,,,,,,7405,19750,5640,2692
,,,,,,,,7406,19610,5600,2674
,,,,,,,,7407,19278,5506,2628
,,,,,,,,7408,19434,5550,2650
,,,,,,,,7409,20860,5958,2844
,,,,,,,,7410,22586,6450,3080
,,,,,,,,7411,22476,6420,3064
,,,,,,,,7412,21860,6242,2980
,,,,,,,,7413,20918,5974,2852
,,,,,,,,7414,19452,5556,2652
,,,,,,,,7415,17678,5050,2410
,,,,,,,,7416,16076,4590,2190
,,,,,,,,7417,15098,4312,2058
,,,,,,,,7418,14620,4176,1992
,,,,,,,,7419,14456,4128,1970
,,,,,,,,7420,14524,4146,1978
,,,,,,,,7421,15038,4296,2050
,,,,,,,,7422,16644,4752,2270
,,,,,,,,7423,18928,5406,2580
,,,,,,,,7424,20060,5730,2736
,,,,,,,,7425,20264,5788,2764
,,,,,,,,7426,20238,5780,2758
,,,,,,,,7427,20174,5760,2750
,,,,,,,,7428,20048,5726,2734
,,,,,,,,7429,19814,5660,2702
,,,,,,,,7430,19654,5612,2680
,,,,,,,,7431,19484,5564,2656
,,,,,,,,7432,19544,5580,2664
,,,,,,,,7433,20748,5924,2828
,,,,,,,,7434,22630,6462,3086
,,,,,,,,7435,22652,6470,3090
,,,,,,,,7436,22208,6342,3028
,,,,,,,,7437,21314,6088,2906
,,,,,,,,7438,19920,5690,2716
,,,,,,,,7439,18176,5190,2478
,,,,,,,,7440,16674,4762,2272
,,,,,,,,7441,15892,4538,2166
,,,,,,,,7442,15248,4354,2080
,,,,,,,,7443,14824,4234,2020
,,,,,,,,7444,14712,4202,2006
,,,,,,,,7445,15284,4366,2084
,,,,,,,,7446,16694,4768,2276
,,,,,,,,7447,19252,5498,2624
,,,,,,,,7448,20458,5842,2788
,,,,,,,,7449,20926,5976,2854
,,,,,,,,7450,21198,6054,2890
,,,,,,,,7451,21400,6112,2918
,,,,,,,,7452,21566,6160,2940
,,,,,,,,7453,21564,6158,2940
,,,,,,,,7454,21652,6182,2952
,,,,,,,,7455,21728,6204,2962
,,,,,,,,7456,22170,6332,3022
,,,,,,,,7457,23218,6632,3166
,,,,,,,,7458,24276,6932,3310
,,,,,,,,7459,24200,6912,3300
,,,,,,,,7460,23262,6642,3170
,,,,,,,,7461,22396,6396,3054
,,,,,,,,7462,20618,5888,2810
,,,,,,,,7463,18602,5312,2536
,,,,,,,,7464,16950,4840,2312
,,,,,,,,7465,15782,4508,2150
,,,,,,,,7466,15230,4350,2076
,,,,,,,,7467,14948,4268,2038
,,,,,,,,7468,14952,4268,2038
,,,,,,,,7469,15392,4396,2100
,,,,,,,,7470,16834,4808,2294
,,,,,,,,7471,19152,5470,2612
,,,,,,,,7472,20558,5870,2804
,,,,,,,,7473,21172,6046,2888
,,,,,,,,7474,21360,6100,2912
,,,,,,,,7475,21548,6152,2938
,,,,,,,,7476,21584,6164,2942
,,,,,,,,7477,21396,6112,2918
,,,,,,,,7478,21336,6092,2908
,,,,,,,,7479,21150,6040,2884
,,,,,,,,7480,21288,6080,2902
,,,,,,,,7481,22420,6402,3058
,,,,,,,,7482,23386,6680,3190
,,,,,,,,7483,23076,6590,3146
,,,,,,,,7484,22466,6416,3062
,,,,,,,,7485,21512,6144,2932
,,,,,,,,7486,19918,5688,2716
,,,,,,,,7487,18022,5148,2456
,,,,,,,,7488,16302,4656,2222
,,,,,,,,7489,15272,4362,2082
,,,,,,,,7490,14696,4198,2004
,,,,,,,,7491,14388,4108,1960
,,,,,,,,7492,14366,4104,1958
,,,,,,,,7493,14824,4234,2020
,,,,,,,,7494,16282,4650,2220
,,,,,,,,7495,18660,5330,2544
,,,,,,,,7496,19826,5662,2704
,,,,,,,,7497,20032,5720,2732
,,,,,,,,7498,20010,5714,2728
,,,,,,,,7499,19976,5704,2724
,,,,,,,,7500,19796,5654,2698
,,,,,,,,7501,19446,5554,2652
,,,,,,,,7502,19264,5500,2626
,,,,,,,,7503,19048,5440,2596
,,,,,,,,7504,19042,5438,2596
,,,,,,,,7505,20108,5742,2742
,,,,,,,,7506,21508,6142,2932
,,,,,,,,7507,21224,6060,2894
,,,,,,,,7508,20548,5870,2802
,,,,,,,,7509,19770,5646,2696
,,,,,,,,7510,18650,5326,2544
,,,,,,,,7511,17200,4912,2344
,,,,,,,,7512,15746,4498,2146
,,,,,,,,7513,14622,4176,1994
,,,,,,,,7514,14030,4006,1912
,,,,,,,,7515,13688,3908,1866
,,,,,,,,7516,13566,3876,1848
,,,,,,,,7517,13744,3926,1874
,,,,,,,,7518,14336,4094,1954
,,,,,,,,7519,15264,4358,2080
,,,,,,,,7520,16362,4672,2232
,,,,,,,,7521,17452,4984,2380
,,,,,,,,7522,17956,5128,2448
,,,,,,,,7523,17992,5138,2452
,,,,,,,,7524,17778,5078,2424
,,,,,,,,7525,17456,4984,2380
,,,,,,,,7526,17118,4888,2332
,,,,,,,,7527,16918,4832,2306
,,,,,,,,7528,17056,4870,2324
,,,,,,,,7529,18398,5254,2508
,,,,,,,,7530,19874,5676,2710
,,,,,,,,7531,19610,5600,2674
,,,,,,,,7532,19036,5436,2596
,,,,,,,,7533,18386,5250,2506
,,,,,,,,7534,17476,4990,2382
,,,,,,,,7535,16298,4654,2220
,,,,,,,,7536,15040,4296,2050
,,,,,,,,7537,14086,4022,1920
,,,,,,,,7538,13458,3844,1834
,,,,,,,,7539,13108,3744,1786
,,,,,,,,7540,12954,3698,1766
,,,,,,,,7541,13034,3722,1776
,,,,,,,,7542,13386,3824,1826
,,,,,,,,7543,14018,4004,1910
,,,,,,,,7544,14952,4268,2038
,,,,,,,,7545,16158,4614,2202
,,,,,,,,7546,16858,4814,2298
,,,,,,,,7547,17118,4888,2332
,,,,,,,,7548,17186,4908,2342
,,,,,,,,7549,17152,4898,2338
,,,,,,,,7550,16924,4834,2308
,,,,,,,,7551,16728,4778,2280
,,,,,,,,7552,16796,4798,2290
,,,,,,,,7553,18182,5192,2478
,,,,,,,,7554,19792,5652,2698
,,,,,,,,7555,19542,5580,2664
,,,,,,,,7556,18890,5394,2576
,,,,,,,,7557,18074,5162,2464
,,,,,,,,7558,16906,4828,2304
,,,,,,,,7559,15534,4438,2118
,,,,,,,,7560,14260,4072,1944
,,,,,,,,7561,13366,3816,1822
,,,,,,,,7562,12860,3672,1754
,,,,,,,,7563,12620,3604,1720
,,,,,,,,7564,12630,3606,1722
,,,,,,,,7565,13022,3718,1776
,,,,,,,,7566,14220,4060,1938
,,,,,,,,7567,16018,4576,2184
,,,,,,,,7568,17438,4980,2378
,,,,,,,,7569,18368,5246,2504
,,,,,,,,7570,18894,5396,2576
,,,,,,,,7571,19206,5484,2618
,,,,,,,,7572,19276,5506,2628
,,,,,,,,7573,19188,5480,2616
,,,,,,,,7574,19100,5454,2604
,,,,,,,,7575,18956,5414,2584
,,,,,,,,7576,18974,5420,2586
,,,,,,,,7577,20326,5806,2772
,,,,,,,,7578,21756,6212,2966
,,,,,,,,7579,21404,6112,2918
,,,,,,,,7580,20644,5896,2814
,,,,,,,,7581,19610,5600,2674
,,,,,,,,7582,18072,5160,2464
,,,,,,,,7583,16252,4642,2216
,,,,,,,,7584,14720,4204,2008
,,,,,,,,7585,13650,3898,1860
,,,,,,,,7586,13050,3726,1778
,,,,,,,,7587,12732,3636,1736
,,,,,,,,7588,12706,3628,1732
,,,,,,,,7589,13088,3736,1784
,,,,,,,,7590,14502,4142,1978
,,,,,,,,7591,17032,4864,2322
,,,,,,,,7592,18536,5294,2526
,,,,,,,,7593,18954,5412,2584
,,,,,,,,7594,19260,5500,2624
,,,,,,,,7595,19560,5586,2666
,,,,,,,,7596,19664,5616,2680
,,,,,,,,7597,19630,5606,2676
,,,,,,,,7598,19642,5610,2678
,,,,,,,,7599,19546,5582,2664
,,,,,,,,7600,19742,5638,2692
,,,,,,,,7601,20898,5970,2848
,,,,,,,,7602,22158,6330,3020
,,,,,,,,7603,21962,6272,2994
,,,,,,,,7604,21358,6100,2912
,,,,,,,,7605,20458,5842,2788
,,,,,,,,7606,19058,5442,2598
,,,,,,,,7607,17218,4918,2348
,,,,,,,,7608,15618,4460,2130
,,,,,,,,7609,14598,4168,1990
,,,,,,,,7610,14048,4012,1916
,,,,,,,,7611,13820,3946,1884
,,,,,,,,7612,13846,3954,1888
,,,,,,,,7613,14344,4096,1956
,,,,,,,,7614,15912,4544,2170
,,,,,,,,7615,18562,5300,2530
,,,,,,,,7616,19830,5664,2704
,,,,,,,,7617,19978,5706,2724
,,,,,,,,7618,19910,5686,2716
,,,,,,,,7619,19864,5672,2708
,,,,,,,,7620,19700,5626,2686
,,,,,,,,7621,19474,5560,2656
,,,,,,,,7622,19320,5518,2634
,,,,,,,,7623,19216,5488,2620
,,,,,,,,7624,19422,5548,2648
,,,,,,,,7625,20814,5944,2836
,,,,,,,,7626,22508,6428,3070
,,,,,,,,7627,22432,6406,3060
,,,,,,,,7628,21918,6260,2988
,,,,,,,,7629,21120,6032,2878
,,,,,,,,7630,19730,5634,2690
,,,,,,,,7631,17932,5120,2444
,,,,,,,,7632,16290,4652,2220
,,,,,,,,7633,15208,4344,2072
,,,,,,,,7634,14668,4188,1998
,,,,,,,,7635,14418,4116,1966
,,,,,,,,7636,14480,4136,1974
,,,,,,,,7637,14954,4270,2040
,,,,,,,,7638,16434,4694,2240
,,,,,,,,7639,19056,5442,2598
,,,,,,,,7640,20374,5820,2776
,,,,,,,,7641,20582,5878,2806
,,,,,,,,7642,20596,5882,2808
,,,,,,,,7643,20544,5868,2800
,,,,,,,,7644,20346,5810,2774
,,,,,,,,7645,20070,5732,2736
,,,,,,,,7646,19972,5704,2724
,,,,,,,,7647,19810,5658,2700
,,,,,,,,7648,20048,5726,2734
,,,,,,,,7649,21516,6144,2934
,,,,,,,,7650,22820,6518,3110
,,,,,,,,7651,22690,6480,3094
,,,,,,,,7652,22158,6328,3020
,,,,,,,,7653,21308,6084,2906
,,,,,,,,7654,19880,5678,2710
,,,,,,,,7655,18064,5160,2464
,,,,,,,,7656,16394,4682,2234
,,,,,,,,7657,15338,4380,2090
,,,,,,,,7658,14778,4220,2014
,,,,,,,,7659,14486,4136,1974
,,,,,,,,7660,14508,4144,1978
,,,,,,,,7661,14944,4268,2038
,,,,,,,,7662,16398,4682,2236
,,,,,,,,7663,18900,5398,2576
,,,,,,,,7664,20194,5768,2754
,,,,,,,,7665,20440,5838,2786
,,,,,,,,7666,20378,5820,2778
,,,,,,,,7667,20296,5796,2766
,,,,,,,,7668,20044,5724,2734
,,,,,,,,7669,19782,5650,2696
,,,,,,,,7670,19680,5620,2684
,,,,,,,,7671,19520,5574,2662
,,,,,,,,7672,19600,5598,2672
,,,,,,,,7673,20884,5964,2848
,,,,,,,,7674,22026,6292,3002
,,,,,,,,7675,21728,6204,2962
,,,,,,,,7676,21100,6026,2878
,,,,,,,,7677,20396,5824,2780
,,,,,,,,7678,19322,5520,2636
,,,,,,,,7679,17934,5122,2444
,,,,,,,,7680,16452,4698,2242
,,,,,,,,7681,15308,4372,2088
,,,,,,,,7682,14674,4190,2000
,,,,,,,,7683,14380,4108,1960
,,,,,,,,7684,14304,4086,1950
,,,,,,,,7685,14464,4130,1972
,,,,,,,,7686,15090,4308,2058
,,,,,,,,7687,16094,4598,2194
,,,,,,,,7688,17176,4906,2342
,,,,,,,,7689,18154,5184,2474
,,,,,,,,7690,18624,5318,2538
,,,,,,,,7691,18598,5312,2534
,,,,,,,,7692,18362,5244,2504
,,,,,,,,7693,18000,5140,2454
,,,,,,,,7694,17622,5032,2404
,,,,,,,,7695,17382,4964,2370
,,,,,,,,7696,17588,5024,2398
,,,,,,,,7697,19060,5442,2598
,,,,,,,,7698,20538,5866,2800
,,,,,,,,7699,20326,5804,2772
,,,,,,,,7700,19774,5648,2696
,,,,,,,,7701,19182,5478,2616
,,,,,,,,7702,18310,5228,2496
,,,,,,,,7703,17218,4918,2346
,,,,,,,,7704,15996,4568,2180
,,,,,,,,7705,15016,4288,2048
,,,,,,,,7706,14450,4126,1970
,,,,,,,,7707,14176,4048,1932
,,,,,,,,7708,14080,4020,1918
,,,,,,,,7709,14202,4056,1936
,,,,,,,,7710,14668,4188,1998
,,,,,,,,7711,15410,4400,2100
,,,,,,,,7712,16314,4658,2224
,,,,,,,,7713,17342,4952,2364
,,,,,,,,7714,17878,5106,2438
,,,,,,,,7715,18010,5144,2454
,,,,,,,,7716,17992,5138,2452
,,,,,,,,7717,17844,5096,2432
,,,,,,,,7718,17650,5040,2406
,,,,,,,,7719,17562,5016,2394
,,,,,,,,7720,17972,5132,2450
,,,,,,,,7721,19716,5630,2688
,,,,,,,,7722,21262,6072,2898
,,,,,,,,7723,21168,6044,2886
,,,,,,,,7724,20608,5886,2810
,,,,,,,,7725,19874,5676,2710
,,,,,,,,7726,18578,5306,2534
,,,,,,,,7727,17058,4872,2326
,,,,,,,,7728,15702,4484,2140
,,,,,,,,7729,14812,4230,2020
,,,,,,,,7730,14370,4104,1958
,,,,,,,,7731,14224,4062,1938
,,,,,,,,7732,14312,4088,1950
,,,,,,,,7733,14854,4242,2024
,,,,,,,,7734,16408,4686,2238
,,,,,,,,7735,19094,5452,2604
,,,,,,,,7736,20458,5842,2788
,,,,,,,,7737,20674,5904,2818
,,,,,,,,7738,20580,5878,2806
,,,,,,,,7739,20482,5850,2792
,,,,,,,,7740,20280,5792,2766
,,,,,,,,7741,19958,5700,2722
,,,,,,,,7742,19782,5650,2696
,,,,,,,,7743,19572,5590,2668
,,,,,,,,7744,19720,5632,2688
,,,,,,,,7745,21208,6058,2892
,,,,,,,,7746,22754,6498,3102
,,,,,,,,7747,22660,6472,3090
,,,,,,,,7748,22144,6324,3018
,,,,,,,,7749,21314,6088,2906
,,,,,,,,7750,19858,5672,2706
,,,,,,,,7751,18054,5156,2462
,,,,,,,,7752,16366,4674,2232
,,,,,,,,7753,15284,4366,2084
,,,,,,,,7754,14728,4206,2008
,,,,,,,,7755,14538,4152,1982
,,,,,,,,7756,14582,4164,1988
,,,,,,,,7757,15080,4306,2056
,,,,,,,,7758,16648,4754,2270
,,,,,,,,7759,19202,5484,2618
,,,,,,,,7760,20414,5830,2784
,,,,,,,,7761,20568,5874,2804
,,,,,,,,7762,20440,5838,2786
,,,,,,,,7763,20284,5792,2766
,,,,,,,,7764,20064,5730,2736
,,,,,,,,7765,19826,5662,2704
,,,,,,,,7766,19676,5620,2684
,,,,,,,,7767,19484,5564,2656
,,,,,,,,7768,19638,5610,2676
,,,,,,,,7769,21176,6048,2888
,,,,,,,,7770,22484,6422,3066
,,,,,,,,7771,22378,6390,3050
,,,,,,,,7772,21850,6240,2978
,,,,,,,,7773,21022,6004,2866
,,,,,,,,7774,19720,5632,2688
,,,,,,,,7775,17892,5110,2440
,,,,,,,,7776,16188,4624,2206
,,,,,,,,7777,15042,4296,2050
,,,,,,,,7778,14428,4120,1968
,,,,,,,,7779,14132,4036,1926
,,,,,,,,7780,14098,4026,1922
,,,,,,,,7781,14528,4148,1980
,,,,,,,,7782,15898,4540,2168
,,,,,,,,7783,18218,5202,2484
,,,,,,,,7784,19630,5606,2676
,,,,,,,,7785,20126,5748,2744
,,,,,,,,7786,20324,5804,2770
,,,,,,,,7787,20346,5810,2774
,,,,,,,,7788,20200,5770,2754
,,,,,,,,7789,19876,5678,2710
,,,,,,,,7790,19728,5634,2690
,,,,,,,,7791,19532,5578,2664
,,,,,,,,7792,19472,5560,2656
,,,,,,,,7793,20782,5934,2834
,,,,,,,,7794,22084,6308,3010
,,,,,,,,7795,21790,6222,2970
,,,,,,,,7796,21168,6046,2886
,,,,,,,,7797,20326,5806,2772
,,,,,,,,7798,19116,5460,2606
,,,,,,,,7799,17542,5008,2392
,,,,,,,,7800,15910,4544,2170
,,,,,,,,7801,14680,4192,2000
,,,,,,,,7802,13968,3988,1904
,,,,,,,,7803,13564,3874,1848
,,,,,,,,7804,13422,3834,1830
,,,,,,,,7805,13564,3874,1848
,,,,,,,,7806,14210,4058,1938
,,,,,,,,7807,15176,4334,2070
,,,,,,,,7808,16358,4670,2230
,,,,,,,,7809,17670,5046,2410
,,,,,,,,7810,18534,5292,2526
,,,,,,,,7811,18906,5400,2576
,,,,,,,,7812,18902,5398,2576
,,,,,,,,7813,18250,5212,2488
,,,,,,,,7814,17196,4910,2344
,,,,,,,,7815,16258,4644,2216
,,,,,,,,7816,15782,4508,2150
,,,,,,,,7817,16384,4678,2232
,,,,,,,,7818,17086,4878,2330
,,,,,,,,7819,17096,4882,2332
,,,,,,,,7820,17064,4872,2326
,,,,,,,,7821,16984,4850,2314
,,,,,,,,7822,16522,4718,2252
,,,,,,,,7823,15806,4514,2154
,,,,,,,,7824,14820,4232,2020
,,,,,,,,7825,13938,3980,1900
,,,,,,,,7826,13458,3844,1836
,,,,,,,,7827,13280,3794,1810
,,,,,,,,7828,13260,3786,1806
,,,,,,,,7829,13574,3876,1850
,,,,,,,,7830,14374,4106,1958
,,,,,,,,7831,15422,4406,2102
,,,,,,,,7832,16314,4658,2224
,,,,,,,,7833,17182,4908,2342
,,,,,,,,7834,17702,5056,2412
,,,,,,,,7835,17866,5102,2436
,,,,,,,,7836,17784,5078,2424
,,,,,,,,7837,17520,5004,2388
,,,,,,,,7838,17230,4920,2350
,,,,,,,,7839,17074,4876,2328
,,,,,,,,7840,17258,4928,2352
,,,,,,,,7841,18840,5380,2568
,,,,,,,,7842,20032,5720,2732
,,,,,,,,7843,19710,5630,2686
,,,,,,,,7844,19094,5452,2604
,,,,,,,,7845,18386,5250,2506
,,,,,,,,7846,17438,4980,2378
,,,,,,,,7847,16188,4624,2206
,,,,,,,,7848,14804,4228,2018
,,,,,,,,7849,13744,3926,1874
,,,,,,,,7850,13088,3738,1784
,,,,,,,,7851,12754,3642,1738
,,,,,,,,7852,12620,3604,1720
,,,,,,,,7853,12744,3640,1736
,,,,,,,,7854,13268,3788,1808
,,,,,,,,7855,14202,4056,1936
,,,,,,,,7856,15268,4360,2080
,,,,,,,,7857,16648,4754,2270
,,,,,,,,7858,17592,5024,2398
,,,,,,,,7859,17916,5118,2444
,,,,,,,,7860,17972,5132,2450
,,,,,,,,7861,17886,5108,2438
,,,,,,,,7862,17672,5048,2410
,,,,,,,,7863,17608,5028,2402
,,,,,,,,7864,17918,5118,2444
,,,,,,,,7865,19548,5582,2664
,,,,,,,,7866,20780,5934,2834
,,,,,,,,7867,20612,5888,2810
,,,,,,,,7868,20126,5748,2744
,,,,,,,,7869,19568,5590,2668
,,,,,,,,7870,18718,5346,2552
,,,,,,,,7871,17508,5000,2386
,,,,,,,,7872,16208,4628,2210
,,,,,,,,7873,15160,4328,2066
,,,,,,,,7874,14512,4146,1978
,,,,,,,,7875,14186,4052,1934
,,,,,,,,7876,14074,4018,1918
,,,,,,,,7877,14202,4056,1936
,,,,,,,,7878,14618,4176,1992
,,,,,,,,7879,15276,4362,2082
,,,,,,,,7880,16084,4594,2192
,,,,,,,,7881,17378,4962,2370
,,,,,,,,7882,18338,5238,2500
,,,,,,,,7883,18916,5402,2578
,,,,,,,,7884,19204,5484,2618
,,,,,,,,7885,19228,5490,2622
,,,,,,,,7886,19030,5434,2596
,,,,,,,,7887,19016,5430,2594
,,,,,,,,7888,19396,5540,2644
,,,,,,,,7889,21138,6038,2882
,,,,,,,,7890,22460,6414,3062
,,,,,,,,7891,22288,6366,3038
,,,,,,,,7892,21692,6194,2958
,,,,,,,,7893,20958,5986,2856
,,,,,,,,7894,19402,5540,2644
,,,,,,,,7895,17714,5058,2414
,,,,,,,,7896,16194,4624,2208
,,,,,,,,7897,15182,4336,2070
,,,,,,,,7898,14654,4186,1998
,,,,,,,,7899,14436,4122,1968
,,,,,,,,7900,14446,4126,1968
,,,,,,,,7901,14980,4276,2042
,,,,,,,,7902,16500,4712,2250
,,,,,,,,7903,19180,5478,2616
,,,,,,,,7904,20536,5864,2800
,,,,,,,,7905,20652,5898,2816
,,,,,,,,7906,20688,5908,2820
,,,,,,,,7907,20660,5900,2816
,,,,,,,,7908,20540,5866,2800
,,,,,,,,7909,20374,5820,2776
,,,,,,,,7910,20226,5776,2756
,,,,,,,,7911,20018,5718,2728
,,,,,,,,7912,20232,5780,2758
,,,,,,,,7913,21900,6254,2986
,,,,,,,,7914,23548,6724,3210
,,,,,,,,7915,23518,6716,3206
,,,,,,,,7916,23016,6572,3138
,,,,,,,,7917,22110,6314,3014
,,,,,,,,7918,20616,5888,2810
,,,,,,,,7919,18652,5328,2544
,,,,,,,,7920,16890,4824,2302
,,,,,,,,7921,15798,4512,2154
,,,,,,,,7922,15226,4348,2076
,,,,,,,,7923,14954,4270,2040
,,,,,,,,7924,14940,4268,2036
,,,,,,,,7925,15398,4398,2100
,,,,,,,,7926,16856,4814,2298
,,,,,,,,7927,19522,5574,2662
,,,,,,,,7928,20942,5982,2856
,,,,,,,,7929,21286,6080,2902
,,,,,,,,7930,21438,6122,2922
,,,,,,,,7931,21604,6170,2946
,,,,,,,,7932,21670,6190,2954
,,,,,,,,7933,21640,6180,2950
,,,,,,,,7934,21622,6174,2948
,,,,,,,,7935,21500,6140,2930
,,,,,,,,7936,21776,6220,2968
,,,,,,,,7937,23270,6646,3172
,,,,,,,,7938,24258,6928,3308
,,,,,,,,7939,24072,6874,3282
,,,,,,,,7940,23428,6692,3194
,,,,,,,,7941,22414,6402,3056
,,,,,,,,7942,20792,5938,2836
,,,,,,,,7943,18766,5360,2558
,,,,,,,,7944,16952,4840,2312
,,,,,,,,7945,15770,4504,2150
,,,,,,,,7946,15142,4324,2064
,,,,,,,,7947,14886,4250,2028
,,,,,,,,7948,14882,4250,2028
,,,,,,,,7949,15350,4384,2092
,,,,,,,,7950,16832,4808,2294
,,,,,,,,7951,19540,5580,2664
,,,,,,,,7952,20970,5990,2858
,,,,,,,,7953,21128,6034,2880
,,,,,,,,7954,21164,6044,2886
,,,,,,,,7955,21226,6060,2894
,,,,,,,,7956,21060,6014,2870
,,,,,,,,7957,20802,5940,2836
,,,,,,,,7958,20740,5922,2828
,,,,,,,,7959,20686,5908,2820
,,,,,,,,7960,20990,5994,2862
,,,,,,,,7961,22632,6462,3086
,,,,,,,,7962,23944,6840,3264
,,,,,,,,7963,23812,6800,3246
,,,,,,,,7964,23286,6650,3174
,,,,,,,,7965,22450,6410,3060
,,,,,,,,7966,21018,6002,2866
,,,,,,,,7967,19066,5444,2600
,,,,,,,,7968,17280,4936,2356
,,,,,,,,7969,16128,4606,2200
,,,,,,,,7970,15554,4442,2120
,,,,,,,,7971,15312,4374,2088
,,,,,,,,7972,15312,4374,2088
,,,,,,,,7973,15752,4498,2148
,,,,,,,,7974,17276,4934,2354
,,,,,,,,7975,20000,5712,2726
,,,,,,,,7976,21278,6076,2900
,,,,,,,,7977,21274,6076,2900
,,,,,,,,7978,21124,6032,2880
,,,,,,,,7979,21048,6010,2870
,,,,,,,,7980,20890,5966,2848
,,,,,,,,7981,20576,5876,2806
,,,,,,,,7982,20472,5846,2790
,,,,,,,,7983,20290,5794,2766
,,,,,,,,7984,20530,5862,2798
,,,,,,,,7985,22110,6314,3014
,,,,,,,,7986,23536,6722,3210
,,,,,,,,7987,23628,6748,3222
,,,,,,,,7988,23164,6616,3158
,,,,,,,,7989,22258,6358,3034
,,,,,,,,7990,20790,5938,2834
,,,,,,,,7991,18806,5370,2564
,,,,,,,,7992,16982,4848,2314
,,,,,,,,7993,15802,4514,2154
,,,,,,,,7994,15206,4342,2072
,,,,,,,,7995,14914,4258,2032
,,,,,,,,7996,14932,4264,2036
,,,,,,,,7997,15412,4402,2100
,,,,,,,,7998,16942,4838,2310
,,,,,,,,7999,19614,5600,2674
,,,,,,,,8000,20974,5990,2858
,,,,,,,,8001,21308,6086,2906
,,,,,,,,8002,21404,6112,2918
,,,,,,,,8003,21328,6092,2908
,,,,,,,,8004,21162,6044,2886
,,,,,,,,8005,20958,5986,2856
,,,,,,,,8006,20898,5970,2848
,,,,,,,,8007,20830,5950,2840
,,,,,,,,8008,21152,6040,2884
,,,,,,,,8009,22782,6506,3106
,,,,,,,,8010,23644,6752,3222
,,,,,,,,8011,23274,6646,3172
,,,,,,,,8012,22678,6476,3092
,,,,,,,,8013,21928,6262,2988
,,,,,,,,8014,20784,5936,2834
,,,,,,,,8015,19176,5476,2616
,,,,,,,,8016,17508,5000,2386
,,,,,,,,8017,16244,4638,2214
,,,,,,,,8018,15506,4428,2114
,,,,,,,,8019,15154,4328,2066
,,,,,,,,8020,15036,4294,2050
,,,,,,,,8021,15174,4334,2070
,,,,,,,,8022,15744,4496,2146
,,,,,,,,8023,16896,4826,2302
,,,,,,,,8024,18182,5192,2478
,,,,,,,,8025,19590,5594,2670
,,,,,,,,8026,20514,5860,2796
,,,,,,,,8027,20942,5982,2856
,,,,,,,,8028,20992,5994,2862
,,,,,,,,8029,20900,5970,2848
,,,,,,,,8030,20700,5910,2822
,,,,,,,,8031,20560,5872,2804
,,,,,,,,8032,20816,5944,2838
,,,,,,,,8033,22208,6342,3028
,,,,,,,,8034,22812,6514,3110
,,,,,,,,8035,22436,6408,3060
,,,,,,,,8036,21706,6200,2958
,,,,,,,,8037,20960,5986,2856
,,,,,,,,8038,19930,5692,2716
,,,,,,,,8039,18506,5286,2524
,,,,,,,,8040,16946,4838,2310
,,,,,,,,8041,15732,4492,2144
,,,,,,,,8042,14970,4276,2040
,,,,,,,,8043,14518,4146,1978
,,,,,,,,8044,14310,4088,1950
,,,,,,,,8045,14328,4092,1954
,,,,,,,,8046,14676,4190,2000
,,,,,,,,8047,15416,4402,2100
,,,,,,,,8048,16364,4674,2232
,,,,,,,,8049,17652,5040,2406
,,,,,,,,8050,18592,5310,2534
,,,,,,,,8051,19016,5430,2594
,,,,,,,,8052,19154,5470,2612
,,,,,,,,8053,19166,5474,2614
,,,,,,,,8054,18956,5414,2584
,,,,,,,,8055,18768,5360,2558
,,,,,,,,8056,19038,5438,2596
,,,,,,,,8057,20908,5970,2850
,,,,,,,,8058,22052,6298,3008
,,,,,,,,8059,21802,6226,2972
,,,,,,,,8060,21188,6050,2888
,,,,,,,,8061,20268,5788,2764
,,,,,,,,8062,18796,5368,2562
,,,,,,,,8063,16980,4848,2314
,,,,,,,,8064,15304,4370,2086
,,,,,,,,8065,14190,4052,1934
,,,,,,,,8066,13592,3882,1852
,,,,,,,,8067,13284,3794,1810
,,,,,,,,8068,13312,3802,1816
,,,,,,,,8069,13816,3946,1884
,,,,,,,,8070,15350,4384,2092
,,,,,,,,8071,18082,5164,2464
,,,,,,,,8072,19384,5536,2644
,,,,,,,,8073,19552,5584,2664
,,,,,,,,8074,19638,5608,2676
,,,,,,,,8075,19708,5630,2686
,,,,,,,,8076,19618,5602,2676
,,,,,,,,8077,19476,5562,2656
,,,,,,,,8078,19372,5532,2642
,,,,,,,,8079,19216,5488,2620
,,,,,,,,8080,19378,5534,2642
,,,,,,,,8081,21116,6030,2878
,,,,,,,,8082,22758,6500,3102
,,,,,,,,8083,22672,6474,3090
,,,,,,,,8084,22140,6322,3018
,,,,,,,,8085,21258,6070,2898
,,,,,,,,8086,19790,5652,2698
,,,,,,,,8087,17816,5090,2430
,,,,,,,,8088,16036,4578,2186
,,,,,,,,8089,14822,4232,2020
,,,,,,,,8090,14230,4064,1938
,,,,,,,,8091,13996,3996,1908
,,,,,,,,8092,13972,3990,1904
,,,,,,,,8093,14460,4130,1970
,,,,,,,,8094,15984,4564,2180
,,,,,,,,8095,18676,5332,2546
,,,,,,,,8096,20140,5750,2746
,,,,,,,,8097,20456,5842,2788
,,,,,,,,8098,20624,5890,2812
,,,,,,,,8099,20740,5922,2828
,,,,,,,,8100,20734,5920,2828
,,,,,,,,8101,20620,5890,2810
,,,,,,,,8102,20522,5860,2798
,,,,,,,,8103,20340,5810,2774
,,,,,,,,8104,20524,5860,2798
,,,,,,,,8105,22108,6314,3014
,,,,,,,,8106,23190,6622,3160
,,,,,,,,8107,22960,6558,3130
,,,,,,,,8108,22264,6360,3036
,,,,,,,,8109,21282,6078,2902
,,,,,,,,8110,19726,5634,2690
,,,,,,,,8111,17568,5018,2394
,,,,,,,,8112,15650,4470,2134
,,,,,,,,8113,14436,4122,1968
,,,,,,,,8114,13758,3928,1876
,,,,,,,,8115,13352,3814,1820
,,,,,,,,8116,13258,3786,1806
,,,,,,,,8117,13646,3896,1860
,,,,,,,,8118,15060,4300,2052
,,,,,,,,8119,17732,5064,2418
,,,,,,,,8120,19126,5462,2606
,,,,,,,,8121,19348,5526,2638
,,,,,,,,8122,19418,5546,2646
,,,,,,,,8123,19498,5570,2658
,,,,,,,,8124,19488,5566,2656
,,,,,,,,8125,19416,5544,2646
,,,,,,,,8126,19458,5558,2654
,,,,,,,,8127,19424,5548,2648
,,,,,,,,8128,19750,5640,2692
,,,,,,,,8129,21642,6182,2950
,,,,,,,,8130,23164,6616,3158
,,,,,,,,8131,23166,6616,3158
,,,,,,,,8132,22722,6490,3098
,,,,,,,,8133,21952,6270,2992
,,,,,,,,8134,20514,5860,2796
,,,,,,,,8135,18562,5300,2530
,,,,,,,,8136,16750,4784,2282
,,,,,,,,8137,15646,4468,2132
,,,,,,,,8138,15106,4314,2060
,,,,,,,,8139,14874,4248,2028
,,,,,,,,8140,14896,4254,2030
,,,,,,,,8141,15440,4408,2104
,,,,,,,,8142,17064,4872,2326
,,,,,,,,8143,19862,5672,2708
,,,,,,,,8144,21188,6050,2888
,,,,,,,,8145,21262,6072,2898
,,,,,,,,8146,21198,6054,2890
,,,,,,,,8147,21098,6026,2878
,,,,,,,,8148,20842,5952,2842
,,,,,,,,8149,20552,5870,2802
,,,,,,,,8150,20392,5824,2780
,,,,,,,,8151,20246,5782,2760
,,,,,,,,8152,20524,5860,2798
,,,,,,,,8153,22518,6432,3070
,,,,,,,,8154,24056,6872,3280
,,,,,,,,8155,24064,6872,3282
,,,,,,,,8156,23660,6756,3226
,,,,,,,,8157,22898,6540,3122
,,,,,,,,8158,21510,6142,2932
,,,,,,,,8159,19506,5570,2658
,,,,,,,,8160,17596,5026,2400
,,,,,,,,8161,16382,4678,2232
,,,,,,,,8162,15770,4504,2150
,,,,,,,,8163,15456,4414,2108
,,,,,,,,8164,15430,4406,2104
,,,,,,,,8165,15874,4534,2164
,,,,,,,,8166,17326,4948,2362
,,,,,,,,8167,19980,5706,2724
,,,,,,,,8168,21376,6104,2914
,,,,,,,,8169,21604,6170,2946
,,,,,,,,8170,21562,6158,2938
,,,,,,,,8171,21504,6140,2932
,,,,,,,,8172,21250,6070,2898
,,,,,,,,8173,20930,5978,2854
,,,,,,,,8174,20862,5958,2844
,,,,,,,,8175,20756,5928,2830
,,,,,,,,8176,20980,5990,2860
,,,,,,,,8177,22544,6438,3074
,,,,,,,,8178,23176,6620,3160
,,,,,,,,8179,22766,6500,3104
,,,,,,,,8180,22030,6292,3004
,,,,,,,,8181,21180,6050,2888
,,,,,,,,8182,20006,5714,2726
,,,,,,,,8183,18332,5236,2500
,,,,,,,,8184,16516,4718,2252
,,,,,,,,8185,15180,4336,2070
,,,,,,,,8186,14400,4112,1962
,,,,,,,,8187,13946,3984,1900
,,,,,,,,8188,13788,3938,1878
,,,,,,,,8189,13894,3968,1894
,,,,,,,,8190,14446,4126,1968
,,,,,,,,8191,15508,4428,2114
,,,,,,,,8192,16794,4796,2290
,,,,,,,,8193,18206,5200,2482
,,,,,,,,8194,19156,5470,2612
,,,,,,,,8195,19614,5600,2674
,,,,,,,,8196,19642,5610,2678
,,,,,,,,8197,19436,5550,2650
,,,,,,,,8198,19154,5470,2612
,,,,,,,,8199,19026,5434,2594
,,,,,,,,8200,19254,5498,2624
,,,,,,,,8201,20730,5920,2826
,,,,,,,,8202,21520,6146,2934
,,,,,,,,8203,21122,6032,2880
,,,,,,,,8204,20430,5834,2786
,,,,,,,,8205,19736,5638,2690
,,,,,,,,8206,18768,5360,2558
,,,,,,,,8207,17426,4978,2376
,,,,,,,,8208,15872,4532,2164
,,,,,,,,8209,14652,4184,1998
,,,,,,,,8210,13868,3960,1890
,,,,,,,,8211,13454,3844,1834
,,,,,,,,8212,13272,3790,1808
,,,,,,,,8213,13378,3820,1824
,,,,,,,,8214,13768,3932,1878
,,,,,,,,8215,14562,4158,1986
,,,,,,,,8216,15396,4398,2100
,,,,,,,,8217,16658,4758,2272
,,,,,,,,8218,17628,5034,2404
,,,,,,,,8219,18138,5180,2472
,,,,,,,,8220,18416,5258,2510
,,,,,,,,8221,18516,5288,2524
,,,,,,,,8222,18416,5258,2510
,,,,,,,,8223,18314,5230,2496
,,,,,,,,8224,18806,5370,2564
,,,,,,,,8225,21004,5998,2864
,,,,,,,,8226,22252,6356,3034
,,,,,,,,8227,22128,6320,3018
,,,,,,,,8228,21614,6172,2948
,,,,,,,,8229,20774,5932,2832
,,,,,,,,8230,19386,5536,2644
,,,,,,,,8231,17538,5008,2392
,,,,,,,,8232,15788,4508,2152
,,,,,,,,8233,14636,4180,1996
,,,,,,,,8234,14052,4014,1916
,,,,,,,,8235,13792,3938,1880
,,,,,,,,8236,13762,3930,1876
,,,,,,,,8237,14248,4068,1942
,,,,,,,,8238,15718,4488,2142
,,,,,,,,8239,18370,5246,2504
,,,,,,,,8240,20110,5744,2742
,,,,,,,,8241,20506,5856,2796
,,,,,,,,8242,20780,5934,2834
,,,,,,,,8243,21000,5998,2864
,,,,,,,,8244,21032,6006,2868
,,,,,,,,8245,20974,5990,2858
,,,,,,,,8246,20946,5982,2856
,,,,,,,,8247,20770,5932,2832
,,,,,,,,8248,21098,6026,2878
,,,,,,,,8249,22658,6472,3090
,,,,,,,,8250,23592,6738,3216
,,,,,,,,8251,23304,6656,3178
,,,,,,,,8252,22604,6456,3082
,,,,,,,,8253,21596,6168,2944
,,,,,,,,8254,19994,5710,2726
,,,,,,,,8255,18004,5142,2454
,,,,,,,,8256,16018,4574,2184
,,,,,,,,8257,14596,4168,1988
,,,,,,,,8258,13836,3952,1886
,,,,,,,,8259,13454,3842,1834
,,,,,,,,8260,13386,3824,1826
,,,,,,,,8261,13764,3930,1876
,,,,,,,,8262,15272,4362,2082
,,,,,,,,8263,18034,5150,2458
,,,,,,,,8264,19668,5618,2682
,,,,,,,,8265,20020,5718,2730
,,,,,,,,8266,20118,5746,2744
,,,,,,,,8267,20114,5744,2742
,,,,,,,,8268,20056,5728,2734
,,,,,,,,8269,19870,5676,2708
,,,,,,,,8270,19834,5664,2704
,,,,,,,,8271,19760,5644,2694
,,,,,,,,8272,20108,5742,2742
,,,,,,,,8273,22056,6300,3008
,,,,,,,,8274,23608,6742,3220
,,,,,,,,8275,23596,6740,3218
,,,,,,,,8276,23146,6612,3156
,,,,,,,,8277,22348,6382,3048
,,,,,,,,8278,20916,5972,2852
,,,,,,,,8279,18848,5382,2570
,,,,,,,,8280,16924,4834,2308
,,,,,,,,8281,15718,4488,2142
,,,,,,,,8282,15136,4322,2062
,,,,,,,,8283,14876,4248,2028
,,,,,,,,8284,14896,4254,2030
,,,,,,,,8285,15424,4406,2102
,,,,,,,,8286,16994,4852,2316
,,,,,,,,8287,19810,5658,2700
,,,,,,,,8288,21278,6076,2900
,,,,,,,,8289,21362,6100,2912
,,,,,,,,8290,21274,6076,2900
,,,,,,,,8291,21172,6046,2888
,,,,,,,,8292,21026,6004,2868
,,,,,,,,8293,20770,5932,2832
,,,,,,,,8294,20700,5910,2822
,,,,,,,,8295,20546,5868,2800
,,,,,,,,8296,20920,5974,2852
,,,,,,,,8297,22904,6542,3122
,,,,,,,,8298,24364,6958,3322
,,,,,,,,8299,24266,6932,3310
,,,,,,,,8300,23826,6804,3248
,,,,,,,,8301,23014,6572,3138
,,,,,,,,8302,21626,6176,2948
,,,,,,,,8303,19560,5586,2666
,,,,,,,,8304,17578,5020,2396
,,,,,,,,8305,16246,4640,2214
,,,,,,,,8306,15568,4446,2122
,,,,,,,,8307,15288,4366,2084
,,,,,,,,8308,15316,4374,2088
,,,,,,,,8309,15782,4508,2150
,,,,,,,,8310,17320,4946,2362
,,,,,,,,8311,20096,5740,2740
,,,,,,,,8312,21502,6140,2930
,,,,,,,,8313,21574,6162,2940
,,,,,,,,8314,21276,6076,2900
,,,,,,,,8315,20998,5998,2862
,,,,,,,,8316,20712,5914,2824
,,,,,,,,8317,20402,5828,2782
,,,,,,,,8318,20268,5790,2764
,,,,,,,,8319,20122,5748,2744
,,,,,,,,8320,20396,5824,2780
,,,,,,,,8321,22284,6364,3038
,,,,,,,,8322,24014,6858,3274
,,,,,,,,8323,24038,6864,3278
,,,,,,,,8324,23662,6758,3226
,,,,,,,,8325,22926,6548,3126
,,,,,,,,8326,21578,6162,2942
,,,,,,,,8327,19554,5584,2664
,,,,,,,,8328,17596,5026,2400
,,,,,,,,8329,16300,4656,2222
,,,,,,,,8330,15670,4476,2136
,,,,,,,,8331,15388,4396,2098
,,,,,,,,8332,15388,4396,2098
,,,,,,,,8333,15852,4528,2160
,,,,,,,,8334,17366,4958,2368
,,,,,,,,8335,20076,5734,2736
,,,,,,,,8336,21490,6138,2928
,,,,,,,,8337,21548,6154,2938
,,,,,,,,8338,21302,6084,2904
,,,,,,,,8339,21080,6020,2874
,,,,,,,,8340,20780,5934,2834
,,,,,,,,8341,20368,5818,2776
,,,,,,,,8342,20088,5738,2738
,,,,,,,,8343,19938,5694,2718
,,,,,,,,8344,20162,5758,2748
,,,,,,,,8345,21992,6280,2998
,,,,,,,,8346,23288,6652,3174
,,,,,,,,8347,23002,6570,3136
,,,,,,,,8348,22440,6410,3060
,,,,,,,,8349,21732,6206,2962
,,,,,,,,8350,20700,5912,2822
,,,,,,,,8351,19070,5446,2600
,,,,,,,,8352,17272,4932,2354
,,,,,,,,8353,15912,4544,2170
,,,,,,,,8354,15116,4316,2060
,,,,,,,,8355,14770,4218,2014
,,,,,,,,8356,14658,4186,1998
,,,,,,,,8357,14830,4236,2020
,,,,,,,,8358,15460,4416,2108
,,,,,,,,8359,16656,4758,2272
,,,,,,,,8360,17874,5104,2436
,,,,,,,,8361,19038,5438,2596
,,,,,,,,8362,19626,5604,2676
,,,,,,,,8363,19720,5632,2688
,,,,,,,,8364,19506,5570,2658
,,,,,,,,8365,19118,5460,2606
,,,,,,,,8366,18736,5350,2554
,,,,,,,,8367,18588,5310,2534
,,,,,,,,8368,18912,5400,2578
,,,,,,,,8369,20978,5990,2860
,,,,,,,,8370,22378,6390,3050
,,,,,,,,8371,22204,6340,3028
,,,,,,,,8372,21666,6188,2954
,,,,,,,,8373,21124,6032,2880
,,,,,,,,8374,20230,5778,2758
,,,,,,,,8375,18900,5398,2576
,,,,,,,,8376,17308,4942,2360
,,,,,,,,8377,16004,4570,2180
,,,,,,,,8378,15208,4344,2072
,,,,,,,,8379,14782,4222,2016
,,,,,,,,8380,14596,4168,1988
,,,,,,,,8381,14648,4182,1998
,,,,,,,,8382,15030,4292,2050
,,,,,,,,8383,15850,4528,2160
,,,,,,,,8384,16894,4824,2302
,,,,,,,,8385,18400,5254,2508
,,,,,,,,8386,19614,5600,2674
,,,,,,,,8387,20266,5788,2764
,,,,,,,,8388,20658,5900,2816
,,,,,,,,8389,20960,5986,2856
,,,,,,,,8390,21058,6014,2870
,,,,,,,,8391,21092,6022,2876
,,,,,,,,8392,21556,6156,2938
,,,,,,,,8393,23148,6612,3156
,,,,,,,,8394,23952,6840,3266
,,,,,,,,8395,23756,6784,3240
,,,,,,,,8396,23102,6598,3150
,,,,,,,,8397,22222,6346,3030
,,,,,,,,8398,20974,5990,2858
,,,,,,,,8399,19146,5468,2610
,,,,,,,,8400,17298,4940,2358
,,,,,,,,8401,15940,4552,2172
,,,,,,,,8402,15152,4328,2066
,,,,,,,,8403,14860,4244,2026
,,,,,,,,8404,14824,4234,2020
,,,,,,,,8405,15316,4374,2088
,,,,,,,,8406,16756,4786,2284
,,,,,,,,8407,19376,5532,2642
,,,,,,,,8408,21188,6050,2888
,,,,,,,,8409,21736,6208,2964
,,,,,,,,8410,21950,6270,2992
,,,,,,,,8411,22168,6332,3022
,,,,,,,,8412,22202,6340,3028
,,,,,,,,8413,22064,6300,3008
,,,,,,,,8414,21976,6276,2996
,,,,,,,,8415,21822,6230,2976
,,,,,,,,8416,22114,6316,3016
,,,,,,,,8417,23770,6788,3242
,,,,,,,,8418,24716,7060,3370
,,,,,,,,8419,24472,6990,3336
,,,,,,,,8420,23858,6812,3252
,,,,,,,,8421,22916,6544,3124
,,,,,,,,8422,21320,6090,2908
,,,,,,,,8423,19162,5472,2612
,,,,,,,,8424,17102,4884,2332
,,,,,,,,8425,15692,4482,2140
,,,,,,,,8426,14998,4284,2044
,,,,,,,,8427,14614,4174,1992
,,,,,,,,8428,14540,4152,1982
,,,,,,,,8429,14914,4258,2032
,,,,,,,,8430,16314,4658,2224
,,,,,,,,8431,18924,5404,2580
,,,,,,,,8432,20598,5882,2808
,,,,,,,,8433,20868,5960,2846
,,,,,,,,8434,20964,5988,2858
,,,,,,,,8435,21090,6022,2876
,,,,,,,,8436,21052,6012,2870
,,,,,,,,8437,20828,5950,2840
,,,,,,,,8438,20732,5920,2828
,,,,,,,,8439,20574,5876,2806
,,,,,,,,8440,20828,5948,2838
,,,,,,,,8441,22440,6410,3060
,,,,,,,,8442,23630,6748,3222
,,,,,,,,8443,23478,6704,3200
,,,,,,,,8444,22938,6552,3128
,,,,,,,,8445,22074,6304,3008
,,,,,,,,8446,20616,5888,2810
,,,,,,,,8447,18578,5306,2534
,,,,,,,,8448,16574,4734,2260
,,,,,,,,8449,15142,4324,2064
,,,,,,,,8450,14428,4120,1968
,,,,,,,,8451,14132,4036,1926
,,,,,,,,8452,14128,4036,1926
,,,,,,,,8453,14610,4172,1992
,,,,,,,,8454,16080,4592,2192
,,,,,,,,8455,18792,5366,2562
,,,,,,,,8456,20376,5820,2778
,,,,,,,,8457,20604,5884,2808
,,,,,,,,8458,20640,5894,2814
,,,,,,,,8459,20648,5898,2816
,,,,,,,,8460,20546,5868,2800
,,,,,,,,8461,20358,5814,2776
,,,,,,,,8462,20382,5820,2778
,,,,,,,,8463,20362,5816,2776
,,,,,,,,8464,20642,5896,2814
,,,,,,,,8465,22422,6404,3058
,,,,,,,,8466,23850,6812,3250
,,,,,,,,8467,23772,6788,3242
,,,,,,,,8468,23284,6650,3174
,,,,,,,,8469,22522,6432,3070
,,,,,,,,8470,21144,6040,2882
,,,,,,,,8471,19108,5458,2604
,,,,,,,,8472,17056,4870,2324
,,,,,,,,8473,15698,4484,2140
,,,,,,,,8474,14952,4270,2038
,,,,,,,,8475,14636,4180,1996
,,,,,,,,8476,14638,4180,1996
,,,,,,,,8477,15130,4320,2062
,,,,,,,,8478,16672,4760,2272
,,,,,,,,8479,19426,5548,2648
,,,,,,,,8480,20846,5954,2842
,,,,,,,,8481,21048,6010,2868
,,,,,,,,8482,20974,5990,2858
,,,,,,,,8483,20850,5954,2842
,,,,,,,,8484,20632,5892,2814
,,,,,,,,8485,20326,5806,2772
,,,,,,,,8486,20286,5794,2766
,,,,,,,,8487,20356,5814,2776
,,,,,,,,8488,20810,5942,2836
,,,,,,,,8489,22544,6438,3074
,,,,,,,,8490,23778,6792,3242
,,,,,,,,8491,23638,6752,3222
,,,,,,,,8492,23188,6622,3160
,,,,,,,,8493,22532,6434,3072
,,,,,,,,8494,21182,6050,2888
,,,,,,,,8495,19152,5470,2612
,,,,,,,,8496,17170,4904,2342
,,,,,,,,8497,15768,4504,2150
,,,,,,,,8498,14974,4276,2040
,,,,,,,,8499,14590,4166,1988
,,,,,,,,8500,14584,4166,1988
,,,,,,,,8501,14946,4268,2038
,,,,,,,,8502,16272,4648,2218
,,,,,,,,8503,18742,5352,2554
,,,,,,,,8504,20540,5866,2800
,,,,,,,,8505,21140,6038,2882
,,,,,,,,8506,21436,6122,2922
,,,,,,,,8507,21548,6154,2938
,,,,,,,,8508,21464,6130,2926
,,,,,,,,8509,21072,6018,2872
,,,,,,,,8510,20770,5932,2832
,,,,,,,,8511,20360,5814,2776
,,,,,,,,8512,20254,5784,2762
,,,,,,,,8513,21720,6202,2960
,,,,,,,,8514,22790,6510,3108
,,,,,,,,8515,22432,6406,3060
,,,,,,,,8516,21806,6228,2972
,,,,,,,,8517,21060,6014,2870
,,,,,,,,8518,20008,5714,2728
,,,,,,,,8519,18466,5274,2518
,,,,,,,,8520,16688,4766,2274
,,,,,,,,8521,15378,4392,2096
,,,,,,,,8522,14596,4168,1988
,,,,,,,,8523,14162,4046,1930
,,,,,,,,8524,14042,4010,1914
,,,,,,,,8525,14178,4048,1932
,,,,,,,,8526,14674,4190,2000
,,,,,,,,8527,15766,4502,2150
,,,,,,,,8528,17010,4858,2320
,,,,,,,,8529,18426,5262,2512
,,,,,,,,8530,19356,5528,2638
,,,,,,,,8531,19660,5614,2680
,,,,,,,,8532,19730,5636,2690
,,,,,,,,8533,19596,5596,2672
,,,,,,,,8534,19444,5552,2650
,,,,,,,,8535,19418,5546,2646
,,,,,,,,8536,19750,5640,2692
,,,,,,,,8537,21482,6134,2928
,,,,,,,,8538,22856,6528,3116
,,,,,,,,8539,22788,6508,3108
,,,,,,,,8540,22308,6370,3042
,,,,,,,,8541,21730,6206,2962
,,,,,,,,8542,20886,5964,2848
,,,,,,,,8543,19502,5570,2658
,,,,,,,,8544,17860,5100,2434
,,,,,,,,8545,16506,4714,2250
,,,,,,,,8546,15644,4468,2132
,,,,,,,,8547,15186,4338,2070
,,,,,,,,8548,14974,4276,2040
,,,,,,,,8549,15010,4288,2046
,,,,,,,,8550,15418,4404,2102
,,,,,,,,8551,16248,4640,2214
,,,,,,,,8552,17144,4896,2336
,,,,,,,,8553,18314,5230,2496
,,,,,,,,8554,19078,5450,2602
,,,,,,,,8555,19338,5522,2636
,,,,,,,,8556,19506,5570,2658
,,,,,,,,8557,19568,5588,2666
,,,,,,,,8558,19436,5550,2650
,,,,,,,,8559,19284,5508,2628
,,,,,,,,8560,19406,5542,2644
,,,,,,,,8561,21152,6040,2884
,,,,,,,,8562,22628,6462,3086
,,,,,,,,8563,22612,6458,3082
,,,,,,,,8564,22198,6340,3026
,,,,,,,,8565,21650,6182,2952
,,,,,,,,8566,20624,5890,2812
,,,,,,,,8567,19158,5470,2612
,,,,,,,,8568,17426,4976,2374
,,,,,,,,8569,16040,4580,2186
,,,,,,,,8570,15238,4352,2078
,,,,,,,,8571,14826,4234,2020
,,,,,,,,8572,14750,4212,2010
,,,,,,,,8573,15076,4306,2056
,,,,,,,,8574,15958,4558,2176
,,,,,,,,8575,17334,4950,2362
,,,,,,,,8576,18554,5298,2530
,,,,,,,,8577,19634,5608,2676
,,,,,,,,8578,20236,5780,2758
,,,,,,,,8579,20440,5838,2786
,,,,,,,,8580,20342,5810,2774
,,,,,,,,8581,20014,5716,2728
,,,,,,,,8582,19750,5640,2694
,,,,,,,,8583,19700,5626,2686
,,,,,,,,8584,19896,5682,2712
,,,,,,,,8585,21446,6124,2924
,,,,,,,,8586,22292,6366,3038
,,,,,,,,8587,21416,6116,2918
,,,,,,,,8588,20542,5866,2800
,,,,,,,,8589,19980,5706,2724
,,,,,,,,8590,19450,5554,2652
,,,,,,,,8591,18576,5306,2534
,,,,,,,,8592,17338,4950,2362
,,,,,,,,8593,16058,4586,2190
,,,,,,,,8594,15138,4322,2064
,,,,,,,,8595,14610,4172,1992
,,,,,,,,8596,14462,4130,1970
,,,,,,,,8597,14564,4158,1986
,,,,,,,,8598,15032,4292,2050
,,,,,,,,8599,15916,4546,2170
,,,,,,,,8600,17056,4870,2324
,,,,,,,,8601,18354,5242,2502
,,,,,,,,8602,19276,5504,2628
,,,,,,,,8603,19638,5610,2676
,,,,,,,,8604,19788,5650,2698
,,,,,,,,8605,19626,5604,2676
,,,,,,,,8606,19132,5464,2608
,,,,,,,,8607,18558,5300,2530
,,,,,,,,8608,18374,5248,2504
,,,,,,,,8609,19422,5546,2648
,,,,,,,,8610,20298,5798,2766
,,,,,,,,8611,20280,5792,2766
,,,,,,,,8612,20184,5764,2752
,,,,,,,,8613,19990,5710,2726
,,,,,,,,8614,19366,5530,2640
,,,,,,,,8615,18158,5186,2474
,,,,,,,,8616,16796,4798,2290
,,,,,,,,8617,15790,4508,2152
,,,,,,,,8618,15242,4354,2078
,,,,,,,,8619,14998,4284,2044
,,,,,,,,8620,15072,4304,2054
,,,,,,,,8621,15506,4428,2114
,,,,,,,,8622,16626,4748,2266
,,,,,,,,8623,18448,5270,2514
,,,,,,,,8624,19848,5668,2706
,,,,,,,,8625,20786,5936,2834
,,,,,,,,8626,21376,6104,2914
,,,,,,,,8627,21678,6190,2956
,,,,,,,,8628,21778,6220,2968
,,,,,,,,8629,21688,6194,2958
,,,,,,,,8630,21636,6180,2948
,,,,,,,,8631,21576,6162,2942
,,,,,,,,8632,21900,6254,2986
,,,,,,,,8633,23494,6710,3202
,,,,,,,,8634,24452,6982,3334
,,,,,,,,8635,24198,6912,3300
,,,,,,,,8636,23552,6726,3210
,,,,,,,,8637,22682,6478,3092
,,,,,,,,8638,21298,6082,2904
,,,,,,,,8639,19510,5570,2660
,,,,,,,,8640,17706,5058,2414
,,,,,,,,8641,16398,4684,2236
,,,,,,,,8642,15678,4478,2138
,,,,,,,,8643,15304,4370,2086
,,,,,,,,8644,15072,4304,2054
,,,,,,,,8645,15454,4414,2108
,,,,,,,,8646,16460,4700,2244
,,,,,,,,8647,18010,5144,2454
,,,,,,,,8648,19474,5560,2656
,,,,,,,,8649,20414,5830,2784
,,,,,,,,8650,21270,6074,2900
,,,,,,,,8651,21814,6230,2974
,,,,,,,,8652,22054,6300,3008
,,,,,,,,8653,21972,6276,2996
,,,,,,,,8654,21834,6236,2978
,,,,,,,,8655,21626,6176,2948
,,,,,,,,8656,21778,6220,2968
,,,,,,,,8657,23126,6604,3152
,,,,,,,,8658,24268,6932,3310
,,,,,,,,8659,23952,6842,3266
,,,,,,,,8660,23246,6640,3170
,,,,,,,,8661,22330,6378,3044
,,,,,,,,8662,20962,5986,2856
,,,,,,,,8663,19172,5476,2614
,,,,,,,,8664,17468,4988,2382
,,,,,,,,8665,16254,4642,2216
,,,,,,,,8666,15620,4462,2130
,,,,,,,,8667,15312,4372,2088
,,,,,,,,8668,15280,4364,2082
,,,,,,,,8669,15658,4472,2134
,,,,,,,,8670,16750,4784,2282
,,,,,,,,8671,18496,5282,2522
,,,,,,,,8672,19806,5656,2700
,,,,,,,,8673,20694,5910,2822
,,,,,,,,8674,21198,6054,2890
,,,,,,,,8675,21360,6100,2912
,,,,,,,,8676,21226,6062,2894
,,,,,,,,8677,20918,5974,2852
,,,,,,,,8678,20658,5900,2816
,,,,,,,,8679,20438,5838,2786
,,,,,,,,8680,20496,5854,2794
,,,,,,,,8681,22052,6298,3008
,,,,,,,,8682,23594,6738,3216
,,,,,,,,8683,23360,6672,3184
,,,,,,,,8684,22724,6490,3098
,,,,,,,,8685,21978,6278,2996
,,,,,,,,8686,20838,5950,2840
,,,,,,,,8687,19328,5520,2636
,,,,,,,,8688,17688,5052,2412
,,,,,,,,8689,16482,4708,2246
,,,,,,,,8690,15760,4500,2150
,,,,,,,,8691,15406,4400,2100
,,,,,,,,8692,15230,4350,2076
,,,,,,,,8693,15320,4376,2090
,,,,,,,,8694,15834,4522,2160
,,,,,,,,8695,16750,4784,2282
,,,,,,,,8696,17770,5076,2424
,,,,,,,,8697,19022,5432,2594
,,,,,,,,8698,20010,5714,2728
,,,,,,,,8699,20512,5858,2796
,,,,,,,,8700,20598,5882,2808
,,,,,,,,8701,20604,5884,2808
,,,,,,,,8702,20554,5870,2802
,,,,,,,,8703,20578,5878,2806
,,,,,,,,8704,20980,5990,2860
,,,,,,,,8705,22514,6430,3070
,,,,,,,,8706,23540,6722,3210
,,,,,,,,8707,23340,6666,3182
,,,,,,,,8708,22622,6462,3084
,,,,,,,,8709,21744,6210,2964
,,,,,,,,8710,20606,5886,2808
,,,,,,,,8711,19116,5460,2606
,,,,,,,,8712,17574,5018,2396
,,,,,,,,8713,16358,4672,2230
,,,,,,,,8714,15576,4448,2124
,,,,,,,,8715,15204,4342,2072
,,,,,,,,8716,15040,4296,2050
,,,,,,,,8717,15136,4322,2062
,,,,,,,,8718,15566,4446,2122
,,,,,,,,8719,16290,4652,2220
,,,,,,,,8720,17030,4864,2322
,,,,,,,,8721,18148,5182,2474
,,,,,,,,8722,19110,5458,2604
,,,,,,,,8723,19754,5640,2694
,,,,,,,,8724,20164,5760,2748
,,,,,,,,8725,20322,5804,2770
,,,,,,,,8726,20170,5760,2750
,,,,,,,,8727,20004,5712,2726
,,,,,,,,8728,20172,5760,2750
,,,,,,,,8729,21992,6280,2998
,,,,,,,,8730,23634,6750,3222
,,,,,,,,8731,23554,6726,3210
,,,,,,,,8732,22972,6562,3132
,,,,,,,,8733,22324,6376,3044
,,,,,,,,8734,21206,6056,2890
,,,,,,,,8735,19730,5636,2690
,,,,,,,,8736,18180,5192,2478
,,,,,,,,8737,17032,4864,2322
,,,,,,,,8738,16388,4680,2234
,,,,,,,,8739,16056,4586,2190
,,,,,,,,8740,16004,4570,2180
,,,,,,,,8741,16296,4654,2220
,,,,,,,,8742,17178,4906,2342
,,,,,,,,8743,18650,5326,2544
,,,,,,,,8744,19808,5658,2700
,,,,,,,,8745,20800,5940,2836
,,,,,,,,8746,21542,6152,2938
,,,,,,,,8747,21876,6248,2982
,,,,,,,,8748,21814,6230,2974
,,,,,,,,8749,21460,6128,2926
,,,,,,,,8750,21100,6026,2878
,,,,,,,,8751,20876,5962,2846
,,,,,,,,8752,20938,5980,2854
,,,,,,,,8753,22456,6412,3062
,,,,,,,,8754,23816,6802,3248
,,,,,,,,8755,23124,6604,3152
,,,,,,,,8756,19846,7594,2678
,,,,,,,,8757,18922,7242,2554
,,,,,,,,8758,18036,6904,2434
,,,,,,,,8759,17102,6562,2308
,,,,,,,,8760,16178,6212,2184