Voll,Demand_Segment,Cost_of_Demand_Curtailment_per_MW,Max_Demand_Curtailment,$/MWh,Rep_Periods,Timesteps_per_Rep_Period,Sub_Weights,Time_Index,Demand_MW_z1,Demand_MW_z2,Demand_MW_z3
50000,1,1,1,2000,1,8760,8760,1,31400,8968,4280
,2,0.9,0.04,1800,,,,2,29696,8480,4048
,3,0.55,0.024,1100,,,,3,28428,8116,3876
,4,0.2,0.003,400,,,,4,27788,7936,3788
,,,,,,,,5,27688,7908,3776
,,,,,,,,6,28180,8048,3840
,,,,,,,,7,29228,8348,3984
,,,,,,,,8,30176,8616,4116
,,,,,,,,9,31784,9076,4332
,,,,,,,,10,33360,9528,4548
,,,,,,,,11,34312,9796,4676
,,,,,,,,12,34664,9896,4724
,,,,,,,,13,34828,9948,4748
,,,,,,,,14,34520,9856,4704
,,,,,,,,15,34176,9760,4660
,,,,,,,,16,34376,9816,4684
,,,,,,,,17,37724,10772,5144
,,,,,,,,18,40900,11680,5576
,,,,,,,,19,40660,11612,5544
,,,,,,,,20,39416,11260,5372
,,,,,,,,21,37960,10840,5176
,,,,,,,,22,35928,10260,4900
,,,,,,,,23,33412,9540,4556
,,,,,,,,24,30592,8736,4168
,,,,,,,,25,28204,8052,3844
,,,,,,,,26,26756,7640,3648
,,,,,,,,27,26060,7444,3552
,,,,,,,,28,25904,7396,3532
,,,,,,,,29,26472,7560,3608
,,,,,,,,30,27920,7972,3804
,,,,,,,,31,30092,8592,4100
,,,,,,,,32,31872,9100,4344
,,,,,,,,33,34052,9724,4644
,,,,,,,,34,36288,10364,4944
,,,,,,,,35,37928,10832,5168
,,,,,,,,36,38600,11020,5264
,,,,,,,,37,38540,11004,5252
,,,,,,,,38,38288,10936,5220
,,,,,,,,39,38168,10900,5204
,,,,,,,,40,38748,11064,5284
,,,,,,,,41,42384,12104,5776
,,,,,,,,42,46060,13156,6280
,,,,,,,,43,45656,13040,6224
,,,,,,,,44,44552,12724,6076
,,,,,,,,45,42752,12208,5828
,,,,,,,,46,39916,11400,5440
,,,,,,,,47,36400,10396,4964
,,,,,,,,48,33216,9488,4528
,,,,,,,,49,31104,8884,4240
,,,,,,,,50,30052,8580,4096
,,,,,,,,51,29544,8436,4028
,,,,,,,,52,29604,8456,4036
,,,,,,,,53,30668,8756,4180
,,,,,,,,54,33820,9656,4608
,,,,,,,,55,39392,11248,5372
,,,,,,,,56,42516,12140,5796
,,,,,,,,57,43044,12292,5868
,,,,,,,,58,43340,12376,5908
,,,,,,,,59,43728,12488,5960
,,,,,,,,60,43800,12508,5972
,,,,,,,,61,43620,12460,5948
,,,,,,,,62,43560,12444,5936
,,,,,,,,63,43396,12392,5916
,,,,,,,,64,43996,12564,5996
,,,,,,,,65,47432,13544,6464
,,,,,,,,66,51184,14616,6980
,,,,,,,,67,51284,14644,6992
,,,,,,,,68,50420,14400,6876
,,,,,,,,69,48780,13932,6652
,,,,,,,,70,45904,13108,6260
,,,,,,,,71,42060,12012,5736
,,,,,,,,72,38696,11052,5276
,,,,,,,,73,36604,10456,4988
,,,,,,,,74,35504,10140,4840
,,,,,,,,75,34944,9980,4764
,,,,,,,,76,35008,9996,4772
,,,,,,,,77,35960,10272,4904
,,,,,,,,78,38932,11120,5308
,,,,,,,,79,44336,12664,6044
,,,,,,,,80,47280,13504,6444
,,,,,,,,81,47336,13520,6456
,,,,,,,,82,47212,13484,6436
,,,,,,,,83,47108,13452,6420
,,,,,,,,84,46644,13320,6360
,,,,,,,,85,45976,13132,6268
,,,,,,,,86,45580,13020,6216
,,,,,,,,87,45224,12916,6164
,,,,,,,,88,45692,13048,6228
,,,,,,,,89,48884,13964,6664
,,,,,,,,90,51484,14704,7020
,,,,,,,,91,51088,14588,6964
,,,,,,,,92,49896,14248,6804
,,,,,,,,93,47988,13704,6540
,,,,,,,,94,44828,12804,6112
,,,,,,,,95,40804,11656,5564
,,,,,,,,96,37080,10592,5056
,,,,,,,,97,34704,9912,4728
,,,,,,,,98,33432,9548,4560
,,,,,,,,99,32792,9364,4468
,,,,,,,,100,32672,9332,4456
,,,,,,,,101,33512,9572,4568
,,,,,,,,102,36260,10356,4944
,,,,,,,,103,41484,11848,5656
,,,,,,,,104,44544,12724,6072
,,,,,,,,105,44868,12816,6120
,,,,,,,,106,45068,12872,6144
,,,,,,,,107,44864,12812,6120
,,,,,,,,108,44236,12636,6032
,,,,,,,,109,43692,12476,5956
,,,,,,,,110,43476,12416,5928
,,,,,,,,111,43132,12320,5880
,,,,,,,,112,43412,12400,5916
,,,,,,,,113,46168,13184,6296
,,,,,,,,114,49188,14048,6704
,,,,,,,,115,49008,13996,6684
,,,,,,,,116,47896,13680,6528
,,,,,,,,117,46108,13168,6284
,,,,,,,,118,43152,12324,5884
,,,,,,,,119,39180,11188,5340
,,,,,,,,120,35748,10212,4872
,,,,,,,,121,33504,9568,4564
,,,,,,,,122,32284,9220,4400
,,,,,,,,123,31660,9040,4316
,,,,,,,,124,31504,8996,4296
,,,,,,,,125,32272,9216,4400
,,,,,,,,126,35000,9996,4772
,,,,,,,,127,40128,11460,5472
,,,,,,,,128,43200,12340,5892
,,,,,,,,129,43560,12440,5936
,,,,,,,,130,43604,12452,5944
,,,,,,,,131,43412,12400,5916
,,,,,,,,132,42768,12212,5832
,,,,,,,,133,42060,12012,5736
,,,,,,,,134,41692,11904,5684
,,,,,,,,135,41112,11740,5604
,,,,,,,,136,41308,11800,5632
,,,,,,,,137,43720,12484,5960
,,,,,,,,138,46028,13144,6276
,,,,,,,,139,45288,12936,6176
,,,,,,,,140,43984,12560,5996
,,,,,,,,141,42244,12064,5760
,,,,,,,,142,39976,11420,5452
,,,,,,,,143,36896,10540,5028
,,,,,,,,144,33728,9632,4600
,,,,,,,,145,31276,8936,4264
,,,,,,,,146,29920,8544,4080
,,,,,,,,147,29184,8332,3976
,,,,,,,,148,28884,8252,3936
,,,,,,,,149,29172,8332,3976
,,,,,,,,150,30284,8648,4128
,,,,,,,,151,32292,9220,4400
,,,,,,,,152,34408,9824,4688
,,,,,,,,153,36572,10444,4988
,,,,,,,,154,37884,10816,5164
,,,,,,,,155,38252,10924,5212
,,,,,,,,156,37944,10836,5172
,,,,,,,,157,37248,10636,5076
,,,,,,,,158,36460,10412,4968
,,,,,,,,159,35904,10256,4896
,,,,,,,,160,36288,10364,4944
,,,,,,,,161,38944,11120,5312
,,,,,,,,162,41612,11880,5672
,,,,,,,,163,41120,11744,5608
,,,,,,,,164,39800,11368,5428
,,,,,,,,165,38552,11008,5256
,,,,,,,,166,36748,10496,5008
,,,,,,,,167,34388,9820,4688
,,,,,,,,168,31792,9080,4336
,,,,,,,,169,29616,8456,4040
,,,,,,,,170,28356,8096,3864
,,,,,,,,171,27608,7884,3764
,,,,,,,,172,27408,7828,3736
,,,,,,,,173,27616,7888,3764
,,,,,,,,174,28420,8116,3876
,,,,,,,,175,29976,8560,4084
,,,,,,,,176,31604,9024,4308
,,,,,,,,177,33872,9672,4616
,,,,,,,,178,35624,10176,4856
,,,,,,,,179,36732,10492,5008
,,,,,,,,180,37424,10688,5104
,,,,,,,,181,37544,10720,5120
,,,,,,,,182,37336,10660,5088
,,,,,,,,183,37204,10624,5072
,,,,,,,,184,37724,10776,5144
,,,,,,,,185,40960,11700,5584
,,,,,,,,186,44324,12660,6044
,,,,,,,,187,44256,12640,6036
,,,,,,,,188,43116,12312,5876
,,,,,,,,189,41620,11884,5672
,,,,,,,,190,39164,11184,5340
,,,,,,,,191,35932,10260,4900
,,,,,,,,192,33104,9456,4512
,,,,,,,,193,31252,8924,4260
,,,,,,,,194,30360,8672,4140
,,,,,,,,195,30028,8576,4096
,,,,,,,,196,30144,8608,4108
,,,,,,,,197,31232,8920,4260
,,,,,,,,198,34368,9816,4684
,,,,,,,,199,40012,11428,5452
,,,,,,,,200,43272,12360,5900
,,,,,,,,201,43592,12448,5944
,,,,,,,,202,43636,12460,5948
,,,,,,,,203,43612,12456,5948
,,,,,,,,204,43240,12348,5896
,,,,,,,,205,42508,12140,5796
,,,,,,,,206,42052,12008,5736
,,,,,,,,207,41464,11840,5656
,,,,,,,,208,41604,11880,5672
,,,,,,,,209,44404,12680,6056
,,,,,,,,210,48176,13760,6568
,,,,,,,,211,48060,13724,6552
,,,,,,,,212,46772,13356,6376
,,,,,,,,213,44900,12820,6120
,,,,,,,,214,41812,11940,5700
,,,,,,,,215,37880,10816,5164
,,,,,,,,216,34400,9824,4688
,,,,,,,,217,32116,9172,4380
,,,,,,,,218,30980,8848,4220
,,,,,,,,219,30356,8668,4140
,,,,,,,,220,30312,8656,4132
,,,,,,,,221,31188,8908,4252
,,,,,,,,222,34084,9736,4644
,,,,,,,,223,39572,11300,5396
,,,,,,,,224,42504,12140,5796
,,,,,,,,225,42660,12184,5816
,,,,,,,,226,42876,12244,5844
,,,,,,,,227,42892,12248,5848
,,,,,,,,228,42476,12132,5792
,,,,,,,,229,41776,11932,5696
,,,,,,,,230,41420,11828,5648
,,,,,,,,231,41048,11720,5596
,,,,,,,,232,41328,11800,5632
,,,,,,,,233,44032,12576,6004
,,,,,,,,234,47112,13452,6420
,,,,,,,,235,46764,13356,6376
,,,,,,,,236,45604,13024,6220
,,,,,,,,237,43892,12536,5984
,,,,,,,,238,41000,11708,5592
,,,,,,,,239,37188,10620,5068
,,,,,,,,240,33872,9672,4616
,,,,,,,,241,31768,9076,4332
,,,,,,,,242,30716,8772,4188
,,,,,,,,243,30232,8632,4120
,,,,,,,,244,30368,8672,4140
,,,,,,,,245,31320,8944,4268
,,,,,,,,246,34452,9836,4696
,,,,,,,,247,39964,11416,5452
,,,,,,,,248,42888,12248,5848
,,,,,,,,249,42892,12248,5848
,,,,,,,,250,42636,12176,5812
,,,,,,,,251,42484,12132,5792
,,,,,,,,252,42144,12036,5744
,,,,,,,,253,41552,11864,5664
,,,,,,,,254,41312,11800,5632
,,,,,,,,255,40920,11684,5576
,,,,,,,,256,41196,11764,5616
,,,,,,,,257,43860,12524,5980
,,,,,,,,258,47124,13460,6424
,,,,,,,,259,46948,13408,6400
,,,,,,,,260,45792,13080,6240
,,,,,,,,261,44036,12576,6004
,,,,,,,,262,41020,11716,5592
,,,,,,,,263,37100,10596,5060
,,,,,,,,264,33648,9608,4584
,,,,,,,,265,31368,8956,4276
,,,,,,,,266,30116,8600,4104
,,,,,,,,267,29524,8432,4024
,,,,,,,,268,29512,8428,4020
,,,,,,,,269,30428,8688,4148
,,,,,,,,270,33288,9504,4540
,,,,,,,,271,38432,10976,5240
,,,,,,,,272,41988,11992,5724
,,,,,,,,273,42976,12272,5856
,,,,,,,,274,43676,12476,5956
,,,,,,,,275,44292,12648,6036
,,,,,,,,276,44448,12692,6060
,,,,,,,,277,44272,12644,6036
,,,,,,,,278,44076,12588,6008
,,,,,,,,279,43492,12420,5928
,,,,,,,,280,43388,12392,5916
,,,,,,,,281,45456,12984,6200
,,,,,,,,282,47804,13652,6520
,,,,,,,,283,47320,13512,6452
,,,,,,,,284,45916,13112,6260
,,,,,,,,285,43988,12560,5996
,,,,,,,,286,40896,11680,5572
,,,,,,,,287,37004,10568,5044
,,,,,,,,288,33620,9600,4584
,,,,,,,,289,31244,8924,4260
,,,,,,,,290,30052,8580,4096
,,,,,,,,291,29484,8420,4016
,,,,,,,,292,29376,8392,4004
,,,,,,,,293,30168,8616,4112
,,,,,,,,294,32868,9388,4480
,,,,,,,,295,38004,10852,5180
,,,,,,,,296,41360,11812,5636
,,,,,,,,297,42012,12000,5728
,,,,,,,,298,42192,12048,5752
,,,,,,,,299,42248,12064,5760
,,,,,,,,300,42064,12012,5736
,,,,,,,,301,41680,11904,5684
,,,,,,,,302,41512,11856,5660
,,,,,,,,303,41356,11812,5636
,,,,,,,,304,41956,11980,5720
,,,,,,,,305,44564,12728,6076
,,,,,,,,306,47180,13476,6432
,,,,,,,,307,46752,13352,6376
,,,,,,,,308,45556,13012,6212
,,,,,,,,309,44040,12580,6004
,,,,,,,,310,41780,11932,5696
,,,,,,,,311,38748,11064,5284
,,,,,,,,312,35724,10200,4868
,,,,,,,,313,33364,9528,4548
,,,,,,,,314,31984,9136,4360
,,,,,,,,315,31208,8916,4256
,,,,,,,,316,30968,8844,4220
,,,,,,,,317,31292,8936,4264
,,,,,,,,318,32388,9252,4416
,,,,,,,,319,34444,9836,4696
,,,,,,,,320,36512,10428,4976
,,,,,,,,321,38852,11096,5296
,,,,,,,,322,40692,11620,5548
,,,,,,,,323,41468,11840,5656
,,,,,,,,324,41208,11768,5616
,,,,,,,,325,40552,11580,5532
,,,,,,,,326,39792,11364,5424
,,,,,,,,327,39432,11260,5376
,,,,,,,,328,39752,11352,5420
,,,,,,,,329,42344,12092,5776
,,,,,,,,330,45880,13104,6256
,,,,,,,,331,45868,13100,6256
,,,,,,,,332,44840,12804,6116
,,,,,,,,333,43428,12404,5920
,,,,,,,,334,41708,11912,5688
,,,,,,,,335,39664,11328,5408
,,,,,,,,336,37284,10648,5084
,,,,,,,,337,35044,10008,4780
,,,,,,,,338,33704,9624,4596
,,,,,,,,339,33160,9472,4520
,,,,,,,,340,33096,9452,4512
,,,,,,,,341,33468,9556,4560
,,,,,,,,342,34400,9824,4688
,,,,,,,,343,36008,10284,4908
,,,,,,,,344,37744,10776,5148
,,,,,,,,345,40196,11480,5480
,,,,,,,,346,42040,12004,5732
,,,,,,,,347,43048,12292,5868
,,,,,,,,348,43384,12388,5916
,,,,,,,,349,43348,12380,5912
,,,,,,,,350,42908,12256,5852
,,,,,,,,351,42644,12180,5816
,,,,,,,,352,42988,12276,5860
,,,,,,,,353,45772,13072,6240
,,,,,,,,354,49412,14112,6736
,,,,,,,,355,49472,14128,6744
,,,,,,,,356,48096,13736,6560
,,,,,,,,357,46720,13344,6368
,,,,,,,,358,44392,12680,6052
,,,,,,,,359,41612,11884,5672
,,,,,,,,360,38828,11088,5292
,,,,,,,,361,36872,10532,5028
,,,,,,,,362,35852,10236,4888
,,,,,,,,363,35440,10120,4832
,,,,,,,,364,35456,10128,4832
,,,,,,,,365,36276,10360,4944
,,,,,,,,366,38416,10972,5236
,,,,,,,,367,41952,11980,5720
,,,,,,,,368,44556,12724,6076
,,,,,,,,369,46348,13236,6320
,,,,,,,,370,47348,13524,6456
,,,,,,,,371,47732,13632,6508
,,,,,,,,372,47352,13524,6456
,,,,,,,,373,46592,13304,6352
,,,,,,,,374,46060,13156,6280
,,,,,,,,375,45480,12988,6200
,,,,,,,,376,45568,13016,6212
,,,,,,,,377,47888,13676,6528
,,,,,,,,378,50980,14560,6948
,,,,,,,,379,50416,14400,6872
,,,,,,,,380,48892,13964,6664
,,,,,,,,381,46672,13328,6360
,,,,,,,,382,43472,12416,5928
,,,,,,,,383,39644,11320,5404
,,,,,,,,384,36112,10316,4924
,,,,,,,,385,33688,9620,4592
,,,,,,,,386,32320,9232,4404
,,,,,,,,387,31704,9056,4320
,,,,,,,,388,31540,9008,4300
,,,,,,,,389,32336,9236,4408
,,,,,,,,390,35084,10016,4784
,,,,,,,,391,40068,11444,5464
,,,,,,,,392,42992,12280,5860
,,,,,,,,393,43424,12404,5920
,,,,,,,,394,43444,12404,5920
,,,,,,,,395,43412,12400,5916
,,,,,,,,396,43244,12348,5896
,,,,,,,,397,43016,12284,5864
,,,,,,,,398,42964,12272,5856
,,,,,,,,399,42820,12228,5836
,,,,,,,,400,43232,12344,5896
,,,,,,,,401,45632,13032,6220
,,,,,,,,402,47960,13696,6540
,,,,,,,,403,47292,13504,6448
,,,,,,,,404,45868,13100,6252
,,,,,,,,405,43744,12496,5964
,,,,,,,,406,40580,11588,5532
,,,,,,,,407,36632,10460,4992
,,,,,,,,408,33080,9448,4508
,,,,,,,,409,30692,8764,4184
,,,,,,,,410,29472,8416,4016
,,,,,,,,411,28840,8236,3932
,,,,,,,,412,28768,8216,3920
,,,,,,,,413,29712,8484,4052
,,,,,,,,414,32780,9360,4468
,,,,,,,,415,38404,10968,5236
,,,,,,,,416,41348,11808,5636
,,,,,,,,417,41656,11896,5676
,,,,,,,,418,41908,11968,5712
,,,,,,,,419,42232,12060,5756
,,,,,,,,420,42252,12068,5760
,,,,,,,,421,42056,12012,5736
,,,,,,,,422,42008,12000,5728
,,,,,,,,423,41808,11940,5700
,,,,,,,,424,42160,12040,5748
,,,,,,,,425,44668,12756,6092
,,,,,,,,426,48888,13964,6664
,,,,,,,,427,49244,14064,6716
,,,,,,,,428,48388,13820,6596
,,,,,,,,429,46724,13344,6368
,,,,,,,,430,43900,12540,5984
,,,,,,,,431,40304,11512,5492
,,,,,,,,432,36996,10564,5044
,,,,,,,,433,34936,9976,4764
,,,,,,,,434,33952,9696,4628
,,,,,,,,435,33544,9580,4572
,,,,,,,,436,33620,9600,4584
,,,,,,,,437,34688,9904,4728
,,,,,,,,438,37784,10792,5152
,,,,,,,,439,43440,12404,5920
,,,,,,,,440,46404,13252,6324
,,,,,,,,441,46532,13288,6344
,,,,,,,,442,46296,13224,6312
,,,,,,,,443,46044,13148,6280
,,,,,,,,444,45472,12984,6200
,,,,,,,,445,44760,12784,6100
,,,,,,,,446,44312,12656,6040
,,,,,,,,447,43784,12504,5972
,,,,,,,,448,44084,12592,6012
,,,,,,,,449,46308,13224,6316
,,,,,,,,450,49408,14112,6736
,,,,,,,,451,49320,14084,6724
,,,,,,,,452,48468,13844,6608
,,,,,,,,453,46524,13288,6340
,,,,,,,,454,43460,12412,5924
,,,,,,,,455,39600,11308,5400
,,,,,,,,456,36100,10312,4924
,,,,,,,,457,33736,9636,4600
,,,,,,,,458,32400,9256,4420
,,,,,,,,459,31788,9076,4332
,,,,,,,,460,31652,9040,4316
,,,,,,,,461,32608,9316,4444
,,,,,,,,462,35464,10128,4836
,,,,,,,,463,40752,11640,5556
,,,,,,,,464,43564,12444,5936
,,,,,,,,465,43880,12532,5980
,,,,,,,,466,44008,12568,6000
,,,,,,,,467,44132,12604,6016
,,,,,,,,468,43952,12552,5992
,,,,,,,,469,43460,12412,5924
,,,,,,,,470,43144,12324,5880
,,,,,,,,471,42624,12172,5812
,,,,,,,,472,42696,12196,5820
,,,,,,,,473,44592,12736,6080
,,,,,,,,474,48100,13740,6560
,,,,,,,,475,47920,13684,6532
,,,,,,,,476,46744,13348,6372
,,,,,,,,477,45220,12916,6164
,,,,,,,,478,43044,12292,5868
,,,,,,,,479,40076,11444,5464
,,,,,,,,480,36972,10556,5040
,,,,,,,,481,34760,9928,4740
,,,,,,,,482,33520,9572,4568
,,,,,,,,483,32760,9356,4464
,,,,,,,,484,32464,9272,4424
,,,,,,,,485,32740,9352,4464
,,,,,,,,486,33800,9656,4608
,,,,,,,,487,35892,10252,4892
,,,,,,,,488,38384,10960,5232
,,,,,,,,489,41160,11756,5612
,,,,,,,,490,43580,12444,5940
,,,,,,,,491,45068,12872,6144
,,,,,,,,492,45704,13052,6232
,,,,,,,,493,45700,13052,6232
,,,,,,,,494,45120,12884,6152
,,,,,,,,495,44384,12676,6052
,,,,,,,,496,44072,12584,6008
,,,,,,,,497,45756,13064,6240
,,,,,,,,498,48644,13892,6632
,,,,,,,,499,48144,13748,6564
,,,,,,,,500,46476,13272,6336
,,,,,,,,501,44760,12780,6100
,,,,,,,,502,42536,12148,5796
,,,,,,,,503,39804,11368,5428
,,,,,,,,504,37132,10604,5064
,,,,,,,,505,35044,10008,4780
,,,,,,,,506,33896,9680,4624
,,,,,,,,507,33344,9520,4544
,,,,,,,,508,33100,9456,4512
,,,,,,,,509,33320,9516,4544
,,,,,,,,510,34228,9776,4664
,,,,,,,,511,35836,10236,4888
,,,,,,,,512,37596,10736,5128
,,,,,,,,513,39928,11400,5444
,,,,,,,,514,41364,11812,5640
,,,,,,,,515,41932,11976,5716
,,,,,,,,516,41924,11972,5712
,,,,,,,,517,41672,11900,5680
,,,,,,,,518,41356,11812,5636
,,,,,,,,519,41232,11776,5620
,,,,,,,,520,41304,11796,5632
,,,,,,,,521,43232,12344,5896
,,,,,,,,522,46108,13168,6284
,,,,,,,,523,46124,13172,6288
,,,,,,,,524,45280,12932,6176
,,,,,,,,525,43620,12460,5948
,,,,,,,,526,40888,11680,5572
,,,,,,,,527,37832,10804,5156
,,,,,,,,528,34732,9916,4736
,,,,,,,,529,32504,9284,4432
,,,,,,,,530,31368,8956,4276
,,,,,,,,531,30908,8828,4216
,,,,,,,,532,30932,8836,4220
,,,,,,,,533,31892,9108,4348
,,,,,,,,534,34816,9940,4744
,,,,,,,,535,40136,11460,5472
,,,,,,,,536,43124,12316,5876
,,,,,,,,537,43768,12504,5968
,,,,,,,,538,44132,12604,6016
,,,,,,,,539,44476,12704,6064
,,,,,,,,540,44412,12680,6056
,,,,,,,,541,43984,12560,5996
,,,,,,,,542,43684,12476,5956
,,,,,,,,543,43212,12340,5892
,,,,,,,,544,43232,12344,5896
,,,,,,,,545,45204,12908,6160
,,,,,,,,546,48076,13728,6556
,,,,,,,,547,47676,13616,6500
,,,,,,,,548,46164,13184,6296
,,,,,,,,549,43988,12560,5996
,,,,,,,,550,40788,11648,5560
,,,,,,,,551,36776,10500,5012
,,,,,,,,552,33140,9464,4520
,,,,,,,,553,30828,8804,4200
,,,,,,,,554,29364,8388,4000
,,,,,,,,555,28648,8180,3904
,,,,,,,,556,28464,8128,3880
,,,,,,,,557,29276,8360,3992
,,,,,,,,558,31976,9132,4360
,,,,,,,,559,37348,10664,5092
,,,,,,,,560,40312,11512,5496
,,,,,,,,561,40612,11600,5536
,,,,,,,,562,40444,11552,5512
,,,,,,,,563,40492,11564,5520
,,,,,,,,564,40324,11516,5496
,,,,,,,,565,39860,11384,5432
,,,,,,,,566,39556,11300,5392
,,,,,,,,567,39132,11176,5332
,,,,,,,,568,39164,11184,5340
,,,,,,,,569,41124,11744,5608
,,,,,,,,570,44728,12776,6100
,,,,,,,,571,44768,12784,6104
,,,,,,,,572,43704,12480,5956
,,,,,,,,573,41972,11988,5720
,,,,,,,,574,39104,11168,5328
,,,,,,,,575,35520,10144,4844
,,,,,,,,576,32168,9188,4384
,,,,,,,,577,30012,8572,4092
,,,,,,,,578,28928,8260,3944
,,,,,,,,579,28444,8124,3876
,,,,,,,,580,28468,8132,3880
,,,,,,,,581,29384,8392,4004
,,,,,,,,582,32348,9236,4408
,,,,,,,,583,37960,10840,5176
,,,,,,,,584,41092,11736,5604
,,,,,,,,585,41352,11808,5636
,,,,,,,,586,41584,11876,5672
,,,,,,,,587,41772,11928,5696
,,,,,,,,588,41664,11900,5680
,,,,,,,,589,41248,11780,5624
,,,,,,,,590,41024,11716,5592
,,,,,,,,591,40552,11580,5532
,,,,,,,,592,40488,11564,5520
,,,,,,,,593,42312,12084,5768
,,,,,,,,594,46292,13224,6312
,,,,,,,,595,46560,13300,6348
,,,,,,,,596,45500,12996,6204
,,,,,,,,597,43832,12520,5976
,,,,,,,,598,40844,11664,5568
,,,,,,,,599,36972,10556,5040
,,,,,,,,600,33540,9576,4572
,,,,,,,,601,31300,8940,4268
,,,,,,,,602,30156,8612,4112
,,,,,,,,603,29616,8456,4040
,,,,,,,,604,29592,8452,4036
,,,,,,,,605,30528,8720,4160
,,,,,,,,606,33372,9532,4548
,,,,,,,,607,38948,11120,5312
,,,,,,,,608,41928,11976,5716
,,,,,,,,609,42128,12032,5744
,,,,,,,,610,42000,11996,5728
,,,,,,,,611,41896,11964,5712
,,,,,,,,612,41620,11888,5672
,,,,,,,,613,41288,11792,5628
,,,,,,,,614,41256,11780,5624
,,,,,,,,615,41140,11748,5608
,,,,,,,,616,41456,11840,5652
,,,,,,,,617,43472,12416,5928
,,,,,,,,618,46640,13320,6360
,,,,,,,,619,46520,13284,6340
,,,,,,,,620,45444,12980,6196
,,,,,,,,621,43644,12464,5952
,,,,,,,,622,40764,11640,5556
,,,,,,,,623,36976,10560,5040
,,,,,,,,624,33584,9592,4580
,,,,,,,,625,31288,8936,4264
,,,,,,,,626,29976,8560,4084
,,,,,,,,627,29372,8388,4004
,,,,,,,,628,29156,8328,3976
,,,,,,,,629,29928,8548,4080
,,,,,,,,630,32568,9300,4440
,,,,,,,,631,37552,10724,5120
,,,,,,,,632,40932,11688,5580
,,,,,,,,633,41976,11988,5724
,,,,,,,,634,42660,12184,5816
,,,,,,,,635,43120,12316,5876
,,,,,,,,636,43268,12356,5896
,,,,,,,,637,42972,12272,5856
,,,,,,,,638,42628,12176,5812
,,,,,,,,639,42064,12012,5736
,,,,,,,,640,41872,11960,5708
,,,,,,,,641,43152,12324,5884
,,,,,,,,642,45016,12856,6140
,,,,,,,,643,44352,12668,6048
,,,,,,,,644,42860,12240,5844
,,,,,,,,645,41248,11780,5624
,,,,,,,,646,39068,11160,5328
,,,,,,,,647,36164,10328,4928
,,,,,,,,648,33220,9488,4528
,,,,,,,,649,30852,8812,4204
,,,,,,,,650,29424,8404,4012
,,,,,,,,651,28696,8192,3912
,,,,,,,,652,28424,8116,3876
,,,,,,,,653,28680,8192,3912
,,,,,,,,654,29880,8536,4076
,,,,,,,,655,31956,9128,4356
,,,,,,,,656,34172,9756,4660
,,,,,,,,657,36516,10428,4980
,,,,,,,,658,38016,10860,5184
,,,,,,,,659,38684,11048,5272
,,,,,,,,660,38312,10940,5224
,,,,,,,,661,37588,10736,5124
,,,,,,,,662,36608,10456,4988
,,,,,,,,663,36008,10284,4908
,,,,,,,,664,36020,10288,4908
,,,,,,,,665,37740,10776,5148
,,,,,,,,666,41364,11812,5640
,,,,,,,,667,41664,11900,5680
,,,,,,,,668,40448,11552,5512
,,,,,,,,669,39208,11200,5348
,,,,,,,,670,37324,10660,5088
,,,,,,,,671,34920,9972,4760
,,,,,,,,672,32352,9240,4412
,,,,,,,,673,30268,8644,4124
,,,,,,,,674,29016,8288,3956
,,,,,,,,675,28352,8096,3864
,,,,,,,,676,28136,8032,3836
,,,,,,,,677,28404,8112,3872
,,,,,,,,678,29248,8356,3988
,,,,,,,,679,30796,8796,4200
,,,,,,,,680,32360,9240,4412
,,,,,,,,681,34692,9908,4728
,,,,,,,,682,36276,10360,4944
,,,,,,,,683,37140,10608,5064
,,,,,,,,684,37444,10696,5104
,,,,,,,,685,37328,10660,5088
,,,,,,,,686,36948,10552,5036
,,,,,,,,687,36548,10440,4984
,,,,,,,,688,36708,10484,5004
,,,,,,,,689,38824,11088,5292
,,,,,,,,690,43128,12316,5880
,,,,,,,,691,43800,12508,5972
,,,,,,,,692,42764,12212,5832
,,,,,,,,693,41152,11752,5612
,,,,,,,,694,38552,11012,5256
,,,,,,,,695,35396,10108,4824
,,,,,,,,696,32460,9272,4424
,,,,,,,,697,30476,8704,4156
,,,,,,,,698,29496,8424,4020
,,,,,,,,699,29112,8316,3968
,,,,,,,,700,29228,8348,3984
,,,,,,,,701,30284,8648,4128
,,,,,,,,702,33272,9500,4536
,,,,,,,,703,38904,11112,5304
,,,,,,,,704,41924,11972,5712
,,,,,,,,705,42320,12084,5772
,,,,,,,,706,42680,12188,5816
,,,,,,,,707,42644,12180,5816
,,,,,,,,708,42460,12124,5788
,,,,,,,,709,42128,12032,5744
,,,,,,,,710,41816,11940,5700
,,,,,,,,711,41372,11816,5640
,,,,,,,,712,41516,11860,5660
,,,,,,,,713,43268,12356,5896
,,,,,,,,714,47380,13532,6460
,,,,,,,,715,47896,13680,6532
,,,,,,,,716,46768,13356,6376
,,,,,,,,717,45012,12856,6140
,,,,,,,,718,41940,11980,5716
,,,,,,,,719,38036,10860,5188
,,,,,,,,720,34532,9860,4704
,,,,,,,,721,32336,9236,4408
,,,,,,,,722,31136,8896,4244
,,,,,,,,723,30560,8728,4164
,,,,,,,,724,30504,8712,4160
,,,,,,,,725,31384,8964,4280
,,,,,,,,726,34228,9776,4664
,,,,,,,,727,39640,11320,5404
,,,,,,,,728,42636,12176,5816
,,,,,,,,729,42928,12260,5852
,,,,,,,,730,42884,12244,5848
,,,,,,,,731,42680,12188,5816
,,,,,,,,732,42188,12048,5752
,,,,,,,,733,41464,11840,5656
,,,,,,,,734,40880,11676,5572
,,,,,,,,735,40192,11480,5480
,,,,,,,,736,39960,11412,5448
,,,,,,,,737,41336,11804,5632
,,,,,,,,738,45172,12904,6160
,,,,,,,,739,45692,13048,6228
,,,,,,,,740,44592,12736,6080
,,,,,,,,741,42776,12216,5832
,,,,,,,,742,39884,11392,5436
,,,,,,,,743,36064,10296,4916
,,,,,,,,744,32656,9328,4452
,,,,,,,,745,30468,8700,4152
,,,,,,,,746,29260,8356,3988
,,,,,,,,747,28680,8192,3908
,,,,,,,,748,28680,8192,3912
,,,,,,,,749,29492,8420,4020
,,,,,,,,750,32380,9248,4416
,,,,,,,,751,37788,10792,5152
,,,,,,,,752,40912,11684,5576
,,,,,,,,753,41220,11772,5620
,,,,,,,,754,41248,11780,5624
,,,,,,,,755,41216,11772,5620
,,,,,,,,756,41132,11748,5608
,,,,,,,,757,40708,11624,5552
,,,,,,,,758,40316,11516,5496
,,,,,,,,759,39508,11280,5388
,,,,,,,,760,39168,11184,5340
,,,,,,,,761,40300,11508,5492
,,,,,,,,762,43880,12532,5980
,,,,,,,,763,44368,12672,6048
,,,,,,,,764,43280,12360,5900
,,,,,,,,765,41536,11860,5664
,,,,,,,,766,38712,11056,5276
,,,,,,,,767,34952,9980,4764
,,,,,,,,768,31616,9032,4308
,,,,,,,,769,29460,8412,4016
,,,,,,,,770,28348,8096,3864
,,,,,,,,771,27840,7952,3796
,,,,,,,,772,27884,7964,3800
,,,,,,,,773,28812,8228,3928
,,,,,,,,774,31812,9084,4336
,,,,,,,,775,37420,10688,5100
,,,,,,,,776,40392,11536,5508
,,,,,,,,777,40944,11692,5580
,,,,,,,,778,41316,11800,5632
,,,,,,,,779,41716,11916,5688
,,,,,,,,780,41808,11940,5700
,,,,,,,,781,41640,11892,5676
,,,,,,,,782,41568,11872,5668
,,,,,,,,783,41436,11832,5648
,,,,,,,,784,41812,11940,5700
,,,,,,,,785,43620,12460,5948
,,,,,,,,786,46320,13228,6316
,,,,,,,,787,46452,13264,6332
,,,,,,,,788,45384,12964,6188
,,,,,,,,789,43736,12492,5964
,,,,,,,,790,40904,11680,5576
,,,,,,,,791,37216,10628,5072
,,,,,,,,792,33908,9684,4624
,,,,,,,,793,31740,9064,4328
,,,,,,,,794,30584,8736,4168
,,,,,,,,795,30172,8616,4112
,,,,,,,,796,30232,8632,4120
,,,,,,,,797,31164,8900,4248
,,,,,,,,798,34188,9760,4660
,,,,,,,,799,39760,11356,5420
,,,,,,,,800,42504,12140,5796
,,,,,,,,801,42840,12236,5840
,,,,,,,,802,42740,12204,5828
,,,,,,,,803,42640,12180,5816
,,,,,,,,804,42228,12060,5756
,,,,,,,,805,41460,11840,5652
,,,,,,,,806,40940,11692,5580
,,,,,,,,807,40304,11512,5492
,,,,,,,,808,40092,11452,5468
,,,,,,,,809,41288,11792,5628
,,,,,,,,810,44592,12736,6076
,,,,,,,,811,45040,12864,6140
,,,,,,,,812,43928,12544,5988
,,,,,,,,813,42452,12120,5788
,,,,,,,,814,40244,11492,5488
,,,,,,,,815,37236,10636,5076
,,,,,,,,816,33996,9708,4636
,,,,,,,,817,31604,9024,4308
,,,,,,,,818,30280,8648,4128
,,,,,,,,819,29548,8436,4028
,,,,,,,,820,29264,8356,3988
,,,,,,,,821,29484,8420,4016
,,,,,,,,822,30552,8724,4164
,,,,,,,,823,32652,9324,4452
,,,,,,,,824,34812,9940,4744
,,,,,,,,825,37088,10592,5056
,,,,,,,,826,38476,10988,5248
,,,,,,,,827,38952,11124,5312
,,,,,,,,828,38652,11040,5272
,,,,,,,,829,38012,10856,5184
,,,,,,,,830,37212,10628,5072
,,,,,,,,831,36712,10484,5008
,,,,,,,,832,36756,10500,5008
,,,,,,,,833,38204,10912,5208
,,,,,,,,834,41892,11964,5712
,,,,,,,,835,42696,12192,5820
,,,,,,,,836,41708,11912,5688
,,,,,,,,837,40532,11576,5528
,,,,,,,,838,38740,11064,5280
,,,,,,,,839,36348,10380,4956
,,,,,,,,840,33836,9664,4612
,,,,,,,,841,31824,9088,4340
,,,,,,,,842,30684,8764,4180
,,,,,,,,843,30152,8612,4112
,,,,,,,,844,30004,8568,4092
,,,,,,,,845,30236,8632,4120
,,,,,,,,846,31116,8888,4240
,,,,,,,,847,32584,9304,4440
,,,,,,,,848,34380,9816,4684
,,,,,,,,849,36756,10500,5008
,,,,,,,,850,38280,10932,5220
,,,,,,,,851,38916,11112,5304
,,,,,,,,852,39128,11176,5332
,,,,,,,,853,38968,11128,5312
,,,,,,,,854,38416,10972,5236
,,,,,,,,855,38024,10860,5184
,,,,,,,,856,38236,10920,5212
,,,,,,,,857,39900,11396,5440
,,,,,,,,858,43480,12416,5928
,,,,,,,,859,42908,12252,5852
,,,,,,,,860,40816,11660,5564
,,,,,,,,861,39760,11356,5420
,,,,,,,,862,38044,10864,5188
,,,,,,,,863,36736,10492,5008
,,,,,,,,864,33724,9632,4596
,,,,,,,,865,31464,8984,4288
,,,,,,,,866,30396,8680,4144
,,,,,,,,867,30008,8572,4092
,,,,,,,,868,30116,8600,4104
,,,,,,,,869,31072,8876,4236
,,,,,,,,870,33988,9708,4632
,,,,,,,,871,39308,11224,5360
,,,,,,,,872,41956,11980,5720
,,,,,,,,873,42328,12088,5772
,,,,,,,,874,42104,12024,5740
,,,,,,,,875,41992,11992,5724
,,,,,,,,876,41620,11884,5672
,,,,,,,,877,40880,11676,5572
,,,,,,,,878,40308,11512,5496
,,,,,,,,879,39592,11308,5396
,,,,,,,,880,39300,11220,5356
,,,,,,,,881,40520,11572,5524
,,,,,,,,882,44376,12672,6052
,,,,,,,,883,45488,12992,6200
,,,,,,,,884,44360,12668,6048
,,,,,,,,885,42408,12112,5780
,,,,,,,,886,39368,11244,5368
,,,,,,,,887,35712,10196,4868
,,,,,,,,888,32380,9248,4416
,,,,,,,,889,30280,8648,4128
,,,,,,,,890,29184,8332,3976
,,,,,,,,891,28748,8212,3916
,,,,,,,,892,28804,8224,3928
,,,,,,,,893,29764,8500,4056
,,,,,,,,894,32788,9364,4468
,,,,,,,,895,38176,10900,5204
,,,,,,,,896,40872,11672,5572
,,,,,,,,897,41156,11756,5612
,,,,,,,,898,41188,11760,5612
,,,,,,,,899,41224,11776,5620
,,,,,,,,900,41092,11736,5600
,,,,,,,,901,40676,11616,5544
,,,,,,,,902,40364,11528,5504
,,,,,,,,903,39860,11384,5432
,,,,,,,,904,39892,11392,5436
,,,,,,,,905,41268,11784,5628
,,,,,,,,906,44908,12824,6120
,,,,,,,,907,45816,13084,6244
,,,,,,,,908,44892,12820,6120
,,,,,,,,909,43256,12352,5896
,,,,,,,,910,40448,11552,5512
,,,,,,,,911,36760,10500,5012
,,,,,,,,912,33588,9592,4580
,,,,,,,,913,31588,9020,4304
,,,,,,,,914,30632,8748,4176
,,,,,,,,915,30320,8656,4132
,,,,,,,,916,30508,8716,4160
,,,,,,,,917,31536,9008,4300
,,,,,,,,918,34716,9916,4732
,,,,,,,,919,40320,11516,5496
,,,,,,,,920,43040,12292,5868
,,,,,,,,921,43376,12384,5916
,,,,,,,,922,43156,12324,5884
,,,,,,,,923,42888,12248,5848
,,,,,,,,924,42404,12112,5780
,,,,,,,,925,41744,11920,5692
,,,,,,,,926,41392,11820,5644
,,,,,,,,927,41028,11720,5592
,,,,,,,,928,41420,11828,5648
,,,,,,,,929,43132,12320,5880
,,,,,,,,930,46468,13272,6336
,,,,,,,,931,46996,13424,6408
,,,,,,,,932,45824,13084,6248
,,,,,,,,933,44016,12572,6000
,,,,,,,,934,41032,11720,5592
,,,,,,,,935,37056,10584,5052
,,,,,,,,936,33696,9624,4592
,,,,,,,,937,31488,8996,4292
,,,,,,,,938,30380,8676,4140
,,,,,,,,939,29860,8528,4072
,,,,,,,,940,29896,8536,4076
,,,,,,,,941,30900,8824,4212
,,,,,,,,942,34032,9716,4640
,,,,,,,,943,39572,11300,5396
,,,,,,,,944,42124,12032,5744
,,,,,,,,945,42132,12032,5744
,,,,,,,,946,41792,11936,5696
,,,,,,,,947,41556,11868,5664
,,,,,,,,948,41092,11736,5604
,,,,,,,,949,40428,11544,5512
,,,,,,,,950,40000,11424,5452
,,,,,,,,951,39368,11240,5368
,,,,,,,,952,39260,11212,5352
,,,,,,,,953,40420,11544,5512
,,,,,,,,954,44060,12584,6008
,,,,,,,,955,45428,12976,6196
,,,,,,,,956,44600,12740,6080
,,,,,,,,957,43112,12312,5876
,,,,,,,,958,40452,11552,5512
,,,,,,,,959,36748,10496,5008
,,,,,,,,960,33532,9576,4572
,,,,,,,,961,31528,9004,4300
,,,,,,,,962,30484,8708,4156
,,,,,,,,963,30040,8580,4096
,,,,,,,,964,30128,8604,4108
,,,,,,,,965,31100,8880,4240
,,,,,,,,966,34024,9716,4640
,,,,,,,,967,39336,11236,5364
,,,,,,,,968,42016,12000,5728
,,,,,,,,969,42020,12000,5728
,,,,,,,,970,41560,11868,5668
,,,,,,,,971,41240,11780,5620
,,,,,,,,972,40708,11624,5552
,,,,,,,,973,39880,11392,5436
,,,,,,,,974,39412,11256,5372
,,,,,,,,975,38876,11100,5300
,,,,,,,,976,38696,11052,5276
,,,,,,,,977,39836,11380,5432
,,,,,,,,978,43020,12284,5864
,,,,,,,,979,43544,12436,5936
,,,,,,,,980,42304,12080,5768
,,,,,,,,981,40712,11628,5552
,,,,,,,,982,38508,10996,5248
,,,,,,,,983,35580,10160,4848
,,,,,,,,984,32648,9324,4452
,,,,,,,,985,30452,8696,4152
,,,,,,,,986,29224,8344,3984
,,,,,,,,987,28488,8136,3884
,,,,,,,,988,28220,8060,3848
,,,,,,,,989,28528,8148,3888
,,,,,,,,990,29660,8472,4044
,,,,,,,,991,31764,9072,4332
,,,,,,,,992,34080,9732,4644
,,,,,,,,993,36796,10508,5016
,,,,,,,,994,38892,11108,5304
,,,,,,,,995,39880,11392,5436
,,,,,,,,996,40024,11432,5456
,,,,,,,,997,39656,11324,5408
,,,,,,,,998,39084,11160,5328
,,,,,,,,999,38512,10996,5248
,,,,,,,,1000,38236,10920,5212
,,,,,,,,1001,39408,11256,5372
,,,,,,,,1002,42344,12092,5776
,,,,,,,,1003,42924,12260,5852
,,,,,,,,1004,41688,11904,5684
,,,,,,,,1005,40324,11520,5496
,,,,,,,,1006,38516,11000,5248
,,,,,,,,1007,36236,10348,4940
,,,,,,,,1008,33872,9676,4620
,,,,,,,,1009,32132,9176,4380
,,,,,,,,1010,31172,8904,4248
,,,,,,,,1011,30844,8812,4204
,,,,,,,,1012,30872,8816,4208
,,,,,,,,1013,31288,8936,4264
,,,,,,,,1014,32248,9212,4396
,,,,,,,,1015,33804,9656,4608
,,,,,,,,1016,35528,10148,4844
,,,,,,,,1017,37956,10840,5172
,,,,,,,,1018,39704,11340,5412
,,,,,,,,1019,40568,11584,5532
,,,,,,,,1020,40756,11640,5556
,,,,,,,,1021,40584,11592,5532
,,,,,,,,1022,40144,11464,5472
,,,,,,,,1023,39704,11340,5412
,,,,,,,,1024,39924,11400,5444
,,,,,,,,1025,41616,11884,5672
,,,,,,,,1026,45476,12988,6200
,,,,,,,,1027,47032,13432,6412
,,,,,,,,1028,46224,13204,6300
,,,,,,,,1029,44608,12740,6080
,,,,,,,,1030,41936,11976,5716
,,,,,,,,1031,38888,11104,5300
,,,,,,,,1032,35992,10276,4904
,,,,,,,,1033,34020,9716,4640
,,,,,,,,1034,33060,9440,4504
,,,,,,,,1035,32672,9332,4456
,,,,,,,,1036,32756,9356,4464
,,,,,,,,1037,33712,9628,4596
,,,,,,,,1038,36588,10448,4988
,,,,,,,,1039,41836,11948,5704
,,,,,,,,1040,44396,12680,6056
,,,,,,,,1041,44592,12736,6080
,,,,,,,,1042,44324,12660,6040
,,,,,,,,1043,44060,12584,6008
,,,,,,,,1044,43668,12472,5956
,,,,,,,,1045,42840,12236,5840
,,,,,,,,1046,42196,12052,5756
,,,,,,,,1047,41436,11832,5648
,,,,,,,,1048,41160,11756,5612
,,,,,,,,1049,42144,12036,5744
,,,,,,,,1050,45612,13024,6220
,,,,,,,,1051,47056,13440,6416
,,,,,,,,1052,46176,13184,6296
,,,,,,,,1053,44532,12720,6072
,,,,,,,,1054,41684,11904,5684
,,,,,,,,1055,37936,10836,5172
,,,,,,,,1056,34536,9860,4708
,,,,,,,,1057,32360,9240,4412
,,,,,,,,1058,31244,8924,4260
,,,,,,,,1059,30836,8808,4204
,,,,,,,,1060,30828,8804,4200
,,,,,,,,1061,31772,9076,4332
,,,,,,,,1062,34720,9916,4732
,,,,,,,,1063,40092,11452,5468
,,,,,,,,1064,42636,12176,5816
,,,,,,,,1065,42804,12224,5836
,,,,,,,,1066,42672,12184,5816
,,,,,,,,1067,42592,12164,5808
,,,,,,,,1068,42224,12060,5756
,,,,,,,,1069,41736,11920,5692
,,,,,,,,1070,41364,11812,5640
,,,,,,,,1071,40900,11680,5576
,,,,,,,,1072,40676,11616,5544
,,,,,,,,1073,41532,11860,5660
,,,,,,,,1074,44736,12776,6100
,,,,,,,,1075,45952,13124,6264
,,,,,,,,1076,44788,12792,6104
,,,,,,,,1077,43048,12292,5868
,,,,,,,,1078,40224,11488,5484
,,,,,,,,1079,36536,10436,4980
,,,,,,,,1080,33272,9500,4536
,,,,,,,,1081,31052,8868,4232
,,,,,,,,1082,29864,8528,4072
,,,,,,,,1083,29288,8364,3992
,,,,,,,,1084,29228,8348,3984
,,,,,,,,1085,30040,8576,4096
,,,,,,,,1086,33008,9428,4500
,,,,,,,,1087,38324,10944,5224
,,,,,,,,1088,41164,11756,5612
,,,,,,,,1089,41724,11916,5688
,,,,,,,,1090,41860,11956,5708
,,,,,,,,1091,41980,11988,5724
,,,,,,,,1092,41796,11936,5696
,,,,,,,,1093,41296,11796,5632
,,,,,,,,1094,41064,11728,5596
,,,,,,,,1095,40596,11596,5532
,,,,,,,,1096,40440,11548,5512
,,,,,,,,1097,41436,11836,5652
,,,,,,,,1098,44396,12680,6052
,,,,,,,,1099,45420,12972,6192
,,,,,,,,1100,44352,12668,6048
,,,,,,,,1101,42544,12148,5800
,,,,,,,,1102,39708,11340,5412
,,,,,,,,1103,35972,10276,4904
,,,,,,,,1104,32568,9300,4440
,,,,,,,,1105,30500,8712,4160
,,,,,,,,1106,29408,8396,4008
,,,,,,,,1107,28988,8276,3952
,,,,,,,,1108,29188,8336,3976
,,,,,,,,1109,30128,8604,4108
,,,,,,,,1110,33256,9496,4532
,,,,,,,,1111,38564,11016,5256
,,,,,,,,1112,41148,11752,5612
,,,,,,,,1113,41480,11844,5656
,,,,,,,,1114,41540,11864,5664
,,,,,,,,1115,41460,11840,5652
,,,,,,,,1116,41240,11780,5620
,,,,,,,,1117,40988,11704,5588
,,,,,,,,1118,40976,11700,5588
,,,,,,,,1119,40672,11616,5544
,,,,,,,,1120,40816,11660,5564
,,,,,,,,1121,42288,12080,5764
,,,,,,,,1122,45036,12864,6140
,,,,,,,,1123,45624,13028,6220
,,,,,,,,1124,44484,12704,6064
,,,,,,,,1125,42716,12200,5824
,,,,,,,,1126,39864,11384,5432
,,,,,,,,1127,36100,10312,4924
,,,,,,,,1128,32748,9352,4464
,,,,,,,,1129,30444,8696,4152
,,,,,,,,1130,29136,8320,3972
,,,,,,,,1131,28440,8124,3876
,,,,,,,,1132,28328,8092,3860
,,,,,,,,1133,29064,8300,3960
,,,,,,,,1134,31764,9072,4332
,,,,,,,,1135,36760,10500,5012
,,,,,,,,1136,39740,11348,5416
,,,,,,,,1137,40580,11588,5532
,,,,,,,,1138,40796,11652,5560
,,,,,,,,1139,40852,11668,5572
,,,,,,,,1140,40540,11580,5528
,,,,,,,,1141,39856,11380,5432
,,,,,,,,1142,39368,11244,5368
,,,,,,,,1143,38708,11056,5276
,,,,,,,,1144,38352,10956,5232
,,,,,,,,1145,39028,11144,5320
,,,,,,,,1146,41692,11904,5684
,,,,,,,,1147,42928,12260,5852
,,,,,,,,1148,41860,11956,5708
,,,,,,,,1149,40448,11552,5512
,,,,,,,,1150,38432,10976,5240
,,,,,,,,1151,35608,10172,4856
,,,,,,,,1152,32676,9332,4456
,,,,,,,,1153,30504,8712,4160
,,,,,,,,1154,29276,8360,3992
,,,,,,,,1155,28700,8196,3912
,,,,,,,,1156,28460,8128,3876
,,,,,,,,1157,28752,8212,3920
,,,,,,,,1158,29972,8560,4084
,,,,,,,,1159,31884,9108,4344
,,,,,,,,1160,33948,9696,4628
,,,,,,,,1161,36216,10344,4936
,,,,,,,,1162,37512,10716,5112
,,,,,,,,1163,37900,10824,5168
,,,,,,,,1164,37588,10736,5124
,,,,,,,,1165,36852,10524,5024
,,,,,,,,1166,35948,10268,4900
,,,,,,,,1167,35384,10104,4824
,,,,,,,,1168,35420,10116,4828
,,,,,,,,1169,36624,10456,4992
,,,,,,,,1170,39596,11308,5396
,,,,,,,,1171,40812,11656,5564
,,,,,,,,1172,39740,11352,5416
,,,,,,,,1173,38500,10996,5248
,,,,,,,,1174,36720,10488,5008
,,,,,,,,1175,34324,9804,4680
,,,,,,,,1176,31884,9108,4344
,,,,,,,,1177,29960,8552,4084
,,,,,,,,1178,28840,8236,3932
,,,,,,,,1179,28236,8064,3848
,,,,,,,,1180,28044,8012,3824
,,,,,,,,1181,28280,8076,3856
,,,,,,,,1182,29172,8332,3976
,,,,,,,,1183,30436,8692,4148
,,,,,,,,1184,32048,9152,4368
,,,,,,,,1185,34152,9756,4656
,,,,,,,,1186,35600,10168,4852
,,,,,,,,1187,36136,10320,4928
,,,,,,,,1188,36216,10340,4936
,,,,,,,,1189,35812,10228,4884
,,,,,,,,1190,35124,10032,4788
,,,,,,,,1191,34500,9852,4704
,,,,,,,,1192,34444,9836,4696
,,,,,,,,1193,35668,10188,4864
,,,,,,,,1194,39100,11164,5328
,,,,,,,,1195,41180,11760,5612
,,,,,,,,1196,40304,11512,5492
,,,,,,,,1197,39024,11144,5320
,,,,,,,,1198,37004,10568,5044
,,,,,,,,1199,34480,9848,4700
,,,,,,,,1200,32016,9144,4364
,,,,,,,,1201,30364,8672,4140
,,,,,,,,1202,29396,8396,4008
,,,,,,,,1203,28840,8236,3932
,,,,,,,,1204,28932,8264,3944
,,,,,,,,1205,29712,8484,4052
,,,,,,,,1206,31844,9096,4340
,,,,,,,,1207,34976,9988,4768
,,,,,,,,1208,37388,10680,5096
,,,,,,,,1209,39312,11228,5360
,,,,,,,,1210,40516,11572,5524
,,,,,,,,1211,41052,11724,5596
,,,,,,,,1212,40912,11684,5576
,,,,,,,,1213,40248,11496,5488
,,,,,,,,1214,39528,11288,5392
,,,,,,,,1215,38952,11124,5312
,,,,,,,,1216,38784,11076,5288
,,,,,,,,1217,39960,11412,5448
,,,,,,,,1218,43448,12408,5924
,,,,,,,,1219,45272,12928,6172
,,,,,,,,1220,44160,12612,6020
,,,,,,,,1221,42460,12124,5788
,,,,,,,,1222,39848,11380,5432
,,,,,,,,1223,36512,10428,4976
,,,,,,,,1224,33488,9564,4564
,,,,,,,,1225,31552,9012,4300
,,,,,,,,1226,30560,8728,4164
,,,,,,,,1227,30180,8616,4116
,,,,,,,,1228,30340,8664,4136
,,,,,,,,1229,31324,8944,4272
,,,,,,,,1230,34164,9756,4660
,,,,,,,,1231,38604,11024,5264
,,,,,,,,1232,41164,11756,5612
,,,,,,,,1233,41964,11984,5720
,,,,,,,,1234,41924,11972,5712
,,,,,,,,1235,41820,11944,5700
,,,,,,,,1236,41404,11824,5644
,,,,,,,,1237,40764,11640,5556
,,,,,,,,1238,40440,11552,5512
,,,,,,,,1239,40156,11468,5472
,,,,,,,,1240,40168,11472,5476
,,,,,,,,1241,41352,11808,5636
,,,,,,,,1242,44492,12704,6064
,,,,,,,,1243,45672,13040,6228
,,,,,,,,1244,44388,12676,6052
,,,,,,,,1245,42404,12108,5780
,,,,,,,,1246,39540,11292,5392
,,,,,,,,1247,35872,10244,4888
,,,,,,,,1248,32612,9316,4444
,,,,,,,,1249,30396,8680,4144
,,,,,,,,1250,29136,8320,3972
,,,,,,,,1251,28588,8164,3896
,,,,,,,,1252,28500,8140,3884
,,,,,,,,1253,29332,8376,3996
,,,,,,,,1254,31964,9128,4360
,,,,,,,,1255,36188,10336,4932
,,,,,,,,1256,38928,11120,5308
,,,,,,,,1257,39800,11368,5428
,,,,,,,,1258,39888,11392,5436
,,,,,,,,1259,40016,11428,5456
,,,,,,,,1260,39800,11368,5428
,,,,,,,,1261,39228,11204,5348
,,,,,,,,1262,38836,11092,5292
,,,,,,,,1263,38240,10920,5212
,,,,,,,,1264,37876,10816,5164
,,,,,,,,1265,38624,11032,5268
,,,,,,,,1266,41524,11860,5660
,,,,,,,,1267,43276,12360,5900
,,,,,,,,1268,42248,12064,5760
,,,,,,,,1269,40604,11600,5536
,,,,,,,,1270,38032,10860,5184
,,,,,,,,1271,34552,9868,4708
,,,,,,,,1272,31384,8964,4280
,,,,,,,,1273,29212,8344,3980
,,,,,,,,1274,27996,7996,3816
,,,,,,,,1275,27352,7812,3728
,,,,,,,,1276,27280,7792,3716
,,,,,,,,1277,28004,7996,3816
,,,,,,,,1278,30608,8740,4172
,,,,,,,,1279,34976,9988,4768
,,,,,,,,1280,37804,10796,5152
,,,,,,,,1281,39040,11148,5324
,,,,,,,,1282,39696,11340,5412
,,,,,,,,1283,39924,11400,5444
,,,,,,,,1284,39896,11396,5440
,,,,,,,,1285,39508,11280,5388
,,,,,,,,1286,39088,11160,5328
,,,,,,,,1287,38608,11024,5264
,,,,,,,,1288,38160,10900,5204
,,,,,,,,1289,38684,11048,5272
,,,,,,,,1290,41420,11828,5648
,,,,,,,,1291,43344,12380,5908
,,,,,,,,1292,42480,12132,5792
,,,,,,,,1293,40868,11672,5572
,,,,,,,,1294,38352,10952,5228
,,,,,,,,1295,34968,9988,4764
,,,,,,,,1296,31908,9116,4348
,,,,,,,,1297,29828,8516,4064
,,,,,,,,1298,28628,8176,3900
,,,,,,,,1299,28076,8016,3828
,,,,,,,,1300,28108,8028,3832
,,,,,,,,1301,28924,8260,3940
,,,,,,,,1302,31444,8980,4284
,,,,,,,,1303,35644,10180,4860
,,,,,,,,1304,38812,11084,5288
,,,,,,,,1305,40748,11640,5552
,,,,,,,,1306,41764,11928,5696
,,,,,,,,1307,42452,12124,5788
,,,,,,,,1308,42676,12188,5816
,,,,,,,,1309,42416,12112,5780
,,,,,,,,1310,42260,12068,5760
,,,,,,,,1311,41960,11980,5720
,,,,,,,,1312,41772,11932,5696
,,,,,,,,1313,42556,12156,5800
,,,,,,,,1314,44288,12648,6036
,,,,,,,,1315,44384,12676,6052
,,,,,,,,1316,42980,12276,5860
,,,,,,,,1317,41156,11756,5612
,,,,,,,,1318,38760,11068,5284
,,,,,,,,1319,35720,10200,4868
,,,,,,,,1320,32712,9340,4460
,,,,,,,,1321,30484,8708,4156
,,,,,,,,1322,29148,8324,3976
,,,,,,,,1323,28440,8120,3876
,,,,,,,,1324,28176,8048,3840
,,,,,,,,1325,28524,8148,3888
,,,,,,,,1326,29640,8464,4040
,,,,,,,,1327,31312,8940,4268
,,,,,,,,1328,33264,9496,4536
,,,,,,,,1329,35612,10172,4856
,,,,,,,,1330,37432,10688,5104
,,,,,,,,1331,38328,10944,5228
,,,,,,,,1332,38348,10952,5228
,,,,,,,,1333,37940,10836,5172
,,,,,,,,1334,37272,10644,5080
,,,,,,,,1335,36780,10504,5012
,,,,,,,,1336,36700,10480,5004
,,,,,,,,1337,37688,10760,5136
,,,,,,,,1338,40384,11536,5508
,,,,,,,,1339,42240,12060,5756
,,,,,,,,1340,41304,11796,5632
,,,,,,,,1341,39980,11420,5452
,,,,,,,,1342,38212,10912,5208
,,,,,,,,1343,35688,10196,4864
,,,,,,,,1344,33272,9500,4536
,,,,,,,,1345,31444,8980,4284
,,,,,,,,1346,30260,8640,4124
,,,,,,,,1347,29652,8468,4040
,,,,,,,,1348,29520,8432,4024
,,,,,,,,1349,29764,8500,4056
,,,,,,,,1350,30660,8756,4180
,,,,,,,,1351,31788,9076,4332
,,,,,,,,1352,33332,9516,4544
,,,,,,,,1353,35540,10152,4848
,,,,,,,,1354,36956,10556,5036
,,,,,,,,1355,37644,10752,5132
,,,,,,,,1356,37848,10808,5160
,,,,,,,,1357,37644,10752,5132
,,,,,,,,1358,36940,10548,5036
,,,,,,,,1359,36200,10336,4936
,,,,,,,,1360,36128,10320,4928
,,,,,,,,1361,37300,10652,5088
,,,,,,,,1362,40392,11536,5508
,,,,,,,,1363,43260,12356,5896
,,,,,,,,1364,42484,12132,5792
,,,,,,,,1365,40904,11680,5576
,,,,,,,,1366,38472,10988,5244
,,,,,,,,1367,35452,10124,4832
,,,,,,,,1368,32768,9356,4464
,,,,,,,,1369,31020,8856,4228
,,,,,,,,1370,30148,8612,4108
,,,,,,,,1371,29852,8524,4068
,,,,,,,,1372,30028,8576,4096
,,,,,,,,1373,31140,8896,4244
,,,,,,,,1374,34244,9780,4668
,,,,,,,,1375,39100,11164,5328
,,,,,,,,1376,41684,11904,5684
,,,,,,,,1377,41964,11984,5720
,,,,,,,,1378,41820,11940,5700
,,,,,,,,1379,41640,11892,5676
,,,,,,,,1380,41288,11792,5628
,,,,,,,,1381,40824,11660,5568
,,,,,,,,1382,40480,11560,5516
,,,,,,,,1383,39952,11412,5448
,,,,,,,,1384,39928,11400,5444
,,,,,,,,1385,41120,11744,5608
,,,,,,,,1386,43832,12520,5976
,,,,,,,,1387,45312,12940,6180
,,,,,,,,1388,44148,12608,6016
,,,,,,,,1389,42104,12024,5740
,,,,,,,,1390,39156,11180,5336
,,,,,,,,1391,35492,10140,4840
,,,,,,,,1392,32176,9188,4384
,,,,,,,,1393,30080,8592,4100
,,,,,,,,1394,28924,8260,3940
,,,,,,,,1395,28428,8116,3876
,,,,,,,,1396,28424,8116,3876
,,,,,,,,1397,29340,8380,3996
,,,,,,,,1398,32372,9244,4412
,,,,,,,,1399,37160,10612,5068
,,,,,,,,1400,39724,11344,5416
,,,,,,,,1401,40244,11496,5488
,,,,,,,,1402,40408,11540,5512
,,,,,,,,1403,40364,11528,5504
,,,,,,,,1404,40072,11444,5464
,,,,,,,,1405,39500,11280,5384
,,,,,,,,1406,39152,11180,5336
,,,,,,,,1407,38636,11036,5268
,,,,,,,,1408,38412,10968,5236
,,,,,,,,1409,39212,11200,5348
,,,,,,,,1410,42072,12016,5736
,,,,,,,,1411,44664,12756,6088
,,,,,,,,1412,46092,13164,6284
,,,,,,,,1413,43992,12564,5996
,,,,,,,,1414,40860,11668,5572
,,,,,,,,1415,37044,10580,5048
,,,,,,,,1416,33708,9628,4596
,,,,,,,,1417,31500,8996,4296
,,,,,,,,1418,30420,8688,4144
,,,,,,,,1419,29868,8532,4072
,,,,,,,,1420,29876,8532,4072
,,,,,,,,1421,30692,8764,4184
,,,,,,,,1422,33396,9536,4552
,,,,,,,,1423,37972,10844,5176
,,,,,,,,1424,40896,11680,5576
,,,,,,,,1425,42188,12048,5752
,,,,,,,,1426,43008,12280,5864
,,,,,,,,1427,43720,12484,5960
,,,,,,,,1428,43956,12556,5996
,,,,,,,,1429,43832,12520,5976
,,,,,,,,1430,43604,12452,5944
,,,,,,,,1431,43264,12356,5896
,,,,,,,,1432,43140,12324,5880
,,,,,,,,1433,43964,12556,5996
,,,,,,,,1434,46100,13164,6284
,,,,,,,,1435,47468,13556,6472
,,,,,,,,1436,46420,13256,6328
,,,,,,,,1437,44588,12732,6076
,,,,,,,,1438,41664,11900,5680
,,,,,,,,1439,37908,10824,5168
,,,,,,,,1440,34564,9872,4712
,,,,,,,,1441,32480,9276,4428
,,,,,,,,1442,31336,8952,4272
,,,,,,,,1443,30732,8776,4188
,,,,,,,,1444,30772,8788,4196
,,,,,,,,1445,31616,9028,4308
,,,,,,,,1446,34544,9864,4708
,,,,,,,,1447,39228,11200,5348
,,,,,,,,1448,42036,12004,5732
,,,,,,,,1449,42880,12244,5844
,,,,,,,,1450,43104,12308,5876
,,,,,,,,1451,43260,12352,5896
,,,,,,,,1452,43004,12280,5864
,,,,,,,,1453,42536,12148,5796
,,,,,,,,1454,42288,12076,5764
,,,,,,,,1455,41792,11936,5696
,,,,,,,,1456,41588,11876,5672
,,,,,,,,1457,42372,12100,5776
,,,,,,,,1458,44320,12660,6040
,,,,,,,,1459,45244,12924,6168
,,,,,,,,1460,44068,12584,6008
,,,,,,,,1461,42412,12112,5780
,,,,,,,,1462,40140,11464,5472
,,,,,,,,1463,37128,10604,5064
,,,,,,,,1464,34068,9728,4644
,,,,,,,,1465,31928,9116,4352
,,,,,,,,1466,30616,8744,4176
,,,,,,,,1467,29796,8508,4060
,,,,,,,,1468,29364,8384,4000
,,,,,,,,1469,29484,8420,4016
,,,,,,,,1470,30460,8696,4152
,,,,,,,,1471,32224,9204,4392
,,,,,,,,1472,34392,9820,4688
,,,,,,,,1473,37040,10580,5048
,,,,,,,,1474,38996,11136,5316
,,,,,,,,1475,39884,11392,5436
,,,,,,,,1476,40068,11440,5464
,,,,,,,,1477,39476,11276,5384
,,,,,,,,1478,38332,10948,5228
,,,,,,,,1479,37168,10616,5068
,,,,,,,,1480,36408,10400,4964
,,,,,,,,1481,36556,10440,4984
,,,,,,,,1482,38456,10980,5244
,,,,,,,,1483,40888,11680,5572
,,,,,,,,1484,39980,11420,5452
,,,,,,,,1485,38728,11060,5280
,,,,,,,,1486,36808,10512,5016
,,,,,,,,1487,34408,9828,4688
,,,,,,,,1488,31908,9116,4348
,,,,,,,,1489,29908,8540,4080
,,,,,,,,1490,28688,8192,3912
,,,,,,,,1491,28008,8000,3816
,,,,,,,,1492,27728,7920,3780
,,,,,,,,1493,27940,7980,3808
,,,,,,,,1494,28704,8196,3916
,,,,,,,,1495,29928,8548,4080
,,,,,,,,1496,31684,9048,4320
,,,,,,,,1497,34236,9776,4664
,,,,,,,,1498,36240,10352,4940
,,,,,,,,1499,37132,10604,5064
,,,,,,,,1500,37472,10700,5108
,,,,,,,,1501,37396,10680,5096
,,,,,,,,1502,36824,10516,5020
,,,,,,,,1503,36464,10416,4968
,,,,,,,,1504,36472,10416,4972
,,,,,,,,1505,37372,10672,5092
,,,,,,,,1506,39892,11396,5440
,,,,,,,,1507,42652,12180,5816
,,,,,,,,1508,41984,11992,5724
,,,,,,,,1509,40384,11536,5508
,,,,,,,,1510,37828,10800,5156
,,,,,,,,1511,34712,9912,4732
,,,,,,,,1512,31972,9132,4360
,,,,,,,,1513,30208,8628,4120
,,,,,,,,1514,29404,8396,4008
,,,,,,,,1515,29128,8316,3972
,,,,,,,,1516,29340,8380,3996
,,,,,,,,1517,30476,8704,4156
,,,,,,,,1518,33660,9612,4588
,,,,,,,,1519,38528,11000,5252
,,,,,,,,1520,41236,11776,5620
,,,,,,,,1521,41780,11932,5696
,,,,,,,,1522,41884,11964,5712
,,,,,,,,1523,41940,11980,5716
,,,,,,,,1524,41672,11900,5680
,,,,,,,,1525,41048,11720,5596
,,,,,,,,1526,40592,11592,5532
,,,,,,,,1527,39908,11400,5440
,,,,,,,,1528,39740,11352,5416
,,,,,,,,1529,40640,11608,5540
,,,,,,,,1530,43380,12388,5916
,,,,,,,,1531,46460,13268,6336
,,,,,,,,1532,45836,13088,6248
,,,,,,,,1533,44196,12624,6024
,,,,,,,,1534,41424,11832,5648
,,,,,,,,1535,37768,10784,5152
,,,,,,,,1536,34628,9888,4720
,,,,,,,,1537,32652,9324,4452
,,,,,,,,1538,31780,9076,4332
,,,,,,,,1539,31448,8980,4288
,,,,,,,,1540,31592,9024,4308
,,,,,,,,1541,32660,9328,4452
,,,,,,,,1542,35776,10220,4876
,,,,,,,,1543,40520,11572,5524
,,,,,,,,1544,43036,12288,5868
,,,,,,,,1545,43264,12356,5896
,,,,,,,,1546,42804,12224,5836
,,,,,,,,1547,42604,12168,5808
,,,,,,,,1548,42268,12072,5760
,,,,,,,,1549,41504,11852,5656
,,,,,,,,1550,41024,11716,5592
,,,,,,,,1551,40340,11520,5500
,,,,,,,,1552,39824,11376,5432
,,,,,,,,1553,40568,11584,5532
,,,,,,,,1554,42868,12240,5844
,,,,,,,,1555,45844,13092,6252
,,,,,,,,1556,45392,12964,6188
,,,,,,,,1557,43840,12520,5976
,,,,,,,,1558,40988,11704,5588
,,,,,,,,1559,37152,10612,5068
,,,,,,,,1560,33748,9636,4600
,,,,,,,,1561,31640,9036,4312
,,,,,,,,1562,30568,8732,4168
,,,,,,,,1563,30004,8568,4092
,,,,,,,,1564,30020,8576,4092
,,,,,,,,1565,30864,8812,4208
,,,,,,,,1566,33872,9676,4620
,,,,,,,,1567,38404,10968,5236
,,,,,,,,1568,40664,11612,5544
,,,,,,,,1569,40740,11636,5552
,,,,,,,,1570,40464,11560,5516
,,,,,,,,1571,40228,11488,5484
,,,,,,,,1572,39752,11352,5420
,,,,,,,,1573,39164,11184,5340
,,,,,,,,1574,38828,11088,5292
,,,,,,,,1575,38120,10888,5196
,,,,,,,,1576,37772,10788,5152
,,,,,,,,1577,38296,10936,5220
,,,,,,,,1578,40436,11548,5512
,,,,,,,,1579,43220,12340,5892
,,,,,,,,1580,42564,12156,5804
,,,,,,,,1581,40920,11684,5576
,,,,,,,,1582,38068,10872,5192
,,,,,,,,1583,34360,9812,4684
,,,,,,,,1584,30960,8844,4220
,,,,,,,,1585,28908,8256,3940
,,,,,,,,1586,27788,7936,3788
,,,,,,,,1587,27216,7772,3712
,,,,,,,,1588,27092,7736,3692
,,,,,,,,1589,27912,7972,3804
,,,,,,,,1590,30776,8792,4196
,,,,,,,,1591,35092,10020,4784
,,,,,,,,1592,37768,10784,5152
,,,,,,,,1593,38360,10956,5232
,,,,,,,,1594,38564,11016,5256
,,,,,,,,1595,38704,11056,5276
,,,,,,,,1596,38668,11040,5272
,,,,,,,,1597,38300,10940,5220
,,,,,,,,1598,38128,10888,5196
,,,,,,,,1599,37696,10764,5140
,,,,,,,,1600,37432,10692,5104
,,,,,,,,1601,37896,10820,5168
,,,,,,,,1602,39900,11396,5440
,,,,,,,,1603,42072,12016,5736
,,,,,,,,1604,41296,11796,5632
,,,,,,,,1605,39560,11300,5392
,,,,,,,,1606,36756,10500,5008
,,,,,,,,1607,33032,9436,4504
,,,,,,,,1608,29788,8508,4060
,,,,,,,,1609,27676,7904,3776
,,,,,,,,1610,26584,7592,3624
,,,,,,,,1611,26028,7432,3548
,,,,,,,,1612,25920,7400,3532
,,,,,,,,1613,26756,7640,3648
,,,,,,,,1614,29612,8456,4040
,,,,,,,,1615,34504,9856,4704
,,,,,,,,1616,37772,10788,5152
,,,,,,,,1617,38816,11084,5288
,,,,,,,,1618,39188,11192,5344
,,,,,,,,1619,39368,11240,5368
,,,,,,,,1620,39156,11180,5336
,,,,,,,,1621,38596,11020,5264
,,,,,,,,1622,38244,10920,5212
,,,,,,,,1623,37700,10768,5140
,,,,,,,,1624,37504,10712,5112
,,,,,,,,1625,37964,10840,5176
,,,,,,,,1626,39568,11300,5392
,,,,,,,,1627,41932,11976,5716
,,,,,,,,1628,41220,11772,5620
,,,,,,,,1629,39856,11384,5432
,,,,,,,,1630,37816,10800,5156
,,,,,,,,1631,34952,9980,4764
,,,,,,,,1632,32024,9148,4364
,,,,,,,,1633,29992,8564,4088
,,,,,,,,1634,28956,8272,3948
,,,,,,,,1635,28444,8124,3876
,,,,,,,,1636,28332,8092,3860
,,,,,,,,1637,28740,8208,3916
,,,,,,,,1638,29940,8552,4080
,,,,,,,,1639,31624,9032,4312
,,,,,,,,1640,34120,9744,4652
,,,,,,,,1641,36488,10420,4972
,,,,,,,,1642,37960,10840,5176
,,,,,,,,1643,38276,10932,5216
,,,,,,,,1644,37988,10848,5180
,,,,,,,,1645,37312,10656,5088
,,,,,,,,1646,36484,10416,4972
,,,,,,,,1647,35760,10212,4876
,,,,,,,,1648,35484,10136,4840
,,,,,,,,1649,36040,10292,4912
,,,,,,,,1650,37804,10800,5152
,,,,,,,,1651,40588,11592,5532
,,,,,,,,1652,40052,11440,5460
,,,,,,,,1653,38948,11120,5312
,,,,,,,,1654,37148,10608,5064
,,,,,,,,1655,34668,9900,4724
,,,,,,,,1656,32228,9204,4392
,,,,,,,,1657,30364,8672,4140
,,,,,,,,1658,29808,8512,4060
,,,,,,,,1659,29248,8356,3988
,,,,,,,,1660,28676,8192,3908
,,,,,,,,1661,28552,8152,3892
,,,,,,,,1662,28996,8280,3952
,,,,,,,,1663,30048,8580,4096
,,,,,,,,1664,31236,8920,4260
,,,,,,,,1665,33028,9432,4504
,,,,,,,,1666,34656,9896,4724
,,,,,,,,1667,35500,10140,4840
,,,,,,,,1668,35716,10200,4868
,,,,,,,,1669,35468,10128,4836
,,,,,,,,1670,34756,9924,4740
,,,,,,,,1671,33892,9676,4620
,,,,,,,,1672,33352,9524,4544
,,,,,,,,1673,33500,9568,4564
,,,,,,,,1674,34476,9844,4700
,,,,,,,,1675,36164,10328,4928
,,,,,,,,1676,39172,11184,5340
,,,,,,,,1677,38564,11016,5256
,,,,,,,,1678,36220,10344,4940
,,,,,,,,1679,33204,9484,4524
,,,,,,,,1680,30052,8580,4096
,,,,,,,,1681,28072,8016,3828
,,,,,,,,1682,26920,7688,3672
,,,,,,,,1683,26488,7564,3612
,,,,,,,,1684,26548,7584,3616
,,,,,,,,1685,27336,7808,3728
,,,,,,,,1686,30180,8616,4116
,,,,,,,,1687,35536,10148,4848
,,,,,,,,1688,38640,11036,5268
,,,,,,,,1689,39060,11156,5324
,,,,,,,,1690,38908,11112,5304
,,,,,,,,1691,39040,11148,5324
,,,,,,,,1692,38952,11124,5312
,,,,,,,,1693,38552,11008,5256
,,,,,,,,1694,38300,10940,5220
,,,,,,,,1695,37712,10772,5140
,,,,,,,,1696,37168,10616,5068
,,,,,,,,1697,37020,10576,5048
,,,,,,,,1698,37508,10712,5112
,,,,,,,,1699,38764,11072,5284
,,,,,,,,1700,40800,11652,5564
,,,,,,,,1701,39580,11304,5396
,,,,,,,,1702,36716,10484,5008
,,,,,,,,1703,33028,9432,4504
,,,,,,,,1704,29616,8456,4040
,,,,,,,,1705,27296,7792,3720
,,,,,,,,1706,25964,7412,3540
,,,,,,,,1707,25332,7232,3452
,,,,,,,,1708,25180,7192,3432
,,,,,,,,1709,25848,7380,3524
,,,,,,,,1710,28376,8104,3868
,,,,,,,,1711,33556,9584,4576
,,,,,,,,1712,37036,10580,5048
,,,,,,,,1713,37988,10848,5180
,,,,,,,,1714,38348,10952,5228
,,,,,,,,1715,38608,11024,5264
,,,,,,,,1716,38656,11040,5272
,,,,,,,,1717,38440,10980,5240
,,,,,,,,1718,38372,10960,5232
,,,,,,,,1719,37980,10848,5176
,,,,,,,,1720,37600,10736,5128
,,,,,,,,1721,37628,10748,5128
,,,,,,,,1722,38044,10864,5188
,,,,,,,,1723,38640,11036,5268
,,,,,,,,1724,40512,11568,5524
,,,,,,,,1725,39400,11252,5372
,,,,,,,,1726,36588,10448,4988
,,,,,,,,1727,32796,9364,4472
,,,,,,,,1728,29300,8368,3996
,,,,,,,,1729,26960,7700,3676
,,,,,,,,1730,25700,7336,3504
,,,,,,,,1731,25056,7156,3412
,,,,,,,,1732,25028,7148,3412
,,,,,,,,1733,25620,7316,3492
,,,,,,,,1734,28212,8056,3844
,,,,,,,,1735,33440,9552,4560
,,,,,,,,1736,36664,10472,5000
,,,,,,,,1737,37416,10684,5100
,,,,,,,,1738,37852,10812,5160
,,,,,,,,1739,38200,10908,5208
,,,,,,,,1740,38264,10928,5216
,,,,,,,,1741,37920,10828,5168
,,,,,,,,1742,37840,10804,5160
,,,,,,,,1743,37432,10692,5104
,,,,,,,,1744,37144,10608,5064
,,,,,,,,1745,37424,10688,5104
,,,,,,,,1746,38308,10940,5224
,,,,,,,,1747,39236,11204,5352
,,,,,,,,1748,40676,11616,5544
,,,,,,,,1749,39632,11320,5404
,,,,,,,,1750,37004,10568,5044
,,,,,,,,1751,33324,9516,4544
,,,,,,,,1752,29952,8552,4080
,,,,,,,,1753,27784,7932,3788
,,,,,,,,1754,26584,7592,3624
,,,,,,,,1755,26000,7424,3544
,,,,,,,,1756,25956,7412,3536
,,,,,,,,1757,26680,7620,3636
,,,,,,,,1758,29404,8396,4008
,,,,,,,,1759,34784,9936,4744
,,,,,,,,1760,38196,10908,5208
,,,,,,,,1761,38984,11132,5312
,,,,,,,,1762,39336,11236,5364
,,,,,,,,1763,39652,11324,5408
,,,,,,,,1764,39476,11276,5384
,,,,,,,,1765,38988,11136,5312
,,,,,,,,1766,38648,11040,5272
,,,,,,,,1767,37936,10836,5172
,,,,,,,,1768,37560,10728,5120
,,,,,,,,1769,37824,10800,5156
,,,,,,,,1770,38776,11076,5288
,,,,,,,,1771,40056,11440,5460
,,,,,,,,1772,41712,11912,5688
,,,,,,,,1773,40648,11608,5540
,,,,,,,,1774,38208,10912,5208
,,,,,,,,1775,34572,9872,4712
,,,,,,,,1776,31152,8896,4248
,,,,,,,,1777,28856,8240,3936
,,,,,,,,1778,27572,7872,3756
,,,,,,,,1779,27020,7716,3684
,,,,,,,,1780,26876,7676,3664
,,,,,,,,1781,27560,7872,3756
,,,,,,,,1782,30168,8616,4112
,,,,,,,,1783,35288,10076,4808
,,,,,,,,1784,38456,10980,5244
,,,,,,,,1785,39432,11260,5376
,,,,,,,,1786,39936,11404,5444
,,,,,,,,1787,40384,11536,5508
,,,,,,,,1788,40456,11556,5512
,,,,,,,,1789,40164,11472,5476
,,,,,,,,1790,40004,11424,5452
,,,,,,,,1791,39512,11284,5388
,,,,,,,,1792,39120,11172,5332
,,,,,,,,1793,39016,11140,5320
,,,,,,,,1794,39140,11180,5336
,,,,,,,,1795,39492,11280,5384
,,,,,,,,1796,40464,11556,5516
,,,,,,,,1797,39368,11244,5368
,,,,,,,,1798,37328,10660,5088
,,,,,,,,1799,34412,9828,4692
,,,,,,,,1800,31268,8932,4260
,,,,,,,,1801,28840,8236,3932
,,,,,,,,1802,27356,7812,3728
,,,,,,,,1803,26584,7592,3624
,,,,,,,,1804,26224,7488,3572
,,,,,,,,1805,26396,7536,3596
,,,,,,,,1806,27320,7804,3724
,,,,,,,,1807,29192,8336,3976
,,,,,,,,1808,31336,8952,4272
,,,,,,,,1809,33988,9708,4632
,,,,,,,,1810,35772,10220,4876
,,,,,,,,1811,36600,10452,4988
,,,,,,,,1812,36492,10420,4976
,,,,,,,,1813,35836,10236,4888
,,,,,,,,1814,35000,9996,4768
,,,,,,,,1815,34136,9748,4652
,,,,,,,,1816,33416,9540,4556
,,,,,,,,1817,33260,9496,4536
,,,,,,,,1818,33396,9536,4552
,,,,,,,,1819,34032,9716,4640
,,,,,,,,1820,36240,10352,4940
,,,,,,,,1821,35960,10272,4904
,,,,,,,,1822,34436,9836,4692
,,,,,,,,1823,32212,9200,4392
,,,,,,,,1824,29720,8488,4052
,,,,,,,,1825,27700,7912,3776
,,,,,,,,1826,26464,7556,3608
,,,,,,,,1827,25824,7372,3520
,,,,,,,,1828,25496,7280,3472
,,,,,,,,1829,25576,7304,3488
,,,,,,,,1830,26224,7488,3572
,,,,,,,,1831,27508,7856,3752
,,,,,,,,1832,28992,8280,3952
,,,,,,,,1833,31236,8920,4260
,,,,,,,,1834,33068,9444,4508
,,,,,,,,1835,33844,9664,4612
,,,,,,,,1836,33988,9704,4632
,,,,,,,,1837,33628,9604,4584
,,,,,,,,1838,32988,9420,4496
,,,,,,,,1839,32436,9264,4424
,,,,,,,,1840,32132,9176,4380
,,,,,,,,1841,32552,9296,4440
,,,,,,,,1842,33376,9532,4548
,,,,,,,,1843,34456,9840,4696
,,,,,,,,1844,37276,10644,5084
,,,,,,,,1845,36772,10500,5012
,,,,,,,,1846,34236,9776,4664
,,,,,,,,1847,30988,8852,4224
,,,,,,,,1848,28036,8008,3820
,,,,,,,,1849,25952,7412,3536
,,,,,,,,1850,24880,7104,3392
,,,,,,,,1851,24388,6964,3324
,,,,,,,,1852,24380,6964,3324
,,,,,,,,1853,25220,7204,3436
,,,,,,,,1854,28036,8008,3820
,,,,,,,,1855,33284,9504,4540
,,,,,,,,1856,36348,10380,4956
,,,,,,,,1857,37212,10628,5072
,,,,,,,,1858,37704,10768,5140
,,,,,,,,1859,38324,10944,5224
,,,,,,,,1860,38640,11036,5268
,,,,,,,,1861,38656,11040,5272
,,,,,,,,1862,38804,11080,5288
,,,,,,,,1863,38500,10996,5248
,,,,,,,,1864,38052,10868,5188
,,,,,,,,1865,37760,10784,5148
,,,,,,,,1866,37752,10780,5148
,,,,,,,,1867,38040,10864,5188
,,,,,,,,1868,40136,11460,5472
,,,,,,,,1869,39212,11200,5348
,,,,,,,,1870,36212,10340,4936
,,,,,,,,1871,32336,9236,4408
,,,,,,,,1872,28888,8252,3936
,,,,,,,,1873,26628,7604,3632
,,,,,,,,1874,25456,7272,3472
,,,,,,,,1875,24916,7116,3396
,,,,,,,,1876,24752,7068,3372
,,,,,,,,1877,25532,7292,3480
,,,,,,,,1878,28152,8040,3836
,,,,,,,,1879,33264,9500,4536
,,,,,,,,1880,36232,10348,4940
,,,,,,,,1881,36960,10556,5040
,,,,,,,,1882,37340,10664,5088
,,,,,,,,1883,37872,10816,5164
,,,,,,,,1884,38208,10912,5208
,,,,,,,,1885,38360,10956,5232
,,,,,,,,1886,38664,11040,5272
,,,,,,,,1887,38560,11012,5256
,,,,,,,,1888,38376,10960,5232
,,,,,,,,1889,38352,10952,5228
,,,,,,,,1890,38448,10980,5240
,,,,,,,,1891,38496,10996,5248
,,,,,,,,1892,40532,11576,5528
,,,,,,,,1893,39864,11384,5432
,,,,,,,,1894,36964,10556,5040
,,,,,,,,1895,32960,9412,4492
,,,,,,,,1896,29492,8420,4020
,,,,,,,,1897,27116,7744,3696
,,,,,,,,1898,25860,7384,3524
,,,,,,,,1899,25132,7176,3428
,,,,,,,,1900,24948,7124,3400
,,,,,,,,1901,25596,7312,3492
,,,,,,,,1902,28080,8020,3828
,,,,,,,,1903,33152,9468,4520
,,,,,,,,1904,36144,10320,4928
,,,,,,,,1905,37320,10660,5088
,,,,,,,,1906,38048,10864,5188
,,,,,,,,1907,38840,11092,5292
,,,,,,,,1908,39328,11232,5364
,,,,,,,,1909,39460,11268,5380
,,,,,,,,1910,39684,11336,5412
,,,,,,,,1911,39568,11300,5392
,,,,,,,,1912,39368,11244,5368
,,,,,,,,1913,39268,11216,5352
,,,,,,,,1914,39260,11212,5352
,,,,,,,,1915,39112,11172,5332
,,,,,,,,1916,40980,11700,5588
,,,,,,,,1917,40280,11504,5492
,,,,,,,,1918,37440,10692,5104
,,,,,,,,1919,33528,9576,4568
,,,,,,,,1920,29900,8536,4076
,,,,,,,,1921,27696,7912,3776
,,,,,,,,1922,26244,7492,3576
,,,,,,,,1923,25516,7288,3476
,,,,,,,,1924,25260,7212,3444
,,,,,,,,1925,25824,7372,3520
,,,,,,,,1926,28244,8068,3852
,,,,,,,,1927,33264,9500,4536
,,,,,,,,1928,36268,10360,4944
,,,,,,,,1929,37476,10700,5108
,,,,,,,,1930,38404,10968,5236
,,,,,,,,1931,39352,11240,5364
,,,,,,,,1932,39868,11384,5436
,,,,,,,,1933,40004,11424,5452
,,,,,,,,1934,40456,11556,5516
,,,,,,,,1935,40448,11552,5512
,,,,,,,,1936,40384,11532,5508
,,,,,,,,1937,40316,11516,5496
,,,,,,,,1938,40156,11468,5472
,,,,,,,,1939,39736,11348,5416
,,,,,,,,1940,41452,11840,5652
,,,,,,,,1941,40876,11676,5572
,,,,,,,,1942,38092,10880,5192
,,,,,,,,1943,34052,9724,4644
,,,,,,,,1944,30476,8704,4156
,,,,,,,,1945,28168,8044,3840
,,,,,,,,1946,26736,7632,3644
,,,,,,,,1947,25844,7380,3524
,,,,,,,,1948,25560,7300,3484
,,,,,,,,1949,26108,7452,3556
,,,,,,,,1950,28384,8108,3868
,,,,,,,,1951,33128,9460,4516
,,,,,,,,1952,36156,10328,4928
,,,,,,,,1953,37344,10664,5088
,,,,,,,,1954,38120,10888,5196
,,,,,,,,1955,38796,11080,5288
,,,,,,,,1956,38984,11132,5312
,,,,,,,,1957,38676,11044,5272
,,,,,,,,1958,38768,11072,5284
,,,,,,,,1959,38412,10972,5236
,,,,,,,,1960,37952,10840,5172
,,,,,,,,1961,37700,10764,5140
,,,,,,,,1962,37284,10648,5084
,,,,,,,,1963,36548,10440,4984
,,,,,,,,1964,38076,10876,5192
,,,,,,,,1965,37372,10676,5096
,,,,,,,,1966,35212,10056,4800
,,,,,,,,1967,32292,9220,4400
,,,,,,,,1968,29204,8340,3980
,,,,,,,,1969,26864,7672,3660
,,,,,,,,1970,25404,7252,3464
,,,,,,,,1971,24572,7016,3352
,,,,,,,,1972,24132,6892,3292
,,,,,,,,1973,24172,6904,3292
,,,,,,,,1974,24984,7132,3404
,,,,,,,,1975,26640,7608,3632
,,,,,,,,1976,28628,8176,3900
,,,,,,,,1977,31352,8956,4276
,,,,,,,,1978,33300,9512,4540
,,,,,,,,1979,34156,9756,4656
,,,,,,,,1980,34316,9800,4680
,,,,,,,,1981,33932,9692,4624
,,,,,,,,1982,33252,9496,4532
,,,,,,,,1983,32700,9336,4460
,,,,,,,,1984,32436,9264,4424
,,,,,,,,1985,32664,9328,4452
,,,,,,,,1986,33492,9564,4564
,,,,,,,,1987,34332,9804,4680
,,,,,,,,1988,35700,10196,4864
,,,,,,,,1989,35044,10008,4780
,,,,,,,,1990,33252,9496,4532
,,,,,,,,1991,30836,8808,4204
,,,,,,,,1992,28348,8092,3864
,,,,,,,,1993,26284,7508,3584
,,,,,,,,1994,24924,7116,3396
,,,,,,,,1995,24236,6920,3304
,,,,,,,,1996,23900,6824,3256
,,,,,,,,1997,23956,6844,3268
,,,,,,,,1998,24504,6996,3340
,,,,,,,,1999,25788,7364,3512
,,,,,,,,2000,27524,7860,3752
,,,,,,,,2001,30272,8644,4124
,,,,,,,,2002,32640,9320,4448
,,,,,,,,2003,34120,9744,4652
,,,,,,,,2004,34992,9992,4768
,,,,,,,,2005,35288,10076,4808
,,,,,,,,2006,34936,9976,4764
,,,,,,,,2007,34544,9864,4708
,,,,,,,,2008,34276,9788,4672
,,,,,,,,2009,34760,9928,4740
,,,,,,,,2010,35732,10204,4872
,,,,,,,,2011,36540,10436,4984
,,,,,,,,2012,38060,10868,5192
,,,,,,,,2013,37288,10648,5084
,,,,,,,,2014,34692,9908,4728
,,,,,,,,2015,31560,9016,4300
,,,,,,,,2016,28656,8184,3908
,,,,,,,,2017,26624,7604,3632
,,,,,,,,2018,25540,7292,3480
,,,,,,,,2019,25092,7164,3420
,,,,,,,,2020,25128,7176,3424
,,,,,,,,2021,26024,7432,3548
,,,,,,,,2022,28896,8252,3936
,,,,,,,,2023,34236,9776,4664
,,,,,,,,2024,37356,10668,5092
,,,,,,,,2025,38428,10976,5240
,,,,,,,,2026,38872,11100,5300
,,,,,,,,2027,39092,11164,5328
,,,,,,,,2028,38916,11116,5308
,,,,,,,,2029,38512,10996,5248
,,,,,,,,2030,38280,10932,5220
,,,,,,,,2031,37716,10772,5144
,,,,,,,,2032,37428,10688,5104
,,,,,,,,2033,37712,10772,5140
,,,,,,,,2034,38728,11060,5280
,,,,,,,,2035,39752,11356,5420
,,,,,,,,2036,42228,12060,5756
,,,,,,,,2037,41892,11964,5712
,,,,,,,,2038,39384,11248,5372
,,,,,,,,2039,35732,10204,4872
,,,,,,,,2040,32480,9276,4428
,,,,,,,,2041,30408,8684,4144
,,,,,,,,2042,29396,8396,4008
,,,,,,,,2043,28972,8272,3948
,,,,,,,,2044,29024,8288,3956
,,,,,,,,2045,29960,8552,4084
,,,,,,,,2046,32856,9384,4480
,,,,,,,,2047,38084,10876,5192
,,,,,,,,2048,40956,11700,5584
,,,,,,,,2049,41284,11788,5628
,,,,,,,,2050,41180,11760,5612
,,,,,,,,2051,41064,11728,5596
,,,,,,,,2052,40792,11648,5560
,,,,,,,,2053,40204,11480,5480
,,,,,,,,2054,39628,11320,5404
,,,,,,,,2055,38788,11080,5288
,,,,,,,,2056,38224,10916,5208
,,,,,,,,2057,38164,10900,5204
,,,,,,,,2058,38700,11052,5276
,,,,,,,,2059,39284,11220,5356
,,,,,,,,2060,41664,11900,5680
,,,,,,,,2061,41472,11844,5656
,,,,,,,,2062,38936,11120,5308
,,,,,,,,2063,35208,10056,4800
,,,,,,,,2064,31800,9080,4336
,,,,,,,,2065,29676,8476,4044
,,,,,,,,2066,28492,8136,3884
,,,,,,,,2067,27940,7980,3808
,,,,,,,,2068,27760,7928,3784
,,,,,,,,2069,28516,8144,3888
,,,,,,,,2070,31256,8928,4260
,,,,,,,,2071,36408,10400,4964
,,,,,,,,2072,39400,11252,5372
,,,,,,,,2073,39964,11416,5448
,,,,,,,,2074,40036,11436,5456
,,,,,,,,2075,40284,11504,5492
,,,,,,,,2076,40320,11516,5496
,,,,,,,,2077,40128,11460,5472
,,,,,,,,2078,40020,11428,5456
,,,,,,,,2079,39260,11212,5352
,,,,,,,,2080,38616,11028,5264
,,,,,,,,2081,38708,11056,5276
,,,,,,,,2082,39152,11180,5336
,,,,,,,,2083,39584,11304,5396
,,,,,,,,2084,41088,11736,5600
,,,,,,,,2085,40368,11528,5504
,,,,,,,,2086,37660,10756,5132
,,,,,,,,2087,33760,9640,4604
,,,,,,,,2088,30328,8660,4136
,,,,,,,,2089,28072,8016,3828
,,,,,,,,2090,26908,7684,3668
,,,,,,,,2091,26324,7516,3588
,,,,,,,,2092,26224,7492,3572
,,,,,,,,2093,27012,7712,3680
,,,,,,,,2094,29712,8484,4052
,,,,,,,,2095,34884,9964,4756
,,,,,,,,2096,37908,10824,5168
,,,,,,,,2097,38768,11072,5284
,,,,,,,,2098,39352,11240,5364
,,,,,,,,2099,39804,11368,5428
,,,,,,,,2100,39872,11388,5436
,,,,,,,,2101,39604,11312,5400
,,,,,,,,2102,39408,11256,5372
,,,,,,,,2103,38784,11076,5288
,,,,,,,,2104,38552,11008,5256
,,,,,,,,2105,38856,11100,5296
,,,,,,,,2106,39560,11300,5392
,,,,,,,,2107,40264,11500,5492
,,,,,,,,2108,41640,11892,5676
,,,,,,,,2109,40860,11668,5572
,,,,,,,,2110,38240,10920,5212
,,,,,,,,2111,34448,9836,4696
,,,,,,,,2112,31140,8896,4244
,,,,,,,,2113,28996,8280,3952
,,,,,,,,2114,27852,7956,3796
,,,,,,,,2115,27344,7812,3728
,,,,,,,,2116,27248,7780,3716
,,,,,,,,2117,28088,8020,3828
,,,,,,,,2118,30820,8804,4200
,,,,,,,,2119,35684,10192,4864
,,,,,,,,2120,38472,10988,5244
,,,,,,,,2121,38984,11132,5312
,,,,,,,,2122,39068,11160,5328
,,,,,,,,2123,39152,11180,5336
,,,,,,,,2124,38852,11096,5296
,,,,,,,,2125,38184,10904,5208
,,,,,,,,2126,37776,10788,5152
,,,,,,,,2127,37020,10572,5048
,,,,,,,,2128,36328,10376,4952
,,,,,,,,2129,36052,10296,4916
,,,,,,,,2130,36028,10288,4912
,,,,,,,,2131,36248,10352,4944
,,,,,,,,2132,38256,10924,5216
,,,,,,,,2133,38248,10920,5212
,,,,,,,,2134,36508,10428,4976
,,,,,,,,2135,33744,9636,4600
,,,,,,,,2136,30724,8772,4188
,,,,,,,,2137,28348,8096,3864
,,,,,,,,2138,27048,7724,3688
,,,,,,,,2139,26384,7532,3596
,,,,,,,,2140,26184,7476,3568
,,,,,,,,2141,26396,7540,3596
,,,,,,,,2142,27384,7820,3736
,,,,,,,,2143,29192,8336,3976
,,,,,,,,2144,31716,9056,4324
,,,,,,,,2145,34592,9876,4716
,,,,,,,,2146,36340,10376,4952
,,,,,,,,2147,37336,10660,5088
,,,,,,,,2148,37508,10712,5112
,,,,,,,,2149,37184,10620,5068
,,,,,,,,2150,36332,10376,4952
,,,,,,,,2151,35536,10148,4848
,,,,,,,,2152,35036,10008,4776
,,,,,,,,2153,35092,10020,4784
,,,,,,,,2154,35544,10152,4848
,,,,,,,,2155,35924,10256,4896
,,,,,,,,2156,37456,10700,5108
,,,,,,,,2157,37288,10648,5084
,,,,,,,,2158,35800,10224,4880
,,,,,,,,2159,33556,9584,4576
,,,,,,,,2160,30964,8844,4220
,,,,,,,,2161,28896,8252,3936
,,,,,,,,2162,27612,7884,3764
,,,,,,,,2163,26996,7712,3680
,,,,,,,,2164,26756,7640,3648
,,,,,,,,2165,26872,7672,3664
,,,,,,,,2166,27624,7892,3764
,,,,,,,,2167,28740,8208,3916
,,,,,,,,2168,30384,8676,4140
,,,,,,,,2169,32460,9272,4424
,,,,,,,,2170,33800,9656,4608
,,,,,,,,2171,34308,9796,4676
,,,,,,,,2172,34396,9820,4688
,,,,,,,,2173,34376,9816,4684
,,,,,,,,2174,34160,9756,4656
,,,,,,,,2175,33936,9692,4624
,,,,,,,,2176,34136,9748,4652
,,,,,,,,2177,35128,10032,4788
,,,,,,,,2178,36612,10456,4992
,,,,,,,,2179,37688,10764,5136
,,,,,,,,2180,38944,11120,5312
,,,,,,,,2181,37956,10840,5172
,,,,,,,,2182,35488,10136,4840
,,,,,,,,2183,32328,9232,4404
,,,,,,,,2184,29420,8400,4012
,,,,,,,,2185,27504,7852,3748
,,,,,,,,2186,26456,7556,3608
,,,,,,,,2187,26068,7444,3552
,,,,,,,,2188,26128,7460,3560
,,,,,,,,2189,27064,7732,3688
,,,,,,,,2190,30092,8592,4100
,,,,,,,,2191,35264,10072,4808
,,,,,,,,2192,38356,10956,5232
,,,,,,,,2193,39276,11220,5352
,,,,,,,,2194,39664,11328,5408
,,,,,,,,2195,39860,11384,5432
,,,,,,,,2196,39568,11300,5392
,,,,,,,,2197,39004,11140,5316
,,,,,,,,2198,38588,11020,5260
,,,,,,,,2199,37884,10816,5164
,,,,,,,,2200,37328,10660,5088
,,,,,,,,2201,37300,10652,5088
,,,,,,,,2202,37832,10804,5156
,,,,,,,,2203,38228,10920,5208
,,,,,,,,2204,40340,11520,5500
,,,,,,,,2205,40516,11572,5524
,,,,,,,,2206,38084,10876,5192
,,,,,,,,2207,34396,9820,4688
,,,,,,,,2208,30944,8836,4220
,,,,,,,,2209,28812,8228,3928
,,,,,,,,2210,27728,7916,3780
,,,,,,,,2211,27276,7792,3716
,,,,,,,,2212,27328,7804,3724
,,,,,,,,2213,28308,8084,3856
,,,,,,,,2214,31320,8944,4268
,,,,,,,,2215,36336,10376,4952
,,,,,,,,2216,39072,11160,5328
,,,,,,,,2217,39320,11228,5360
,,,,,,,,2218,39260,11212,5352
,,,,,,,,2219,39196,11192,5344
,,,,,,,,2220,38856,11096,5296
,,,,,,,,2221,38340,10948,5228
,,,,,,,,2222,37916,10828,5168
,,,,,,,,2223,37348,10664,5092
,,,,,,,,2224,36960,10556,5040
,,,,,,,,2225,36932,10548,5036
,,,,,,,,2226,37292,10648,5084
,,,,,,,,2227,37656,10756,5132
,,,,,,,,2228,39748,11352,5420
,,,,,,,,2229,39976,11420,5452
,,,,,,,,2230,37332,10660,5088
,,,,,,,,2231,33556,9584,4576
,,,,,,,,2232,30108,8596,4104
,,,,,,,,2233,27840,7952,3796
,,,,,,,,2234,26716,7632,3640
,,,,,,,,2235,26136,7464,3564
,,,,,,,,2236,26052,7440,3552
,,,,,,,,2237,26816,7656,3652
,,,,,,,,2238,29644,8468,4040
,,,,,,,,2239,34508,9856,4704
,,,,,,,,2240,37256,10640,5080
,,,,,,,,2241,37728,10776,5144
,,,,,,,,2242,37840,10808,5160
,,,,,,,,2243,38088,10880,5192
,,,,,,,,2244,38092,10880,5192
,,,,,,,,2245,37760,10784,5148
,,,,,,,,2246,37672,10760,5136
,,,,,,,,2247,37352,10668,5092
,,,,,,,,2248,36952,10556,5036
,,,,,,,,2249,36956,10556,5040
,,,,,,,,2250,37300,10652,5088
,,,,,,,,2251,37640,10748,5128
,,,,,,,,2252,39452,11268,5380
,,,,,,,,2253,39368,11240,5368
,,,,,,,,2254,36800,10508,5016
,,,,,,,,2255,33148,9464,4520
,,,,,,,,2256,29696,8480,4048
,,,,,,,,2257,27620,7888,3764
,,,,,,,,2258,26520,7572,3612
,,,,,,,,2259,26032,7432,3548
,,,,,,,,2260,26036,7432,3548
,,,,,,,,2261,26940,7692,3676
,,,,,,,,2262,29792,8508,4060
,,,,,,,,2263,34788,9936,4744
,,,,,,,,2264,37656,10756,5132
,,,,,,,,2265,38240,10920,5212
,,,,,,,,2266,38536,11004,5252
,,,,,,,,2267,38740,11064,5280
,,,,,,,,2268,38612,11028,5264
,,,,,,,,2269,38216,10916,5208
,,,,,,,,2270,37956,10840,5172
,,,,,,,,2271,37292,10652,5084
,,,,,,,,2272,36756,10500,5008
,,,,,,,,2273,36640,10464,4996
,,,,,,,,2274,36888,10536,5028
,,,,,,,,2275,37124,10600,5060
,,,,,,,,2276,38900,11108,5304
,,,,,,,,2277,39308,11224,5360
,,,,,,,,2278,37264,10640,5080
,,,,,,,,2279,33872,9676,4620
,,,,,,,,2280,30608,8740,4172
,,,,,,,,2281,28424,8116,3876
,,,,,,,,2282,27284,7792,3716
,,,,,,,,2283,26760,7644,3648
,,,,,,,,2284,26732,7632,3644
,,,,,,,,2285,27440,7836,3740
,,,,,,,,2286,29748,8496,4056
,,,,,,,,2287,33312,9516,4544
,,,,,,,,2288,36048,10296,4916
,,,,,,,,2289,37292,10652,5084
,,,,,,,,2290,37896,10820,5168
,,,,,,,,2291,38052,10868,5188
,,,,,,,,2292,37692,10764,5140
,,,,,,,,2293,37096,10596,5056
,,,,,,,,2294,36560,10440,4984
,,,,,,,,2295,35784,10220,4880
,,,,,,,,2296,35136,10036,4788
,,,,,,,,2297,35032,10004,4776
,,,,,,,,2298,35256,10068,4808
,,,,,,,,2299,35392,10108,4824
,,,,,,,,2300,36964,10556,5040
,,,,,,,,2301,37372,10672,5092
,,,,,,,,2302,35672,10188,4864
,,,,,,,,2303,32996,9424,4500
,,,,,,,,2304,30192,8620,4116
,,,,,,,,2305,28096,8024,3832
,,,,,,,,2306,26880,7676,3664
,,,,,,,,2307,26264,7500,3580
,,,,,,,,2308,26060,7440,3552
,,,,,,,,2309,26384,7536,3596
,,,,,,,,2310,27460,7840,3744
,,,,,,,,2311,29008,8284,3956
,,,,,,,,2312,31404,8972,4280
,,,,,,,,2313,33776,9644,4604
,,,,,,,,2314,35016,10000,4772
,,,,,,,,2315,35296,10080,4812
,,,,,,,,2316,35076,10016,4784
,,,,,,,,2317,34536,9864,4708
,,,,,,,,2318,33844,9664,4612
,,,,,,,,2319,33208,9484,4524
,,,,,,,,2320,33088,9452,4512
,,,,,,,,2321,33700,9624,4596
,,,,,,,,2322,34592,9876,4716
,,,,,,,,2323,35268,10072,4808
,,,,,,,,2324,36680,10476,5000
,,,,,,,,2325,36644,10464,4996
,,,,,,,,2326,34960,9984,4764
,,,,,,,,2327,32428,9260,4424
,,,,,,,,2328,29656,8468,4040
,,,,,,,,2329,27380,7820,3732
,,,,,,,,2330,26060,7444,3552
,,,,,,,,2331,25276,7216,3444
,,,,,,,,2332,24988,7136,3408
,,,,,,,,2333,25116,7172,3424
,,,,,,,,2334,25832,7376,3520
,,,,,,,,2335,27064,7732,3688
,,,,,,,,2336,29332,8376,3996
,,,,,,,,2337,31912,9116,4352
,,,,,,,,2338,33520,9576,4568
,,,,,,,,2339,34080,9732,4644
,,,,,,,,2340,34404,9824,4688
,,,,,,,,2341,34108,9740,4648
,,,,,,,,2342,32884,9392,4480
,,,,,,,,2343,31648,9036,4316
,,,,,,,,2344,30960,8840,4220
,,,,,,,,2345,30804,8796,4200
,,,,,,,,2346,31156,8896,4248
,,,,,,,,2347,32004,9140,4360
,,,,,,,,2348,34456,9840,4696
,,,,,,,,2349,35680,10192,4864
,,,,,,,,2350,33756,9636,4604
,,,,,,,,2351,30828,8804,4200
,,,,,,,,2352,28124,8032,3836
,,,,,,,,2353,26316,7516,3588
,,,,,,,,2354,25436,7264,3468
,,,,,,,,2355,25108,7172,3424
,,,,,,,,2356,25128,7176,3424
,,,,,,,,2357,26044,7436,3552
,,,,,,,,2358,28952,8268,3948
,,,,,,,,2359,33704,9624,4596
,,,,,,,,2360,36900,10540,5028
,,,,,,,,2361,38032,10860,5188
,,,,,,,,2362,38512,10996,5248
,,,,,,,,2363,38940,11120,5312
,,,,,,,,2364,38944,11120,5312
,,,,,,,,2365,38628,11032,5268
,,,,,,,,2366,38340,10948,5228
,,,,,,,,2367,37716,10772,5144
,,,,,,,,2368,37288,10648,5084
,,,,,,,,2369,37292,10652,5084
,,,,,,,,2370,37728,10776,5144
,,,,,,,,2371,38104,10880,5192
,,,,,,,,2372,39712,11340,5412
,,,,,,,,2373,39776,11360,5424
,,,,,,,,2374,37020,10572,5048
,,,,,,,,2375,33248,9496,4532
,,,,,,,,2376,29740,8496,4056
,,,,,,,,2377,27636,7892,3768
,,,,,,,,2378,26572,7592,3624
,,,,,,,,2379,26092,7452,3556
,,,,,,,,2380,26052,7440,3552
,,,,,,,,2381,26948,7696,3676
,,,,,,,,2382,29748,8496,4056
,,,,,,,,2383,34368,9816,4684
,,,,,,,,2384,37264,10640,5080
,,,,,,,,2385,37840,10808,5160
,,,,,,,,2386,38084,10876,5192
,,,,,,,,2387,38332,10948,5228
,,,,,,,,2388,38244,10920,5212
,,,,,,,,2389,38012,10856,5184
,,,,,,,,2390,37920,10828,5168
,,,,,,,,2391,37408,10680,5100
,,,,,,,,2392,36968,10556,5040
,,,,,,,,2393,37028,10576,5048
,,,,,,,,2394,37324,10660,5088
,,,,,,,,2395,37580,10732,5124
,,,,,,,,2396,39244,11208,5352
,,,,,,,,2397,39392,11252,5372
,,,,,,,,2398,36700,10480,5004
,,,,,,,,2399,32920,9400,4488
,,,,,,,,2400,29508,8428,4020
,,,,,,,,2401,27400,7828,3736
,,,,,,,,2402,26316,7512,3588
,,,,,,,,2403,25832,7376,3520
,,,,,,,,2404,25832,7376,3520
,,,,,,,,2405,26692,7624,3636
,,,,,,,,2406,29492,8420,4020
,,,,,,,,2407,34164,9756,4660
,,,,,,,,2408,37292,10652,5084
,,,,,,,,2409,38076,10876,5192
,,,,,,,,2410,38212,10912,5208
,,,,,,,,2411,38392,10964,5232
,,,,,,,,2412,38288,10936,5220
,,,,,,,,2413,37908,10824,5168
,,,,,,,,2414,37732,10776,5144
,,,,,,,,2415,37288,10648,5084
,,,,,,,,2416,36900,10540,5028
,,,,,,,,2417,36992,10564,5044
,,,,,,,,2418,37388,10680,5096
,,,,,,,,2419,37768,10784,5152
,,,,,,,,2420,39456,11268,5380
,,,,,,,,2421,39452,11268,5380
,,,,,,,,2422,36832,10516,5024
,,,,,,,,2423,33148,9468,4520
,,,,,,,,2424,29784,8504,4060
,,,,,,,,2425,27592,7880,3760
,,,,,,,,2426,26440,7552,3604
,,,,,,,,2427,25916,7400,3532
,,,,,,,,2428,25900,7396,3532
,,,,,,,,2429,26704,7628,3640
,,,,,,,,2430,29536,8436,4024
,,,,,,,,2431,34140,9752,4652
,,,,,,,,2432,37112,10596,5060
,,,,,,,,2433,37864,10816,5164
,,,,,,,,2434,38088,10880,5192
,,,,,,,,2435,38220,10916,5208
,,,,,,,,2436,38252,10924,5212
,,,,,,,,2437,38104,10880,5192
,,,,,,,,2438,38060,10868,5192
,,,,,,,,2439,37604,10736,5128
,,,,,,,,2440,37252,10636,5080
,,,,,,,,2441,37364,10672,5092
,,,,,,,,2442,37804,10796,5152
,,,,,,,,2443,37920,10828,5168
,,,,,,,,2444,39292,11220,5356
,,,,,,,,2445,39492,11280,5384
,,,,,,,,2446,37092,10592,5056
,,,,,,,,2447,33524,9576,4568
,,,,,,,,2448,30112,8596,4104
,,,,,,,,2449,27964,7988,3812
,,,,,,,,2450,26896,7680,3668
,,,,,,,,2451,26384,7532,3596
,,,,,,,,2452,26384,7536,3596
,,,,,,,,2453,27204,7772,3708
,,,,,,,,2454,29924,8544,4080
,,,,,,,,2455,34348,9808,4684
,,,,,,,,2456,37224,10632,5072
,,,,,,,,2457,37788,10792,5152
,,,,,,,,2458,37988,10848,5180
,,,,,,,,2459,38164,10900,5204
,,,,,,,,2460,37920,10828,5168
,,,,,,,,2461,37488,10704,5108
,,,,,,,,2462,37236,10636,5076
,,,,,,,,2463,36664,10472,5000
,,,,,,,,2464,36004,10284,4908
,,,,,,,,2465,35720,10200,4868
,,,,,,,,2466,35516,10144,4844
,,,,,,,,2467,35220,10056,4804
,,,,,,,,2468,36416,10400,4968
,,,,,,,,2469,37120,10600,5060
,,,,,,,,2470,35188,10052,4796
,,,,,,,,2471,32308,9228,4404
,,,,,,,,2472,29200,8340,3980
,,,,,,,,2473,27020,7716,3684
,,,,,,,,2474,25748,7352,3512
,,,,,,,,2475,25024,7148,3412
,,,,,,,,2476,24872,7104,3392
,,,,,,,,2477,25152,7184,3428
,,,,,,,,2478,26232,7492,3576
,,,,,,,,2479,27616,7888,3764
,,,,,,,,2480,30108,8596,4104
,,,,,,,,2481,32316,9228,4404
,,,,,,,,2482,33672,9616,4588
,,,,,,,,2483,34204,9768,4664
,,,,,,,,2484,34064,9728,4644
,,,,,,,,2485,33564,9584,4576
,,,,,,,,2486,32944,9408,4492
,,,,,,,,2487,32400,9256,4420
,,,,,,,,2488,32212,9200,4392
,,,,,,,,2489,32344,9236,4408
,,,,,,,,2490,32748,9352,4464
,,,,,,,,2491,32944,9408,4492
,,,,,,,,2492,34212,9772,4664
,,,,,,,,2493,34804,9936,4744
,,,,,,,,2494,33088,9452,4512
,,,,,,,,2495,30536,8720,4160
,,,,,,,,2496,27964,7988,3812
,,,,,,,,2497,25920,7400,3532
,,,,,,,,2498,24632,7032,3356
,,,,,,,,2499,23876,6820,3252
,,,,,,,,2500,23584,6732,3212
,,,,,,,,2501,23636,6752,3220
,,,,,,,,2502,24188,6908,3296
,,,,,,,,2503,24968,7132,3404
,,,,,,,,2504,26836,7664,3656
,,,,,,,,2505,29400,8396,4008
,,,,,,,,2506,31360,8956,4276
,,,,,,,,2507,32392,9252,4416
,,,,,,,,2508,32972,9416,4496
,,,,,,,,2509,33096,9452,4512
,,,,,,,,2510,32852,9380,4480
,,,,,,,,2511,32648,9324,4452
,,,,,,,,2512,32716,9344,4460
,,,,,,,,2513,33244,9496,4532
,,,,,,,,2514,34020,9716,4640
,,,,,,,,2515,34324,9800,4680
,,,,,,,,2516,35572,10156,4848
,,,,,,,,2517,36124,10320,4928
,,,,,,,,2518,34068,9728,4644
,,,,,,,,2519,31192,8908,4252
,,,,,,,,2520,28444,8124,3876
,,,,,,,,2521,26432,7552,3604
,,,,,,,,2522,25276,7216,3444
,,,,,,,,2523,24684,7052,3364
,,,,,,,,2524,24560,7012,3348
,,,,,,,,2525,25216,7200,3436
,,,,,,,,2526,27456,7840,3744
,,,,,,,,2527,30676,8760,4180
,,,,,,,,2528,34208,9768,4664
,,,,,,,,2529,36832,10516,5020
,,,,,,,,2530,38712,11056,5276
,,,,,,,,2531,40216,11484,5484
,,,,,,,,2532,41224,11772,5620
,,,,,,,,2533,41852,11952,5708
,,,,,,,,2534,42284,12076,5764
,,,,,,,,2535,42404,12112,5780
,,,,,,,,2536,42380,12100,5776
,,,,,,,,2537,42312,12084,5768
,,,,,,,,2538,41972,11984,5720
,,,,,,,,2539,41188,11760,5612
,,,,,,,,2540,41448,11840,5652
,,,,,,,,2541,41900,11964,5712
,,,,,,,,2542,38968,11128,5312
,,,,,,,,2543,34944,9980,4764
,,,,,,,,2544,31188,8908,4252
,,,,,,,,2545,28584,8164,3896
,,,,,,,,2546,27084,7732,3692
,,,,,,,,2547,26168,7472,3568
,,,,,,,,2548,25784,7364,3512
,,,,,,,,2549,26348,7524,3592
,,,,,,,,2550,28536,8152,3892
,,,,,,,,2551,31952,9124,4356
,,,,,,,,2552,35736,10208,4872
,,,,,,,,2553,37956,10840,5172
,,,,,,,,2554,39300,11224,5356
,,,,,,,,2555,40292,11508,5492
,,,,,,,,2556,40792,11652,5560
,,,,,,,,2557,41004,11712,5592
,,,,,,,,2558,41420,11828,5648
,,,,,,,,2559,41464,11840,5656
,,,,,,,,2560,41376,11820,5640
,,,,,,,,2561,41280,11788,5628
,,,,,,,,2562,40916,11684,5576
,,,,,,,,2563,39884,11392,5436
,,,,,,,,2564,40024,11432,5456
,,,,,,,,2565,40396,11536,5508
,,,,,,,,2566,37468,10700,5108
,,,,,,,,2567,33500,9568,4564
,,,,,,,,2568,29960,8556,4084
,,,,,,,,2569,27408,7828,3736
,,,,,,,,2570,25948,7412,3536
,,,,,,,,2571,25156,7184,3432
,,,,,,,,2572,24832,7092,3384
,,,,,,,,2573,25380,7248,3460
,,,,,,,,2574,27528,7864,3752
,,,,,,,,2575,30732,8776,4188
,,,,,,,,2576,34040,9720,4640
,,,,,,,,2577,35692,10196,4864
,,,,,,,,2578,36608,10456,4988
,,,,,,,,2579,37316,10660,5088
,,,,,,,,2580,37644,10752,5132
,,,,,,,,2581,37540,10720,5116
,,,,,,,,2582,37556,10724,5120
,,,,,,,,2583,37200,10624,5072
,,,,,,,,2584,36652,10468,4996
,,,,,,,,2585,36544,10440,4984
,,,,,,,,2586,36704,10480,5004
,,,,,,,,2587,36720,10488,5008
,,,,,,,,2588,37712,10772,5140
,,,,,,,,2589,37960,10840,5176
,,,,,,,,2590,35520,10144,4844
,,,,,,,,2591,32100,9168,4376
,,,,,,,,2592,28840,8236,3932
,,,,,,,,2593,26684,7620,3636
,,,,,,,,2594,25488,7276,3472
,,,,,,,,2595,24816,7088,3384
,,,,,,,,2596,24692,7052,3368
,,,,,,,,2597,25408,7256,3464
,,,,,,,,2598,27672,7904,3772
,,,,,,,,2599,31216,8916,4256
,,,,,,,,2600,34480,9848,4700
,,,,,,,,2601,35988,10276,4904
,,,,,,,,2602,36924,10544,5032
,,,,,,,,2603,37652,10756,5132
,,,,,,,,2604,37980,10844,5176
,,,,,,,,2605,37912,10828,5168
,,,,,,,,2606,37924,10832,5168
,,,,,,,,2607,37652,10756,5132
,,,,,,,,2608,37336,10664,5088
,,,,,,,,2609,37280,10648,5084
,,,,,,,,2610,37144,10608,5064
,,,,,,,,2611,36700,10480,5004
,,,,,,,,2612,37400,10680,5100
,,,,,,,,2613,38276,10932,5216
,,,,,,,,2614,35932,10260,4900
,,,,,,,,2615,32432,9260,4424
,,,,,,,,2616,29068,8300,3960
,,,,,,,,2617,26872,7672,3664
,,,,,,,,2618,25672,7332,3500
,,,,,,,,2619,25064,7156,3416
,,,,,,,,2620,24808,7084,3380
,,,,,,,,2621,25428,7264,3468
,,,,,,,,2622,27460,7844,3744
,,,,,,,,2623,30684,8764,4180
,,,,,,,,2624,33904,9680,4624
,,,,,,,,2625,35816,10228,4884
,,,,,,,,2626,37168,10616,5068
,,,,,,,,2627,38168,10900,5204
,,,,,,,,2628,38640,11036,5268
,,,,,,,,2629,38616,11028,5264
,,,,,,,,2630,38656,11040,5272
,,,,,,,,2631,38324,10944,5224
,,,,,,,,2632,37860,10812,5160
,,,,,,,,2633,37528,10720,5116
,,,,,,,,2634,37004,10568,5044
,,,,,,,,2635,36100,10312,4924
,,,,,,,,2636,36496,10424,4976
,,,,,,,,2637,37080,10592,5056
,,,,,,,,2638,34976,9988,4768
,,,,,,,,2639,32012,9140,4364
,,,,,,,,2640,28948,8268,3944
,,,,,,,,2641,26688,7620,3636
,,,,,,,,2642,25364,7244,3456
,,,,,,,,2643,24600,7028,3352
,,,,,,,,2644,24260,6928,3308
,,,,,,,,2645,24448,6984,3332
,,,,,,,,2646,25268,7216,3444
,,,,,,,,2647,26488,7564,3612
,,,,,,,,2648,28872,8244,3936
,,,,,,,,2649,31532,9004,4300
,,,,,,,,2650,33440,9552,4560
,,,,,,,,2651,34460,9840,4700
,,,,,,,,2652,34804,9936,4744
,,,,,,,,2653,34788,9936,4744
,,,,,,,,2654,34560,9868,4712
,,,,,,,,2655,34332,9804,4680
,,,,,,,,2656,34280,9792,4672
,,,,,,,,2657,34520,9856,4704
,,,,,,,,2658,34868,9960,4752
,,,,,,,,2659,34720,9916,4732
,,,,,,,,2660,35352,10100,4820
,,,,,,,,2661,36052,10296,4916
,,,,,,,,2662,34244,9780,4668
,,,,,,,,2663,31624,9032,4312
,,,,,,,,2664,28936,8264,3944
,,,,,,,,2665,26728,7632,3644
,,,,,,,,2666,25392,7252,3460
,,,,,,,,2667,24532,7008,3344
,,,,,,,,2668,24088,6880,3284
,,,,,,,,2669,24068,6872,3280
,,,,,,,,2670,24500,6996,3340
,,,,,,,,2671,25100,7168,3420
,,,,,,,,2672,26904,7684,3668
,,,,,,,,2673,29396,8396,4008
,,,,,,,,2674,31556,9012,4300
,,,,,,,,2675,32892,9396,4480
,,,,,,,,2676,33784,9648,4604
,,,,,,,,2677,34240,9776,4668
,,,,,,,,2678,34260,9784,4668
,,,,,,,,2679,34120,9744,4652
,,,,,,,,2680,34276,9788,4672
,,,,,,,,2681,35000,9996,4772
,,,,,,,,2682,35828,10232,4884
,,,,,,,,2683,36468,10416,4972
,,,,,,,,2684,36972,10556,5040
,,,,,,,,2685,36400,10396,4964
,,,,,,,,2686,33956,9696,4628
,,,,,,,,2687,31024,8860,4228
,,,,,,,,2688,28288,8076,3856
,,,,,,,,2689,26504,7572,3612
,,,,,,,,2690,25568,7300,3484
,,,,,,,,2691,25144,7180,3428
,,,,,,,,2692,25056,7156,3412
,,,,,,,,2693,25780,7360,3512
,,,,,,,,2694,28508,8140,3884
,,,,,,,,2695,33220,9488,4528
,,,,,,,,2696,36788,10504,5016
,,,,,,,,2697,38272,10932,5216
,,,,,,,,2698,39020,11144,5320
,,,,,,,,2699,39564,11300,5392
,,,,,,,,2700,39788,11364,5424
,,,,,,,,2701,39536,11292,5392
,,,,,,,,2702,39360,11240,5368
,,,,,,,,2703,38820,11084,5292
,,,,,,,,2704,38388,10960,5232
,,,,,,,,2705,38552,11012,5256
,,,,,,,,2706,39008,11140,5316
,,,,,,,,2707,38928,11120,5308
,,,,,,,,2708,39352,11240,5364
,,,,,,,,2709,39244,11208,5352
,,,,,,,,2710,36476,10416,4972
,,,,,,,,2711,32732,9348,4464
,,,,,,,,2712,29316,8372,3996
,,,,,,,,2713,27120,7744,3696
,,,,,,,,2714,26076,7448,3552
,,,,,,,,2715,25508,7284,3476
,,,,,,,,2716,25400,7252,3464
,,,,,,,,2717,26168,7472,3568
,,,,,,,,2718,28724,8204,3916
,,,,,,,,2719,32972,9416,4496
,,,,,,,,2720,36180,10332,4932
,,,,,,,,2721,37212,10628,5072
,,,,,,,,2722,37800,10796,5152
,,,,,,,,2723,38216,10916,5208
,,,,,,,,2724,38184,10904,5208
,,,,,,,,2725,37892,10820,5168
,,,,,,,,2726,37756,10780,5148
,,,,,,,,2727,37340,10664,5088
,,,,,,,,2728,36940,10552,5036
,,,,,,,,2729,37000,10568,5044
,,,,,,,,2730,37232,10632,5076
,,,,,,,,2731,37300,10652,5088
,,,,,,,,2732,38356,10956,5232
,,,,,,,,2733,39336,11236,5364
,,,,,,,,2734,36892,10536,5028
,,,,,,,,2735,33064,9440,4508
,,,,,,,,2736,29612,8456,4040
,,,,,,,,2737,27384,7820,3736
,,,,,,,,2738,26252,7496,3576
,,,,,,,,2739,25736,7352,3508
,,,,,,,,2740,25584,7308,3488
,,,,,,,,2741,26428,7548,3604
,,,,,,,,2742,29032,8292,3956
,,,,,,,,2743,33284,9504,4540
,,,,,,,,2744,36220,10344,4940
,,,,,,,,2745,36992,10564,5044
,,,,,,,,2746,37460,10700,5108
,,,,,,,,2747,37780,10788,5152
,,,,,,,,2748,37904,10824,5168
,,,,,,,,2749,37724,10772,5144
,,,,,,,,2750,37644,10752,5132
,,,,,,,,2751,37136,10604,5064
,,,,,,,,2752,36800,10508,5016
,,,,,,,,2753,36868,10528,5028
,,,,,,,,2754,37100,10596,5060
,,,,,,,,2755,37256,10636,5080
,,,,,,,,2756,38116,10884,5196
,,,,,,,,2757,38816,11084,5288
,,,,,,,,2758,36540,10436,4984
,,,,,,,,2759,32960,9416,4492
,,,,,,,,2760,29616,8456,4040
,,,,,,,,2761,27364,7812,3732
,,,,,,,,2762,26184,7476,3572
,,,,,,,,2763,25708,7340,3504
,,,,,,,,2764,25708,7340,3504
,,,,,,,,2765,26528,7576,3616
,,,,,,,,2766,29224,8348,3984
,,,,,,,,2767,33496,9568,4564
,,,,,,,,2768,36456,10412,4968
,,,,,,,,2769,37252,10636,5080
,,,,,,,,2770,37584,10736,5124
,,,,,,,,2771,37880,10816,5164
,,,,,,,,2772,38044,10864,5188
,,,,,,,,2773,37900,10824,5168
,,,,,,,,2774,37924,10832,5168
,,,,,,,,2775,37520,10716,5116
,,,,,,,,2776,37204,10624,5072
,,,,,,,,2777,37552,10724,5120
,,,,,,,,2778,38344,10952,5228
,,,,,,,,2779,38588,11020,5260
,,,,,,,,2780,39144,11180,5336
,,,,,,,,2781,39136,11176,5336
,,,,,,,,2782,36584,10448,4988
,,,,,,,,2783,32888,9392,4480
,,,,,,,,2784,29496,8424,4020
,,,,,,,,2785,27232,7776,3712
,,,,,,,,2786,26000,7424,3544
,,,,,,,,2787,25348,7240,3452
,,,,,,,,2788,25196,7192,3432
,,,,,,,,2789,25824,7372,3520
,,,,,,,,2790,28256,8072,3852
,,,,,,,,2791,32476,9276,4424
,,,,,,,,2792,35776,10220,4876
,,,,,,,,2793,37028,10576,5048
,,,,,,,,2794,37628,10748,5128
,,,,,,,,2795,38008,10856,5184
,,,,,,,,2796,37932,10832,5168
,,,,,,,,2797,37540,10720,5116
,,,,,,,,2798,37300,10652,5088
,,,,,,,,2799,36708,10484,5004
,,,,,,,,2800,36120,10316,4924
,,,,,,,,2801,35968,10272,4904
,,,,,,,,2802,35892,10252,4892
,,,,,,,,2803,35776,10220,4876
,,,,,,,,2804,36764,10500,5012
,,,,,,,,2805,37956,10840,5172
,,,,,,,,2806,36312,10372,4948
,,,,,,,,2807,33416,9544,4556
,,,,,,,,2808,30376,8676,4140
,,,,,,,,2809,28108,8028,3832
,,,,,,,,2810,26828,7660,3656
,,,,,,,,2811,26232,7492,3576
,,,,,,,,2812,26012,7428,3544
,,,,,,,,2813,26360,7532,3596
,,,,,,,,2814,27292,7792,3720
,,,,,,,,2815,28624,8176,3900
,,,,,,,,2816,31256,8928,4260
,,,,,,,,2817,33440,9552,4560
,,,,,,,,2818,34588,9876,4716
,,,,,,,,2819,34780,9932,4744
,,,,,,,,2820,34508,9856,4704
,,,,,,,,2821,33904,9680,4624
,,,,,,,,2822,33192,9476,4524
,,,,,,,,2823,32552,9296,4440
,,,,,,,,2824,32168,9188,4384
,,,,,,,,2825,32348,9236,4408
,,,,,,,,2826,32812,9372,4472
,,,,,,,,2827,33112,9456,4516
,,,,,,,,2828,33988,9708,4632
,,,,,,,,2829,35296,10080,4812
,,,,,,,,2830,33892,9676,4620
,,,,,,,,2831,31448,8980,4288
,,,,,,,,2832,28864,8244,3936
,,,,,,,,2833,26712,7632,3640
,,,,,,,,2834,25516,7288,3476
,,,,,,,,2835,24924,7116,3396
,,,,,,,,2836,24732,7064,3372
,,,,,,,,2837,24904,7112,3392
,,,,,,,,2838,25432,7264,3468
,,,,,,,,2839,26264,7500,3580
,,,,,,,,2840,28228,8060,3848
,,,,,,,,2841,30444,8696,4148
,,,,,,,,2842,32036,9148,4368
,,,,,,,,2843,32704,9340,4460
,,,,,,,,2844,32992,9420,4500
,,,,,,,,2845,32840,9376,4476
,,,,,,,,2846,32404,9256,4420
,,,,,,,,2847,31932,9120,4352
,,,,,,,,2848,31856,9096,4340
,,,,,,,,2849,32332,9236,4408
,,,,,,,,2850,33236,9492,4532
,,,,,,,,2851,33804,9656,4608
,,,,,,,,2852,34884,9964,4756
,,,,,,,,2853,36464,10416,4968
,,,,,,,,2854,34360,9812,4684
,,,,,,,,2855,31144,8896,4244
,,,,,,,,2856,28208,8056,3844
,,,,,,,,2857,26332,7520,3592
,,,,,,,,2858,25384,7252,3460
,,,,,,,,2859,25036,7152,3412
,,,,,,,,2860,25164,7188,3432
,,,,,,,,2861,26144,7468,3564
,,,,,,,,2862,28920,8260,3940
,,,,,,,,2863,33572,9588,4576
,,,,,,,,2864,36692,10480,5004
,,,,,,,,2865,37308,10656,5088
,,,,,,,,2866,37652,10756,5132
,,,,,,,,2867,37916,10828,5168
,,,,,,,,2868,37888,10820,5168
,,,,,,,,2869,37620,10744,5128
,,,,,,,,2870,37544,10720,5120
,,,,,,,,2871,37140,10604,5064
,,,,,,,,2872,36752,10500,5008
,,,,,,,,2873,36724,10488,5008
,,,,,,,,2874,36976,10560,5040
,,,,,,,,2875,37276,10644,5084
,,,,,,,,2876,38312,10940,5224
,,,,,,,,2877,39076,11160,5328
,,,,,,,,2878,36308,10368,4948
,,,,,,,,2879,32472,9276,4424
,,,,,,,,2880,29032,8292,3956
,,,,,,,,2881,26836,7664,3656
,,,,,,,,2882,25804,7372,3516
,,,,,,,,2883,25252,7212,3440
,,,,,,,,2884,25120,7172,3424
,,,,,,,,2885,25760,7356,3512
,,,,,,,,2886,28412,8112,3872
,,,,,,,,2887,33040,9436,4504
,,,,,,,,2888,36720,10488,5008
,,,,,,,,2889,38176,10900,5204
,,,,,,,,2890,39092,11164,5328
,,,,,,,,2891,39628,11320,5404
,,,,,,,,2892,40164,11472,5476
,,,,,,,,2893,40076,11444,5464
,,,,,,,,2894,39756,11356,5420
,,,,,,,,2895,39312,11228,5360
,,,,,,,,2896,38976,11132,5312
,,,,,,,,2897,39236,11204,5352
,,,,,,,,2898,39792,11364,5424
,,,,,,,,2899,39792,11364,5424
,,,,,,,,2900,40044,11436,5460
,,,,,,,,2901,40016,11428,5456
,,,,,,,,2902,37332,10660,5088
,,,,,,,,2903,33372,9532,4548
,,,,,,,,2904,29888,8536,4076
,,,,,,,,2905,27604,7884,3764
,,,,,,,,2906,26384,7536,3596
,,,,,,,,2907,25772,7360,3512
,,,,,,,,2908,25628,7320,3492
,,,,,,,,2909,26316,7512,3588
,,,,,,,,2910,28884,8252,3936
,,,,,,,,2911,33480,9560,4564
,,,,,,,,2912,36928,10544,5032
,,,,,,,,2913,37936,10836,5168
,,,,,,,,2914,38520,11000,5248
,,,,,,,,2915,38996,11136,5316
,,,,,,,,2916,39016,11140,5320
,,,,,,,,2917,38740,11060,5280
,,,,,,,,2918,38608,11024,5264
,,,,,,,,2919,38156,10900,5204
,,,,,,,,2920,37772,10788,5152
,,,,,,,,2921,37904,10824,5168
,,,,,,,,2922,38360,10956,5232
,,,,,,,,2923,38696,11052,5276
,,,,,,,,2924,39392,11248,5372
,,,,,,,,2925,39668,11328,5408
,,,,,,,,2926,37144,10608,5064
,,,,,,,,2927,33244,9496,4532
,,,,,,,,2928,29756,8496,4056
,,,,,,,,2929,27444,7836,3740
,,,,,,,,2930,26260,7496,3580
,,,,,,,,2931,25620,7316,3492
,,,,,,,,2932,25464,7272,3472
,,,,,,,,2933,26176,7476,3568
,,,,,,,,2934,28720,8204,3916
,,,,,,,,2935,33376,9532,4548
,,,,,,,,2936,36920,10544,5032
,,,,,,,,2937,38052,10868,5188
,,,,,,,,2938,38648,11040,5272
,,,,,,,,2939,39104,11168,5328
,,,,,,,,2940,39236,11204,5352
,,,,,,,,2941,38932,11120,5308
,,,,,,,,2942,38844,11092,5296
,,,,,,,,2943,38280,10932,5220
,,,,,,,,2944,37896,10820,5168
,,,,,,,,2945,38084,10876,5192
,,,,,,,,2946,38504,10996,5248
,,,,,,,,2947,38656,11040,5272
,,,,,,,,2948,39260,11212,5352
,,,,,,,,2949,39536,11292,5392
,,,,,,,,2950,37048,10580,5048
,,,,,,,,2951,33180,9476,4520
,,,,,,,,2952,29656,8468,4040
,,,,,,,,2953,27352,7812,3728
,,,,,,,,2954,26076,7448,3552
,,,,,,,,2955,25420,7260,3464
,,,,,,,,2956,25244,7212,3440
,,,,,,,,2957,25880,7392,3528
,,,,,,,,2958,28316,8088,3860
,,,,,,,,2959,32864,9384,4480
,,,,,,,,2960,36396,10396,4964
,,,,,,,,2961,37848,10808,5160
,,,,,,,,2962,38568,11016,5256
,,,,,,,,2963,39260,11212,5352
,,,,,,,,2964,39352,11240,5364
,,,,,,,,2965,39124,11172,5332
,,,,,,,,2966,38988,11136,5312
,,,,,,,,2967,38404,10968,5236
,,,,,,,,2968,37888,10820,5168
,,,,,,,,2969,37848,10808,5160
,,,,,,,,2970,37740,10776,5148
,,,,,,,,2971,37396,10680,5096
,,,,,,,,2972,37440,10692,5104
,,,,,,,,2973,37884,10816,5164
,,,,,,,,2974,35992,10276,4904
,,,,,,,,2975,32960,9416,4492
,,,,,,,,2976,29780,8504,4056
,,,,,,,,2977,27240,7780,3716
,,,,,,,,2978,25840,7376,3520
,,,,,,,,2979,24976,7132,3404
,,,,,,,,2980,24584,7020,3352
,,,,,,,,2981,24712,7056,3368
,,,,,,,,2982,25508,7284,3476
,,,,,,,,2983,26996,7712,3680
,,,,,,,,2984,29608,8456,4036
,,,,,,,,2985,32356,9240,4412
,,,,,,,,2986,34136,9748,4652
,,,,,,,,2987,34920,9976,4760
,,,,,,,,2988,35076,10016,4784
,,,,,,,,2989,34728,9916,4736
,,,,,,,,2990,34156,9756,4656
,,,,,,,,2991,33600,9596,4584
,,,,,,,,2992,33220,9488,4528
,,,,,,,,2993,33192,9476,4524
,,,,,,,,2994,33396,9536,4552
,,,,,,,,2995,33324,9516,4544
,,,,,,,,2996,33704,9624,4596
,,,,,,,,2997,34976,9988,4768
,,,,,,,,2998,33680,9616,4592
,,,,,,,,2999,31216,8916,4256
,,,,,,,,3000,28580,8160,3896
,,,,,,,,3001,26464,7556,3608
,,,,,,,,3002,25140,7180,3428
,,,,,,,,3003,24360,6956,3320
,,,,,,,,3004,23980,6848,3268
,,,,,,,,3005,23984,6852,3268
,,,,,,,,3006,24324,6948,3316
,,,,,,,,3007,25060,7156,3416
,,,,,,,,3008,27092,7736,3692
,,,,,,,,3009,29568,8444,4032
,,,,,,,,3010,31444,8980,4284
,,,,,,,,3011,32432,9260,4424
,,,,,,,,3012,32824,9376,4476
,,,,,,,,3013,32832,9376,4476
,,,,,,,,3014,32504,9284,4432
,,,,,,,,3015,32060,9156,4372
,,,,,,,,3016,31968,9132,4360
,,,,,,,,3017,32448,9268,4424
,,,,,,,,3018,33308,9512,4544
,,,,,,,,3019,33836,9664,4612
,,,,,,,,3020,34568,9872,4712
,,,,,,,,3021,36268,10360,4944
,,,,,,,,3022,34264,9784,4672
,,,,,,,,3023,31040,8864,4232
,,,,,,,,3024,28008,7996,3816
,,,,,,,,3025,25852,7384,3524
,,,,,,,,3026,24772,7072,3376
,,,,,,,,3027,24304,6940,3312
,,,,,,,,3028,24228,6920,3304
,,,,,,,,3029,25072,7160,3416
,,,,,,,,3030,27428,7832,3736
,,,,,,,,3031,31976,9132,4360
,,,,,,,,3032,35484,10136,4840
,,,,,,,,3033,36676,10476,5000
,,,,,,,,3034,37440,10692,5104
,,,,,,,,3035,38180,10904,5208
,,,,,,,,3036,38512,10996,5248
,,,,,,,,3037,38492,10992,5248
,,,,,,,,3038,38580,11020,5260
,,,,,,,,3039,38252,10924,5212
,,,,,,,,3040,37812,10800,5152
,,,,,,,,3041,37636,10748,5128
,,,,,,,,3042,37480,10704,5108
,,,,,,,,3043,37204,10624,5072
,,,,,,,,3044,37804,10796,5152
,,,,,,,,3045,38896,11108,5304
,,,,,,,,3046,36380,10388,4960
,,,,,,,,3047,32428,9260,4424
,,,,,,,,3048,28844,8236,3932
,,,,,,,,3049,26572,7588,3620
,,,,,,,,3050,25380,7248,3460
,,,,,,,,3051,24740,7068,3372
,,,,,,,,3052,24564,7016,3348
,,,,,,,,3053,25268,7216,3444
,,,,,,,,3054,27656,7896,3772
,,,,,,,,3055,32212,9200,4392
,,,,,,,,3056,35920,10256,4896
,,,,,,,,3057,37256,10636,5080
,,,,,,,,3058,38032,10860,5184
,,,,,,,,3059,38732,11060,5280
,,,,,,,,3060,38952,11124,5312
,,,,,,,,3061,38724,11060,5280
,,,,,,,,3062,38784,11076,5288
,,,,,,,,3063,38420,10972,5236
,,,,,,,,3064,38220,10916,5208
,,,,,,,,3065,38648,11040,5272
,,,,,,,,3066,39292,11220,5356
,,,,,,,,3067,39260,11212,5352
,,,,,,,,3068,39464,11272,5380
,,,,,,,,3069,39328,11232,5364
,,,,,,,,3070,36620,10456,4992
,,,,,,,,3071,32832,9376,4476
,,,,,,,,3072,29368,8388,4004
,,,,,,,,3073,27036,7720,3684
,,,,,,,,3074,25836,7376,3520
,,,,,,,,3075,25200,7196,3432
,,,,,,,,3076,25016,7144,3412
,,,,,,,,3077,25692,7336,3500
,,,,,,,,3078,28216,8056,3848
,,,,,,,,3079,32908,9396,4484
,,,,,,,,3080,36788,10504,5016
,,,,,,,,3081,38212,10912,5208
,,,,,,,,3082,39068,11160,5328
,,,,,,,,3083,39764,11360,5420
,,,,,,,,3084,40052,11440,5460
,,,,,,,,3085,39908,11400,5440
,,,,,,,,3086,39884,11392,5436
,,,,,,,,3087,39436,11260,5376
,,,,,,,,3088,39180,11188,5340
,,,,,,,,3089,39456,11268,5380
,,,,,,,,3090,39796,11364,5428
,,,,,,,,3091,39580,11304,5396
,,,,,,,,3092,39740,11348,5416
,,,,,,,,3093,39672,11328,5412
,,,,,,,,3094,37116,10596,5060
,,,,,,,,3095,33232,9492,4528
,,,,,,,,3096,29732,8492,4052
,,,,,,,,3097,27408,7828,3736
,,,,,,,,3098,26132,7464,3560
,,,,,,,,3099,25476,7272,3472
,,,,,,,,3100,25328,7232,3452
,,,,,,,,3101,25900,7396,3532
,,,,,,,,3102,28212,8056,3844
,,,,,,,,3103,32724,9344,4464
,,,,,,,,3104,36420,10400,4968
,,,,,,,,3105,37752,10780,5148
,,,,,,,,3106,38408,10968,5236
,,,,,,,,3107,38956,11124,5312
,,,,,,,,3108,39144,11180,5336
,,,,,,,,3109,38984,11132,5312
,,,,,,,,3110,38872,11100,5300
,,,,,,,,3111,38388,10960,5232
,,,,,,,,3112,37928,10832,5168
,,,,,,,,3113,37796,10796,5152
,,,,,,,,3114,37724,10772,5144
,,,,,,,,3115,37356,10668,5092
,,,,,,,,3116,37532,10720,5116
,,,,,,,,3117,38624,11028,5268
,,,,,,,,3118,36664,10472,5000
,,,,,,,,3119,33068,9444,4508
,,,,,,,,3120,29464,8412,4016
,,,,,,,,3121,27108,7740,3692
,,,,,,,,3122,25840,7376,3520
,,,,,,,,3123,25152,7184,3428
,,,,,,,,3124,24988,7136,3408
,,,,,,,,3125,25712,7344,3504
,,,,,,,,3126,27796,7936,3788
,,,,,,,,3127,32272,9216,4400
,,,,,,,,3128,35624,10176,4856
,,,,,,,,3129,36736,10492,5008
,,,,,,,,3130,37396,10680,5096
,,,,,,,,3131,37876,10816,5164
,,,,,,,,3132,38068,10872,5192
,,,,,,,,3133,37820,10800,5156
,,,,,,,,3134,37644,10752,5132
,,,,,,,,3135,37152,10612,5068
,,,,,,,,3136,36660,10472,4996
,,,,,,,,3137,36400,10396,4964
,,,,,,,,3138,36096,10308,4920
,,,,,,,,3139,35584,10160,4852
,,,,,,,,3140,35504,10140,4840
,,,,,,,,3141,36716,10484,5008
,,,,,,,,3142,35432,10116,4828
,,,,,,,,3143,32540,9292,4436
,,,,,,,,3144,29312,8372,3996
,,,,,,,,3145,26896,7680,3668
,,,,,,,,3146,25496,7280,3472
,,,,,,,,3147,24716,7056,3372
,,,,,,,,3148,24432,6976,3332
,,,,,,,,3149,24552,7012,3348
,,,,,,,,3150,25088,7164,3420
,,,,,,,,3151,26668,7616,3636
,,,,,,,,3152,29332,8376,3996
,,,,,,,,3153,31936,9120,4356
,,,,,,,,3154,33504,9568,4568
,,,,,,,,3155,34048,9724,4644
,,,,,,,,3156,34124,9744,4652
,,,,,,,,3157,33844,9664,4612
,,,,,,,,3158,33484,9560,4564
,,,,,,,,3159,33184,9476,4524
,,,,,,,,3160,33248,9496,4532
,,,,,,,,3161,33588,9592,4580
,,,,,,,,3162,34000,9712,4636
,,,,,,,,3163,34068,9732,4644
,,,,,,,,3164,34192,9764,4664
,,,,,,,,3165,35508,10140,4840
,,,,,,,,3166,34364,9816,4684
,,,,,,,,3167,31776,9076,4332
,,,,,,,,3168,28872,8244,3936
,,,,,,,,3169,26588,7592,3624
,,,,,,,,3170,25036,7152,3412
,,,,,,,,3171,24152,6896,3292
,,,,,,,,3172,23668,6760,3228
,,,,,,,,3173,23600,6740,3216
,,,,,,,,3174,23640,6752,3224
,,,,,,,,3175,24564,7012,3348
,,,,,,,,3176,26892,7680,3668
,,,,,,,,3177,29768,8500,4056
,,,,,,,,3178,31920,9116,4352
,,,,,,,,3179,33076,9448,4508
,,,,,,,,3180,33692,9620,4592
,,,,,,,,3181,33980,9704,4632
,,,,,,,,3182,33916,9684,4624
,,,,,,,,3183,33848,9668,4616
,,,,,,,,3184,33996,9708,4636
,,,,,,,,3185,34400,9824,4688
,,,,,,,,3186,34892,9964,4756
,,,,,,,,3187,35016,10000,4772
,,,,,,,,3188,35596,10168,4852
,,,,,,,,3189,37232,10632,5076
,,,,,,,,3190,35688,10192,4864
,,,,,,,,3191,32424,9260,4420
,,,,,,,,3192,29196,8336,3980
,,,,,,,,3193,26888,7680,3664
,,,,,,,,3194,25688,7336,3500
,,,,,,,,3195,25012,7144,3412
,,,,,,,,3196,24828,7092,3384
,,,,,,,,3197,25588,7308,3488
,,,,,,,,3198,27856,7956,3796
,,,,,,,,3199,32336,9236,4408
,,,,,,,,3200,36152,10324,4928
,,,,,,,,3201,37812,10800,5152
,,,,,,,,3202,38968,11128,5312
,,,,,,,,3203,39984,11420,5452
,,,,,,,,3204,40588,11592,5532
,,,,,,,,3205,40788,11648,5560
,,,,,,,,3206,40772,11644,5556
,,,,,,,,3207,40448,11552,5512
,,,,,,,,3208,40076,11444,5464
,,,,,,,,3209,40056,11440,5460
,,,,,,,,3210,40168,11472,5476
,,,,,,,,3211,39876,11388,5436
,,,,,,,,3212,39872,11388,5436
,,,,,,,,3213,40120,11460,5472
,,,,,,,,3214,37584,10732,5124
,,,,,,,,3215,33680,9616,4592
,,,,,,,,3216,30024,8576,4092
,,,,,,,,3217,27652,7896,3772
,,,,,,,,3218,26340,7524,3592
,,,,,,,,3219,25620,7316,3492
,,,,,,,,3220,25444,7268,3468
,,,,,,,,3221,26084,7452,3552
,,,,,,,,3222,28348,8096,3864
,,,,,,,,3223,32824,9376,4476
,,,,,,,,3224,36596,10452,4988
,,,,,,,,3225,38280,10932,5220
,,,,,,,,3226,39360,11240,5368
,,,,,,,,3227,40340,11520,5500
,,,,,,,,3228,40764,11640,5556
,,,,,,,,3229,40796,11652,5560
,,,,,,,,3230,40768,11640,5556
,,,,,,,,3231,40260,11500,5492
,,,,,,,,3232,39880,11392,5436
,,,,,,,,3233,40028,11432,5456
,,,,,,,,3234,40348,11520,5500
,,,,,,,,3235,40200,11480,5480
,,,,,,,,3236,40236,11492,5488
,,,,,,,,3237,40184,11480,5480
,,,,,,,,3238,37604,10736,5128
,,,,,,,,3239,33744,9636,4600
,,,,,,,,3240,30180,8616,4116
,,,,,,,,3241,27864,7956,3796
,,,,,,,,3242,26556,7584,3620
,,,,,,,,3243,25876,7392,3528
,,,,,,,,3244,25668,7332,3496
,,,,,,,,3245,26308,7512,3588
,,,,,,,,3246,28732,8208,3916
,,,,,,,,3247,33368,9532,4548
,,,,,,,,3248,37228,10632,5076
,,,,,,,,3249,38944,11120,5312
,,,,,,,,3250,39964,11416,5448
,,,,,,,,3251,40756,11640,5556
,,,,,,,,3252,41124,11744,5608
,,,,,,,,3253,41092,11736,5604
,,,,,,,,3254,41196,11764,5616
,,,,,,,,3255,41160,11756,5612
,,,,,,,,3256,41160,11756,5612
,,,,,,,,3257,41284,11788,5628
,,,,,,,,3258,41216,11772,5620
,,,,,,,,3259,40664,11612,5544
,,,,,,,,3260,40412,11540,5512
,,,,,,,,3261,41316,11800,5632
,,,,,,,,3262,39076,11160,5328
,,,,,,,,3263,35008,9996,4772
,,,,,,,,3264,31052,8868,4232
,,,,,,,,3265,28428,8116,3876
,,,,,,,,3266,26924,7692,3672
,,,,,,,,3267,26068,7448,3552
,,,,,,,,3268,25688,7336,3500
,,,,,,,,3269,26120,7460,3560
,,,,,,,,3270,27964,7988,3812
,,,,,,,,3271,32324,9232,4404
,,,,,,,,3272,35800,10224,4880
,,,,,,,,3273,37232,10636,5076
,,,,,,,,3274,38092,10880,5192
,,,,,,,,3275,38844,11092,5296
,,,,,,,,3276,39212,11200,5348
,,,,,,,,3277,39212,11200,5348
,,,,,,,,3278,39424,11260,5372
,,,,,,,,3279,39260,11212,5352
,,,,,,,,3280,39108,11168,5328
,,,,,,,,3281,39056,11152,5324
,,,,,,,,3282,38820,11084,5292
,,,,,,,,3283,38176,10900,5204
,,,,,,,,3284,37964,10840,5176
,,,,,,,,3285,39136,11176,5332
,,,,,,,,3286,37384,10676,5096
,,,,,,,,3287,33492,9564,4564
,,,,,,,,3288,29780,8504,4056
,,,,,,,,3289,27292,7792,3720
,,,,,,,,3290,25832,7376,3520
,,,,,,,,3291,25092,7168,3420
,,,,,,,,3292,24840,7092,3388
,,,,,,,,3293,25464,7272,3472
,,,,,,,,3294,27356,7812,3732
,,,,,,,,3295,31748,9068,4328
,,,,,,,,3296,35424,10116,4828
,,,,,,,,3297,37036,10580,5048
,,,,,,,,3298,38044,10864,5188
,,,,,,,,3299,38836,11092,5292
,,,,,,,,3300,39196,11192,5344
,,,,,,,,3301,39152,11180,5336
,,,,,,,,3302,39236,11204,5352
,,,,,,,,3303,38940,11120,5308
,,,,,,,,3304,38636,11036,5268
,,,,,,,,3305,38328,10944,5228
,,,,,,,,3306,37752,10780,5148
,,,,,,,,3307,36860,10528,5028
,,,,,,,,3308,36340,10376,4952
,,,,,,,,3309,37276,10644,5084
,,,,,,,,3310,36020,10288,4908
,,,,,,,,3311,32928,9404,4488
,,,,,,,,3312,29552,8436,4028
,,,,,,,,3313,27036,7720,3684
,,,,,,,,3314,25584,7308,3488
,,,,,,,,3315,24720,7060,3372
,,,,,,,,3316,24264,6932,3308
,,,,,,,,3317,24416,6972,3328
,,,,,,,,3318,24736,7064,3372
,,,,,,,,3319,26408,7544,3600
,,,,,,,,3320,29228,8348,3984
,,,,,,,,3321,32140,9176,4380
,,,,,,,,3322,33960,9696,4628
,,,,,,,,3323,34868,9960,4752
,,,,,,,,3324,35300,10080,4812
,,,,,,,,3325,35284,10076,4808
,,,,,,,,3326,35064,10016,4780
,,,,,,,,3327,34960,9984,4764
,,,,,,,,3328,35136,10036,4788
,,,,,,,,3329,35528,10148,4844
,,,,,,,,3330,35872,10244,4888
,,,,,,,,3331,35672,10188,4864
,,,,,,,,3332,35216,10056,4804
,,,,,,,,3333,36116,10316,4924
,,,,,,,,3334,35140,10036,4792
,,,,,,,,3335,32400,9256,4420
,,,,,,,,3336,29396,8396,4008
,,,,,,,,3337,27000,7712,3680
,,,,,,,,3338,25452,7268,3472
,,,,,,,,3339,24476,6992,3336
,,,,,,,,3340,24060,6872,3280
,,,,,,,,3341,24024,6860,3272
,,,,,,,,3342,23960,6844,3268
,,,,,,,,3343,24952,7128,3400
,,,,,,,,3344,27380,7820,3732
,,,,,,,,3345,30348,8668,4140
,,,,,,,,3346,32692,9336,4456
,,,,,,,,3347,34128,9748,4652
,,,,,,,,3348,35076,10016,4784
,,,,,,,,3349,35564,10156,4848
,,,,,,,,3350,35632,10180,4860
,,,,,,,,3351,35700,10196,4864
,,,,,,,,3352,35940,10264,4900
,,,,,,,,3353,36424,10400,4968
,,,,,,,,3354,36908,10540,5032
,,,,,,,,3355,36884,10536,5028
,,,,,,,,3356,36696,10480,5004
,,,,,,,,3357,37864,10816,5164
,,,,,,,,3358,36228,10348,4940
,,,,,,,,3359,32612,9316,4444
,,,,,,,,3360,29212,8340,3980
,,,,,,,,3361,26776,7648,3652
,,,,,,,,3362,25596,7312,3492
,,,,,,,,3363,24960,7128,3400
,,,,,,,,3364,24800,7084,3380
,,,,,,,,3365,25464,7272,3472
,,,,,,,,3366,27488,7852,3748
,,,,,,,,3367,32004,9140,4360
,,,,,,,,3368,36004,10284,4908
,,,,,,,,3369,37884,10820,5164
,,,,,,,,3370,39168,11184,5340
,,,,,,,,3371,40236,11492,5488
,,,,,,,,3372,40856,11668,5572
,,,,,,,,3373,40992,11708,5588
,,,,,,,,3374,41260,11784,5624
,,,,,,,,3375,41020,11716,5592
,,,,,,,,3376,40684,11620,5548
,,,,,,,,3377,40764,11640,5556
,,,,,,,,3378,40828,11660,5568
,,,,,,,,3379,40560,11584,5532
,,,,,,,,3380,40416,11540,5512
,,,,,,,,3381,40548,11580,5528
,,,,,,,,3382,38028,10860,5184
,,,,,,,,3383,34040,9720,4640
,,,,,,,,3384,30460,8696,4152
,,,,,,,,3385,28096,8024,3832
,,,,,,,,3386,26792,7652,3652
,,,,,,,,3387,26168,7472,3568
,,,,,,,,3388,25924,7404,3532
,,,,,,,,3389,26604,7596,3628
,,,,,,,,3390,28844,8236,3932
,,,,,,,,3391,33448,9556,4560
,,,,,,,,3392,37240,10636,5076
,,,,,,,,3393,38816,11084,5288
,,,,,,,,3394,39876,11388,5436
,,,,,,,,3395,40896,11680,5576
,,,,,,,,3396,41364,11816,5640
,,,,,,,,3397,41336,11804,5632
,,,,,,,,3398,41368,11816,5640
,,,,,,,,3399,41052,11724,5596
,,,,,,,,3400,40784,11648,5560
,,,,,,,,3401,40800,11652,5564
,,,,,,,,3402,40908,11684,5576
,,,,,,,,3403,40472,11560,5516
,,,,,,,,3404,40184,11476,5476
,,,,,,,,3405,40392,11536,5508
,,,,,,,,3406,38200,10908,5208
,,,,,,,,3407,34428,9832,4692
,,,,,,,,3408,30800,8796,4200
,,,,,,,,3409,28204,8052,3844
,,,,,,,,3410,26924,7692,3672
,,,,,,,,3411,26252,7496,3576
,,,,,,,,3412,26024,7432,3548
,,,,,,,,3413,26708,7628,3640
,,,,,,,,3414,28760,8216,3920
,,,,,,,,3415,33456,9556,4560
,,,,,,,,3416,37424,10688,5104
,,,,,,,,3417,39276,11220,5352
,,,,,,,,3418,40500,11568,5520
,,,,,,,,3419,41604,11880,5672
,,,,,,,,3420,42324,12088,5772
,,,,,,,,3421,42676,12188,5816
,,,,,,,,3422,43140,12320,5880
,,,,,,,,3423,43088,12304,5876
,,,,,,,,3424,42788,12220,5836
,,,,,,,,3425,42848,12240,5840
,,,,,,,,3426,42764,12212,5832
,,,,,,,,3427,42132,12032,5744
,,,,,,,,3428,41644,11892,5676
,,,,,,,,3429,42364,12100,5776
,,,,,,,,3430,40588,11592,5532
,,,,,,,,3431,36384,10392,4960
,,,,,,,,3432,32296,9224,4400
,,,,,,,,3433,29488,8420,4016
,,,,,,,,3434,27796,7936,3788
,,,,,,,,3435,26852,7668,3660
,,,,,,,,3436,26464,7556,3608
,,,,,,,,3437,27036,7720,3684
,,,,,,,,3438,29080,8304,3964
,,,,,,,,3439,33896,9680,4624
,,,,,,,,3440,37980,10844,5176
,,,,,,,,3441,40004,11424,5452
,,,,,,,,3442,41512,11856,5660
,,,,,,,,3443,42756,12212,5828
,,,,,,,,3444,43484,12420,5928
,,,,,,,,3445,43704,12480,5956
,,,,,,,,3446,43892,12536,5984
,,,,,,,,3447,43776,12504,5968
,,,,,,,,3448,43380,12388,5916
,,,,,,,,3449,43180,12332,5888
,,,,,,,,3450,42564,12156,5804
,,,,,,,,3451,41664,11900,5680
,,,,,,,,3452,41196,11764,5616
,,,,,,,,3453,41916,11972,5712
,,,,,,,,3454,40164,11472,5476
,,,,,,,,3455,35996,10280,4904
,,,,,,,,3456,31896,9108,4348
,,,,,,,,3457,29216,8344,3980
,,,,,,,,3458,27744,7924,3780
,,,,,,,,3459,26864,7672,3660
,,,,,,,,3460,26588,7592,3624
,,,,,,,,3461,27152,7752,3700
,,,,,,,,3462,29156,8328,3976
,,,,,,,,3463,33500,9568,4564
,,,,,,,,3464,37276,10644,5084
,,,,,,,,3465,39124,11176,5332
,,,,,,,,3466,40264,11500,5492
,,,,,,,,3467,41116,11740,5608
,,,,,,,,3468,41692,11908,5684
,,,,,,,,3469,41784,11936,5696
,,,,,,,,3470,41944,11980,5716
,,,,,,,,3471,41728,11920,5688
,,,,,,,,3472,41524,11860,5660
,,,,,,,,3473,41512,11856,5660
,,,,,,,,3474,41176,11760,5612
,,,,,,,,3475,40432,11548,5512
,,,,,,,,3476,39804,11368,5428
,,,,,,,,3477,40332,11520,5496
,,,,,,,,3478,39176,11188,5340
,,,,,,,,3479,36048,10296,4912
,,,,,,,,3480,32512,9284,4432
,,,,,,,,3481,29824,8516,4064
,,,,,,,,3482,28196,8052,3844
,,,,,,,,3483,27204,7772,3708
,,,,,,,,3484,26704,7628,3640
,,,,,,,,3485,26764,7644,3648
,,,,,,,,3486,27168,7756,3704
,,,,,,,,3487,28720,8204,3916
,,,,,,,,3488,31656,9040,4316
,,,,,,,,3489,35116,10028,4784
,,,,,,,,3490,37940,10836,5172
,,,,,,,,3491,39884,11392,5436
,,,,,,,,3492,41136,11748,5608
,,,,,,,,3493,41884,11964,5712
,,,,,,,,3494,42124,12028,5744
,,,,,,,,3495,42284,12076,5764
,,,,,,,,3496,42284,12076,5764
,,,,,,,,3497,42584,12160,5804
,,,,,,,,3498,42584,12160,5804
,,,,,,,,3499,41988,11992,5724
,,,,,,,,3500,41204,11768,5616
,,,,,,,,3501,41600,11880,5672
,,,,,,,,3502,40424,11544,5512
,,,,,,,,3503,37108,10596,5060
,,,,,,,,3504,33536,9576,4572
,,,,,,,,3505,30560,8728,4164
,,,,,,,,3506,28648,8180,3904
,,,,,,,,3507,27364,7812,3732
,,,,,,,,3508,26588,7592,3624
,,,,,,,,3509,26232,7492,3576
,,,,,,,,3510,25828,7376,3520
,,,,,,,,3511,26736,7636,3644
,,,,,,,,3512,29064,8300,3960
,,,,,,,,3513,31980,9136,4360
,,,,,,,,3514,34568,9872,4712
,,,,,,,,3515,36232,10348,4940
,,,,,,,,3516,37360,10672,5092
,,,,,,,,3517,38032,10860,5184
,,,,,,,,3518,38140,10892,5200
,,,,,,,,3519,38220,10916,5208
,,,,,,,,3520,38420,10972,5236
,,,,,,,,3521,38784,11076,5288
,,,,,,,,3522,38948,11120,5312
,,,,,,,,3523,38320,10944,5224
,,,,,,,,3524,37592,10736,5124
,,,,,,,,3525,38304,10940,5224
,,,,,,,,3526,37520,10716,5112
,,,,,,,,3527,34928,9976,4764
,,,,,,,,3528,31880,9104,4344
,,,,,,,,3529,29436,8408,4012
,,,,,,,,3530,27824,7948,3796
,,,,,,,,3531,26916,7688,3672
,,,,,,,,3532,26472,7560,3608
,,,,,,,,3533,26528,7576,3616
,,,,,,,,3534,26780,7652,3652
,,,,,,,,3535,28008,8000,3816
,,,,,,,,3536,30524,8716,4160
,,,,,,,,3537,33908,9684,4624
,,,,,,,,3538,36720,10488,5008
,,,,,,,,3539,38864,11100,5296
,,,,,,,,3540,40460,11556,5516
,,,,,,,,3541,41604,11880,5672
,,,,,,,,3542,42020,12000,5728
,,,,,,,,3543,42304,12080,5768
,,,,,,,,3544,42624,12176,5812
,,,,,,,,3545,43208,12340,5892
,,,,,,,,3546,43636,12460,5948
,,,,,,,,3547,43144,12324,5880
,,,,,,,,3548,42608,12168,5808
,,,,,,,,3549,43188,12336,5888
,,,,,,,,3550,41260,11784,5624
,,,,,,,,3551,37064,10584,5052
,,,,,,,,3552,33044,9436,4504
,,,,,,,,3553,30400,8680,4144
,,,,,,,,3554,28792,8224,3924
,,,,,,,,3555,27904,7972,3804
,,,,,,,,3556,27668,7904,3772
,,,,,,,,3557,28240,8068,3852
,,,,,,,,3558,30416,8688,4144
,,,,,,,,3559,35200,10056,4800
,,,,,,,,3560,39564,11300,5392
,,,,,,,,3561,42128,12032,5744
,,,,,,,,3562,44192,12624,6024
,,,,,,,,3563,46160,13184,6292
,,,,,,,,3564,47828,13664,6524
,,,,,,,,3565,49028,14004,6684
,,,,,,,,3566,50080,14304,6828
,,,,,,,,3567,50480,14420,6884
,,,,,,,,3568,50976,14560,6948
,,,,,,,,3569,51336,14664,7000
,,,,,,,,3570,50952,14552,6948
,,,,,,,,3571,49576,14160,6760
,,,,,,,,3572,48540,13864,6620
,,,,,,,,3573,47904,13684,6532
,,,,,,,,3574,44464,12700,6060
,,,,,,,,3575,39776,11360,5424
,,,,,,,,3576,35572,10156,4848
,,,,,,,,3577,32624,9316,4448
,,,,,,,,3578,30864,8812,4208
,,,,,,,,3579,29852,8528,4068
,,,,,,,,3580,29448,8412,4016
,,,,,,,,3581,30020,8576,4092
,,,,,,,,3582,32096,9168,4376
,,,,,,,,3583,36860,10528,5028
,,,,,,,,3584,40960,11700,5584
,,,,,,,,3585,42864,12240,5844
,,,,,,,,3586,44132,12604,6016
,,,,,,,,3587,45180,12904,6160
,,,,,,,,3588,45816,13084,6244
,,,,,,,,3589,46012,13144,6276
,,,,,,,,3590,46364,13244,6320
,,,,,,,,3591,46228,13204,6300
,,,,,,,,3592,46116,13172,6288
,,,,,,,,3593,46240,13204,6304
,,,,,,,,3594,45968,13128,6268
,,,,,,,,3595,45004,12852,6136
,,,,,,,,3596,44292,12652,6036
,,,,,,,,3597,44820,12804,6112
,,,,,,,,3598,42936,12260,5856
,,,,,,,,3599,38596,11020,5260
,,,,,,,,3600,34364,9816,4684
,,,,,,,,3601,31268,8932,4260
,,,,,,,,3602,29492,8420,4020
,,,,,,,,3603,28440,8120,3876
,,,,,,,,3604,27984,7992,3816
,,,,,,,,3605,28452,8128,3876
,,,,,,,,3606,30320,8660,4132
,,,,,,,,3607,34944,9980,4764
,,,,,,,,3608,39212,11200,5348
,,,,,,,,3609,41284,11792,5628
,,,,,,,,3610,43000,12280,5860
,,,,,,,,3611,44500,12708,6068
,,,,,,,,3612,45508,12996,6204
,,,,,,,,3613,46068,13156,6280
,,,,,,,,3614,46804,13364,6380
,,,,,,,,3615,47044,13436,6416
,,,,,,,,3616,47220,13484,6440
,,,,,,,,3617,47228,13484,6440
,,,,,,,,3618,46560,13300,6348
,,,,,,,,3619,45172,12904,6160
,,,,,,,,3620,43760,12500,5964
,,,,,,,,3621,43860,12524,5980
,,,,,,,,3622,42248,12064,5760
,,,,,,,,3623,37800,10796,5152
,,,,,,,,3624,33396,9536,4552
,,,,,,,,3625,30364,8672,4140
,,,,,,,,3626,28520,8144,3888
,,,,,,,,3627,27492,7852,3748
,,,,,,,,3628,27096,7736,3692
,,,,,,,,3629,27424,7832,3736
,,,,,,,,3630,28956,8272,3948
,,,,,,,,3631,33376,9532,4548
,,,,,,,,3632,37324,10660,5088
,,,,,,,,3633,39252,11208,5352
,,,,,,,,3634,40524,11572,5524
,,,,,,,,3635,41576,11876,5668
,,,,,,,,3636,42088,12020,5736
,,,,,,,,3637,42164,12040,5748
,,,,,,,,3638,42388,12104,5776
,,,,,,,,3639,42220,12060,5756
,,,,,,,,3640,41764,11928,5696
,,,,,,,,3641,41144,11748,5612
,,,,,,,,3642,40048,11440,5460
,,,,,,,,3643,38760,11068,5284
,,,,,,,,3644,38132,10892,5200
,,,,,,,,3645,38684,11048,5272
,,,,,,,,3646,37436,10692,5104
,,,,,,,,3647,34284,9792,4672
,,,,,,,,3648,30904,8828,4212
,,,,,,,,3649,28272,8072,3856
,,,,,,,,3650,26712,7632,3640
,,,,,,,,3651,25824,7372,3520
,,,,,,,,3652,25456,7272,3472
,,,,,,,,3653,25560,7300,3484
,,,,,,,,3654,26120,7460,3560
,,,,,,,,3655,27480,7848,3744
,,,,,,,,3656,30000,8568,4088
,,,,,,,,3657,33044,9436,4504
,,,,,,,,3658,35440,10120,4832
,,,,,,,,3659,37012,10572,5048
,,,,,,,,3660,37644,10752,5132
,,,,,,,,3661,37596,10736,5128
,,,,,,,,3662,37168,10616,5068
,,,,,,,,3663,36716,10484,5008
,,,,,,,,3664,36480,10416,4972
,,,,,,,,3665,36720,10488,5008
,,,,,,,,3666,37068,10584,5052
,,,,,,,,3667,36932,10548,5036
,,,,,,,,3668,36656,10468,4996
,,,,,,,,3669,36792,10508,5016
,,,,,,,,3670,35564,10156,4848
,,,,,,,,3671,33040,9436,4504
,,,,,,,,3672,30204,8624,4120
,,,,,,,,3673,27908,7972,3804
,,,,,,,,3674,26324,7516,3588
,,,,,,,,3675,25376,7248,3460
,,,,,,,,3676,24852,7096,3388
,,,,,,,,3677,24756,7072,3372
,,,,,,,,3678,24712,7056,3368
,,,,,,,,3679,25628,7320,3492
,,,,,,,,3680,27812,7944,3792
,,,,,,,,3681,30740,8780,4192
,,,,,,,,3682,33044,9436,4504
,,,,,,,,3683,34488,9848,4704
,,,,,,,,3684,35420,10116,4828
,,,,,,,,3685,35784,10220,4880
,,,,,,,,3686,35632,10180,4860
,,,,,,,,3687,35464,10128,4836
,,,,,,,,3688,35388,10108,4824
,,,,,,,,3689,35692,10196,4864
,,,,,,,,3690,36128,10320,4928
,,,,,,,,3691,36428,10404,4968
,,,,,,,,3692,36524,10432,4980
,,,,,,,,3693,36956,10556,5040
,,,,,,,,3694,35412,10116,4824
,,,,,,,,3695,32332,9236,4408
,,,,,,,,3696,29224,8348,3984
,,,,,,,,3697,26984,7708,3676
,,,,,,,,3698,25684,7332,3500
,,,,,,,,3699,25020,7148,3412
,,,,,,,,3700,24908,7112,3392
,,,,,,,,3701,25584,7308,3488
,,,,,,,,3702,27708,7916,3776
,,,,,,,,3703,32196,9196,4388
,,,,,,,,3704,36028,10292,4912
,,,,,,,,3705,37712,10772,5140
,,,,,,,,3706,38772,11072,5288
,,,,,,,,3707,39644,11320,5404
,,,,,,,,3708,39920,11400,5444
,,,,,,,,3709,39836,11380,5432
,,,,,,,,3710,39704,11340,5412
,,,,,,,,3711,39284,11220,5352
,,,,,,,,3712,39020,11144,5320
,,,,,,,,3713,39244,11208,5352
,,,,,,,,3714,39644,11320,5404
,,,,,,,,3715,39308,11224,5360
,,,,,,,,3716,38844,11092,5296
,,,,,,,,3717,38924,11116,5308
,,,,,,,,3718,36976,10560,5040
,,,,,,,,3719,33212,9484,4528
,,,,,,,,3720,29672,8476,4044
,,,,,,,,3721,27376,7816,3732
,,,,,,,,3722,26136,7464,3564
,,,,,,,,3723,25512,7288,3476
,,,,,,,,3724,25332,7232,3452
,,,,,,,,3725,25952,7412,3536
,,,,,,,,3726,27948,7980,3812
,,,,,,,,3727,32452,9268,4424
,,,,,,,,3728,36196,10336,4936
,,,,,,,,3729,37696,10764,5140
,,,,,,,,3730,38520,11000,5248
,,,,,,,,3731,39200,11196,5344
,,,,,,,,3732,39556,11300,5392
,,,,,,,,3733,39476,11276,5384
,,,,,,,,3734,39484,11276,5384
,,,,,,,,3735,39064,11156,5328
,,,,,,,,3736,38820,11088,5292
,,,,,,,,3737,38932,11120,5308
,,,,,,,,3738,39012,11140,5316
,,,,,,,,3739,38592,11020,5260
,,,,,,,,3740,38464,10984,5244
,,,,,,,,3741,38872,11100,5300
,,,,,,,,3742,37420,10684,5100
,,,,,,,,3743,33684,9616,4592
,,,,,,,,3744,30136,8604,4108
,,,,,,,,3745,27556,7872,3756
,,,,,,,,3746,26192,7480,3572
,,,,,,,,3747,25540,7292,3480
,,,,,,,,3748,25276,7216,3444
,,,,,,,,3749,25948,7412,3536
,,,,,,,,3750,27856,7956,3796
,,,,,,,,3751,32340,9236,4408
,,,,,,,,3752,36092,10308,4920
,,,,,,,,3753,37628,10748,5128
,,,,,,,,3754,38524,11000,5252
,,,,,,,,3755,39384,11248,5372
,,,,,,,,3756,39804,11368,5428
,,,,,,,,3757,39900,11396,5440
,,,,,,,,3758,40044,11436,5460
,,,,,,,,3759,39752,11356,5420
,,,,,,,,3760,39508,11280,5388
,,,,,,,,3761,39500,11280,5384
,,,,,,,,3762,39352,11240,5364
,,,,,,,,3763,38664,11040,5272
,,,,,,,,3764,38352,10956,5232
,,,,,,,,3765,39104,11168,5328
,,,,,,,,3766,37748,10780,5148
,,,,,,,,3767,33836,9660,4612
,,,,,,,,3768,30136,8604,4108
,,,,,,,,3769,27724,7916,3776
,,,,,,,,3770,26316,7512,3588
,,,,,,,,3771,25604,7312,3492
,,,,,,,,3772,25412,7256,3464
,,,,,,,,3773,26036,7436,3552
,,,,,,,,3774,27956,7984,3812
,,,,,,,,3775,32388,9252,4416
,,,,,,,,3776,35988,10276,4904
,,,,,,,,3777,37664,10760,5136
,,,,,,,,3778,39056,11156,5324
,,,,,,,,3779,40236,11492,5488
,,,,,,,,3780,41008,11712,5592
,,,,,,,,3781,41100,11740,5604
,,,,,,,,3782,41372,11816,5640
,,,,,,,,3783,41096,11740,5604
,,,,,,,,3784,40904,11680,5576
,,,,,,,,3785,40792,11652,5560
,,,,,,,,3786,40456,11556,5516
,,,,,,,,3787,39624,11316,5404
,,,,,,,,3788,39188,11192,5344
,,,,,,,,3789,39840,11380,5432
,,,,,,,,3790,38508,10996,5248
,,,,,,,,3791,34700,9908,4728
,,,,,,,,3792,30888,8820,4212
,,,,,,,,3793,28236,8064,3848
,,,,,,,,3794,26852,7668,3660
,,,,,,,,3795,26028,7432,3548
,,,,,,,,3796,25660,7328,3496
,,,,,,,,3797,26252,7496,3576
,,,,,,,,3798,28008,8000,3816
,,,,,,,,3799,32368,9244,4412
,,,,,,,,3800,36308,10372,4948
,,,,,,,,3801,38332,10948,5228
,,,,,,,,3802,39892,11396,5440
,,,,,,,,3803,41312,11800,5632
,,,,,,,,3804,42192,12048,5752
,,,,,,,,3805,42536,12148,5796
,,,,,,,,3806,43072,12300,5872
,,,,,,,,3807,43060,12300,5872
,,,,,,,,3808,42732,12204,5824
,,,,,,,,3809,42448,12120,5788
,,,,,,,,3810,41700,11908,5684
,,,,,,,,3811,40468,11560,5516
,,,,,,,,3812,39680,11332,5412
,,,,,,,,3813,40024,11432,5456
,,,,,,,,3814,38896,11108,5304
,,,,,,,,3815,35604,10168,4852
,,,,,,,,3816,32060,9156,4372
,,,,,,,,3817,29340,8376,3996
,,,,,,,,3818,27580,7876,3760
,,,,,,,,3819,26604,7596,3628
,,,,,,,,3820,25952,7412,3536
,,,,,,,,3821,25832,7376,3520
,,,,,,,,3822,25960,7412,3536
,,,,,,,,3823,27736,7920,3780
,,,,,,,,3824,30752,8784,4192
,,,,,,,,3825,33916,9684,4624
,,,,,,,,3826,35956,10268,4904
,,,,,,,,3827,37096,10596,5056
,,,,,,,,3828,37568,10728,5124
,,,,,,,,3829,37600,10736,5128
,,,,,,,,3830,37336,10660,5088
,,,,,,,,3831,37096,10596,5056
,,,,,,,,3832,37148,10608,5064
,,,,,,,,3833,37544,10720,5120
,,,,,,,,3834,37828,10804,5156
,,,,,,,,3835,37560,10728,5120
,,,,,,,,3836,37136,10604,5064
,,,,,,,,3837,37672,10760,5136
,,,,,,,,3838,37344,10664,5088
,,,,,,,,3839,34748,9924,4736
,,,,,,,,3840,31644,9036,4316
,,,,,,,,3841,28944,8264,3944
,,,,,,,,3842,27252,7784,3716
,,,,,,,,3843,26200,7484,3572
,,,,,,,,3844,25596,7312,3492
,,,,,,,,3845,25316,7232,3452
,,,,,,,,3846,25060,7156,3416
,,,,,,,,3847,26200,7484,3572
,,,,,,,,3848,28856,8240,3936
,,,,,,,,3849,32140,9180,4380
,,,,,,,,3850,34892,9968,4756
,,,,,,,,3851,36764,10500,5012
,,,,,,,,3852,38000,10852,5180
,,,,,,,,3853,38748,11064,5284
,,,,,,,,3854,38952,11124,5312
,,,,,,,,3855,39088,11164,5328
,,,,,,,,3856,39360,11240,5368
,,,,,,,,3857,39888,11396,5436
,,,,,,,,3858,40260,11500,5488
,,,,,,,,3859,40004,11424,5452
,,,,,,,,3860,39440,11264,5376
,,,,,,,,3861,39752,11356,5420
,,,,,,,,3862,38848,11096,5296
,,,,,,,,3863,35132,10036,4788
,,,,,,,,3864,31408,8972,4280
,,,,,,,,3865,28792,8224,3924
,,,,,,,,3866,27280,7792,3716
,,,,,,,,3867,26528,7576,3616
,,,,,,,,3868,26300,7512,3584
,,,,,,,,3869,26884,7680,3664
,,,,,,,,3870,28812,8232,3928
,,,,,,,,3871,33392,9536,4552
,,,,,,,,3872,37516,10716,5112
,,,,,,,,3873,39736,11348,5416
,,,,,,,,3874,41288,11792,5628
,,,,,,,,3875,42492,12136,5796
,,,,,,,,3876,43236,12348,5896
,,,,,,,,3877,43644,12464,5952
,,,,,,,,3878,44040,12580,6004
,,,,,,,,3879,44044,12584,6004
,,,,,,,,3880,44072,12588,6008
,,,,,,,,3881,44120,12600,6016
,,,,,,,,3882,43736,12492,5960
,,,,,,,,3883,42532,12148,5796
,,,,,,,,3884,41552,11868,5664
,,,,,,,,3885,41752,11924,5692
,,,,,,,,3886,40192,11480,5480
,,,,,,,,3887,36000,10280,4908
,,,,,,,,3888,31964,9128,4360
,,,,,,,,3889,29352,8384,4000
,,,,,,,,3890,27752,7928,3784
,,,,,,,,3891,27004,7712,3680
,,,,,,,,3892,26704,7628,3640
,,,,,,,,3893,27360,7812,3732
,,,,,,,,3894,29200,8340,3980
,,,,,,,,3895,33816,9656,4608
,,,,,,,,3896,37876,10816,5164
,,,,,,,,3897,40024,11432,5456
,,,,,,,,3898,41364,11816,5640
,,,,,,,,3899,42504,12140,5796
,,,,,,,,3900,43120,12316,5876
,,,,,,,,3901,43396,12396,5916
,,,,,,,,3902,43908,12540,5984
,,,,,,,,3903,43800,12508,5972
,,,,,,,,3904,43568,12444,5936
,,,,,,,,3905,43472,12416,5928
,,,,,,,,3906,43068,12300,5872
,,,,,,,,3907,42200,12052,5756
,,,,,,,,3908,41656,11896,5676
,,,,,,,,3909,41912,11968,5712
,,,,,,,,3910,40072,11444,5464
,,,,,,,,3911,36116,10316,4924
,,,,,,,,3912,32348,9236,4408
,,,,,,,,3913,29832,8520,4068
,,,,,,,,3914,28404,8112,3872
,,,,,,,,3915,27632,7892,3768
,,,,,,,,3916,27384,7820,3736
,,,,,,,,3917,27928,7976,3808
,,,,,,,,3918,30076,8592,4100
,,,,,,,,3919,34492,9852,4704
,,,,,,,,3920,38624,11032,5268
,,,,,,,,3921,40572,11588,5532
,,,,,,,,3922,41684,11904,5684
,,,,,,,,3923,42544,12148,5800
,,,,,,,,3924,42928,12260,5852
,,,,,,,,3925,42872,12244,5844
,,,,,,,,3926,42960,12268,5856
,,,,,,,,3927,42636,12176,5812
,,,,,,,,3928,42312,12084,5768
,,,,,,,,3929,42396,12108,5780
,,,,,,,,3930,42364,12100,5776
,,,,,,,,3931,41720,11916,5688
,,,,,,,,3932,41080,11732,5600
,,,,,,,,3933,41160,11756,5612
,,,,,,,,3934,39896,11396,5440
,,,,,,,,3935,36076,10304,4920
,,,,,,,,3936,32232,9204,4396
,,,,,,,,3937,29568,8444,4032
,,,,,,,,3938,28016,8000,3816
,,,,,,,,3939,27048,7724,3688
,,,,,,,,3940,26748,7640,3648
,,,,,,,,3941,27256,7784,3716
,,,,,,,,3942,29164,8328,3976
,,,,,,,,3943,33536,9576,4572
,,,,,,,,3944,37576,10732,5124
,,,,,,,,3945,39672,11332,5412
,,,,,,,,3946,40888,11680,5572
,,,,,,,,3947,41872,11960,5708
,,,,,,,,3948,42296,12080,5768
,,,,,,,,3949,42448,12120,5788
,,,,,,,,3950,42776,12220,5832
,,,,,,,,3951,42884,12248,5848
,,,,,,,,3952,42928,12260,5852
,,,,,,,,3953,42988,12280,5860
,,,,,,,,3954,42668,12184,5816
,,,,,,,,3955,41668,11900,5680
,,,,,,,,3956,40720,11628,5552
,,,,,,,,3957,40824,11660,5564
,,,,,,,,3958,39964,11416,5452
,,,,,,,,3959,36072,10300,4920
,,,,,,,,3960,32084,9164,4376
,,,,,,,,3961,29276,8360,3992
,,,,,,,,3962,27516,7860,3752
,,,,,,,,3963,26588,7592,3624
,,,,,,,,3964,26252,7496,3576
,,,,,,,,3965,26688,7624,3636
,,,,,,,,3966,28216,8056,3848
,,,,,,,,3967,32464,9272,4424
,,,,,,,,3968,36572,10444,4988
,,,,,,,,3969,39068,11160,5328
,,,,,,,,3970,40704,11624,5552
,,,,,,,,3971,41936,11976,5716
,,,,,,,,3972,42524,12144,5796
,,,,,,,,3973,42700,12196,5820
,,,,,,,,3974,43048,12296,5868
,,,,,,,,3975,43048,12296,5868
,,,,,,,,3976,42944,12264,5856
,,,,,,,,3977,42844,12236,5840
,,,,,,,,3978,42220,12060,5756
,,,,,,,,3979,40912,11684,5576
,,,,,,,,3980,39668,11332,5408
,,,,,,,,3981,39452,11268,5380
,,,,,,,,3982,38720,11060,5280
,,,,,,,,3983,35420,10116,4828
,,,,,,,,3984,31772,9076,4332
,,,,,,,,3985,28924,8260,3940
,,,,,,,,3986,27204,7772,3708
,,,,,,,,3987,26244,7492,3576
,,,,,,,,3988,25708,7340,3504
,,,,,,,,3989,25580,7304,3488
,,,,,,,,3990,25612,7312,3492
,,,,,,,,3991,27380,7820,3732
,,,,,,,,3992,30452,8696,4152
,,,,,,,,3993,33740,9636,4600
,,,,,,,,3994,35976,10276,4904
,,,,,,,,3995,37176,10620,5068
,,,,,,,,3996,37612,10740,5128
,,,,,,,,3997,37604,10740,5128
,,,,,,,,3998,37264,10644,5080
,,,,,,,,3999,36956,10556,5036
,,,,,,,,4000,36876,10532,5028
,,,,,,,,4001,36992,10564,5044
,,,,,,,,4002,37080,10592,5056
,,,,,,,,4003,36628,10460,4992
,,,,,,,,4004,35940,10264,4900
,,,,,,,,4005,36204,10340,4936
,,,,,,,,4006,35808,10228,4884
,,,,,,,,4007,33264,9500,4536
,,,,,,,,4008,30160,8616,4112
,,,,,,,,4009,27728,7920,3780
,,,,,,,,4010,26200,7484,3572
,,,,,,,,4011,25288,7224,3448
,,,,,,,,4012,24752,7072,3372
,,,,,,,,4013,24644,7036,3360
,,,,,,,,4014,24448,6980,3332
,,,,,,,,4015,25384,7252,3460
,,,,,,,,4016,27668,7904,3772
,,,,,,,,4017,30576,8732,4168
,,,,,,,,4018,32796,9368,4472
,,,,,,,,4019,34156,9756,4656
,,,,,,,,4020,34936,9976,4764
,,,,,,,,4021,35264,10072,4808
,,,,,,,,4022,35084,10020,4784
,,,,,,,,4023,34976,9988,4768
,,,,,,,,4024,35084,10020,4784
,,,,,,,,4025,35496,10140,4840
,,,,,,,,4026,35928,10260,4900
,,,,,,,,4027,35836,10236,4888
,,,,,,,,4028,35552,10156,4848
,,,,,,,,4029,36272,10360,4944
,,,,,,,,4030,35820,10232,4884
,,,,,,,,4031,32724,9348,4464
,,,,,,,,4032,29412,8400,4008
,,,,,,,,4033,27124,7748,3696
,,,,,,,,4034,25788,7364,3512
,,,,,,,,4035,25236,7208,3440
,,,,,,,,4036,25124,7172,3424
,,,,,,,,4037,25832,7376,3520
,,,,,,,,4038,27744,7924,3780
,,,,,,,,4039,31752,9072,4328
,,,,,,,,4040,35776,10220,4876
,,,,,,,,4041,38140,10892,5200
,,,,,,,,4042,39672,11332,5412
,,,,,,,,4043,40908,11684,5576
,,,,,,,,4044,41556,11868,5664
,,,,,,,,4045,41680,11904,5680
,,,,,,,,4046,42256,12068,5760
,,,,,,,,4047,42072,12016,5736
,,,,,,,,4048,41976,11988,5724
,,,,,,,,4049,42044,12008,5732
,,,,,,,,4050,41800,11940,5696
,,,,,,,,4051,40948,11696,5584
,,,,,,,,4052,40124,11460,5472
,,,,,,,,4053,40248,11496,5488
,,,,,,,,4054,39092,11164,5328
,,,,,,,,4055,35132,10036,4788
,,,,,,,,4056,31300,8940,4268
,,,,,,,,4057,28748,8212,3916
,,,,,,,,4058,27204,7772,3708
,,,,,,,,4059,26396,7540,3596
,,,,,,,,4060,26076,7448,3552
,,,,,,,,4061,26676,7620,3636
,,,,,,,,4062,28420,8116,3876
,,,,,,,,4063,32556,9296,4440
,,,,,,,,4064,36736,10492,5008
,,,,,,,,4065,39116,11172,5332
,,,,,,,,4066,40592,11596,5532
,,,,,,,,4067,41840,11948,5704
,,,,,,,,4068,42700,12196,5820
,,,,,,,,4069,43104,12312,5876
,,,,,,,,4070,43644,12464,5952
,,,,,,,,4071,43708,12484,5956
,,,,,,,,4072,43548,12440,5936
,,,,,,,,4073,43560,12444,5936
,,,,,,,,4074,43436,12404,5920
,,,,,,,,4075,42780,12220,5832
,,,,,,,,4076,42272,12076,5764
,,,,,,,,4077,42820,12228,5836
,,,,,,,,4078,41952,11980,5720
,,,,,,,,4079,38180,10904,5208
,,,,,,,,4080,34204,9768,4664
,,,,,,,,4081,31384,8964,4280
,,,,,,,,4082,29712,8484,4052
,,,,,,,,4083,28828,8232,3932
,,,,,,,,4084,28456,8128,3876
,,,,,,,,4085,29004,8284,3956
,,,,,,,,4086,30844,8812,4204
,,,,,,,,4087,35508,10140,4840
,,,,,,,,4088,40968,11700,5584
,,,,,,,,4089,45320,12944,6180
,,,,,,,,4090,49292,14080,6720
,,,,,,,,4091,53084,15164,7236
,,,,,,,,4092,56072,16012,7644
,,,,,,,,4093,58324,16656,7952
,,,,,,,,4094,60372,17244,8232
,,,,,,,,4095,61788,17648,8424
,,,,,,,,4096,62828,17944,8564
,,,,,,,,4097,63636,18172,8676
,,,,,,,,4098,63704,18192,8684
,,,,,,,,4099,62800,17936,8560
,,,,,,,,4100,61436,17548,8380
,,,,,,,,4101,60692,17332,8276
,,,,,,,,4102,59068,16868,8056
,,,,,,,,4103,53740,15348,7328
,,,,,,,,4104,48344,13804,6592
,,,,,,,,4105,44152,12608,6020
,,,,,,,,4106,41532,11860,5664
,,,,,,,,4107,39740,11348,5416
,,,,,,,,4108,38556,11012,5256
,,,,,,,,4109,38368,10960,5232
,,,,,,,,4110,39528,11292,5392
,,,,,,,,4111,44076,12588,6008
,,,,,,,,4112,49528,14144,6752
,,,,,,,,4113,53948,15408,7356
,,,,,,,,4114,57628,16460,7856
,,,,,,,,4115,60672,17328,8272
,,,,,,,,4116,62836,17948,8568
,,,,,,,,4117,64164,18324,8748
,,,,,,,,4118,65240,18632,8896
,,,,,,,,4119,65828,18800,8976
,,,,,,,,4120,66148,18896,9020
,,,,,,,,4121,66344,18948,9048
,,,,,,,,4122,65800,18792,8972
,,,,,,,,4123,64536,18432,8800
,,,,,,,,4124,62664,17896,8544
,,,,,,,,4125,61464,17552,8380
,,,,,,,,4126,59448,16976,8104
,,,,,,,,4127,53960,15408,7356
,,,,,,,,4128,48416,13828,6604
,,,,,,,,4129,44184,12620,6024
,,,,,,,,4130,41396,11820,5644
,,,,,,,,4131,39508,11280,5388
,,,,,,,,4132,38296,10940,5220
,,,,,,,,4133,38244,10920,5212
,,,,,,,,4134,39360,11240,5368
,,,,,,,,4135,43620,12460,5948
,,,,,,,,4136,48960,13984,6676
,,,,,,,,4137,53376,15248,7276
,,,,,,,,4138,57080,16304,7784
,,,,,,,,4139,60120,17172,8200
,,,,,,,,4140,62540,17860,8528
,,,,,,,,4141,64136,18316,8744
,,,,,,,,4142,65056,18576,8868
,,,,,,,,4143,64876,18528,8848
,,,,,,,,4144,64020,18280,8728
,,,,,,,,4145,62004,17708,8456
,,,,,,,,4146,59340,16948,8092
,,,,,,,,4147,56100,16020,7652
,,,,,,,,4148,53472,15268,7292
,,,,,,,,4149,52260,14924,7128
,,,,,,,,4150,50292,14364,6856
,,,,,,,,4151,46248,13204,6304
,,,,,,,,4152,41868,11960,5708
,,,,,,,,4153,38332,10948,5228
,,,,,,,,4154,36128,10320,4928
,,,,,,,,4155,34588,9876,4716
,,,,,,,,4156,33636,9604,4584
,,,,,,,,4157,33336,9520,4544
,,,,,,,,4158,33496,9564,4564
,,,,,,,,4159,34704,9912,4728
,,,,,,,,4160,37076,10588,5052
,,,,,,,,4161,40268,11500,5492
,,,,,,,,4162,43180,12332,5888
,,,,,,,,4163,45708,13056,6232
,,,,,,,,4164,47580,13588,6484
,,,,,,,,4165,48732,13916,6644
,,,,,,,,4166,49260,14068,6716
,,,,,,,,4167,49596,14164,6764
,,,,,,,,4168,49724,14204,6780
,,,,,,,,4169,49308,14084,6724
,,,,,,,,4170,47776,13644,6512
,,,,,,,,4171,45516,13000,6204
,,,,,,,,4172,43512,12428,5932
,,,,,,,,4173,42460,12124,5788
,,,,,,,,4174,41456,11840,5652
,,,,,,,,4175,38476,10988,5248
,,,,,,,,4176,35016,10000,4772
,,,,,,,,4177,32312,9228,4404
,,,,,,,,4178,30328,8660,4136
,,,,,,,,4179,29048,8296,3960
,,,,,,,,4180,28272,8072,3856
,,,,,,,,4181,27936,7976,3808
,,,,,,,,4182,27532,7864,3756
,,,,,,,,4183,28732,8208,3916
,,,,,,,,4184,31456,8984,4288
,,,,,,,,4185,34828,9948,4748
,,,,,,,,4186,37776,10788,5152
,,,,,,,,4187,39896,11396,5440
,,,,,,,,4188,41364,11812,5640
,,,,,,,,4189,42300,12080,5768
,,,,,,,,4190,42916,12256,5852
,,,,,,,,4191,43588,12448,5940
,,,,,,,,4192,44276,12644,6036
,,,,,,,,4193,44892,12820,6120
,,,,,,,,4194,44908,12824,6120
,,,,,,,,4195,44452,12696,6060
,,,,,,,,4196,43692,12480,5956
,,,,,,,,4197,44008,12568,6000
,,,,,,,,4198,43396,12392,5916
,,,,,,,,4199,40008,11428,5452
,,,,,,,,4200,36260,10356,4944
,,,,,,,,4201,33408,9540,4556
,,,,,,,,4202,31676,9048,4320
,,,,,,,,4203,30692,8768,4184
,,,,,,,,4204,30348,8668,4140
,,,,,,,,4205,30872,8816,4208
,,,,,,,,4206,32592,9308,4440
,,,,,,,,4207,36512,10428,4976
,,,,,,,,4208,40868,11672,5572
,,,,,,,,4209,43372,12384,5916
,,,,,,,,4210,44748,12780,6100
,,,,,,,,4211,45744,13064,6236
,,,,,,,,4212,45932,13120,6260
,,,,,,,,4213,45756,13068,6240
,,,,,,,,4214,45612,13024,6220
,,,,,,,,4215,45428,12976,6196
,,,,,,,,4216,45328,12944,6180
,,,,,,,,4217,45048,12864,6140
,,,,,,,,4218,44748,12780,6100
,,,,,,,,4219,43812,12512,5976
,,,,,,,,4220,42716,12200,5824
,,,,,,,,4221,42532,12144,5796
,,,,,,,,4222,41076,11732,5600
,,,,,,,,4223,37176,10620,5068
,,,,,,,,4224,33316,9516,4544
,,,,,,,,4225,30584,8736,4168
,,,,,,,,4226,28928,8260,3944
,,,,,,,,4227,28020,8004,3820
,,,,,,,,4228,27576,7872,3756
,,,,,,,,4229,27980,7992,3816
,,,,,,,,4230,29472,8416,4016
,,,,,,,,4231,33096,9452,4512
,,,,,,,,4232,36940,10552,5036
,,,,,,,,4233,39344,11240,5364
,,,,,,,,4234,40896,11680,5576
,,,,,,,,4235,42372,12100,5776
,,,,,,,,4236,43172,12328,5884
,,,,,,,,4237,43552,12440,5936
,,,,,,,,4238,43776,12504,5968
,,,,,,,,4239,43644,12460,5952
,,,,,,,,4240,43212,12340,5892
,,,,,,,,4241,42988,12280,5860
,,,,,,,,4242,42628,12176,5812
,,,,,,,,4243,41672,11900,5680
,,,,,,,,4244,40736,11636,5552
,,,,,,,,4245,40744,11636,5552
,,,,,,,,4246,39492,11280,5384
,,,,,,,,4247,35900,10252,4892
,,,,,,,,4248,32116,9172,4380
,,,,,,,,4249,29556,8440,4028
,,,,,,,,4250,27988,7992,3816
,,,,,,,,4251,27052,7728,3688
,,,,,,,,4252,26800,7652,3652
,,,,,,,,4253,27272,7792,3716
,,,,,,,,4254,28928,8260,3944
,,,,,,,,4255,32592,9308,4440
,,,,,,,,4256,36584,10448,4988
,,,,,,,,4257,39156,11180,5336
,,,,,,,,4258,40948,11696,5584
,,,,,,,,4259,42512,12140,5796
,,,,,,,,4260,43484,12420,5928
,,,,,,,,4261,44000,12564,5996
,,,,,,,,4262,44640,12748,6084
,,,,,,,,4263,44856,12812,6116
,,,,,,,,4264,44800,12796,6108
,,,,,,,,4265,44740,12780,6100
,,,,,,,,4266,44404,12680,6056
,,,,,,,,4267,43448,12408,5924
,,,,,,,,4268,42524,12144,5796
,,,,,,,,4269,42424,12116,5784
,,,,,,,,4270,41432,11832,5648
,,,,,,,,4271,37728,10776,5144
,,,,,,,,4272,33856,9668,4616
,,,,,,,,4273,31008,8856,4228
,,,,,,,,4274,29288,8364,3992
,,,,,,,,4275,28284,8076,3856
,,,,,,,,4276,27760,7928,3784
,,,,,,,,4277,28184,8052,3840
,,,,,,,,4278,29768,8500,4056
,,,,,,,,4279,33576,9588,4576
,,,,,,,,4280,38112,10884,5196
,,,,,,,,4281,41300,11796,5632
,,,,,,,,4282,43612,12456,5944
,,,,,,,,4283,45672,13044,6228
,,,,,,,,4284,47152,13464,6428
,,,,,,,,4285,48204,13768,6572
,,,,,,,,4286,49104,14024,6696
,,,,,,,,4287,49984,14276,6816
,,,,,,,,4288,50568,14444,6896
,,,,,,,,4289,51276,14644,6988
,,,,,,,,4290,51348,14668,7000
,,,,,,,,4291,50388,14392,6868
,,,,,,,,4292,48868,13956,6664
,,,,,,,,4293,48372,13816,6596
,,,,,,,,4294,47192,13480,6436
,,,,,,,,4295,42948,12264,5856
,,,,,,,,4296,38376,10960,5232
,,,,,,,,4297,34904,9968,4760
,,,,,,,,4298,32764,9356,4464
,,,,,,,,4299,31500,8996,4296
,,,,,,,,4300,30924,8832,4216
,,,,,,,,4301,31288,8936,4264
,,,,,,,,4302,32976,9416,4496
,,,,,,,,4303,36580,10448,4988
,,,,,,,,4304,40968,11700,5584
,,,,,,,,4305,43832,12520,5976
,,,,,,,,4306,45816,13084,6244
,,,,,,,,4307,47932,13688,6536
,,,,,,,,4308,50268,14360,6852
,,,,,,,,4309,52600,15028,7172
,,,,,,,,4310,55120,15744,7512
,,,,,,,,4311,57084,16304,7784
,,,,,,,,4312,58224,16632,7936
,,,,,,,,4313,59152,16892,8064
,,,,,,,,4314,59172,16900,8068
,,,,,,,,4315,57840,16520,7888
,,,,,,,,4316,55628,15888,7584
,,,,,,,,4317,54028,15428,7368
,,,,,,,,4318,51896,14824,7076
,,,,,,,,4319,47128,13460,6424
,,,,,,,,4320,41936,11976,5716
,,,,,,,,4321,37796,10796,5152
,,,,,,,,4322,34936,9976,4764
,,,,,,,,4323,33008,9428,4500
,,,,,,,,4324,31816,9088,4340
,,,,,,,,4325,31312,8944,4268
,,,,,,,,4326,31092,8880,4240
,,,,,,,,4327,33000,9424,4500
,,,,,,,,4328,36772,10500,5012
,,,,,,,,4329,41136,11748,5608
,,,,,,,,4330,44936,12836,6124
,,,,,,,,4331,47920,13684,6532
,,,,,,,,4332,49860,14240,6800
,,,,,,,,4333,51020,14572,6956
,,,,,,,,4334,51912,14824,7076
,,,,,,,,4335,52568,15012,7168
,,,,,,,,4336,53236,15204,7256
,,,,,,,,4337,53748,15348,7328
,,,,,,,,4338,53580,15304,7308
,,,,,,,,4339,52396,14964,7144
,,,,,,,,4340,50712,14484,6912
,,,,,,,,4341,49688,14192,6776
,,,,,,,,4342,48724,13916,6644
,,,,,,,,4343,45204,12908,6160
,,,,,,,,4344,41152,11752,5612
,,,,,,,,4345,37700,10768,5140
,,,,,,,,4346,35264,10072,4808
,,,,,,,,4347,33540,9576,4572
,,,,,,,,4348,32480,9276,4428
,,,,,,,,4349,31876,9104,4344
,,,,,,,,4350,31348,8956,4276
,,,,,,,,4351,32516,9288,4432
,,,,,,,,4352,35700,10196,4864
,,,,,,,,4353,39968,11416,5452
,,,,,,,,4354,44120,12600,6016
,,,,,,,,4355,47476,13560,6472
,,,,,,,,4356,50124,14316,6832
,,,,,,,,4357,51964,14844,7088
,,,,,,,,4358,53200,15196,7252
,,,,,,,,4359,53724,15344,7324
,,,,,,,,4360,52988,15132,7224
,,,,,,,,4361,52164,14896,7112
,,,,,,,,4362,51936,14832,7080
,,,,,,,,4363,51560,14728,7028
,,,,,,,,4364,50308,14368,6860
,,,,,,,,4365,49508,14140,6748
,,,,,,,,4366,48200,13764,6572
,,,,,,,,4367,44060,12584,6008
,,,,,,,,4368,39528,11288,5392
,,,,,,,,4369,36200,10336,4936
,,,,,,,,4370,34036,9720,4640
,,,,,,,,4371,32636,9320,4448
,,,,,,,,4372,31956,9128,4356
,,,,,,,,4373,32272,9216,4400
,,,,,,,,4374,33492,9564,4564
,,,,,,,,4375,37284,10648,5084
,,,,,,,,4376,42020,12000,5728
,,,,,,,,4377,45672,13044,6228
,,,,,,,,4378,48628,13888,6628
,,,,,,,,4379,50948,14548,6948
,,,,,,,,4380,52412,14968,7148
,,,,,,,,4381,53204,15196,7252
,,,,,,,,4382,53932,15404,7352
,,,,,,,,4383,54344,15520,7412
,,,,,,,,4384,54164,15468,7384
,,,,,,,,4385,53988,15420,7360
,,,,,,,,4386,53628,15316,7312
,,,,,,,,4387,52404,14968,7148
,,,,,,,,4388,50544,14436,6892
,,,,,,,,4389,49280,14076,6720
,,,,,,,,4390,47676,13616,6500
,,,,,,,,4391,43208,12340,5892
,,,,,,,,4392,38484,10992,5248
,,,,,,,,4393,35008,9996,4772
,,,,,,,,4394,32944,9408,4492
,,,,,,,,4395,31532,9008,4300
,,,,,,,,4396,30824,8804,4200
,,,,,,,,4397,30952,8840,4220
,,,,,,,,4398,32072,9160,4372
,,,,,,,,4399,35752,10212,4872
,,,,,,,,4400,40416,11544,5512
,,,,,,,,4401,43972,12560,5996
,,,,,,,,4402,46812,13368,6380
,,,,,,,,4403,48988,13992,6680
,,,,,,,,4404,50428,14404,6876
,,,,,,,,4405,51396,14680,7008
,,,,,,,,4406,52348,14948,7136
,,,,,,,,4407,52980,15132,7224
,,,,,,,,4408,53404,15252,7280
,,,,,,,,4409,53684,15332,7320
,,,,,,,,4410,53144,15180,7248
,,,,,,,,4411,51060,14584,6964
,,,,,,,,4412,48628,13888,6628
,,,,,,,,4413,47644,13608,6496
,,,,,,,,4414,45868,13100,6252
,,,,,,,,4415,42512,12140,5796
,,,,,,,,4416,38840,11092,5292
,,,,,,,,4417,35752,10212,4872
,,,,,,,,4418,33632,9604,4584
,,,,,,,,4419,32264,9216,4400
,,,,,,,,4420,31632,9036,4312
,,,,,,,,4421,31676,9048,4320
,,,,,,,,4422,32056,9156,4372
,,,,,,,,4423,33100,9456,4512
,,,,,,,,4424,34992,9996,4768
,,,,,,,,4425,37600,10736,5128
,,,,,,,,4426,40860,11672,5572
,,,,,,,,4427,44204,12624,6028
,,,,,,,,4428,46900,13396,6396
,,,,,,,,4429,48816,13944,6656
,,,,,,,,4430,49764,14212,6784
,,,,,,,,4431,50336,14376,6864
,,,,,,,,4432,50912,14544,6944
,,,,,,,,4433,51556,14728,7028
,,,,,,,,4434,51876,14816,7072
,,,,,,,,4435,50972,14556,6948
,,,,,,,,4436,49408,14112,6736
,,,,,,,,4437,48680,13904,6636
,,,,,,,,4438,47388,13532,6460
,,,,,,,,4439,44836,12804,6112
,,,,,,,,4440,41280,11788,5628
,,,,,,,,4441,38148,10896,5200
,,,,,,,,4442,35968,10272,4904
,,,,,,,,4443,34580,9876,4716
,,,,,,,,4444,33788,9652,4604
,,,,,,,,4445,33940,9696,4624
,,,,,,,,4446,35048,10012,4780
,,,,,,,,4447,38792,11080,5288
,,,,,,,,4448,43704,12480,5956
,,,,,,,,4449,47688,13624,6500
,,,,,,,,4450,50708,14484,6912
,,,,,,,,4451,52992,15136,7228
,,,,,,,,4452,54404,15540,7416
,,,,,,,,4453,55260,15784,7532
,,,,,,,,4454,55988,15988,7632
,,,,,,,,4455,56424,16116,7692
,,,,,,,,4456,56464,16128,7696
,,,,,,,,4457,56328,16088,7680
,,,,,,,,4458,55892,15964,7620
,,,,,,,,4459,54428,15548,7420
,,,,,,,,4460,52436,14976,7148
,,,,,,,,4461,51232,14632,6988
,,,,,,,,4462,49592,14164,6764
,,,,,,,,4463,45064,12872,6144
,,,,,,,,4464,40260,11500,5492
,,,,,,,,4465,36676,10476,5000
,,,,,,,,4466,34356,9812,4684
,,,,,,,,4467,32848,9380,4480
,,,,,,,,4468,31992,9136,4360
,,,,,,,,4469,32000,9140,4360
,,,,,,,,4470,33012,9428,4500
,,,,,,,,4471,36604,10456,4988
,,,,,,,,4472,41400,11824,5644
,,,,,,,,4473,45440,12980,6196
,,,,,,,,4474,48840,13948,6660
,,,,,,,,4475,51688,14764,7048
,,,,,,,,4476,53648,15324,7312
,,,,,,,,4477,54924,15688,7488
,,,,,,,,4478,56268,16068,7672
,,,,,,,,4479,57108,16312,7788
,,,,,,,,4480,57780,16504,7876
,,,,,,,,4481,58132,16604,7928
,,,,,,,,4482,57936,16548,7900
,,,,,,,,4483,56004,15996,7636
,,,,,,,,4484,53804,15368,7336
,,,,,,,,4485,53060,15152,7232
,,,,,,,,4486,51436,14688,7012
,,,,,,,,4487,47368,13528,6460
,,,,,,,,4488,42964,12268,5856
,,,,,,,,4489,39528,11292,5392
,,,,,,,,4490,37216,10628,5072
,,,,,,,,4491,35632,10180,4860
,,,,,,,,4492,34640,9896,4724
,,,,,,,,4493,34236,9776,4664
,,,,,,,,4494,34180,9760,4660
,,,,,,,,4495,35608,10172,4856
,,,,,,,,4496,39012,11140,5316
,,,,,,,,4497,43332,12376,5908
,,,,,,,,4498,47008,13424,6408
,,,,,,,,4499,49540,14148,6756
,,,,,,,,4500,51304,14652,6996
,,,,,,,,4501,52504,14996,7160
,,,,,,,,4502,52492,14992,7156
,,,,,,,,4503,51372,14672,7004
,,,,,,,,4504,50312,14368,6860
,,,,,,,,4505,50296,14368,6856
,,,,,,,,4506,50600,14452,6900
,,,,,,,,4507,50028,14288,6820
,,,,,,,,4508,48672,13904,6636
,,,,,,,,4509,47920,13684,6532
,,,,,,,,4510,47060,13440,6416
,,,,,,,,4511,43912,12544,5988
,,,,,,,,4512,40156,11468,5472
,,,,,,,,4513,36812,10516,5020
,,,,,,,,4514,34512,9856,4704
,,,,,,,,4515,32912,9400,4484
,,,,,,,,4516,31888,9108,4348
,,,,,,,,4517,31312,8944,4268
,,,,,,,,4518,30756,8784,4192
,,,,,,,,4519,31848,9096,4340
,,,,,,,,4520,34852,9956,4748
,,,,,,,,4521,38828,11088,5292
,,,,,,,,4522,42548,12152,5800
,,,,,,,,4523,45648,13040,6224
,,,,,,,,4524,48136,13748,6564
,,,,,,,,4525,49760,14212,6784
,,,,,,,,4526,50636,14464,6904
,,,,,,,,4527,51280,14644,6992
,,,,,,,,4528,51892,14820,7072
,,,,,,,,4529,52644,15036,7176
,,,,,,,,4530,53068,15156,7236
,,,,,,,,4531,52304,14940,7132
,,,,,,,,4532,50716,14484,6916
,,,,,,,,4533,50184,14332,6844
,,,,,,,,4534,48988,13992,6680
,,,,,,,,4535,44772,12784,6104
,,,,,,,,4536,40052,11440,5460
,,,,,,,,4537,36380,10392,4960
,,,,,,,,4538,33912,9684,4624
,,,,,,,,4539,32352,9240,4408
,,,,,,,,4540,31472,8992,4292
,,,,,,,,4541,31564,9016,4300
,,,,,,,,4542,32700,9340,4460
,,,,,,,,4543,36400,10400,4964
,,,,,,,,4544,40868,11672,5572
,,,,,,,,4545,43968,12560,5996
,,,,,,,,4546,46440,13264,6332
,,,,,,,,4547,48408,13824,6600
,,,,,,,,4548,49724,14204,6780
,,,,,,,,4549,50676,14472,6908
,,,,,,,,4550,51696,14764,7048
,,,,,,,,4551,52304,14936,7128
,,,,,,,,4552,52672,15044,7180
,,,,,,,,4553,53008,15140,7228
,,,,,,,,4554,52812,15084,7200
,,,,,,,,4555,51360,14668,7004
,,,,,,,,4556,49392,14104,6736
,,,,,,,,4557,48324,13804,6588
,,,,,,,,4558,46604,13308,6356
,,,,,,,,4559,42040,12004,5732
,,,,,,,,4560,37388,10680,5096
,,,,,,,,4561,34004,9712,4636
,,,,,,,,4562,31880,9104,4344
,,,,,,,,4563,30524,8716,4160
,,,,,,,,4564,29896,8536,4076
,,,,,,,,4565,30080,8592,4100
,,,,,,,,4566,31208,8916,4256
,,,,,,,,4567,34928,9976,4764
,,,,,,,,4568,39368,11240,5368
,,,,,,,,4569,42512,12140,5796
,,,,,,,,4570,44952,12840,6128
,,,,,,,,4571,47076,13444,6420
,,,,,,,,4572,48492,13848,6612
,,,,,,,,4573,49504,14140,6748
,,,,,,,,4574,50712,14484,6912
,,,,,,,,4575,51652,14752,7044
,,,,,,,,4576,52348,14948,7136
,,,,,,,,4577,52796,15080,7200
,,,,,,,,4578,52552,15008,7168
,,,,,,,,4579,51264,14640,6988
,,,,,,,,4580,49384,14104,6732
,,,,,,,,4581,48580,13876,6624
,,,,,,,,4582,47236,13488,6440
,,,,,,,,4583,42804,12224,5836
,,,,,,,,4584,38296,10940,5220
,,,,,,,,4585,34976,9988,4768
,,,,,,,,4586,32872,9388,4480
,,,,,,,,4587,31592,9024,4308
,,,,,,,,4588,31004,8856,4228
,,,,,,,,4589,31252,8928,4260
,,,,,,,,4590,32568,9300,4440
,,,,,,,,4591,36312,10372,4948
,,,,,,,,4592,40880,11676,5572
,,,,,,,,4593,44340,12664,6044
,,,,,,,,4594,47064,13444,6416
,,,,,,,,4595,49484,14132,6744
,,,,,,,,4596,51432,14688,7012
,,,,,,,,4597,52752,15068,7192
,,,,,,,,4598,53840,15376,7340
,,,,,,,,4599,54404,15540,7416
,,,,,,,,4600,54800,15652,7472
,,,,,,,,4601,55272,15788,7536
,,,,,,,,4602,55152,15748,7520
,,,,,,,,4603,53796,15364,7332
,,,,,,,,4604,51752,14780,7056
,,,,,,,,4605,50752,14496,6920
,,,,,,,,4606,49320,14084,6724
,,,,,,,,4607,44792,12792,6108
,,,,,,,,4608,40032,11436,5456
,,,,,,,,4609,36564,10440,4988
,,,,,,,,4610,34304,9796,4676
,,,,,,,,4611,32792,9364,4468
,,,,,,,,4612,32004,9140,4360
,,,,,,,,4613,32168,9188,4384
,,,,,,,,4614,33484,9564,4564
,,,,,,,,4615,37448,10696,5108
,,,,,,,,4616,42148,12040,5748
,,,,,,,,4617,45808,13084,6244
,,,,,,,,4618,48864,13956,6664
,,,,,,,,4619,51876,14816,7072
,,,,,,,,4620,54236,15488,7392
,,,,,,,,4621,55488,15848,7568
,,,,,,,,4622,56860,16240,7752
,,,,,,,,4623,57792,16508,7880
,,,,,,,,4624,58388,16676,7960
,,,,,,,,4625,58812,16796,8016
,,,,,,,,4626,58328,16660,7952
,,,,,,,,4627,56688,16192,7728
,,,,,,,,4628,54196,15480,7392
,,,,,,,,4629,53012,15140,7228
,,,,,,,,4630,51152,14608,6972
,,,,,,,,4631,46388,13248,6324
,,,,,,,,4632,41492,11848,5656
,,,,,,,,4633,37708,10768,5140
,,,,,,,,4634,35288,10076,4808
,,,,,,,,4635,33800,9656,4608
,,,,,,,,4636,32988,9420,4496
,,,,,,,,4637,33148,9468,4520
,,,,,,,,4638,34488,9848,4704
,,,,,,,,4639,38200,10912,5208
,,,,,,,,4640,43092,12304,5876
,,,,,,,,4641,47044,13436,6416
,,,,,,,,4642,50488,14420,6884
,,,,,,,,4643,53560,15296,7304
,,,,,,,,4644,55992,15988,7632
,,,,,,,,4645,57760,16496,7876
,,,,,,,,4646,59192,16908,8072
,,,,,,,,4647,59704,17052,8140
,,,,,,,,4648,59612,17028,8128
,,,,,,,,4649,59224,16912,8076
,,,,,,,,4650,57896,16536,7896
,,,,,,,,4651,55524,15856,7572
,,,,,,,,4652,53220,15200,7256
,,,,,,,,4653,52352,14948,7136
,,,,,,,,4654,50692,14476,6912
,,,,,,,,4655,46476,13272,6336
,,,,,,,,4656,42036,12004,5732
,,,,,,,,4657,38568,11016,5256
,,,,,,,,4658,36368,10388,4960
,,,,,,,,4659,34920,9976,4760
,,,,,,,,4660,34064,9728,4644
,,,,,,,,4661,33820,9656,4608
,,,,,,,,4662,34224,9776,4664
,,,,,,,,4663,35632,10180,4860
,,,,,,,,4664,38432,10976,5240
,,,,,,,,4665,42204,12056,5756
,,,,,,,,4666,45588,13020,6216
,,,,,,,,4667,48104,13740,6560
,,,,,,,,4668,50160,14324,6840
,,,,,,,,4669,51744,14776,7052
,,,,,,,,4670,53044,15148,7232
,,,,,,,,4671,54304,15508,7404
,,,,,,,,4672,55304,15792,7540
,,,,,,,,4673,55968,15984,7632
,,,,,,,,4674,56036,16004,7640
,,,,,,,,4675,54968,15696,7492
,,,,,,,,4676,53020,15144,7228
,,,,,,,,4677,52124,14888,7108
,,,,,,,,4678,50860,14524,6932
,,,,,,,,4679,47040,13432,6412
,,,,,,,,4680,42764,12212,5832
,,,,,,,,4681,39212,11200,5348
,,,,,,,,4682,36708,10484,5004
,,,,,,,,4683,34992,9996,4768
,,,,,,,,4684,33864,9672,4616
,,,,,,,,4685,33228,9492,4528
,,,,,,,,4686,32736,9348,4464
,,,,,,,,4687,33668,9616,4588
,,,,,,,,4688,36804,10512,5016
,,,,,,,,4689,41136,11748,5608
,,,,,,,,4690,45360,12956,6184
,,,,,,,,4691,49096,14024,6696
,,,,,,,,4692,52112,14884,7108
,,,,,,,,4693,53840,15376,7340
,,,,,,,,4694,54172,15468,7388
,,,,,,,,4695,54200,15480,7392
,,,,,,,,4696,54280,15504,7400
,,,,,,,,4697,54384,15532,7412
,,,,,,,,4698,54352,15524,7412
,,,,,,,,4699,53472,15272,7292
,,,,,,,,4700,52704,15052,7188
,,,,,,,,4701,52880,15104,7212
,,,,,,,,4702,50972,14556,6948
,,,,,,,,4703,46984,13420,6404
,,,,,,,,4704,42848,12236,5840
,,,,,,,,4705,39864,11384,5432
,,,,,,,,4706,37952,10840,5172
,,,,,,,,4707,36728,10488,5008
,,,,,,,,4708,36084,10304,4920
,,,,,,,,4709,36332,10376,4952
,,,,,,,,4710,37988,10848,5180
,,,,,,,,4711,41964,11984,5720
,,,,,,,,4712,47232,13488,6440
,,,,,,,,4713,51324,14660,6996
,,,,,,,,4714,54612,15596,7448
,,,,,,,,4715,57504,16424,7840
,,,,,,,,4716,59832,17088,8160
,,,,,,,,4717,61628,17600,8400
,,,,,,,,4718,63172,18044,8612
,,,,,,,,4719,63500,18136,8660
,,,,,,,,4720,63628,18172,8676
,,,,,,,,4721,63508,18136,8660
,,,,,,,,4722,63036,18004,8596
,,,,,,,,4723,61568,17584,8396
,,,,,,,,4724,59636,17032,8132
,,,,,,,,4725,58880,16816,8028
,,,,,,,,4726,56540,16148,7708
,,,,,,,,4727,51140,14604,6972
,,,,,,,,4728,45796,13080,6244
,,,,,,,,4729,42012,12000,5728
,,,,,,,,4730,39556,11300,5392
,,,,,,,,4731,37972,10844,5176
,,,,,,,,4732,36980,10560,5044
,,,,,,,,4733,37072,10588,5052
,,,,,,,,4734,38572,11016,5260
,,,,,,,,4735,42736,12204,5828
,,,,,,,,4736,48144,13748,6564
,,,,,,,,4737,52480,14988,7156
,,,,,,,,4738,56320,16084,7676
,,,,,,,,4739,59640,17032,8132
,,,,,,,,4740,61912,17684,8440
,,,,,,,,4741,63480,18132,8656
,,,,,,,,4742,64900,18532,8848
,,,,,,,,4743,65792,18792,8968
,,,,,,,,4744,66468,18984,9064
,,,,,,,,4745,66868,19096,9116
,,,,,,,,4746,66316,18940,9044
,,,,,,,,4747,64796,18504,8836
,,,,,,,,4748,62804,17936,8560
,,,,,,,,4749,61664,17612,8408
,,,,,,,,4750,59416,16972,8100
,,,,,,,,4751,54324,15512,7408
,,,,,,,,4752,49268,14072,6716
,,,,,,,,4753,45712,13056,6232
,,,,,,,,4754,43504,12424,5932
,,,,,,,,4755,42108,12024,5740
,,,,,,,,4756,41264,11784,5628
,,,,,,,,4757,41220,11772,5620
,,,,,,,,4758,42664,12184,5816
,,,,,,,,4759,46440,13264,6332
,,,,,,,,4760,51992,14848,7088
,,,,,,,,4761,55888,15960,7620
,,,,,,,,4762,59024,16856,8048
,,,,,,,,4763,62256,17780,8488
,,,,,,,,4764,64720,18484,8824
,,,,,,,,4765,66268,18928,9036
,,,,,,,,4766,66316,18940,9044
,,,,,,,,4767,64764,18496,8828
,,,,,,,,4768,61736,17632,8420
,,,,,,,,4769,59448,16976,8104
,,,,,,,,4770,58464,16696,7972
,,,,,,,,4771,56976,16272,7768
,,,,,,,,4772,55552,15868,7572
,,,,,,,,4773,55128,15748,7516
,,,,,,,,4774,53336,15232,7272
,,,,,,,,4775,48808,13940,6656
,,,,,,,,4776,44080,12588,6012
,,,,,,,,4777,40452,11552,5512
,,,,,,,,4778,37840,10808,5160
,,,,,,,,4779,36180,10332,4932
,,,,,,,,4780,35164,10044,4792
,,,,,,,,4781,35108,10024,4784
,,,,,,,,4782,36344,10380,4956
,,,,,,,,4783,39360,11240,5368
,,,,,,,,4784,43028,12288,5868
,,,,,,,,4785,45160,12900,6160
,,,,,,,,4786,46644,13324,6360
,,,,,,,,4787,48092,13736,6556
,,,,,,,,4788,49092,14024,6692
,,,,,,,,4789,49700,14196,6776
,,,,,,,,4790,50576,14444,6896
,,,,,,,,4791,50888,14532,6940
,,,,,,,,4792,51280,14644,6992
,,,,,,,,4793,51684,14760,7048
,,,,,,,,4794,51540,14720,7028
,,,,,,,,4795,50056,14296,6828
,,,,,,,,4796,48272,13784,6580
,,,,,,,,4797,47976,13704,6540
,,,,,,,,4798,46312,13224,6316
,,,,,,,,4799,42276,12072,5764
,,,,,,,,4800,38024,10860,5184
,,,,,,,,4801,34836,9952,4748
,,,,,,,,4802,32984,9420,4496
,,,,,,,,4803,31808,9084,4336
,,,,,,,,4804,31276,8932,4264
,,,,,,,,4805,31592,9024,4308
,,,,,,,,4806,33192,9476,4524
,,,,,,,,4807,36380,10392,4960
,,,,,,,,4808,40152,11468,5472
,,,,,,,,4809,42632,12176,5812
,,,,,,,,4810,43924,12544,5988
,,,,,,,,4811,44776,12788,6104
,,,,,,,,4812,44924,12828,6124
,,,,,,,,4813,44704,12768,6096
,,,,,,,,4814,44656,12756,6088
,,,,,,,,4815,44220,12628,6028
,,,,,,,,4816,43580,12444,5940
,,,,,,,,4817,43232,12344,5896
,,,,,,,,4818,42776,12216,5832
,,,,,,,,4819,41736,11920,5692
,,,,,,,,4820,40876,11676,5572
,,,,,,,,4821,41224,11776,5620
,,,,,,,,4822,40200,11480,5480
,,,,,,,,4823,37080,10592,5056
,,,,,,,,4824,33580,9592,4580
,,,,,,,,4825,30836,8808,4204
,,,,,,,,4826,29052,8296,3960
,,,,,,,,4827,27960,7984,3812
,,,,,,,,4828,27356,7812,3732
,,,,,,,,4829,27268,7788,3716
,,,,,,,,4830,27472,7848,3744
,,,,,,,,4831,28864,8244,3936
,,,,,,,,4832,31756,9072,4328
,,,,,,,,4833,35216,10056,4800
,,,,,,,,4834,37844,10808,5160
,,,,,,,,4835,39512,11284,5388
,,,,,,,,4836,40484,11560,5520
,,,,,,,,4837,40976,11700,5588
,,,,,,,,4838,41220,11772,5620
,,,,,,,,4839,41444,11840,5652
,,,,,,,,4840,41792,11936,5696
,,,,,,,,4841,42328,12088,5772
,,,,,,,,4842,42588,12160,5808
,,,,,,,,4843,42052,12008,5736
,,,,,,,,4844,40748,11640,5556
,,,,,,,,4845,40608,11600,5536
,,,,,,,,4846,39724,11344,5416
,,,,,,,,4847,36852,10524,5024
,,,,,,,,4848,33676,9616,4588
,,,,,,,,4849,30968,8844,4220
,,,,,,,,4850,29228,8348,3984
,,,,,,,,4851,28132,8032,3836
,,,,,,,,4852,27452,7840,3740
,,,,,,,,4853,27180,7764,3704
,,,,,,,,4854,26912,7688,3668
,,,,,,,,4855,27736,7920,3780
,,,,,,,,4856,30216,8632,4120
,,,,,,,,4857,33612,9600,4584
,,,,,,,,4858,36692,10480,5004
,,,,,,,,4859,39228,11200,5348
,,,,,,,,4860,41276,11788,5628
,,,,,,,,4861,42732,12204,5824
,,,,,,,,4862,43568,12444,5940
,,,,,,,,4863,44344,12664,6044
,,,,,,,,4864,45128,12888,6152
,,,,,,,,4865,46168,13184,6296
,,,,,,,,4866,46820,13372,6380
,,,,,,,,4867,46316,13228,6316
,,,,,,,,4868,45076,12876,6144
,,,,,,,,4869,45104,12884,6148
,,,,,,,,4870,43972,12560,5996
,,,,,,,,4871,40544,11580,5528
,,,,,,,,4872,36816,10516,5020
,,,,,,,,4873,34012,9716,4636
,,,,,,,,4874,32196,9196,4388
,,,,,,,,4875,31156,8896,4248
,,,,,,,,4876,30792,8796,4200
,,,,,,,,4877,31420,8976,4280
,,,,,,,,4878,33420,9544,4556
,,,,,,,,4879,37008,10572,5048
,,,,,,,,4880,41268,11784,5628
,,,,,,,,4881,44388,12680,6052
,,,,,,,,4882,46716,13344,6368
,,,,,,,,4883,48900,13968,6664
,,,,,,,,4884,50644,14464,6908
,,,,,,,,4885,51860,14812,7068
,,,,,,,,4886,53608,15312,7308
,,,,,,,,4887,54972,15700,7492
,,,,,,,,4888,55976,15988,7632
,,,,,,,,4889,56584,16160,7716
,,,,,,,,4890,56356,16096,7684
,,,,,,,,4891,55036,15720,7504
,,,,,,,,4892,53644,15320,7312
,,,,,,,,4893,53744,15348,7328
,,,,,,,,4894,51740,14776,7052
,,,,,,,,4895,47248,13492,6444
,,,,,,,,4896,42636,12176,5812
,,,,,,,,4897,39292,11220,5356
,,,,,,,,4898,37216,10628,5072
,,,,,,,,4899,35904,10256,4896
,,,,,,,,4900,35312,10084,4812
,,,,,,,,4901,35592,10164,4852
,,,,,,,,4902,37176,10620,5068
,,,,,,,,4903,40588,11592,5532
,,,,,,,,4904,45248,12924,6168
,,,,,,,,4905,49268,14072,6716
,,,,,,,,4906,52568,15016,7168
,,,,,,,,4907,55504,15852,7568
,,,,,,,,4908,57408,16396,7828
,,,,,,,,4909,59064,16868,8056
,,,,,,,,4910,60496,17276,8248
,,,,,,,,4911,61040,17432,8320
,,,,,,,,4912,60508,17280,8248
,,,,,,,,4913,59472,16988,8108
,,,,,,,,4914,58152,16608,7928
,,,,,,,,4915,56072,16012,7644
,,,,,,,,4916,53944,15408,7356
,,,,,,,,4917,53008,15140,7228
,,,,,,,,4918,50144,14324,6836
,,,,,,,,4919,44892,12820,6120
,,,,,,,,4920,39800,11368,5428
,,,,,,,,4921,35932,10260,4900
,,,,,,,,4922,33436,9548,4560
,,,,,,,,4923,31892,9108,4348
,,,,,,,,4924,30988,8852,4224
,,,,,,,,4925,31108,8884,4240
,,,,,,,,4926,32468,9276,4424
,,,,,,,,4927,35748,10212,4872
,,,,,,,,4928,39964,11416,5448
,,,,,,,,4929,42936,12260,5856
,,,,,,,,4930,44968,12844,6132
,,,,,,,,4931,46564,13300,6348
,,,,,,,,4932,47596,13592,6488
,,,,,,,,4933,48296,13796,6584
,,,,,,,,4934,49296,14080,6724
,,,,,,,,4935,50140,14320,6836
,,,,,,,,4936,50912,14540,6940
,,,,,,,,4937,51584,14732,7032
,,,,,,,,4938,51556,14724,7028
,,,,,,,,4939,50176,14328,6844
,,,,,,,,4940,48380,13820,6596
,,,,,,,,4941,48452,13840,6604
,,,,,,,,4942,46604,13308,6356
,,,,,,,,4943,42376,12100,5776
,,,,,,,,4944,38040,10864,5188
,,,,,,,,4945,35036,10008,4776
,,,,,,,,4946,33056,9440,4504
,,,,,,,,4947,31868,9100,4344
,,,,,,,,4948,31396,8968,4280
,,,,,,,,4949,31816,9088,4340
,,,,,,,,4950,33820,9660,4608
,,,,,,,,4951,37504,10712,5112
,,,,,,,,4952,41512,11856,5660
,,,,,,,,4953,44188,12624,6024
,,,,,,,,4954,46024,13144,6276
,,,,,,,,4955,47396,13536,6460
,,,,,,,,4956,48184,13764,6568
,,,,,,,,4957,48856,13956,6664
,,,,,,,,4958,50292,14368,6856
,,,,,,,,4959,51556,14728,7028
,,,,,,,,4960,52720,15060,7188
,,,,,,,,4961,53892,15392,7348
,,,,,,,,4962,54528,15572,7432
,,,,,,,,4963,53948,15408,7356
,,,,,,,,4964,53144,15180,7248
,,,,,,,,4965,52604,15024,7172
,,,,,,,,4966,49996,14280,6816
,,,,,,,,4967,45668,13040,6224
,,,,,,,,4968,41356,11812,5636
,,,,,,,,4969,38192,10908,5208
,,,,,,,,4970,36052,10296,4916
,,,,,,,,4971,34644,9896,4724
,,,,,,,,4972,33940,9696,4624
,,,,,,,,4973,34244,9780,4668
,,,,,,,,4974,36172,10332,4932
,,,,,,,,4975,39552,11300,5392
,,,,,,,,4976,43468,12416,5924
,,,,,,,,4977,46260,13212,6308
,,,,,,,,4978,48548,13864,6620
,,,,,,,,4979,50552,14440,6892
,,,,,,,,4980,52000,14852,7088
,,,,,,,,4981,52904,15108,7212
,,,,,,,,4982,53508,15284,7296
,,,,,,,,4983,53504,15284,7292
,,,,,,,,4984,53232,15204,7256
,,,,,,,,4985,52912,15112,7212
,,,,,,,,4986,52452,14984,7152
,,,,,,,,4987,51176,14616,6976
,,,,,,,,4988,49616,14172,6764
,,,,,,,,4989,49052,14008,6688
,,,,,,,,4990,47528,13576,6480
,,,,,,,,4991,43892,12536,5984
,,,,,,,,4992,39908,11400,5440
,,,,,,,,4993,36632,10460,4992
,,,,,,,,4994,34320,9800,4680
,,,,,,,,4995,32796,9368,4472
,,,,,,,,4996,31872,9104,4344
,,,,,,,,4997,31664,9044,4316
,,,,,,,,4998,31944,9124,4356
,,,,,,,,4999,33168,9476,4520
,,,,,,,,5000,36104,10312,4924
,,,,,,,,5001,39812,11372,5428
,,,,,,,,5002,43128,12320,5880
,,,,,,,,5003,45492,12992,6200
,,,,,,,,5004,46744,13348,6372
,,,,,,,,5005,47224,13484,6440
,,,,,,,,5006,47256,13496,6444
,,,,,,,,5007,46884,13388,6392
,,,,,,,,5008,45804,13084,6244
,,,,,,,,5009,44868,12816,6120
,,,,,,,,5010,44424,12688,6060
,,,,,,,,5011,43744,12492,5964
,,,,,,,,5012,43164,12324,5884
,,,,,,,,5013,43176,12332,5888
,,,,,,,,5014,41640,11892,5676
,,,,,,,,5015,38912,11112,5304
,,,,,,,,5016,35856,10240,4888
,,,,,,,,5017,33200,9480,4524
,,,,,,,,5018,31468,8988,4288
,,,,,,,,5019,30336,8664,4136
,,,,,,,,5020,29680,8476,4044
,,,,,,,,5021,29524,8432,4024
,,,,,,,,5022,29756,8496,4056
,,,,,,,,5023,30272,8644,4124
,,,,,,,,5024,32240,9208,4396
,,,,,,,,5025,35044,10008,4780
,,,,,,,,5026,37560,10728,5120
,,,,,,,,5027,39300,11224,5356
,,,,,,,,5028,40604,11596,5536
,,,,,,,,5029,41392,11820,5644
,,,,,,,,5030,41488,11848,5656
,,,,,,,,5031,41356,11812,5636
,,,,,,,,5032,41160,11756,5612
,,,,,,,,5033,41560,11872,5668
,,,,,,,,5034,42136,12036,5744
,,,,,,,,5035,41900,11964,5712
,,,,,,,,5036,41300,11796,5632
,,,,,,,,5037,41752,11924,5692
,,,,,,,,5038,40520,11572,5524
,,,,,,,,5039,37452,10700,5108
,,,,,,,,5040,34124,9744,4652
,,,,,,,,5041,31492,8996,4292
,,,,,,,,5042,29856,8528,4068
,,,,,,,,5043,28928,8260,3944
,,,,,,,,5044,28552,8152,3892
,,,,,,,,5045,29144,8324,3972
,,,,,,,,5046,30900,8828,4212
,,,,,,,,5047,34324,9804,4680
,,,,,,,,5048,38728,11060,5280
,,,,,,,,5049,42108,12024,5740
,,,,,,,,5050,44624,12744,6084
,,,,,,,,5051,46824,13372,6384
,,,,,,,,5052,48428,13832,6604
,,,,,,,,5053,49636,14176,6764
,,,,,,,,5054,50964,14556,6948
,,,,,,,,5055,51828,14804,7068
,,,,,,,,5056,52304,14940,7132
,,,,,,,,5057,52712,15056,7188
,,,,,,,,5058,52420,14968,7148
,,,,,,,,5059,51016,14568,6956
,,,,,,,,5060,49112,14024,6696
,,,,,,,,5061,48660,13900,6636
,,,,,,,,5062,46436,13264,6332
,,,,,,,,5063,41872,11960,5708
,,,,,,,,5064,37380,10676,5096
,,,,,,,,5065,34116,9744,4652
,,,,,,,,5066,32088,9164,4376
,,,,,,,,5067,30888,8820,4212
,,,,,,,,5068,30288,8652,4128
,,,,,,,,5069,30648,8756,4180
,,,,,,,,5070,32344,9236,4408
,,,,,,,,5071,35696,10196,4864
,,,,,,,,5072,39872,11388,5436
,,,,,,,,5073,42856,12240,5840
,,,,,,,,5074,44984,12848,6136
,,,,,,,,5075,46828,13376,6384
,,,,,,,,5076,47960,13700,6540
,,,,,,,,5077,48616,13884,6628
,,,,,,,,5078,49352,14096,6728
,,,,,,,,5079,49360,14100,6728
,,,,,,,,5080,48840,13948,6660
,,,,,,,,5081,48332,13804,6588
,,,,,,,,5082,47800,13652,6516
,,,,,,,,5083,46924,13404,6400
,,,,,,,,5084,46268,13216,6308
,,,,,,,,5085,46568,13300,6348
,,,,,,,,5086,44484,12704,6064
,,,,,,,,5087,40596,11596,5532
,,,,,,,,5088,36804,10512,5016
,,,,,,,,5089,33944,9696,4624
,,,,,,,,5090,32144,9180,4380
,,,,,,,,5091,31048,8868,4232
,,,,,,,,5092,30592,8736,4172
,,,,,,,,5093,31068,8876,4236
,,,,,,,,5094,33008,9428,4500
,,,,,,,,5095,36496,10424,4976
,,,,,,,,5096,40808,11656,5564
,,,,,,,,5097,44004,12568,6000
,,,,,,,,5098,46656,13324,6360
,,,,,,,,5099,48996,13996,6680
,,,,,,,,5100,50716,14484,6912
,,,,,,,,5101,52008,14852,7088
,,,,,,,,5102,53148,15180,7248
,,,,,,,,5103,53536,15288,7300
,,,,,,,,5104,53032,15148,7228
,,,,,,,,5105,52592,15024,7172
,,,,,,,,5106,51960,14840,7084
,,,,,,,,5107,50772,14500,6924
,,,,,,,,5108,49660,14184,6772
,,,,,,,,5109,49740,14204,6784
,,,,,,,,5110,47780,13644,6516
,,,,,,,,5111,43492,12420,5928
,,,,,,,,5112,39236,11204,5352
,,,,,,,,5113,36184,10336,4932
,,,,,,,,5114,34228,9776,4664
,,,,,,,,5115,32988,9420,4496
,,,,,,,,5116,32572,9300,4440
,,,,,,,,5117,32988,9420,4496
,,,,,,,,5118,34928,9976,4764
,,,,,,,,5119,38472,10988,5244
,,,,,,,,5120,42976,12276,5856
,,,,,,,,5121,46636,13320,6360
,,,,,,,,5122,49904,14252,6804
,,,,,,,,5123,52992,15136,7228
,,,,,,,,5124,55400,15824,7552
,,,,,,,,5125,57056,16296,7780
,,,,,,,,5126,58668,16756,7996
,,,,,,,,5127,59648,17036,8132
,,,,,,,,5128,60256,17212,8216
,,,,,,,,5129,60548,17292,8256
,,,,,,,,5130,60260,17212,8216
,,,,,,,,5131,58908,16824,8032
,,,,,,,,5132,57040,16288,7776
,,,,,,,,5133,56584,16160,7716
,,,,,,,,5134,54168,15468,7388
,,,,,,,,5135,49192,14048,6704
,,,,,,,,5136,44368,12672,6048
,,,,,,,,5137,40508,11568,5524
,,,,,,,,5138,38048,10864,5188
,,,,,,,,5139,36348,10380,4956
,,,,,,,,5140,35476,10132,4836
,,,,,,,,5141,35648,10180,4860
,,,,,,,,5142,37364,10672,5092
,,,,,,,,5143,40808,11656,5564
,,,,,,,,5144,45320,12944,6180
,,,,,,,,5145,49396,14108,6736
,,,,,,,,5146,53040,15148,7232
,,,,,,,,5147,56564,16156,7716
,,,,,,,,5148,59184,16904,8068
,,,,,,,,5149,60984,17416,8316
,,,,,,,,5150,62540,17864,8528
,,,,,,,,5151,63580,18160,8668
,,,,,,,,5152,63952,18264,8720
,,,,,,,,5153,63920,18252,8716
,,,,,,,,5154,63072,18012,8600
,,,,,,,,5155,61036,17432,8320
,,,,,,,,5156,58976,16844,8040
,,,,,,,,5157,58492,16704,7976
,,,,,,,,5158,56272,16068,7672
,,,,,,,,5159,51756,14780,7056
,,,,,,,,5160,47012,13424,6408
,,,,,,,,5161,42836,12232,5840
,,,,,,,,5162,40200,11480,5480
,,,,,,,,5163,38264,10928,5216
,,,,,,,,5164,37028,10576,5048
,,,,,,,,5165,36484,10420,4972
,,,,,,,,5166,36640,10464,4996
,,,,,,,,5167,37904,10824,5168
,,,,,,,,5168,41336,11804,5632
,,,,,,,,5169,45832,13088,6248
,,,,,,,,5170,49968,14272,6812
,,,,,,,,5171,53592,15308,7308
,,,,,,,,5172,56272,16068,7672
,,,,,,,,5173,57936,16548,7896
,,,,,,,,5174,58916,16828,8036
,,,,,,,,5175,59472,16988,8108
,,,,,,,,5176,59528,17000,8116
,,,,,,,,5177,59016,16852,8048
,,,,,,,,5178,57908,16540,7896
,,,,,,,,5179,55956,15980,7632
,,,,,,,,5180,54048,15436,7372
,,,,,,,,5181,53812,15368,7336
,,,,,,,,5182,51824,14800,7068
,,,,,,,,5183,48204,13764,6572
,,,,,,,,5184,44296,12652,6036
,,,,,,,,5185,41100,11740,5604
,,,,,,,,5186,38808,11084,5288
,,,,,,,,5187,37328,10660,5088
,,,,,,,,5188,36380,10392,4960
,,,,,,,,5189,36044,10296,4912
,,,,,,,,5190,36168,10332,4928
,,,,,,,,5191,36932,10548,5036
,,,,,,,,5192,39644,11324,5404
,,,,,,,,5193,43560,12444,5936
,,,,,,,,5194,47720,13628,6504
,,,,,,,,5195,51160,14612,6976
,,,,,,,,5196,53972,15416,7360
,,,,,,,,5197,56068,16012,7644
,,,,,,,,5198,57044,16292,7776
,,,,,,,,5199,57328,16372,7816
,,,,,,,,5200,57352,16380,7820
,,,,,,,,5201,56976,16272,7768
,,,,,,,,5202,55808,15940,7608
,,,,,,,,5203,54656,15608,7452
,,,,,,,,5204,53804,15368,7336
,,,,,,,,5205,53504,15280,7292
,,,,,,,,5206,51336,14660,7000
,,,,,,,,5207,47596,13592,6488
,,,,,,,,5208,43620,12460,5948
,,,,,,,,5209,40388,11536,5508
,,,,,,,,5210,38384,10960,5232
,,,,,,,,5211,37184,10620,5068
,,,,,,,,5212,36596,10452,4988
,,,,,,,,5213,37056,10584,5052
,,,,,,,,5214,38952,11124,5312
,,,,,,,,5215,42296,12080,5768
,,,,,,,,5216,46932,13404,6400
,,,,,,,,5217,50620,14456,6904
,,,,,,,,5218,53216,15200,7256
,,,,,,,,5219,54720,15628,7460
,,,,,,,,5220,55880,15960,7616
,,,,,,,,5221,56608,16168,7716
,,,,,,,,5222,57300,16368,7816
,,,,,,,,5223,57576,16444,7852
,,,,,,,,5224,57692,16476,7868
,,,,,,,,5225,57440,16408,7832
,,,,,,,,5226,56476,16128,7700
,,,,,,,,5227,54316,15512,7408
,,,,,,,,5228,52032,14860,7092
,,,,,,,,5229,51440,14688,7012
,,,,,,,,5230,48592,13876,6624
,,,,,,,,5231,43560,12440,5936
,,,,,,,,5232,38916,11112,5304
,,,,,,,,5233,35364,10100,4824
,,,,,,,,5234,33160,9472,4520
,,,,,,,,5235,31760,9072,4328
,,,,,,,,5236,31120,8888,4240
,,,,,,,,5237,31368,8960,4276
,,,,,,,,5238,32972,9416,4496
,,,,,,,,5239,36200,10336,4936
,,,,,,,,5240,40480,11560,5520
,,,,,,,,5241,43544,12436,5936
,,,,,,,,5242,46052,13152,6280
,,,,,,,,5243,48328,13804,6588
,,,,,,,,5244,50076,14304,6828
,,,,,,,,5245,51292,14648,6992
,,,,,,,,5246,52592,15020,7172
,,,,,,,,5247,53316,15228,7268
,,,,,,,,5248,53792,15364,7332
,,,,,,,,5249,54024,15428,7368
,,,,,,,,5250,53460,15268,7292
,,,,,,,,5251,51908,14824,7076
,,,,,,,,5252,50324,14372,6864
,,,,,,,,5253,50512,14424,6884
,,,,,,,,5254,48160,13756,6564
,,,,,,,,5255,43668,12472,5956
,,,,,,,,5256,39260,11212,5352
,,,,,,,,5257,35948,10268,4900
,,,,,,,,5258,33756,9640,4604
,,,,,,,,5259,32328,9232,4404
,,,,,,,,5260,31616,9032,4308
,,,,,,,,5261,31956,9128,4356
,,,,,,,,5262,33724,9632,4600
,,,,,,,,5263,37068,10588,5052
,,,,,,,,5264,41536,11860,5664
,,,,,,,,5265,45320,12944,6180
,,,,,,,,5266,48512,13856,6616
,,,,,,,,5267,51588,14732,7032
,,,,,,,,5268,53900,15392,7348
,,,,,,,,5269,55540,15864,7572
,,,,,,,,5270,57060,16296,7780
,,,,,,,,5271,57880,16528,7892
,,,,,,,,5272,58260,16640,7944
,,,,,,,,5273,58108,16596,7924
,,,,,,,,5274,57288,16364,7812
,,,,,,,,5275,55704,15908,7592
,,,,,,,,5276,54356,15524,7412
,,,,,,,,5277,54536,15576,7436
,,,,,,,,5278,51900,14824,7076
,,,,,,,,5279,47184,13476,6432
,,,,,,,,5280,42380,12104,5776
,,,,,,,,5281,38688,11048,5272
,,,,,,,,5282,36588,10452,4988
,,,,,,,,5283,35176,10048,4796
,,,,,,,,5284,34524,9860,4704
,,,,,,,,5285,34852,9956,4752
,,,,,,,,5286,36856,10528,5024
,,,,,,,,5287,40260,11500,5488
,,,,,,,,5288,44704,12768,6096
,,,,,,,,5289,48556,13868,6620
,,,,,,,,5290,52052,14864,7096
,,,,,,,,5291,55416,15828,7556
,,,,,,,,5292,57984,16560,7904
,,,,,,,,5293,59704,17048,8140
,,,,,,,,5294,61120,17456,8336
,,,,,,,,5295,61648,17608,8404
,,,,,,,,5296,61712,17628,8416
,,,,,,,,5297,61344,17516,8364
,,,,,,,,5298,60240,17204,8212
,,,,,,,,5299,58176,16612,7932
,,,,,,,,5300,56748,16208,7736
,,,,,,,,5301,56672,16184,7728
,,,,,,,,5302,53836,15376,7340
,,,,,,,,5303,49112,14024,6696
,,,,,,,,5304,44432,12688,6060
,,,,,,,,5305,40960,11700,5584
,,,,,,,,5306,38824,11088,5292
,,,,,,,,5307,37424,10688,5104
,,,,,,,,5308,36800,10512,5016
,,,,,,,,5309,37128,10604,5064
,,,,,,,,5310,39132,11176,5332
,,,,,,,,5311,42580,12160,5804
,,,,,,,,5312,46996,13424,6408
,,,,,,,,5313,50640,14464,6904
,,,,,,,,5314,53584,15304,7308
,,,,,,,,5315,55920,15968,7624
,,,,,,,,5316,57480,16416,7836
,,,,,,,,5317,57836,16516,7884
,,,,,,,,5318,57516,16428,7840
,,,,,,,,5319,56332,16088,7680
,,,,,,,,5320,54704,15624,7460
,,,,,,,,5321,53724,15344,7328
,,,,,,,,5322,52620,15028,7172
,,,,,,,,5323,51156,14608,6976
,,,,,,,,5324,50092,14304,6828
,,,,,,,,5325,50084,14304,6828
,,,,,,,,5326,48208,13768,6572
,,,,,,,,5327,44840,12804,6116
,,,,,,,,5328,41092,11736,5604
,,,,,,,,5329,38040,10860,5188
,,,,,,,,5330,36004,10284,4908
,,,,,,,,5331,34656,9896,4724
,,,,,,,,5332,33900,9680,4624
,,,,,,,,5333,33668,9616,4588
,,,,,,,,5334,34068,9728,4644
,,,,,,,,5335,35200,10056,4800
,,,,,,,,5336,38124,10888,5196
,,,,,,,,5337,41736,11920,5692
,,,,,,,,5338,45064,12868,6144
,,,,,,,,5339,47856,13664,6524
,,,,,,,,5340,49528,14144,6752
,,,,,,,,5341,50504,14424,6884
,,,,,,,,5342,51096,14592,6964
,,,,,,,,5343,51420,14684,7008
,,,,,,,,5344,51672,14756,7048
,,,,,,,,5345,51880,14816,7072
,,,,,,,,5346,51788,14788,7060
,,,,,,,,5347,50964,14556,6948
,,,,,,,,5348,50120,14316,6832
,,,,,,,,5349,50420,14400,6872
,,,,,,,,5350,48564,13868,6624
,,,,,,,,5351,45368,12956,6184
,,,,,,,,5352,41792,11936,5696
,,,,,,,,5353,38748,11064,5284
,,,,,,,,5354,36676,10476,5000
,,,,,,,,5355,35212,10056,4800
,,,,,,,,5356,34408,9824,4688
,,,,,,,,5357,34112,9740,4648
,,,,,,,,5358,34384,9816,4684
,,,,,,,,5359,34960,9984,4764
,,,,,,,,5360,36744,10496,5008
,,,,,,,,5361,39804,11368,5428
,,,,,,,,5362,42964,12268,5856
,,,,,,,,5363,45700,13052,6232
,,,,,,,,5364,47836,13660,6524
,,,,,,,,5365,49456,14124,6744
,,,,,,,,5366,50472,14416,6884
,,,,,,,,5367,51432,14688,7012
,,,,,,,,5368,52288,14932,7128
,,,,,,,,5369,52912,15112,7212
,,,,,,,,5370,53040,15148,7232
,,,,,,,,5371,52228,14912,7120
,,,,,,,,5372,51064,14584,6964
,,,,,,,,5373,51288,14644,6992
,,,,,,,,5374,48868,13956,6664
,,,,,,,,5375,44716,12768,6100
,,,,,,,,5376,40468,11560,5516
,,,,,,,,5377,37204,10624,5072
,,,,,,,,5378,35052,10012,4780
,,,,,,,,5379,33692,9620,4592
,,,,,,,,5380,32988,9420,4496
,,,,,,,,5381,33264,9500,4536
,,,,,,,,5382,35032,10004,4776
,,,,,,,,5383,38060,10872,5192
,,,,,,,,5384,42396,12108,5780
,,,,,,,,5385,46032,13144,6276
,,,,,,,,5386,49080,14016,6692
,,,,,,,,5387,51732,14772,7052
,,,,,,,,5388,53600,15308,7308
,,,,,,,,5389,54808,15652,7472
,,,,,,,,5390,55908,15968,7624
,,,,,,,,5391,56644,16176,7724
,,,,,,,,5392,56960,16268,7768
,,,,,,,,5393,57236,16348,7804
,,,,,,,,5394,56836,16228,7748
,,,,,,,,5395,55072,15728,7512
,,,,,,,,5396,53396,15248,7280
,,,,,,,,5397,53220,15200,7256
,,,,,,,,5398,49996,14280,6816
,,,,,,,,5399,45092,12880,6148
,,,,,,,,5400,40392,11536,5508
,,,,,,,,5401,36912,10540,5032
,,,,,,,,5402,34612,9884,4720
,,,,,,,,5403,33120,9456,4516
,,,,,,,,5404,32392,9252,4416
,,,,,,,,5405,32628,9316,4448
,,,,,,,,5406,34512,9856,4704
,,,,,,,,5407,37648,10752,5132
,,,,,,,,5408,41980,11988,5724
,,,,,,,,5409,45376,12960,6188
,,,,,,,,5410,48292,13792,6584
,,,,,,,,5411,50720,14484,6916
,,,,,,,,5412,52360,14952,7140
,,,,,,,,5413,53296,15224,7268
,,,,,,,,5414,53964,15412,7356
,,,,,,,,5415,54148,15464,7384
,,,,,,,,5416,53948,15408,7356
,,,,,,,,5417,53840,15376,7340
,,,,,,,,5418,53240,15208,7260
,,,,,,,,5419,51932,14828,7080
,,,,,,,,5420,51100,14592,6964
,,,,,,,,5421,51492,14708,7020
,,,,,,,,5422,48780,13932,6652
,,,,,,,,5423,44380,12676,6052
,,,,,,,,5424,40068,11444,5464
,,,,,,,,5425,37056,10580,5052
,,,,,,,,5426,35076,10016,4784
,,,,,,,,5427,33856,9668,4616
,,,,,,,,5428,33344,9524,4544
,,,,,,,,5429,33736,9636,4600
,,,,,,,,5430,35844,10236,4888
,,,,,,,,5431,39428,11260,5376
,,,,,,,,5432,42984,12276,5860
,,,,,,,,5433,45224,12916,6164
,,,,,,,,5434,46864,13384,6388
,,,,,,,,5435,48996,13992,6680
,,,,,,,,5436,51116,14600,6968
,,,,,,,,5437,52708,15052,7188
,,,,,,,,5438,54180,15472,7388
,,,,,,,,5439,54912,15684,7488
,,,,,,,,5440,55208,15768,7528
,,,,,,,,5441,54964,15696,7492
,,,,,,,,5442,54096,15448,7376
,,,,,,,,5443,52672,15044,7184
,,,,,,,,5444,52088,14876,7104
,,,,,,,,5445,51936,14828,7080
,,,,,,,,5446,49052,14008,6688
,,,,,,,,5447,44552,12724,6076
,,,,,,,,5448,40120,11460,5472
,,,,,,,,5449,36680,10476,5000
,,,,,,,,5450,34488,9848,4704
,,,,,,,,5451,33160,9472,4520
,,,,,,,,5452,32576,9304,4440
,,,,,,,,5453,32848,9380,4480
,,,,,,,,5454,34836,9952,4748
,,,,,,,,5455,38220,10916,5208
,,,,,,,,5456,41912,11968,5712
,,,,,,,,5457,44924,12832,6124
,,,,,,,,5458,47660,13612,6500
,,,,,,,,5459,50168,14328,6840
,,,,,,,,5460,52028,14860,7092
,,,,,,,,5461,53228,15204,7256
,,,,,,,,5462,54280,15504,7400
,,,,,,,,5463,54872,15668,7480
,,,,,,,,5464,55116,15740,7512
,,,,,,,,5465,55208,15768,7528
,,,,,,,,5466,54632,15604,7452
,,,,,,,,5467,52816,15084,7200
,,,,,,,,5468,51176,14616,6976
,,,,,,,,5469,51032,14572,6956
,,,,,,,,5470,48076,13728,6556
,,,,,,,,5471,43544,12436,5936
,,,,,,,,5472,38968,11128,5312
,,,,,,,,5473,35620,10176,4856
,,,,,,,,5474,33388,9536,4552
,,,,,,,,5475,31992,9136,4360
,,,,,,,,5476,31288,8936,4264
,,,,,,,,5477,31508,9000,4296
,,,,,,,,5478,33192,9480,4524
,,,,,,,,5479,36128,10320,4928
,,,,,,,,5480,40092,11452,5468
,,,,,,,,5481,43720,12484,5960
,,,,,,,,5482,46792,13364,6380
,,,,,,,,5483,49660,14184,6768
,,,,,,,,5484,51848,14808,7068
,,,,,,,,5485,53644,15324,7312
,,,,,,,,5486,55328,15800,7544
,,,,,,,,5487,56372,16100,7684
,,,,,,,,5488,56720,16200,7732
,,,,,,,,5489,56680,16188,7728
,,,,,,,,5490,55700,15908,7592
,,,,,,,,5491,53600,15308,7308
,,,,,,,,5492,52376,14956,7140
,,,,,,,,5493,52104,14880,7104
,,,,,,,,5494,49292,14080,6724
,,,,,,,,5495,45060,12868,6144
,,,,,,,,5496,40844,11664,5568
,,,,,,,,5497,37364,10672,5092
,,,,,,,,5498,35016,10000,4772
,,,,,,,,5499,33444,9552,4560
,,,,,,,,5500,32424,9256,4420
,,,,,,,,5501,32044,9152,4368
,,,,,,,,5502,32424,9260,4420
,,,,,,,,5503,33236,9492,4532
,,,,,,,,5504,35236,10064,4804
,,,,,,,,5505,37864,10816,5164
,,,,,,,,5506,39940,11408,5444
,,,,,,,,5507,41268,11784,5628
,,,,,,,,5508,42072,12016,5736
,,,,,,,,5509,42200,12052,5756
,,,,,,,,5510,42080,12020,5736
,,,,,,,,5511,41920,11972,5712
,,,,,,,,5512,41772,11928,5696
,,,,,,,,5513,41896,11964,5712
,,,,,,,,5514,41884,11964,5712
,,,,,,,,5515,41340,11804,5636
,,,,,,,,5516,40784,11648,5560
,,,,,,,,5517,41268,11784,5628
,,,,,,,,5518,39360,11240,5368
,,,,,,,,5519,36424,10400,4968
,,,,,,,,5520,33228,9492,4528
,,,,,,,,5521,30636,8752,4180
,,,,,,,,5522,28824,8232,3928
,,,,,,,,5523,27576,7876,3756
,,,,,,,,5524,26932,7692,3672
,,,,,,,,5525,26652,7612,3636
,,,,,,,,5526,26832,7664,3656
,,,,,,,,5527,27116,7744,3696
,,,,,,,,5528,29100,8312,3968
,,,,,,,,5529,32088,9164,4376
,,,,,,,,5530,34744,9920,4736
,,,,,,,,5531,36568,10444,4988
,,,,,,,,5532,37672,10760,5136
,,,,,,,,5533,38296,10936,5220
,,,,,,,,5534,38352,10952,5228
,,,,,,,,5535,38384,10960,5232
,,,,,,,,5536,38604,11024,5264
,,,,,,,,5537,39244,11208,5352
,,,,,,,,5538,39712,11340,5412
,,,,,,,,5539,39624,11316,5404
,,,,,,,,5540,39812,11372,5428
,,,,,,,,5541,40692,11620,5548
,,,,,,,,5542,38728,11060,5280
,,,,,,,,5543,35560,10156,4848
,,,,,,,,5544,32484,9276,4428
,,,,,,,,5545,30204,8624,4120
,,,,,,,,5546,28784,8220,3924
,,,,,,,,5547,27948,7980,3812
,,,,,,,,5548,27660,7900,3772
,,,,,,,,5549,28220,8060,3848
,,,,,,,,5550,30128,8604,4108
,,,,,,,,5551,33304,9512,4540
,,,,,,,,5552,36952,10556,5036
,,,,,,,,5553,39872,11388,5436
,,,,,,,,5554,42336,12092,5772
,,,,,,,,5555,44404,12680,6056
,,,,,,,,5556,45860,13096,6252
,,,,,,,,5557,46736,13348,6372
,,,,,,,,5558,47380,13532,6460
,,,,,,,,5559,47512,13568,6480
,,,,,,,,5560,47424,13544,6464
,,,,,,,,5561,47496,13564,6476
,,,,,,,,5562,47340,13520,6456
,,,,,,,,5563,46088,13164,6284
,,,,,,,,5564,45444,12980,6196
,,,,,,,,5565,45848,13092,6252
,,,,,,,,5566,43020,12284,5864
,,,,,,,,5567,38908,11112,5304
,,,,,,,,5568,35000,9996,4772
,,,,,,,,5569,32204,9196,4392
,,,,,,,,5570,30636,8752,4176
,,,,,,,,5571,29624,8460,4040
,,,,,,,,5572,29224,8344,3984
,,,,,,,,5573,29780,8504,4056
,,,,,,,,5574,31956,9128,4356
,,,,,,,,5575,35448,10124,4832
,,,,,,,,5576,39100,11168,5328
,,,,,,,,5577,41876,11960,5712
,,,,,,,,5578,44204,12624,6028
,,,,,,,,5579,46268,13212,6308
,,,,,,,,5580,47644,13604,6496
,,,,,,,,5581,48576,13872,6624
,,,,,,,,5582,49512,14144,6752
,,,,,,,,5583,50020,14284,6820
,,,,,,,,5584,50180,14332,6844
,,,,,,,,5585,50188,14332,6844
,,,,,,,,5586,49368,14100,6732
,,,,,,,,5587,47716,13624,6504
,,,,,,,,5588,46780,13360,6380
,,,,,,,,5589,46996,13424,6408
,,,,,,,,5590,44088,12592,6012
,,,,,,,,5591,39748,11352,5420
,,,,,,,,5592,35636,10180,4860
,,,,,,,,5593,32692,9336,4456
,,,,,,,,5594,30880,8816,4208
,,,,,,,,5595,29724,8488,4052
,,,,,,,,5596,29120,8316,3972
,,,,,,,,5597,29460,8412,4016
,,,,,,,,5598,31388,8964,4280
,,,,,,,,5599,34392,9820,4688
,,,,,,,,5600,38364,10960,5232
,,,,,,,,5601,41396,11820,5644
,,,,,,,,5602,43992,12564,5996
,,,,,,,,5603,46264,13212,6308
,,,,,,,,5604,47888,13676,6528
,,,,,,,,5605,48872,13960,6664
,,,,,,,,5606,49932,14260,6804
,,,,,,,,5607,50576,14448,6896
,,,,,,,,5608,50752,14496,6920
,,,,,,,,5609,50864,14524,6936
,,,,,,,,5610,50244,14348,6848
,,,,,,,,5611,48692,13904,6640
,,,,,,,,5612,47600,13596,6488
,,,,,,,,5613,47852,13664,6524
,,,,,,,,5614,44996,12852,6136
,,,,,,,,5615,40616,11600,5536
,,,,,,,,5616,36496,10424,4976
,,,,,,,,5617,33488,9564,4564
,,,,,,,,5618,31612,9028,4308
,,,,,,,,5619,30356,8668,4140
,,,,,,,,5620,29868,8532,4072
,,,,,,,,5621,30192,8620,4116
,,,,,,,,5622,32264,9216,4400
,,,,,,,,5623,35412,10116,4824
,,,,,,,,5624,39544,11296,5392
,,,,,,,,5625,42952,12268,5856
,,,,,,,,5626,45700,13052,6232
,,,,,,,,5627,48052,13724,6552
,,,,,,,,5628,49940,14264,6808
,,,,,,,,5629,51408,14684,7008
,,,,,,,,5630,52876,15104,7212
,,,,,,,,5631,53572,15300,7304
,,,,,,,,5632,53904,15396,7348
,,,,,,,,5633,53996,15424,7364
,,,,,,,,5634,53376,15244,7276
,,,,,,,,5635,51752,14780,7056
,,,,,,,,5636,50580,14448,6896
,,,,,,,,5637,50668,14468,6908
,,,,,,,,5638,47692,13620,6500
,,,,,,,,5639,43180,12332,5888
,,,,,,,,5640,38828,11088,5292
,,,,,,,,5641,35696,10196,4864
,,,,,,,,5642,33564,9584,4576
,,,,,,,,5643,32188,9192,4388
,,,,,,,,5644,31452,8984,4288
,,,,,,,,5645,31704,9056,4320
,,,,,,,,5646,33556,9584,4576
,,,,,,,,5647,36524,10432,4980
,,,,,,,,5648,40420,11544,5512
,,,,,,,,5649,43776,12504,5968
,,,,,,,,5650,46628,13316,6360
,,,,,,,,5651,49200,14052,6708
,,,,,,,,5652,51100,14592,6964
,,,,,,,,5653,52340,14948,7136
,,,,,,,,5654,53548,15292,7300
,,,,,,,,5655,54056,15440,7372
,,,,,,,,5656,53924,15404,7352
,,,,,,,,5657,53684,15332,7320
,,,,,,,,5658,52612,15028,7172
,,,,,,,,5659,50628,14460,6904
,,,,,,,,5660,49572,14160,6760
,,,,,,,,5661,49304,14084,6724
,,,,,,,,5662,46548,13292,6344
,,,,,,,,5663,42644,12180,5816
,,,,,,,,5664,38596,11020,5260
,,,,,,,,5665,35324,10088,4816
,,,,,,,,5666,33276,9504,4536
,,,,,,,,5667,31884,9108,4344
,,,,,,,,5668,31084,8876,4240
,,,,,,,,5669,30960,8840,4220
,,,,,,,,5670,31612,9028,4308
,,,,,,,,5671,32780,9360,4468
,,,,,,,,5672,35404,10112,4824
,,,,,,,,5673,38844,11092,5296
,,,,,,,,5674,41904,11968,5712
,,,,,,,,5675,44160,12612,6020
,,,,,,,,5676,45608,13024,6220
,,,,,,,,5677,46512,13284,6340
,,,,,,,,5678,47068,13444,6416
,,,,,,,,5679,47344,13524,6456
,,,,,,,,5680,47248,13492,6444
,,,,,,,,5681,46988,13420,6404
,,,,,,,,5682,46312,13224,6316
,,,,,,,,5683,44944,12836,6128
,,,,,,,,5684,44328,12664,6044
,,,,,,,,5685,44212,12628,6028
,,,,,,,,5686,41992,11992,5724
,,,,,,,,5687,38812,11084,5288
,,,,,,,,5688,35412,10116,4824
,,,,,,,,5689,32716,9344,4460
,,,,,,,,5690,30800,8796,4200
,,,,,,,,5691,29592,8452,4036
,,,,,,,,5692,28812,8228,3928
,,,,,,,,5693,28568,8156,3896
,,,,,,,,5694,28856,8240,3936
,,,,,,,,5695,29204,8340,3980
,,,,,,,,5696,31372,8960,4280
,,,,,,,,5697,34692,9908,4728
,,,,,,,,5698,37788,10792,5152
,,,,,,,,5699,40164,11472,5476
,,,,,,,,5700,42008,12000,5728
,,,,,,,,5701,43460,12412,5924
,,,,,,,,5702,44256,12640,6036
,,,,,,,,5703,44980,12848,6132
,,,,,,,,5704,45712,13056,6232
,,,,,,,,5705,46444,13264,6332
,,,,,,,,5706,46816,13368,6380
,,,,,,,,5707,45964,13124,6264
,,,,,,,,5708,45428,12976,6196
,,,,,,,,5709,45556,13012,6212
,,,,,,,,5710,42740,12204,5828
,,,,,,,,5711,38812,11084,5288
,,,,,,,,5712,35280,10076,4808
,,,,,,,,5713,32480,9276,4428
,,,,,,,,5714,30788,8796,4200
,,,,,,,,5715,29784,8508,4060
,,,,,,,,5716,29336,8376,3996
,,,,,,,,5717,29844,8524,4068
,,,,,,,,5718,32028,9148,4364
,,,,,,,,5719,35384,10108,4824
,,,,,,,,5720,39376,11244,5368
,,,,,,,,5721,42712,12200,5824
,,,,,,,,5722,45468,12984,6200
,,,,,,,,5723,47864,13668,6524
,,,,,,,,5724,49860,14240,6800
,,,,,,,,5725,51360,14668,7004
,,,,,,,,5726,52928,15116,7216
,,,,,,,,5727,53696,15336,7320
,,,,,,,,5728,53800,15368,7336
,,,,,,,,5729,53664,15328,7316
,,,,,,,,5730,52968,15128,7224
,,,,,,,,5731,51644,14748,7040
,,,,,,,,5732,51688,14764,7048
,,,,,,,,5733,51624,14744,7040
,,,,,,,,5734,48692,13904,6640
,,,,,,,,5735,44416,12684,6056
,,,,,,,,5736,40432,11548,5512
,,,,,,,,5737,37632,10748,5128
,,,,,,,,5738,35852,10236,4888
,,,,,,,,5739,34788,9936,4744
,,,,,,,,5740,34380,9816,4684
,,,,,,,,5741,34992,9996,4768
,,,,,,,,5742,37596,10736,5128
,,,,,,,,5743,42060,12012,5736
,,,,,,,,5744,45828,13088,6248
,,,,,,,,5745,47996,13708,6544
,,,,,,,,5746,49368,14100,6728
,,,,,,,,5747,50720,14484,6916
,,,,,,,,5748,52280,14932,7128
,,,,,,,,5749,53616,15312,7308
,,,,,,,,5750,55132,15748,7516
,,,,,,,,5751,56096,16020,7648
,,,,,,,,5752,56424,16112,7692
,,,,,,,,5753,56528,16144,7708
,,,,,,,,5754,55736,15916,7600
,,,,,,,,5755,53556,15296,7304
,,,,,,,,5756,52620,15028,7172
,,,,,,,,5757,51940,14832,7084
,,,,,,,,5758,48120,13744,6564
,,,,,,,,5759,43032,12288,5868
,,,,,,,,5760,38376,10960,5232
,,,,,,,,5761,34756,9924,4740
,,,,,,,,5762,32540,9296,4436
,,,,,,,,5763,31004,8856,4224
,,,,,,,,5764,30192,8620,4116
,,,,,,,,5765,30276,8648,4128
,,,,,,,,5766,32308,9228,4404
,,,,,,,,5767,35712,10200,4868
,,,,,,,,5768,39056,11156,5324
,,,,,,,,5769,41136,11748,5608
,,,,,,,,5770,42636,12176,5812
,,,,,,,,5771,43884,12532,5984
,,,,,,,,5772,44652,12752,6088
,,,,,,,,5773,45172,12904,6160
,,,,,,,,5774,45844,13092,6252
,,,,,,,,5775,46252,13208,6304
,,,,,,,,5776,46512,13284,6340
,,,,,,,,5777,46816,13368,6380
,,,,,,,,5778,46584,13304,6352
,,,,,,,,5779,45276,12932,6172
,,,,,,,,5780,44836,12804,6112
,,,,,,,,5781,44568,12728,6076
,,,,,,,,5782,41372,11816,5640
,,,,,,,,5783,37048,10580,5048
,,,,,,,,5784,33044,9436,4504
,,,,,,,,5785,30356,8672,4140
,,,,,,,,5786,28708,8196,3916
,,,,,,,,5787,27724,7916,3776
,,,,,,,,5788,27336,7808,3728
,,,,,,,,5789,27796,7936,3788
,,,,,,,,5790,30028,8576,4092
,,,,,,,,5791,33748,9636,4604
,,,,,,,,5792,37232,10636,5076
,,,,,,,,5793,39732,11348,5416
,,,,,,,,5794,41772,11932,5696
,,,,,,,,5795,43576,12444,5940
,,,,,,,,5796,44724,12776,6100
,,,,,,,,5797,45484,12988,6200
,,,,,,,,5798,46476,13272,6336
,,,,,,,,5799,47032,13432,6412
,,,,,,,,5800,47404,13540,6460
,,,,,,,,5801,47680,13620,6500
,,,,,,,,5802,47176,13472,6432
,,,,,,,,5803,45788,13076,6240
,,,,,,,,5804,45852,13096,6252
,,,,,,,,5805,45780,13076,6240
,,,,,,,,5806,42788,12220,5836
,,,,,,,,5807,38624,11032,5268
,,,,,,,,5808,34876,9960,4752
,,,,,,,,5809,32080,9160,4372
,,,,,,,,5810,30232,8632,4120
,,,,,,,,5811,29184,8332,3976
,,,,,,,,5812,28724,8204,3916
,,,,,,,,5813,29140,8324,3972
,,,,,,,,5814,31320,8944,4268
,,,,,,,,5815,34752,9924,4736
,,,,,,,,5816,38356,10956,5232
,,,,,,,,5817,41392,11820,5644
,,,,,,,,5818,43944,12552,5992
,,,,,,,,5819,46220,13204,6300
,,,,,,,,5820,48116,13744,6560
,,,,,,,,5821,49460,14124,6744
,,,,,,,,5822,51052,14584,6960
,,,,,,,,5823,51952,14840,7084
,,,,,,,,5824,52436,14976,7148
,,,,,,,,5825,52536,15004,7164
,,,,,,,,5826,52068,14868,7100
,,,,,,,,5827,50436,14408,6876
,,,,,,,,5828,49812,14224,6792
,,,,,,,,5829,49412,14112,6736
,,,,,,,,5830,46752,13352,6376
,,,,,,,,5831,43148,12324,5880
,,,,,,,,5832,39200,11196,5344
,,,,,,,,5833,35600,10168,4852
,,,,,,,,5834,33880,9676,4620
,,,,,,,,5835,32692,9336,4456
,,,,,,,,5836,31868,9100,4344
,,,,,,,,5837,31480,8992,4292
,,,,,,,,5838,31960,9128,4356
,,,,,,,,5839,32792,9364,4468
,,,,,,,,5840,35308,10084,4812
,,,,,,,,5841,39040,11152,5324
,,,,,,,,5842,42240,12064,5756
,,,,,,,,5843,44420,12684,6056
,,,,,,,,5844,45896,13108,6260
,,,,,,,,5845,46644,13324,6360
,,,,,,,,5846,46736,13348,6372
,,,,,,,,5847,46584,13304,6352
,,,,,,,,5848,46192,13192,6300
,,,,,,,,5849,45904,13112,6260
,,,,,,,,5850,45136,12892,6156
,,,,,,,,5851,43636,12464,5952
,,,,,,,,5852,43320,12372,5904
,,,,,,,,5853,42904,12252,5848
,,,,,,,,5854,40676,11620,5548
,,,,,,,,5855,37624,10744,5128
,,,,,,,,5856,34376,9816,4684
,,,,,,,,5857,31736,9064,4324
,,,,,,,,5858,30008,8572,4092
,,,,,,,,5859,28864,8244,3936
,,,,,,,,5860,28252,8072,3852
,,,,,,,,5861,28000,7996,3816
,,,,,,,,5862,28284,8076,3856
,,,,,,,,5863,28672,8192,3908
,,,,,,,,5864,30536,8720,4160
,,,,,,,,5865,33540,9576,4572
,,,,,,,,5866,36108,10312,4924
,,,,,,,,5867,37864,10816,5164
,,,,,,,,5868,39076,11160,5328
,,,,,,,,5869,40060,11440,5460
,,,,,,,,5870,40464,11560,5516
,,,,,,,,5871,40688,11620,5548
,,,,,,,,5872,40764,11640,5556
,,,,,,,,5873,40840,11664,5568
,,,,,,,,5874,40900,11680,5576
,,,,,,,,5875,40312,11516,5496
,,,,,,,,5876,40508,11572,5524
,,,,,,,,5877,40288,11508,5492
,,,,,,,,5878,38328,10944,5228
,,,,,,,,5879,35552,10156,4848
,,,,,,,,5880,32568,9300,4440
,,,,,,,,5881,30188,8620,4116
,,,,,,,,5882,28600,8168,3896
,,,,,,,,5883,27620,7892,3764
,,,,,,,,5884,27136,7752,3696
,,,,,,,,5885,27176,7764,3704
,,,,,,,,5886,27952,7984,3812
,,,,,,,,5887,28836,8232,3932
,,,,,,,,5888,30632,8748,4176
,,,,,,,,5889,33532,9576,4572
,,,,,,,,5890,36364,10384,4956
,,,,,,,,5891,38368,10960,5232
,,,,,,,,5892,39668,11328,5408
,,,,,,,,5893,40376,11532,5504
,,,,,,,,5894,40816,11660,5564
,,,,,,,,5895,41108,11740,5604
,,,,,,,,5896,41384,11820,5640
,,,,,,,,5897,41900,11964,5712
,,,,,,,,5898,42264,12072,5760
,,,,,,,,5899,41904,11968,5712
,,,,,,,,5900,42780,12220,5832
,,,,,,,,5901,42600,12164,5808
,,,,,,,,5902,39576,11304,5396
,,,,,,,,5903,35676,10192,4864
,,,,,,,,5904,32268,9216,4400
,,,,,,,,5905,30048,8580,4096
,,,,,,,,5906,28748,8212,3916
,,,,,,,,5907,28144,8036,3836
,,,,,,,,5908,28036,8008,3820
,,,,,,,,5909,28748,8212,3916
,,,,,,,,5910,31532,9008,4300
,,,,,,,,5911,36580,10448,4988
,,,,,,,,5912,40244,11496,5488
,,,,,,,,5913,42248,12064,5760
,,,,,,,,5914,43864,12528,5980
,,,,,,,,5915,45180,12904,6160
,,,,,,,,5916,45848,13096,6252
,,,,,,,,5917,46124,13176,6288
,,,,,,,,5918,46440,13264,6332
,,,,,,,,5919,46364,13244,6320
,,,,,,,,5920,46548,13296,6344
,,,,,,,,5921,46964,13412,6400
,,,,,,,,5922,47488,13564,6476
,,,,,,,,5923,47640,13604,6496
,,,,,,,,5924,48492,13848,6612
,,,,,,,,5925,47800,13652,6516
,,,,,,,,5926,44936,12836,6124
,,,,,,,,5927,40904,11680,5576
,,,,,,,,5928,37264,10640,5080
,,,,,,,,5929,34792,9936,4744
,,,,,,,,5930,33392,9536,4552
,,,,,,,,5931,32716,9344,4460
,,,,,,,,5932,32568,9300,4440
,,,,,,,,5933,33396,9536,4552
,,,,,,,,5934,36340,10376,4952
,,,,,,,,5935,41772,11932,5696
,,,,,,,,5936,45684,13048,6228
,,,,,,,,5937,47832,13660,6524
,,,,,,,,5938,49524,14144,6752
,,,,,,,,5939,50376,14388,6868
,,,,,,,,5940,50612,14456,6900
,,,,,,,,5941,50560,14440,6892
,,,,,,,,5942,50932,14548,6944
,,,,,,,,5943,51316,14656,6996
,,,,,,,,5944,51496,14708,7020
,,,,,,,,5945,51948,14836,7084
,,,,,,,,5946,51884,14816,7072
,,,,,,,,5947,50952,14552,6948
,,,,,,,,5948,51168,14612,6976
,,,,,,,,5949,50164,14324,6840
,,,,,,,,5950,46556,13296,6348
,,,,,,,,5951,41740,11920,5692
,,,,,,,,5952,37412,10684,5100
,,,,,,,,5953,34208,9768,4664
,,,,,,,,5954,32228,9204,4392
,,,,,,,,5955,31092,8880,4240
,,,,,,,,5956,30608,8740,4172
,,,,,,,,5957,31072,8876,4236
,,,,,,,,5958,33556,9584,4576
,,,,,,,,5959,38068,10872,5192
,,,,,,,,5960,41436,11836,5648
,,,,,,,,5961,43404,12396,5916
,,,,,,,,5962,45048,12864,6140
,,,,,,,,5963,46584,13304,6352
,,,,,,,,5964,47500,13564,6476
,,,,,,,,5965,47932,13688,6536
,,,,,,,,5966,48964,13984,6676
,,,,,,,,5967,49764,14212,6784
,,,,,,,,5968,50156,14324,6840
,,,,,,,,5969,50188,14336,6844
,,,,,,,,5970,49544,14148,6756
,,,,,,,,5971,48596,13880,6624
,,,,,,,,5972,49516,14144,6752
,,,,,,,,5973,48840,13948,6660
,,,,,,,,5974,45556,13012,6212
,,,,,,,,5975,41068,11728,5600
,,,,,,,,5976,36964,10556,5040
,,,,,,,,5977,34120,9744,4652
,,,,,,,,5978,32364,9244,4412
,,,,,,,,5979,31304,8940,4268
,,,,,,,,5980,30784,8796,4200
,,,,,,,,5981,31328,8948,4272
,,,,,,,,5982,33888,9676,4620
,,,,,,,,5983,38472,10988,5244
,,,,,,,,5984,41996,11996,5724
,,,,,,,,5985,44456,12696,6060
,,,,,,,,5986,46780,13364,6380
,,,,,,,,5987,49056,14012,6688
,,,,,,,,5988,51188,14620,6980
,,,,,,,,5989,52680,15044,7184
,,,,,,,,5990,54012,15428,7364
,,,,,,,,5991,54968,15700,7492
,,,,,,,,5992,55392,15820,7552
,,,,,,,,5993,55376,15816,7552
,,,,,,,,5994,54180,15472,7388
,,,,,,,,5995,52360,14952,7140
,,,,,,,,5996,52380,14960,7144
,,,,,,,,5997,51272,14644,6988
,,,,,,,,5998,48176,13760,6568
,,,,,,,,5999,44080,12588,6012
,,,,,,,,6000,39924,11400,5444
,,,,,,,,6001,36780,10504,5012
,,,,,,,,6002,34680,9904,4728
,,,,,,,,6003,33420,9544,4556
,,,,,,,,6004,32720,9344,4464
,,,,,,,,6005,32604,9312,4444
,,,,,,,,6006,33556,9584,4576
,,,,,,,,6007,35016,10000,4772
,,,,,,,,6008,37484,10704,5108
,,,,,,,,6009,41112,11740,5604
,,,,,,,,6010,44144,12608,6016
,,,,,,,,6011,46368,13244,6320
,,,,,,,,6012,47588,13588,6488
,,,,,,,,6013,48208,13768,6572
,,,,,,,,6014,48324,13804,6588
,,,,,,,,6015,48228,13772,6576
,,,,,,,,6016,48092,13732,6556
,,,,,,,,6017,48060,13724,6552
,,,,,,,,6018,48028,13716,6548
,,,,,,,,6019,48096,13736,6560
,,,,,,,,6020,48372,13812,6596
,,,,,,,,6021,46920,13400,6400
,,,,,,,,6022,44120,12600,6016
,,,,,,,,6023,40148,11464,5472
,,,,,,,,6024,36044,10296,4912
,,,,,,,,6025,33016,9428,4504
,,,,,,,,6026,30984,8848,4224
,,,,,,,,6027,29532,8436,4024
,,,,,,,,6028,28684,8192,3912
,,,,,,,,6029,28312,8084,3856
,,,,,,,,6030,28584,8164,3896
,,,,,,,,6031,29272,8360,3992
,,,,,,,,6032,30692,8764,4184
,,,,,,,,6033,33188,9476,4524
,,,,,,,,6034,35372,10100,4824
,,,,,,,,6035,36720,10488,5008
,,,,,,,,6036,37608,10740,5128
,,,,,,,,6037,38288,10936,5220
,,,,,,,,6038,38332,10948,5228
,,,,,,,,6039,38552,11008,5256
,,,,,,,,6040,38916,11116,5308
,,,,,,,,6041,39632,11320,5404
,,,,,,,,6042,40216,11484,5484
,,,,,,,,6043,40068,11444,5464
,,,,,,,,6044,41100,11740,5604
,,,,,,,,6045,40360,11524,5504
,,,,,,,,6046,37456,10700,5108
,,,,,,,,6047,33892,9676,4620
,,,,,,,,6048,30648,8756,4180
,,,,,,,,6049,28420,8116,3876
,,,,,,,,6050,27092,7736,3692
,,,,,,,,6051,26364,7532,3596
,,,,,,,,6052,26176,7476,3568
,,,,,,,,6053,26848,7668,3660
,,,,,,,,6054,29404,8396,4008
,,,,,,,,6055,33712,9628,4596
,,,,,,,,6056,36708,10484,5004
,,,,,,,,6057,38444,10980,5240
,,,,,,,,6058,39796,11368,5428
,,,,,,,,6059,40924,11688,5580
,,,,,,,,6060,41452,11840,5652
,,,,,,,,6061,41416,11828,5648
,,,,,,,,6062,41408,11824,5644
,,,,,,,,6063,41024,11716,5592
,,,,,,,,6064,40612,11600,5536
,,,,,,,,6065,40548,11580,5528
,,,,,,,,6066,40484,11560,5520
,,,,,,,,6067,40132,11460,5472
,,,,,,,,6068,41172,11760,5612
,,,,,,,,6069,40108,11456,5468
,,,,,,,,6070,36980,10560,5044
,,,,,,,,6071,33036,9436,4504
,,,,,,,,6072,29540,8436,4028
,,,,,,,,6073,27332,7808,3724
,,,,,,,,6074,26020,7432,3548
,,,,,,,,6075,25304,7228,3452
,,,,,,,,6076,25140,7180,3428
,,,,,,,,6077,25788,7364,3512
,,,,,,,,6078,28348,8096,3864
,,,,,,,,6079,32636,9320,4448
,,,,,,,,6080,35544,10152,4848
,,,,,,,,6081,36972,10556,5040
,,,,,,,,6082,38148,10896,5200
,,,,,,,,6083,39152,11180,5336
,,,,,,,,6084,39804,11368,5428
,,,,,,,,6085,40112,11456,5468
,,,,,,,,6086,40608,11600,5536
,,,,,,,,6087,40672,11616,5544
,,,,,,,,6088,40696,11624,5548
,,,,,,,,6089,40864,11672,5572
,,,,,,,,6090,40864,11672,5572
,,,,,,,,6091,40448,11552,5512
,,,,,,,,6092,41628,11888,5672
,,,,,,,,6093,40624,11600,5536
,,,,,,,,6094,37432,10692,5104
,,,,,,,,6095,33412,9540,4556
,,,,,,,,6096,29896,8536,4076
,,,,,,,,6097,27536,7864,3756
,,,,,,,,6098,26216,7488,3572
,,,,,,,,6099,25544,7292,3480
,,,,,,,,6100,25352,7240,3456
,,,,,,,,6101,25952,7412,3536
,,,,,,,,6102,28464,8132,3880
,,,,,,,,6103,32944,9408,4492
,,,,,,,,6104,35916,10256,4896
,,,,,,,,6105,37344,10664,5088
,,,,,,,,6106,38704,11056,5276
,,,,,,,,6107,40144,11464,5472
,,,,,,,,6108,41160,11756,5612
,,,,,,,,6109,41700,11908,5684
,,,,,,,,6110,42420,12116,5784
,,,,,,,,6111,42624,12172,5812
,,,,,,,,6112,42768,12216,5832
,,,,,,,,6113,42940,12260,5856
,,,,,,,,6114,42776,12216,5832
,,,,,,,,6115,42136,12036,5744
,,,,,,,,6116,43352,12380,5912
,,,,,,,,6117,42248,12064,5760
,,,,,,,,6118,39052,11152,5324
,,,,,,,,6119,35016,10000,4772
,,,,,,,,6120,31304,8940,4268
,,,,,,,,6121,28860,8240,3936
,,,,,,,,6122,27444,7836,3740
,,,,,,,,6123,26708,7628,3640
,,,,,,,,6124,26428,7548,3604
,,,,,,,,6125,27004,7712,3680
,,,,,,,,6126,29476,8416,4016
,,,,,,,,6127,33968,9700,4628
,,,,,,,,6128,37028,10576,5048
,,,,,,,,6129,39028,11144,5320
,,,,,,,,6130,40736,11636,5552
,,,,,,,,6131,42400,12108,5780
,,,,,,,,6132,43668,12472,5956
,,,,,,,,6133,44464,12700,6060
,,,,,,,,6134,45420,12972,6192
,,,,,,,,6135,45840,13092,6248
,,,,,,,,6136,46144,13180,6292
,,,,,,,,6137,46328,13232,6316
,,,,,,,,6138,45832,13088,6248
,,,,,,,,6139,44864,12812,6120
,,,,,,,,6140,45864,13100,6252
,,,,,,,,6141,44668,12760,6092
,,,,,,,,6142,41316,11800,5632
,,,,,,,,6143,37036,10580,5048
,,,,,,,,6144,33144,9464,4520
,,,,,,,,6145,30424,8688,4148
,,,,,,,,6146,28820,8232,3928
,,,,,,,,6147,27876,7960,3800
,,,,,,,,6148,27528,7860,3752
,,,,,,,,6149,28008,8000,3816
,,,,,,,,6150,30420,8688,4144
,,,,,,,,6151,34816,9944,4744
,,,,,,,,6152,37908,10828,5168
,,,,,,,,6153,40032,11436,5456
,,,,,,,,6154,41940,11980,5716
,,,,,,,,6155,43708,12480,5956
,,,,,,,,6156,45040,12864,6140
,,,,,,,,6157,45904,13108,6260
,,,,,,,,6158,46860,13384,6388
,,,,,,,,6159,47212,13484,6436
,,,,,,,,6160,47156,13464,6428
,,,,,,,,6161,46788,13364,6380
,,,,,,,,6162,45496,12992,6200
,,,,,,,,6163,44100,12596,6012
,,,,,,,,6164,44668,12760,6092
,,,,,,,,6165,43356,12380,5912
,,,,,,,,6166,40732,11632,5552
,,,,,,,,6167,37216,10628,5072
,,,,,,,,6168,33672,9616,4588
,,,,,,,,6169,30968,8844,4220
,,,,,,,,6170,29308,8372,3996
,,,,,,,,6171,28344,8092,3864
,,,,,,,,6172,27816,7944,3792
,,,,,,,,6173,27824,7948,3796
,,,,,,,,6174,28696,8192,3912
,,,,,,,,6175,30072,8588,4100
,,,,,,,,6176,32172,9188,4384
,,,,,,,,6177,34884,9960,4756
,,,,,,,,6178,36716,10484,5008
,,,,,,,,6179,37584,10736,5124
,,,,,,,,6180,37848,10808,5160
,,,,,,,,6181,37824,10800,5156
,,,,,,,,6182,37556,10724,5120
,,,,,,,,6183,37240,10636,5076
,,,,,,,,6184,37084,10592,5056
,,,,,,,,6185,37168,10616,5068
,,,,,,,,6186,37176,10620,5068
,,,,,,,,6187,36976,10560,5040
,,,,,,,,6188,38008,10856,5180
,,,,,,,,6189,37080,10592,5056
,,,,,,,,6190,34944,9976,4764
,,,,,,,,6191,32232,9204,4396
,,,,,,,,6192,29384,8392,4004
,,,,,,,,6193,27212,7772,3712
,,,,,,,,6194,25824,7372,3520
,,,,,,,,6195,24952,7128,3400
,,,,,,,,6196,24464,6988,3332
,,,,,,,,6197,24428,6976,3332
,,,,,,,,6198,24944,7124,3400
,,,,,,,,6199,25736,7352,3508
,,,,,,,,6200,27532,7864,3756
,,,,,,,,6201,30324,8660,4136
,,,,,,,,6202,32444,9268,4424
,,,,,,,,6203,33708,9628,4596
,,,,,,,,6204,34420,9828,4692
,,,,,,,,6205,34912,9968,4760
,,,,,,,,6206,34892,9964,4756
,,,,,,,,6207,34884,9964,4756
,,,,,,,,6208,35084,10016,4784
,,,,,,,,6209,35672,10188,4864
,,,,,,,,6210,36568,10444,4988
,,,,,,,,6211,36940,10548,5036
,,,,,,,,6212,38480,10988,5248
,,,,,,,,6213,37288,10648,5084
,,,,,,,,6214,34468,9844,4700
,,,,,,,,6215,31172,8900,4248
,,,,,,,,6216,28240,8064,3852
,,,,,,,,6217,26324,7516,3588
,,,,,,,,6218,25244,7212,3440
,,,,,,,,6219,24668,7044,3364
,,,,,,,,6220,24624,7032,3356
,,,,,,,,6221,25348,7240,3452
,,,,,,,,6222,27960,7988,3812
,,,,,,,,6223,32336,9236,4408
,,,,,,,,6224,35292,10080,4812
,,,,,,,,6225,36972,10556,5040
,,,,,,,,6226,38312,10940,5224
,,,,,,,,6227,39584,11304,5396
,,,,,,,,6228,40352,11524,5500
,,,,,,,,6229,40744,11640,5552
,,,,,,,,6230,41296,11796,5632
,,,,,,,,6231,41452,11840,5652
,,,,,,,,6232,41496,11852,5656
,,,,,,,,6233,41604,11880,5672
,,,,,,,,6234,41676,11900,5680
,,,,,,,,6235,41588,11880,5672
,,,,,,,,6236,42952,12264,5856
,,,,,,,,6237,41340,11804,5636
,,,,,,,,6238,38068,10872,5192
,,,,,,,,6239,34040,9720,4640
,,,,,,,,6240,30512,8716,4160
,,,,,,,,6241,28240,8068,3852
,,,,,,,,6242,26860,7672,3660
,,,,,,,,6243,26124,7460,3560
,,,,,,,,6244,25984,7420,3540
,,,,,,,,6245,26700,7628,3640
,,,,,,,,6246,29412,8400,4008
,,,,,,,,6247,34236,9776,4664
,,,,,,,,6248,37508,10712,5112
,,,,,,,,6249,39336,11236,5364
,,,,,,,,6250,40712,11628,5552
,,,,,,,,6251,41968,11984,5720
,,,,,,,,6252,42640,12180,5816
,,,,,,,,6253,42884,12248,5848
,,,,,,,,6254,43288,12364,5900
,,,,,,,,6255,43156,12324,5884
,,,,,,,,6256,43084,12304,5876
,,,,,,,,6257,43588,12448,5940
,,,,,,,,6258,44308,12656,6040
,,,,,,,,6259,44844,12808,6116
,,,,,,,,6260,45288,12936,6176
,,,,,,,,6261,43628,12460,5948
,,,,,,,,6262,40484,11560,5520
,,,,,,,,6263,36544,10436,4984
,,,,,,,,6264,33160,9472,4520
,,,,,,,,6265,30804,8796,4200
,,,,,,,,6266,29396,8396,4008
,,,,,,,,6267,28544,8152,3892
,,,,,,,,6268,28192,8052,3844
,,,,,,,,6269,28584,8164,3896
,,,,,,,,6270,30900,8828,4212
,,,,,,,,6271,35432,10120,4828
,,,,,,,,6272,38256,10924,5216
,,,,,,,,6273,39268,11216,5352
,,,,,,,,6274,39964,11416,5452
,,,,,,,,6275,40688,11620,5548
,,,,,,,,6276,41160,11756,5612
,,,,,,,,6277,41276,11788,5628
,,,,,,,,6278,41560,11868,5668
,,,,,,,,6279,41380,11820,5640
,,,,,,,,6280,41152,11752,5612
,,,,,,,,6281,41092,11736,5604
,,,,,,,,6282,40760,11640,5556
,,,,,,,,6283,40456,11556,5516
,,,,,,,,6284,41840,11948,5704
,,,,,,,,6285,40392,11536,5508
,,,,,,,,6286,37296,10652,5084
,,,,,,,,6287,33244,9496,4532
,,,,,,,,6288,29784,8508,4060
,,,,,,,,6289,27408,7828,3736
,,,,,,,,6290,26112,7456,3560
,,,,,,,,6291,25408,7252,3464
,,,,,,,,6292,25200,7196,3432
,,,,,,,,6293,25856,7384,3524
,,,,,,,,6294,28412,8112,3876
,,,,,,,,6295,33088,9452,4512
,,,,,,,,6296,35844,10236,4888
,,,,,,,,6297,37080,10588,5056
,,,,,,,,6298,37988,10848,5180
,,,,,,,,6299,38900,11108,5304
,,,,,,,,6300,39312,11228,5360
,,,,,,,,6301,39312,11228,5360
,,,,,,,,6302,39588,11308,5396
,,,,,,,,6303,39400,11252,5372
,,,,,,,,6304,39100,11164,5328
,,,,,,,,6305,39036,11148,5320
,,,,,,,,6306,39020,11140,5320
,,,,,,,,6307,39284,11220,5352
,,,,,,,,6308,40864,11672,5572
,,,,,,,,6309,39596,11308,5396
,,,,,,,,6310,36704,10480,5004
,,,,,,,,6311,32876,9388,4480
,,,,,,,,6312,29412,8400,4008
,,,,,,,,6313,27136,7752,3696
,,,,,,,,6314,25888,7392,3528
,,,,,,,,6315,25224,7204,3436
,,,,,,,,6316,25052,7152,3412
,,,,,,,,6317,25684,7332,3500
,,,,,,,,6318,28172,8048,3840
,,,,,,,,6319,32960,9416,4492
,,,,,,,,6320,35848,10236,4888
,,,,,,,,6321,37164,10616,5068
,,,,,,,,6322,38076,10876,5192
,,,,,,,,6323,38820,11088,5292
,,,,,,,,6324,39056,11156,5324
,,,,,,,,6325,39120,11172,5332
,,,,,,,,6326,39188,11192,5344
,,,,,,,,6327,39012,11140,5316
,,,,,,,,6328,38772,11072,5288
,,,,,,,,6329,38656,11040,5272
,,,,,,,,6330,38376,10960,5232
,,,,,,,,6331,38456,10980,5244
,,,,,,,,6332,39600,11312,5400
,,,,,,,,6333,38336,10948,5228
,,,,,,,,6334,35900,10252,4892
,,,,,,,,6335,32772,9356,4468
,,,,,,,,6336,29580,8448,4032
,,,,,,,,6337,27268,7788,3716
,,,,,,,,6338,25888,7392,3528
,,,,,,,,6339,25100,7168,3420
,,,,,,,,6340,24820,7088,3384
,,,,,,,,6341,24896,7112,3392
,,,,,,,,6342,25784,7364,3512
,,,,,,,,6343,27476,7848,3744
,,,,,,,,6344,29676,8476,4044
,,,,,,,,6345,32476,9276,4428
,,,,,,,,6346,34420,9832,4692
,,,,,,,,6347,35424,10116,4828
,,,,,,,,6348,35712,10200,4868
,,,,,,,,6349,35704,10196,4868
,,,,,,,,6350,35444,10124,4832
,,,,,,,,6351,35332,10092,4816
,,,,,,,,6352,35324,10088,4816
,,,,,,,,6353,35668,10188,4864
,,,,,,,,6354,36184,10336,4932
,,,,,,,,6355,37044,10580,5048
,,,,,,,,6356,38220,10916,5208
,,,,,,,,6357,37120,10600,5060
,,,,,,,,6358,35264,10072,4808
,,,,,,,,6359,32680,9332,4456
,,,,,,,,6360,29892,8536,4076
,,,,,,,,6361,27940,7980,3808
,,,,,,,,6362,26464,7556,3608
,,,,,,,,6363,25612,7312,3492
,,,,,,,,6364,25180,7192,3432
,,,,,,,,6365,25060,7156,3416
,,,,,,,,6366,25560,7300,3484
,,,,,,,,6367,26456,7556,3608
,,,,,,,,6368,28004,7996,3816
,,,,,,,,6369,30624,8748,4176
,,,,,,,,6370,32672,9332,4456
,,,,,,,,6371,33864,9672,4616
,,,,,,,,6372,34484,9848,4700
,,,,,,,,6373,34720,9916,4732
,,,,,,,,6374,34580,9876,4716
,,,,,,,,6375,34492,9852,4704
,,,,,,,,6376,34616,9884,4720
,,,,,,,,6377,35128,10032,4788
,,,,,,,,6378,36024,10288,4908
,,,,,,,,6379,36860,10528,5028
,,,,,,,,6380,38396,10964,5232
,,,,,,,,6381,36932,10548,5036
,,,,,,,,6382,34104,9740,4648
,,,,,,,,6383,31020,8860,4228
,,,,,,,,6384,28072,8016,3828
,,,,,,,,6385,25928,7404,3532
,,,,,,,,6386,24692,7052,3368
,,,,,,,,6387,24108,6884,3288
,,,,,,,,6388,24040,6864,3276
,,,,,,,,6389,24776,7076,3376
,,,,,,,,6390,27480,7848,3744
,,,,,,,,6391,32380,9248,4416
,,,,,,,,6392,35388,10108,4824
,,,,,,,,6393,36744,10496,5008
,,,,,,,,6394,37724,10776,5144
,,,,,,,,6395,38552,11012,5256
,,,,,,,,6396,39020,11144,5320
,,,,,,,,6397,39092,11164,5328
,,,,,,,,6398,39236,11204,5352
,,,,,,,,6399,38932,11120,5308
,,,,,,,,6400,38632,11032,5268
,,,,,,,,6401,38660,11040,5272
,,,,,,,,6402,39048,11152,5324
,,,,,,,,6403,39792,11364,5424
,,,,,,,,6404,41160,11756,5612
,,,,,,,,6405,39360,11240,5368
,,,,,,,,6406,36200,10336,4936
,,,,,,,,6407,32316,9228,4404
,,,,,,,,6408,28940,8264,3944
,,,,,,,,6409,26748,7640,3648
,,,,,,,,6410,25588,7308,3488
,,,,,,,,6411,24952,7128,3400
,,,,,,,,6412,24852,7096,3388
,,,,,,,,6413,25536,7292,3480
,,,,,,,,6414,28216,8056,3848
,,,,,,,,6415,33224,9488,4528
,,,,,,,,6416,36092,10308,4920
,,,,,,,,6417,37136,10604,5064
,,,,,,,,6418,37892,10820,5168
,,,,,,,,6419,38740,11064,5280
,,,,,,,,6420,39092,11164,5328
,,,,,,,,6421,39164,11184,5340
,,,,,,,,6422,39400,11252,5372
,,,,,,,,6423,39292,11220,5356
,,,,,,,,6424,39144,11180,5336
,,,,,,,,6425,39336,11236,5364
,,,,,,,,6426,39508,11284,5388
,,,,,,,,6427,40244,11496,5488
,,,,,,,,6428,41532,11860,5664
,,,,,,,,6429,39756,11356,5420
,,,,,,,,6430,36788,10504,5016
,,,,,,,,6431,32908,9396,4484
,,,,,,,,6432,29596,8452,4036
,,,,,,,,6433,27364,7812,3732
,,,,,,,,6434,26160,7472,3568
,,,,,,,,6435,25560,7300,3484
,,,,,,,,6436,25420,7260,3464
,,,,,,,,6437,26200,7484,3572
,,,,,,,,6438,28832,8232,3932
,,,,,,,,6439,33716,9628,4596
,,,,,,,,6440,36804,10512,5016
,,,,,,,,6441,38448,10980,5240
,,,,,,,,6442,39708,11340,5412
,,,,,,,,6443,40824,11660,5564
,,,,,,,,6444,41300,11796,5632
,,,,,,,,6445,41388,11820,5644
,,,,,,,,6446,41520,11860,5660
,,,,,,,,6447,41264,11784,5628
,,,,,,,,6448,40872,11676,5572
,,,,,,,,6449,41120,11744,5608
,,,,,,,,6450,41784,11932,5696
,,,,,,,,6451,42680,12188,5816
,,,,,,,,6452,43096,12308,5876
,,,,,,,,6453,41312,11800,5632
,,,,,,,,6454,38320,10944,5224
,,,,,,,,6455,34444,9836,4696
,,,,,,,,6456,30980,8848,4220
,,,,,,,,6457,28628,8176,3900
,,,,,,,,6458,27312,7800,3724
,,,,,,,,6459,26492,7568,3612
,,,,,,,,6460,26260,7500,3580
,,,,,,,,6461,26864,7672,3660
,,,,,,,,6462,29616,8456,4040
,,,,,,,,6463,34620,9888,4720
,,,,,,,,6464,37452,10700,5108
,,,,,,,,6465,38704,11052,5276
,,,,,,,,6466,39540,11296,5392
,,,,,,,,6467,40268,11500,5492
,,,,,,,,6468,40648,11608,5540
,,,,,,,,6469,40676,11620,5548
,,,,,,,,6470,40772,11644,5556
,,,,,,,,6471,40520,11572,5524
,,,,,,,,6472,40224,11488,5484
,,,,,,,,6473,40108,11456,5468
,,,,,,,,6474,39916,11400,5444
,,,,,,,,6475,40572,11588,5532
,,,,,,,,6476,41700,11908,5684
,,,,,,,,6477,40032,11432,5456
,,,,,,,,6478,37076,10588,5052
,,,,,,,,6479,33292,9508,4540
,,,,,,,,6480,29828,8516,4064
,,,,,,,,6481,27480,7848,3748
,,,,,,,,6482,26124,7460,3560
,,,,,,,,6483,25392,7252,3460
,,,,,,,,6484,25216,7200,3436
,,,,,,,,6485,25840,7380,3520
,,,,,,,,6486,28288,8080,3856
,,,,,,,,6487,33268,9500,4536
,,,,,,,,6488,36444,10408,4968
,,,,,,,,6489,37932,10836,5168
,,,,,,,,6490,38808,11080,5288
,,,,,,,,6491,39472,11276,5380
,,,,,,,,6492,39772,11360,5424
,,,,,,,,6493,39696,11340,5412
,,,,,,,,6494,39700,11340,5412
,,,,,,,,6495,39300,11224,5356
,,,,,,,,6496,39088,11160,5328
,,,,,,,,6497,39244,11208,5352
,,,,,,,,6498,39624,11320,5404
,,,,,,,,6499,40236,11492,5488
,,,,,,,,6500,40056,11440,5460
,,,,,,,,6501,38320,10944,5224
,,,,,,,,6502,35996,10280,4904
,,,,,,,,6503,32996,9424,4500
,,,,,,,,6504,29888,8536,4076
,,,,,,,,6505,27496,7852,3748
,,,,,,,,6506,26088,7452,3556
,,,,,,,,6507,25276,7216,3444
,,,,,,,,6508,24884,7108,3392
,,,,,,,,6509,24960,7128,3404
,,,,,,,,6510,25940,7408,3532
,,,,,,,,6511,27780,7932,3788
,,,,,,,,6512,30112,8600,4104
,,,,,,,,6513,32884,9392,4480
,,,,,,,,6514,34836,9948,4748
,,,,,,,,6515,35824,10232,4884
,,,,,,,,6516,36012,10284,4908
,,,,,,,,6517,35776,10220,4876
,,,,,,,,6518,35200,10056,4800
,,,,,,,,6519,34744,9920,4736
,,,,,,,,6520,34476,9844,4700
,,,,,,,,6521,34800,9936,4744
,,,,,,,,6522,35588,10164,4852
,,,,,,,,6523,36764,10500,5012
,,,,,,,,6524,37080,10592,5056
,,,,,,,,6525,35840,10236,4888
,,,,,,,,6526,33972,9700,4632
,,,,,,,,6527,31476,8988,4292
,,,,,,,,6528,28736,8208,3916
,,,,,,,,6529,26600,7596,3628
,,,,,,,,6530,25240,7208,3440
,,,,,,,,6531,24464,6988,3332
,,,,,,,,6532,24060,6872,3280
,,,,,,,,6533,24068,6872,3280
,,,,,,,,6534,24656,7040,3360
,,,,,,,,6535,25936,7408,3532
,,,,,,,,6536,27676,7904,3776
,,,,,,,,6537,30444,8696,4152
,,,,,,,,6538,32868,9388,4480
,,,,,,,,6539,34392,9820,4688
,,,,,,,,6540,35228,10060,4804
,,,,,,,,6541,35604,10168,4852
,,,,,,,,6542,35240,10064,4808
,,,,,,,,6543,34992,9992,4768
,,,,,,,,6544,34772,9932,4740
,,,,,,,,6545,35264,10072,4808
,,,,,,,,6546,36020,10288,4908
,,,,,,,,6547,37480,10704,5108
,,,,,,,,6548,38352,10952,5232
,,,,,,,,6549,36824,10516,5020
,,,,,,,,6550,34056,9724,4644
,,,,,,,,6551,30928,8836,4216
,,,,,,,,6552,28016,8000,3816
,,,,,,,,6553,25932,7408,3532
,,,,,,,,6554,24800,7084,3380
,,,,,,,,6555,24324,6948,3316
,,,,,,,,6556,24236,6920,3304
,,,,,,,,6557,25048,7152,3412
,,,,,,,,6558,27860,7956,3796
,,,,,,,,6559,32956,9412,4492
,,,,,,,,6560,35868,10244,4888
,,,,,,,,6561,37052,10580,5048
,,,,,,,,6562,37932,10832,5168
,,,,,,,,6563,38728,11060,5280
,,,,,,,,6564,39084,11160,5328
,,,,,,,,6565,39116,11172,5332
,,,,,,,,6566,39136,11180,5336
,,,,,,,,6567,38888,11104,5300
,,,,,,,,6568,38644,11036,5268
,,,,,,,,6569,38764,11068,5284
,,,,,,,,6570,39408,11256,5372
,,,,,,,,6571,40884,11676,5572
,,,,,,,,6572,41676,11900,5680
,,,,,,,,6573,39868,11384,5436
,,,,,,,,6574,36736,10492,5008
,,,,,,,,6575,32848,9380,4480
,,,,,,,,6576,29352,8384,4000
,,,,,,,,6577,27028,7716,3684
,,,,,,,,6578,25788,7364,3512
,,,,,,,,6579,25168,7188,3432
,,,,,,,,6580,25048,7152,3412
,,,,,,,,6581,25768,7360,3512
,,,,,,,,6582,28344,8092,3864
,,,,,,,,6583,33492,9564,4564
,,,,,,,,6584,36348,10380,4956
,,,,,,,,6585,37564,10728,5120
,,,,,,,,6586,38464,10984,5244
,,,,,,,,6587,39376,11244,5368
,,,,,,,,6588,39924,11400,5444
,,,,,,,,6589,39992,11420,5452
,,,,,,,,6590,40116,11460,5472
,,,,,,,,6591,39820,11372,5432
,,,,,,,,6592,39608,11312,5400
,,,,,,,,6593,39860,11384,5432
,,,,,,,,6594,40720,11628,5552
,,,,,,,,6595,42052,12008,5736
,,,,,,,,6596,42096,12020,5740
,,,,,,,,6597,40220,11484,5484
,,,,,,,,6598,37256,10640,5080
,,,,,,,,6599,33404,9540,4552
,,,,,,,,6600,29988,8564,4088
,,,,,,,,6601,27656,7896,3772
,,,,,,,,6602,26420,7548,3600
,,,,,,,,6603,25852,7384,3524
,,,,,,,,6604,25748,7352,3512
,,,,,,,,6605,26440,7552,3604
,,,,,,,,6606,29088,8308,3964
,,,,,,,,6607,34320,9800,4680
,,,,,,,,6608,37652,10752,5132
,,,,,,,,6609,38836,11092,5292
,,,,,,,,6610,39776,11360,5424
,,,,,,,,6611,40608,11600,5536
,,,,,,,,6612,40992,11708,5588
,,,,,,,,6613,40904,11680,5576
,,,,,,,,6614,40976,11700,5588
,,,,,,,,6615,40712,11628,5552
,,,,,,,,6616,40544,11580,5528
,,,,,,,,6617,40808,11656,5564
,,,,,,,,6618,41636,11892,5676
,,,,,,,,6619,42956,12268,5856
,,,,,,,,6620,42896,12252,5848
,,,,,,,,6621,41284,11792,5628
,,,,,,,,6622,38156,10900,5204
,,,,,,,,6623,34532,9860,4704
,,,,,,,,6624,31048,8868,4232
,,,,,,,,6625,28476,8132,3880
,,,,,,,,6626,27080,7732,3692
,,,,,,,,6627,26384,7536,3596
,,,,,,,,6628,26200,7484,3572
,,,,,,,,6629,26828,7664,3656
,,,,,,,,6630,29460,8412,4016
,,,,,,,,6631,34760,9928,4740
,,,,,,,,6632,38136,10892,5200
,,,,,,,,6633,39432,11260,5376
,,,,,,,,6634,40360,11528,5504
,,,,,,,,6635,41136,11748,5608
,,,,,,,,6636,41488,11848,5656
,,,,,,,,6637,41384,11820,5640
,,,,,,,,6638,41308,11800,5632
,,,,,,,,6639,40880,11676,5572
,,,,,,,,6640,40572,11588,5532
,,,,,,,,6641,40804,11656,5564
,,,,,,,,6642,41584,11876,5672
,,,,,,,,6643,42836,12232,5840
,,,,,,,,6644,42680,12188,5816
,,,,,,,,6645,40980,11704,5588
,,,,,,,,6646,38152,10896,5200
,,,,,,,,6647,34456,9836,4696
,,,,,,,,6648,30872,8816,4208
,,,,,,,,6649,28448,8124,3876
,,,,,,,,6650,27052,7728,3688
,,,,,,,,6651,26260,7500,3580
,,,,,,,,6652,26052,7440,3552
,,,,,,,,6653,26660,7612,3636
,,,,,,,,6654,29032,8292,3956
,,,,,,,,6655,33900,9680,4624
,,,,,,,,6656,36896,10540,5028
,,,,,,,,6657,38304,10940,5224
,,,,,,,,6658,39568,11300,5392
,,,,,,,,6659,40720,11632,5552
,,,,,,,,6660,41336,11804,5632
,,,,,,,,6661,41444,11836,5652
,,,,,,,,6662,41620,11884,5672
,,,,,,,,6663,41444,11836,5652
,,,,,,,,6664,41176,11760,5612
,,,,,,,,6665,40856,11668,5572
,,,,,,,,6666,40340,11520,5500
,,,,,,,,6667,41208,11768,5616
,,,,,,,,6668,41548,11864,5664
,,,,,,,,6669,39880,11388,5436
,,,,,,,,6670,37504,10712,5112
,,,,,,,,6671,34404,9824,4688
,,,,,,,,6672,31172,8900,4248
,,,,,,,,6673,28660,8184,3908
,,,,,,,,6674,27040,7724,3688
,,,,,,,,6675,26120,7460,3560
,,,,,,,,6676,25708,7340,3504
,,,,,,,,6677,25720,7348,3508
,,,,,,,,6678,26532,7576,3616
,,,,,,,,6679,28316,8088,3860
,,,,,,,,6680,30364,8672,4140
,,,,,,,,6681,33236,9492,4532
,,,,,,,,6682,35336,10092,4816
,,,,,,,,6683,36500,10424,4976
,,,,,,,,6684,37080,10592,5056
,,,,,,,,6685,37128,10604,5064
,,,,,,,,6686,36848,10524,5024
,,,,,,,,6687,36596,10452,4988
,,,,,,,,6688,36456,10412,4968
,,,,,,,,6689,36772,10500,5012
,,,,,,,,6690,37476,10700,5108
,,,,,,,,6691,38216,10916,5208
,,,,,,,,6692,37828,10800,5156
,,,,,,,,6693,36252,10352,4944
,,,,,,,,6694,34296,9796,4676
,,,,,,,,6695,31600,9024,4308
,,,,,,,,6696,28836,8232,3932
,,,,,,,,6697,26624,7604,3632
,,,,,,,,6698,25244,7212,3440
,,,,,,,,6699,24460,6984,3332
,,,,,,,,6700,24108,6884,3288
,,,,,,,,6701,24112,6888,3288
,,,,,,,,6702,24632,7032,3356
,,,,,,,,6703,25800,7368,3516
,,,,,,,,6704,27424,7832,3736
,,,,,,,,6705,30048,8580,4096
,,,,,,,,6706,31920,9116,4352
,,,,,,,,6707,32940,9408,4488
,,,,,,,,6708,33452,9556,4560
,,,,,,,,6709,33812,9656,4608
,,,,,,,,6710,33792,9652,4604
,,,,,,,,6711,33800,9652,4608
,,,,,,,,6712,33952,9696,4628
,,,,,,,,6713,34576,9876,4712
,,,,,,,,6714,35452,10124,4832
,,,,,,,,6715,37284,10648,5084
,,,,,,,,6716,37184,10620,5068
,,,,,,,,6717,35768,10216,4876
,,,,,,,,6718,33508,9568,4568
,,,,,,,,6719,30804,8796,4200
,,,,,,,,6720,28132,8032,3836
,,,,,,,,6721,26112,7456,3560
,,,,,,,,6722,24920,7116,3396
,,,,,,,,6723,24360,6956,3320
,,,,,,,,6724,24288,6936,3308
,,,,,,,,6725,24900,7112,3392
,,,,,,,,6726,26756,7640,3648
,,,,,,,,6727,29980,8560,4088
,,,,,,,,6728,32768,9356,4468
,,,,,,,,6729,35024,10004,4776
,,,,,,,,6730,36548,10440,4984
,,,,,,,,6731,37432,10692,5104
,,,,,,,,6732,37716,10772,5144
,,,,,,,,6733,37480,10704,5108
,,,,,,,,6734,37296,10652,5084
,,,,,,,,6735,37044,10580,5048
,,,,,,,,6736,36808,10512,5016
,,,,,,,,6737,37292,10652,5084
,,,,,,,,6738,38644,11040,5272
,,,,,,,,6739,40872,11672,5572
,,,,,,,,6740,41024,11716,5592
,,,,,,,,6741,39208,11196,5344
,,,,,,,,6742,36192,10336,4932
,,,,,,,,6743,32472,9276,4424
,,,,,,,,6744,29156,8328,3976
,,,,,,,,6745,26872,7672,3664
,,,,,,,,6746,25648,7324,3496
,,,,,,,,6747,25084,7164,3420
,,,,,,,,6748,25004,7140,3408
,,,,,,,,6749,25764,7356,3512
,,,,,,,,6750,28516,8144,3888
,,,,,,,,6751,33900,9680,4624
,,,,,,,,6752,37084,10592,5056
,,,,,,,,6753,38056,10868,5188
,,,,,,,,6754,38656,11040,5272
,,,,,,,,6755,39128,11176,5332
,,,,,,,,6756,39328,11232,5360
,,,,,,,,6757,39180,11188,5340
,,,,,,,,6758,39136,11180,5336
,,,,,,,,6759,38780,11076,5288
,,,,,,,,6760,38540,11004,5252
,,,,,,,,6761,38884,11104,5300
,,,,,,,,6762,40024,11432,5456
,,,,,,,,6763,42004,11996,5728
,,,,,,,,6764,41928,11976,5716
,,,,,,,,6765,40048,11440,5460
,,,,,,,,6766,36928,10544,5032
,,,,,,,,6767,33004,9424,4500
,,,,,,,,6768,29524,8432,4024
,,,,,,,,6769,27292,7792,3720
,,,,,,,,6770,26068,7444,3552
,,,,,,,,6771,25468,7272,3472
,,,,,,,,6772,25324,7232,3452
,,,,,,,,6773,26024,7432,3548
,,,,,,,,6774,28672,8192,3908
,,,,,,,,6775,34004,9712,4636
,,,,,,,,6776,37344,10664,5088
,,,,,,,,6777,38292,10936,5220
,,,,,,,,6778,38904,11112,5304
,,,,,,,,6779,39476,11276,5380
,,,,,,,,6780,39740,11352,5416
,,,,,,,,6781,39680,11332,5412
,,,,,,,,6782,39684,11336,5412
,,,,,,,,6783,39456,11268,5380
,,,,,,,,6784,39320,11228,5360
,,,,,,,,6785,39748,11352,5420
,,,,,,,,6786,40652,11608,5544
,,,,,,,,6787,42176,12044,5752
,,,,,,,,6788,42052,12008,5736
,,,,,,,,6789,40176,11476,5476
,,,,,,,,6790,37132,10604,5064
,,,,,,,,6791,33244,9496,4532
,,,,,,,,6792,29720,8488,4052
,,,,,,,,6793,27392,7824,3736
,,,,,,,,6794,26152,7468,3564
,,,,,,,,6795,25472,7272,3472
,,,,,,,,6796,25408,7256,3464
,,,,,,,,6797,26160,7472,3568
,,,,,,,,6798,28856,8240,3936
,,,,,,,,6799,34172,9760,4660
,,,,,,,,6800,36988,10564,5044
,,,,,,,,6801,37760,10784,5148
,,,,,,,,6802,38120,10888,5196
,,,,,,,,6803,38316,10940,5224
,,,,,,,,6804,38280,10932,5220
,,,,,,,,6805,38036,10860,5188
,,,,,,,,6806,37944,10840,5172
,,,,,,,,6807,37476,10700,5108
,,,,,,,,6808,37188,10620,5068
,,,,,,,,6809,37328,10660,5088
,,,,,,,,6810,38172,10900,5204
,,,,,,,,6811,40608,11600,5536
,,,,,,,,6812,41292,11792,5632
,,,,,,,,6813,39820,11372,5432
,,,,,,,,6814,36964,10556,5040
,,,,,,,,6815,33488,9564,4564
,,,,,,,,6816,30128,8604,4108
,,,,,,,,6817,27676,7904,3776
,,,,,,,,6818,26404,7540,3600
,,,,,,,,6819,25756,7356,3512
,,,,,,,,6820,25636,7320,3492
,,,,,,,,6821,26300,7512,3584
,,,,,,,,6822,28976,8276,3952
,,,,,,,,6823,34196,9764,4664
,,,,,,,,6824,37116,10600,5060
,,,,,,,,6825,37980,10844,5176
,,,,,,,,6826,38740,11064,5280
,,,,,,,,6827,39376,11244,5368
,,,,,,,,6828,39508,11280,5388
,,,,,,,,6829,39140,11180,5336
,,,,,,,,6830,38812,11084,5288
,,,,,,,,6831,38016,10860,5184
,,,,,,,,6832,37424,10688,5104
,,,,,,,,6833,37480,10704,5108
,,,,,,,,6834,38300,10940,5220
,,,,,,,,6835,40420,11544,5512
,,,,,,,,6836,40660,11612,5544
,,,,,,,,6837,39284,11220,5356
,,,,,,,,6838,37188,10620,5068
,,,,,,,,6839,34164,9756,4660
,,,,,,,,6840,31104,8884,4240
,,,,,,,,6841,28764,8216,3920
,,,,,,,,6842,27516,7860,3752
,,,,,,,,6843,26896,7680,3668
,,,,,,,,6844,26664,7612,3636
,,,,,,,,6845,26992,7708,3680
,,,,,,,,6846,28176,8048,3840
,,,,,,,,6847,30284,8648,4128
,,,,,,,,6848,32564,9300,4440
,,,,,,,,6849,34936,9976,4764
,,,,,,,,6850,36004,10284,4908
,,,,,,,,6851,36156,10328,4928
,,,,,,,,6852,35668,10184,4864
,,,,,,,,6853,34912,9972,4760
,,,,,,,,6854,34092,9736,4648
,,,,,,,,6855,33444,9552,4560
,,,,,,,,6856,33264,9500,4536
,,,,,,,,6857,33816,9656,4608
,,,,,,,,6858,35240,10064,4808
,,,,,,,,6859,37884,10816,5164
,,,,,,,,6860,37952,10840,5172
,,,,,,,,6861,36820,10516,5020
,,,,,,,,6862,34968,9988,4764
,,,,,,,,6863,32460,9272,4424
,,,,,,,,6864,29808,8512,4064
,,,,,,,,6865,27656,7896,3772
,,,,,,,,6866,26192,7480,3572
,,,,,,,,6867,25472,7272,3472
,,,,,,,,6868,25084,7164,3420
,,,,,,,,6869,25088,7164,3420
,,,,,,,,6870,25728,7348,3508
,,,,,,,,6871,27108,7744,3692
,,,,,,,,6872,29016,8288,3956
,,,,,,,,6873,31708,9056,4320
,,,,,,,,6874,33932,9692,4624
,,,,,,,,6875,35196,10052,4800
,,,,,,,,6876,35896,10252,4892
,,,,,,,,6877,36048,10296,4916
,,,,,,,,6878,35616,10172,4856
,,,,,,,,6879,35052,10012,4780
,,,,,,,,6880,34784,9936,4744
,,,,,,,,6881,35236,10064,4804
,,,,,,,,6882,36356,10384,4956
,,,,,,,,6883,38672,11044,5272
,,,,,,,,6884,38836,11092,5292
,,,,,,,,6885,37328,10660,5088
,,,,,,,,6886,34456,9836,4696
,,,,,,,,6887,31288,8936,4264
,,,,,,,,6888,28432,8120,3876
,,,,,,,,6889,26436,7552,3604
,,,,,,,,6890,25440,7264,3468
,,,,,,,,6891,25004,7140,3408
,,,,,,,,6892,24988,7136,3408
,,,,,,,,6893,25788,7364,3512
,,,,,,,,6894,28592,8168,3896
,,,,,,,,6895,33916,9684,4624
,,,,,,,,6896,37008,10568,5048
,,,,,,,,6897,38004,10856,5180
,,,,,,,,6898,39164,11184,5340
,,,,,,,,6899,39956,11412,5448
,,,,,,,,6900,40292,11508,5492
,,,,,,,,6901,40236,11492,5488
,,,,,,,,6902,40284,11504,5492
,,,,,,,,6903,39916,11400,5440
,,,,,,,,6904,39636,11320,5404
,,,,,,,,6905,39884,11392,5436
,,,,,,,,6906,41084,11736,5600
,,,,,,,,6907,43100,12308,5876
,,,,,,,,6908,42492,12136,5796
,,,,,,,,6909,40428,11544,5512
,,,,,,,,6910,37272,10644,5080
,,,,,,,,6911,33404,9540,4552
,,,,,,,,6912,30036,8576,4096
,,,,,,,,6913,27732,7920,3780
,,,,,,,,6914,26404,7540,3600
,,,,,,,,6915,25656,7328,3496
,,,,,,,,6916,25360,7240,3456
,,,,,,,,6917,25852,7384,3524
,,,,,,,,6918,28296,8080,3856
,,,,,,,,6919,33440,9552,4560
,,,,,,,,6920,36620,10456,4992
,,,,,,,,6921,37220,10632,5072
,,,,,,,,6922,37656,10756,5132
,,,,,,,,6923,38188,10904,5208
,,,,,,,,6924,38316,10940,5224
,,,,,,,,6925,38044,10864,5188
,,,,,,,,6926,37932,10832,5168
,,,,,,,,6927,37444,10696,5108
,,,,,,,,6928,37136,10604,5064
,,,,,,,,6929,37484,10704,5108
,,,,,,,,6930,38648,11040,5272
,,,,,,,,6931,41324,11800,5632
,,,,,,,,6932,41384,11820,5640
,,,,,,,,6933,39740,11348,5416
,,,,,,,,6934,36700,10480,5004
,,,,,,,,6935,33308,9512,4544
,,,,,,,,6936,30100,8596,4104
,,,,,,,,6937,27636,7892,3768
,,,,,,,,6938,26464,7556,3608
,,,,,,,,6939,25956,7412,3536
,,,,,,,,6940,25912,7400,3532
,,,,,,,,6941,26748,7640,3648
,,,,,,,,6942,29572,8448,4032
,,,,,,,,6943,35100,10024,4784
,,,,,,,,6944,37988,10848,5180
,,,,,,,,6945,38500,10996,5248
,,,,,,,,6946,38520,11000,5248
,,,,,,,,6947,38624,11032,5268
,,,,,,,,6948,38468,10984,5244
,,,,,,,,6949,38192,10908,5208
,,,,,,,,6950,38100,10880,5192
,,,,,,,,6951,37716,10772,5144
,,,,,,,,6952,37432,10688,5104
,,,,,,,,6953,37584,10736,5124
,,,,,,,,6954,38696,11052,5276
,,,,,,,,6955,41384,11820,5640
,,,,,,,,6956,41356,11812,5636
,,,,,,,,6957,39732,11348,5416
,,,,,,,,6958,36852,10524,5024
,,,,,,,,6959,32908,9396,4484
,,,,,,,,6960,29648,8468,4040
,,,,,,,,6961,27436,7832,3740
,,,,,,,,6962,26272,7504,3580
,,,,,,,,6963,25772,7360,3512
,,,,,,,,6964,25648,7324,3496
,,,,,,,,6965,26452,7552,3608
,,,,,,,,6966,29224,8348,3984
,,,,,,,,6967,34760,9928,4740
,,,,,,,,6968,37748,10780,5148
,,,,,,,,6969,38256,10924,5216
,,,,,,,,6970,38464,10984,5244
,,,,,,,,6971,38728,11060,5280
,,,,,,,,6972,36936,10548,5036
,,,,,,,,6973,37656,10756,5132
,,,,,,,,6974,37628,10744,5128
,,,,,,,,6975,38608,11024,5264
,,,,,,,,6976,36256,10356,4944
,,,,,,,,6977,37884,10816,5164
,,,,,,,,6978,38776,11076,5288
,,,,,,,,6979,41240,11780,5620
,,,,,,,,6980,41220,11772,5620
,,,,,,,,6981,39548,11296,5392
,,,,,,,,6982,36728,10488,5008
,,,,,,,,6983,33028,9432,4504
,,,,,,,,6984,29624,8460,4040
,,,,,,,,6985,27304,7796,3720
,,,,,,,,6986,26044,7436,3552
,,,,,,,,6987,25448,7268,3468
,,,,,,,,6988,25312,7228,3452
,,,,,,,,6989,25992,7424,3544
,,,,,,,,6990,28548,8152,3892
,,,,,,,,6991,33740,9636,4600
,,,,,,,,6992,37236,10636,5076
,,,,,,,,6993,38464,10984,5244
,,,,,,,,6994,39336,11236,5364
,,,,,,,,6995,40056,11440,5460
,,,,,,,,6996,40248,11496,5488
,,,,,,,,6997,40032,11432,5456
,,,,,,,,6998,39988,11420,5452
,,,,,,,,6999,39648,11324,5408
,,,,,,,,7000,39424,11260,5372
,,,,,,,,7001,39732,11348,5416
,,,,,,,,7002,40720,11628,5552
,,,,,,,,7003,41668,11900,5680
,,,,,,,,7004,40652,11608,5544
,,,,,,,,7005,39032,11148,5320
,,,,,,,,7006,36740,10492,5008
,,,,,,,,7007,33672,9616,4588
,,,,,,,,7008,30452,8696,4152
,,,,,,,,7009,28036,8008,3820
,,,,,,,,7010,26648,7612,3636
,,,,,,,,7011,25836,7376,3520
,,,,,,,,7012,25480,7276,3472
,,,,,,,,7013,25584,7308,3488
,,,,,,,,7014,26436,7552,3604
,,,,,,,,7015,28408,8112,3872
,,,,,,,,7016,30732,8776,4188
,,,,,,,,7017,33388,9536,4552
,,,,,,,,7018,35444,10120,4832
,,,,,,,,7019,36464,10416,4972
,,,,,,,,7020,36736,10492,5008
,,,,,,,,7021,36452,10408,4968
,,,,,,,,7022,35852,10236,4888
,,,,,,,,7023,35132,10036,4788
,,,,,,,,7024,34684,9904,4728
,,,,,,,,7025,34784,9936,4744
,,,,,,,,7026,35528,10148,4844
,,,,,,,,7027,37680,10760,5136
,,,,,,,,7028,37196,10620,5068
,,,,,,,,7029,35844,10236,4888
,,,,,,,,7030,33896,9680,4624
,,,,,,,,7031,31340,8952,4272
,,,,,,,,7032,28672,8188,3908
,,,,,,,,7033,26476,7560,3612
,,,,,,,,7034,25056,7152,3412
,,,,,,,,7035,24296,6940,3308
,,,,,,,,7036,23888,6824,3256
,,,,,,,,7037,23916,6832,3260
,,,,,,,,7038,24496,6996,3340
,,,,,,,,7039,25868,7388,3528
,,,,,,,,7040,27460,7840,3744
,,,,,,,,7041,29960,8556,4084
,,,,,,,,7042,31916,9116,4352
,,,,,,,,7043,32864,9384,4480
,,,,,,,,7044,33368,9528,4548
,,,,,,,,7045,33548,9580,4572
,,,,,,,,7046,33332,9516,4544
,,,,,,,,7047,33164,9472,4520
,,,,,,,,7048,33256,9496,4532
,,,,,,,,7049,34072,9732,4644
,,,,,,,,7050,35660,10184,4864
,,,,,,,,7051,38420,10972,5236
,,,,,,,,7052,37752,10780,5148
,,,,,,,,7053,36436,10404,4968
,,,,,,,,7054,33716,9628,4596
,,,,,,,,7055,30524,8716,4160
,,,,,,,,7056,27652,7896,3772
,,,,,,,,7057,25652,7324,3496
,,,,,,,,7058,24640,7036,3356
,,,,,,,,7059,24228,6920,3304
,,,,,,,,7060,24252,6928,3308
,,,,,,,,7061,25056,7156,3412
,,,,,,,,7062,27876,7960,3800
,,,,,,,,7063,33344,9520,4544
,,,,,,,,7064,36320,10376,4952
,,,,,,,,7065,37064,10584,5052
,,,,,,,,7066,37768,10784,5152
,,,,,,,,7067,38384,10960,5232
,,,,,,,,7068,38608,11024,5264
,,,,,,,,7069,38432,10976,5240
,,,,,,,,7070,38384,10960,5232
,,,,,,,,7071,37996,10852,5180
,,,,,,,,7072,37700,10768,5140
,,,,,,,,7073,37944,10840,5172
,,,,,,,,7074,39144,11180,5336
,,,,,,,,7075,41800,11940,5696
,,,,,,,,7076,41348,11808,5636
,,,,,,,,7077,39292,11220,5356
,,,,,,,,7078,36244,10352,4940
,,,,,,,,7079,32620,9316,4444
,,,,,,,,7080,29296,8368,3996
,,,,,,,,7081,26860,7672,3660
,,,,,,,,7082,25588,7308,3488
,,,,,,,,7083,24956,7128,3400
,,,,,,,,7084,24888,7108,3392
,,,,,,,,7085,25536,7292,3480
,,,,,,,,7086,28384,8108,3868
,,,,,,,,7087,33856,9668,4616
,,,,,,,,7088,36752,10500,5008
,,,,,,,,7089,37332,10660,5088
,,,,,,,,7090,37712,10772,5140
,,,,,,,,7091,38140,10892,5200
,,,,,,,,7092,38324,10944,5224
,,,,,,,,7093,38204,10912,5208
,,,,,,,,7094,38256,10924,5216
,,,,,,,,7095,37892,10820,5168
,,,,,,,,7096,37644,10752,5132
,,,,,,,,7097,38000,10856,5180
,,,,,,,,7098,39520,11288,5388
,,,,,,,,7099,42024,12000,5728
,,,,,,,,7100,41320,11800,5632
,,,,,,,,7101,39384,11248,5372
,,,,,,,,7102,36436,10404,4968
,,,,,,,,7103,32592,9308,4440
,,,,,,,,7104,29240,8352,3984
,,,,,,,,7105,27064,7732,3692
,,,,,,,,7106,25884,7392,3528
,,,,,,,,7107,25272,7216,3444
,,,,,,,,7108,25124,7172,3424
,,,,,,,,7109,25840,7380,3520
,,,,,,,,7110,28536,8152,3892
,,,,,,,,7111,34096,9736,4648
,,,,,,,,7112,37240,10636,5076
,,,,,,,,7113,37872,10816,5164
,,,,,,,,7114,38304,10940,5224
,,,,,,,,7115,38612,11028,5264
,,,,,,,,7116,38644,11036,5268
,,,,,,,,7117,38508,10996,5248
,,,,,,,,7118,38428,10976,5240
,,,,,,,,7119,38012,10856,5184
,,,,,,,,7120,37724,10776,5144
,,,,,,,,7121,38152,10896,5200
,,,,,,,,7122,39772,11360,5424
,,,,,,,,7123,41968,11984,5720
,,,,,,,,7124,41324,11800,5632
,,,,,,,,7125,39516,11284,5388
,,,,,,,,7126,36692,10480,5004
,,,,,,,,7127,32780,9360,4468
,,,,,,,,7128,29472,8416,4016
,,,,,,,,7129,27224,7772,3712
,,,,,,,,7130,26044,7436,3552
,,,,,,,,7131,25480,7276,3472
,,,,,,,,7132,25408,7256,3464
,,,,,,,,7133,26112,7456,3560
,,,,,,,,7134,28900,8252,3940
,,,,,,,,7135,34400,9824,4688
,,,,,,,,7136,37312,10660,5088
,,,,,,,,7137,37724,10776,5144
,,,,,,,,7138,38120,10884,5196
,,,,,,,,7139,38472,10984,5244
,,,,,,,,7140,38508,10996,5248
,,,,,,,,7141,38256,10924,5216
,,,,,,,,7142,38160,10900,5204
,,,,,,,,7143,37720,10772,5144
,,,,,,,,7144,37400,10680,5100
,,,,,,,,7145,37644,10752,5132
,,,,,,,,7146,39008,11140,5316
,,,,,,,,7147,41540,11860,5664
,,,,,,,,7148,41104,11740,5604
,,,,,,,,7149,39468,11272,5380
,,,,,,,,7150,36716,10484,5008
,,,,,,,,7151,32992,9420,4500
,,,,,,,,7152,29604,8456,4036
,,,,,,,,7153,27340,7808,3728
,,,,,,,,7154,26052,7440,3552
,,,,,,,,7155,25444,7268,3468
,,,,,,,,7156,25352,7240,3456
,,,,,,,,7157,26012,7428,3544
,,,,,,,,7158,28672,8188,3908
,,,,,,,,7159,33924,9688,4624
,,,,,,,,7160,36964,10556,5040
,,,,,,,,7161,37656,10756,5132
,,,,,,,,7162,38264,10928,5216
,,,,,,,,7163,38704,11052,5276
,,,,,,,,7164,38740,11060,5280
,,,,,,,,7165,38428,10976,5240
,,,,,,,,7166,38212,10912,5208
,,,,,,,,7167,37772,10788,5152
,,,,,,,,7168,37376,10676,5096
,,,,,,,,7169,37336,10660,5088
,,,,,,,,7170,38260,10928,5216
,,,,,,,,7171,40116,11460,5472
,,,,,,,,7172,39244,11208,5352
,,,,,,,,7173,37696,10764,5140
,,,,,,,,7174,35456,10128,4832
,,,,,,,,7175,32444,9264,4424
,,,,,,,,7176,29344,8380,4000
,,,,,,,,7177,27036,7720,3684
,,,,,,,,7178,25668,7332,3500
,,,,,,,,7179,24916,7116,3396
,,,,,,,,7180,24556,7012,3348
,,,,,,,,7181,24708,7056,3368
,,,,,,,,7182,25728,7348,3508
,,,,,,,,7183,27848,7956,3796
,,,,,,,,7184,30124,8600,4104
,,,,,,,,7185,32652,9324,4452
,,,,,,,,7186,34376,9816,4684
,,,,,,,,7187,35148,10036,4792
,,,,,,,,7188,35160,10040,4792
,,,,,,,,7189,34916,9972,4760
,,,,,,,,7190,34432,9836,4692
,,,,,,,,7191,33900,9680,4624
,,,,,,,,7192,33652,9612,4588
,,,,,,,,7193,34008,9712,4636
,,,,,,,,7194,35668,10188,4864
,,,,,,,,7195,37916,10828,5168
,,,,,,,,7196,37084,10592,5056
,,,,,,,,7197,35704,10196,4864
,,,,,,,,7198,33780,9648,4604
,,,,,,,,7199,31352,8956,4276
,,,,,,,,7200,28740,8208,3916
,,,,,,,,7201,26656,7612,3636
,,,,,,,,7202,25284,7220,3448
,,,,,,,,7203,24456,6984,3332
,,,,,,,,7204,24060,6872,3280
,,,,,,,,7205,24052,6872,3276
,,,,,,,,7206,24668,7044,3364
,,,,,,,,7207,26124,7460,3560
,,,,,,,,7208,28140,8036,3836
,,,,,,,,7209,30784,8796,4200
,,,,,,,,7210,33144,9464,4520
,,,,,,,,7211,34504,9856,4704
,,,,,,,,7212,35324,10088,4816
,,,,,,,,7213,35820,10232,4884
,,,,,,,,7214,35748,10212,4872
,,,,,,,,7215,35624,10176,4856
,,,,,,,,7216,35688,10192,4864
,,,,,,,,7217,36656,10468,4996
,,,,,,,,7218,38760,11068,5284
,,,,,,,,7219,40516,11572,5524
,,,,,,,,7220,39612,11312,5400
,,,,,,,,7221,37740,10776,5148
,,,,,,,,7222,35172,10044,4796
,,,,,,,,7223,32224,9204,4392
,,,,,,,,7224,29372,8388,4004
,,,,,,,,7225,27000,7712,3680
,,,,,,,,7226,25640,7324,3492
,,,,,,,,7227,24928,7120,3396
,,,,,,,,7228,24760,7072,3372
,,,,,,,,7229,25356,7240,3456
,,,,,,,,7230,27620,7888,3764
,,,,,,,,7231,31488,8996,4292
,,,,,,,,7232,34620,9888,4720
,,,,,,,,7233,36860,10528,5028
,,,,,,,,7234,38764,11068,5284
,,,,,,,,7235,39832,11376,5432
,,,,,,,,7236,40108,11456,5468
,,,,,,,,7237,39600,11312,5400
,,,,,,,,7238,38776,11072,5288
,,,,,,,,7239,37080,10588,5056
,,,,,,,,7240,35316,10084,4816
,,,,,,,,7241,34428,9832,4692
,,,,,,,,7242,34516,9856,4704
,,,,,,,,7243,33536,9576,4572
,,,,,,,,7244,31156,8896,4248
,,,,,,,,7245,29096,8312,3968
,,,,,,,,7246,27144,7752,3700
,,,,,,,,7247,24972,7132,3404
,,,,,,,,7248,22980,6564,3132
,,,,,,,,7249,21584,6164,2944
,,,,,,,,7250,20828,5948,2840
,,,,,,,,7251,20420,5828,2784
,,,,,,,,7252,20392,5824,2780
,,,,,,,,7253,20984,5992,2860
,,,,,,,,7254,22768,6504,3104
,,,,,,,,7255,26116,7456,3560
,,,,,,,,7256,28976,8272,3952
,,,,,,,,7257,30768,8788,4196
,,,,,,,,7258,32184,9192,4388
,,,,,,,,7259,33336,9516,4544
,,,,,,,,7260,33916,9684,4624
,,,,,,,,7261,34232,9776,4664
,,,,,,,,7262,34332,9804,4680
,,,,,,,,7263,34060,9728,4644
,,,,,,,,7264,34088,9736,4644
,,,,,,,,7265,34828,9944,4748
,,,,,,,,7266,36744,10496,5008
,,,,,,,,7267,37944,10836,5172
,,,,,,,,7268,36940,10548,5036
,,,,,,,,7269,35336,10092,4820
,,,,,,,,7270,32620,9316,4444
,,,,,,,,7271,29624,8460,4040
,,,,,,,,7272,26908,7684,3668
,,,,,,,,7273,25096,7168,3420
,,,,,,,,7274,24068,6872,3280
,,,,,,,,7275,23504,6712,3204
,,,,,,,,7276,23396,6680,3188
,,,,,,,,7277,24008,6856,3272
,,,,,,,,7278,26368,7532,3596
,,,,,,,,7279,31056,8872,4236
,,,,,,,,7280,34128,9744,4652
,,,,,,,,7281,34884,9960,4756
,,,,,,,,7282,35600,10168,4852
,,,,,,,,7283,36200,10336,4936
,,,,,,,,7284,36420,10400,4968
,,,,,,,,7285,36304,10368,4948
,,,,,,,,7286,36232,10348,4940
,,,,,,,,7287,35932,10260,4900
,,,,,,,,7288,35796,10220,4880
,,,,,,,,7289,36220,10344,4940
,,,,,,,,7290,37236,10636,5076
,,,,,,,,7291,37952,10840,5172
,,,,,,,,7292,37168,10616,5068
,,,,,,,,7293,36252,10356,4944
,,,,,,,,7294,34172,9756,4660
,,,,,,,,7295,31020,8856,4228
,,,,,,,,7296,28072,8016,3828
,,,,,,,,7297,26144,7468,3564
,,,,,,,,7298,25124,7172,3424
,,,,,,,,7299,24564,7012,3348
,,,,,,,,7300,24440,6980,3332
,,,,,,,,7301,25152,7180,3428
,,,,,,,,7302,27684,7908,3776
,,,,,,,,7303,32636,9320,4448
,,,,,,,,7304,35668,10188,4864
,,,,,,,,7305,36192,10336,4932
,,,,,,,,7306,36640,10464,4996
,,,,,,,,7307,36968,10556,5040
,,,,,,,,7308,36952,10552,5036
,,,,,,,,7309,36728,10488,5008
,,,,,,,,7310,36608,10456,4988
,,,,,,,,7311,36264,10356,4944
,,,,,,,,7312,36148,10324,4928
,,,,,,,,7313,36792,10508,5016
,,,,,,,,7314,38872,11100,5300
,,,,,,,,7315,40660,11612,5544
,,,,,,,,7316,39984,11420,5452
,,,,,,,,7317,38380,10960,5232
,,,,,,,,7318,35764,10212,4876
,,,,,,,,7319,32284,9216,4400
,,,,,,,,7320,29172,8332,3976
,,,,,,,,7321,27004,7712,3680
,,,,,,,,7322,25808,7372,3516
,,,,,,,,7323,25152,7184,3428
,,,,,,,,7324,25020,7144,3412
,,,,,,,,7325,25692,7336,3500
,,,,,,,,7326,28248,8068,3852
,,,,,,,,7327,33248,9496,4532
,,,,,,,,7328,36496,10420,4976
,,,,,,,,7329,37116,10596,5060
,,,,,,,,7330,37532,10720,5116
,,,,,,,,7331,37836,10804,5156
,,,,,,,,7332,37540,10720,5116
,,,,,,,,7333,37220,10628,5072
,,,,,,,,7334,37164,10616,5068
,,,,,,,,7335,36800,10508,5016
,,,,,,,,7336,36588,10448,4988
,,,,,,,,7337,37188,10620,5068
,,,,,,,,7338,38896,11108,5304
,,,,,,,,7339,40252,11496,5488
,,,,,,,,7340,39292,11220,5356
,,,,,,,,7341,37824,10800,5156
,,,,,,,,7342,35736,10204,4872
,,,,,,,,7343,32900,9396,4484
,,,,,,,,7344,29964,8556,4084
,,,,,,,,7345,27732,7920,3780
,,,,,,,,7346,26356,7528,3596
,,,,,,,,7347,25696,7336,3504
,,,,,,,,7348,25384,7252,3460
,,,,,,,,7349,25592,7308,3488
,,,,,,,,7350,26588,7592,3624
,,,,,,,,7351,28672,8188,3908
,,,,,,,,7352,30920,8832,4216
,,,,,,,,7353,33120,9456,4516
,,,,,,,,7354,34664,9896,4724
,,,,,,,,7355,35168,10044,4796
,,,,,,,,7356,34992,9992,4768
,,,,,,,,7357,34536,9864,4708
,,,,,,,,7358,33924,9688,4624
,,,,,,,,7359,33448,9552,4560
,,,,,,,,7360,33264,9496,4536
,,,,,,,,7361,34068,9728,4644
,,,,,,,,7362,36276,10360,4944
,,,,,,,,7363,38272,10928,5216
,,,,,,,,7364,37460,10700,5108
,,,,,,,,7365,36312,10372,4948
,,,,,,,,7366,34624,9888,4720
,,,,,,,,7367,32356,9240,4412
,,,,,,,,7368,29976,8560,4084
,,,,,,,,7369,27796,7936,3788
,,,,,,,,7370,26028,7432,3548
,,,,,,,,7371,25256,7212,3444
,,,,,,,,7372,25216,7200,3436
,,,,,,,,7373,25656,7328,3496
,,,,,,,,7374,26748,7640,3648
,,,,,,,,7375,28300,8080,3856
,,,,,,,,7376,30560,8728,4164
,,,,,,,,7377,32808,9368,4472
,,,,,,,,7378,33908,9680,4624
,,,,,,,,7379,34040,9720,4640
,,,,,,,,7380,33924,9688,4624
,,,,,,,,7381,33712,9628,4596
,,,,,,,,7382,33464,9556,4560
,,,,,,,,7383,33368,9532,4548
,,,,,,,,7384,33968,9700,4628
,,,,,,,,7385,37140,10604,5064
,,,,,,,,7386,39988,11420,5452
,,,,,,,,7387,40080,11444,5464
,,,,,,,,7388,38852,11096,5296
,,,,,,,,7389,37548,10720,5120
,,,,,,,,7390,34220,9772,4664
,,,,,,,,7391,31020,8860,4228
,,,,,,,,7392,28328,8092,3860
,,,,,,,,7393,27128,7748,3696
,,,,,,,,7394,26324,7516,3588
,,,,,,,,7395,26020,7432,3548
,,,,,,,,7396,26200,7480,3572
,,,,,,,,7397,27308,7800,3724
,,,,,,,,7398,30576,8732,4168
,,,,,,,,7399,35968,10272,4904
,,,,,,,,7400,38864,11100,5296
,,,,,,,,7401,39564,11300,5392
,,,,,,,,7402,39892,11396,5440
,,,,,,,,7403,39980,11420,5452
,,,,,,,,7404,39836,11380,5432
,,,,,,,,7405,39500,11280,5384
,,,,,,,,7406,39220,11200,5348
,,,,,,,,7407,38556,11012,5256
,,,,,,,,7408,38868,11100,5300
,,,,,,,,7409,41720,11916,5688
,,,,,,,,7410,45172,12900,6160
,,,,,,,,7411,44952,12840,6128
,,,,,,,,7412,43720,12484,5960
,,,,,,,,7413,41836,11948,5704
,,,,,,,,7414,38904,11112,5304
,,,,,,,,7415,35356,10100,4820
,,,,,,,,7416,32152,9180,4380
,,,,,,,,7417,30196,8624,4116
,,,,,,,,7418,29240,8352,3984
,,,,,,,,7419,28912,8256,3940
,,,,,,,,7420,29048,8292,3956
,,,,,,,,7421,30076,8592,4100
,,,,,,,,7422,33288,9504,4540
,,,,,,,,7423,37856,10812,5160
,,,,,,,,7424,40120,11460,5472
,,,,,,,,7425,40528,11576,5528
,,,,,,,,7426,40476,11560,5516
,,,,,,,,7427,40348,11520,5500
,,,,,,,,7428,40096,11452,5468
,,,,,,,,7429,39628,11320,5404
,,,,,,,,7430,39308,11224,5360
,,,,,,,,7431,38968,11128,5312
,,,,,,,,7432,39088,11160,5328
,,,,,,,,7433,41496,11848,5656
,,,,,,,,7434,45260,12924,6172
,,,,,,,,7435,45304,12940,6180
,,,,,,,,7436,44416,12684,6056
,,,,,,,,7437,42628,12176,5812
,,,,,,,,7438,39840,11380,5432
,,,,,,,,7439,36352,10380,4956
,,,,,,,,7440,33348,9524,4544
,,,,,,,,7441,31784,9076,4332
,,,,,,,,7442,30496,8708,4160
,,,,,,,,7443,29648,8468,4040
,,,,,,,,7444,29424,8404,4012
,,,,,,,,7445,30568,8732,4168
,,,,,,,,7446,33388,9536,4552
,,,,,,,,7447,38504,10996,5248
,,,,,,,,7448,40916,11684,5576
,,,,,,,,7449,41852,11952,5708
,,,,,,,,7450,42396,12108,5780
,,,,,,,,7451,42800,12224,5836
,,,,,,,,7452,43132,12320,5880
,,,,,,,,7453,43128,12316,5880
,,,,,,,,7454,43304,12364,5904
,,,,,,,,7455,43456,12408,5924
,,,,,,,,7456,44340,12664,6044
,,,,,,,,7457,46436,13264,6332
,,,,,,,,7458,48552,13864,6620
,,,,,,,,7459,48400,13824,6600
,,,,,,,,7460,46524,13284,6340
,,,,,,,,7461,44792,12792,6108
,,,,,,,,7462,41236,11776,5620
,,,,,,,,7463,37204,10624,5072
,,,,,,,,7464,33900,9680,4624
,,,,,,,,7465,31564,9016,4300
,,,,,,,,7466,30460,8700,4152
,,,,,,,,7467,29896,8536,4076
,,,,,,,,7468,29904,8536,4076
,,,,,,,,7469,30784,8792,4200
,,,,,,,,7470,33668,9616,4588
,,,,,,,,7471,38304,10940,5224
,,,,,,,,7472,41116,11740,5608
,,,,,,,,7473,42344,12092,5776
,,,,,,,,7474,42720,12200,5824
,,,,,,,,7475,43096,12304,5876
,,,,,,,,7476,43168,12328,5884
,,,,,,,,7477,42792,12224,5836
,,,,,,,,7478,42672,12184,5816
,,,,,,,,7479,42300,12080,5768
,,,,,,,,7480,42576,12160,5804
,,,,,,,,7481,44840,12804,6116
,,,,,,,,7482,46772,13360,6380
,,,,,,,,7483,46152,13180,6292
,,,,,,,,7484,44932,12832,6124
,,,,,,,,7485,43024,12288,5864
,,,,,,,,7486,39836,11376,5432
,,,,,,,,7487,36044,10296,4912
,,,,,,,,7488,32604,9312,4444
,,,,,,,,7489,30544,8724,4164
,,,,,,,,7490,29392,8396,4008
,,,,,,,,7491,28776,8216,3920
,,,,,,,,7492,28732,8208,3916
,,,,,,,,7493,29648,8468,4040
,,,,,,,,7494,32564,9300,4440
,,,,,,,,7495,37320,10660,5088
,,,,,,,,7496,39652,11324,5408
,,,,,,,,7497,40064,11440,5464
,,,,,,,,7498,40020,11428,5456
,,,,,,,,7499,39952,11408,5448
,,,,,,,,7500,39592,11308,5396
,,,,,,,,7501,38892,11108,5304
,,,,,,,,7502,38528,11000,5252
,,,,,,,,7503,38096,10880,5192
,,,,,,,,7504,38084,10876,5192
,,,,,,,,7505,40216,11484,5484
,,,,,,,,7506,43016,12284,5864
,,,,,,,,7507,42448,12120,5788
,,,,,,,,7508,41096,11740,5604
,,,,,,,,7509,39540,11292,5392
,,,,,,,,7510,37300,10652,5088
,,,,,,,,7511,34400,9824,4688
,,,,,,,,7512,31492,8996,4292
,,,,,,,,7513,29244,8352,3988
,,,,,,,,7514,28060,8012,3824
,,,,,,,,7515,27376,7816,3732
,,,,,,,,7516,27132,7752,3696
,,,,,,,,7517,27488,7852,3748
,,,,,,,,7518,28672,8188,3908
,,,,,,,,7519,30528,8716,4160
,,,,,,,,7520,32724,9344,4464
,,,,,,,,7521,34904,9968,4760
,,,,,,,,7522,35912,10256,4896
,,,,,,,,7523,35984,10276,4904
,,,,,,,,7524,35556,10156,4848
,,,,,,,,7525,34912,9968,4760
,,,,,,,,7526,34236,9776,4664
,,,,,,,,7527,33836,9664,4612
,,,,,,,,7528,34112,9740,4648
,,,,,,,,7529,36796,10508,5016
,,,,,,,,7530,39748,11352,5420
,,,,,,,,7531,39220,11200,5348
,,,,,,,,7532,38072,10872,5192
,,,,,,,,7533,36772,10500,5012
,,,,,,,,7534,34952,9980,4764
,,,,,,,,7535,32596,9308,4440
,,,,,,,,7536,30080,8592,4100
,,,,,,,,7537,28172,8044,3840
,,,,,,,,7538,26916,7688,3668
,,,,,,,,7539,26216,7488,3572
,,,,,,,,7540,25908,7396,3532
,,,,,,,,7541,26068,7444,3552
,,,,,,,,7542,26772,7648,3652
,,,,,,,,7543,28036,8008,3820
,,,,,,,,7544,29904,8536,4076
,,,,,,,,7545,32316,9228,4404
,,,,,,,,7546,33716,9628,4596
,,,,,,,,7547,34236,9776,4664
,,,,,,,,7548,34372,9816,4684
,,,,,,,,7549,34304,9796,4676
,,,,,,,,7550,33848,9668,4616
,,,,,,,,7551,33456,9556,4560
,,,,,,,,7552,33592,9596,4580
,,,,,,,,7553,36364,10384,4956
,,,,,,,,7554,39584,11304,5396
,,,,,,,,7555,39084,11160,5328
,,,,,,,,7556,37780,10788,5152
,,,,,,,,7557,36148,10324,4928
,,,,,,,,7558,33812,9656,4608
,,,,,,,,7559,31068,8876,4236
,,,,,,,,7560,28520,8144,3888
,,,,,,,,7561,26732,7632,3644
,,,,,,,,7562,25720,7344,3508
,,,,,,,,7563,25240,7208,3440
,,,,,,,,7564,25260,7212,3444
,,,,,,,,7565,26044,7436,3552
,,,,,,,,7566,28440,8120,3876
,,,,,,,,7567,32036,9152,4368
,,,,,,,,7568,34876,9960,4756
,,,,,,,,7569,36736,10492,5008
,,,,,,,,7570,37788,10792,5152
,,,,,,,,7571,38412,10968,5236
,,,,,,,,7572,38552,11012,5256
,,,,,,,,7573,38376,10960,5232
,,,,,,,,7574,38200,10908,5208
,,,,,,,,7575,37912,10828,5168
,,,,,,,,7576,37948,10840,5172
,,,,,,,,7577,40652,11612,5544
,,,,,,,,7578,43512,12424,5932
,,,,,,,,7579,42808,12224,5836
,,,,,,,,7580,41288,11792,5628
,,,,,,,,7581,39220,11200,5348
,,,,,,,,7582,36144,10320,4928
,,,,,,,,7583,32504,9284,4432
,,,,,,,,7584,29440,8408,4016
,,,,,,,,7585,27300,7796,3720
,,,,,,,,7586,26100,7452,3556
,,,,,,,,7587,25464,7272,3472
,,,,,,,,7588,25412,7256,3464
,,,,,,,,7589,26176,7472,3568
,,,,,,,,7590,29004,8284,3956
,,,,,,,,7591,34064,9728,4644
,,,,,,,,7592,37072,10588,5052
,,,,,,,,7593,37908,10824,5168
,,,,,,,,7594,38520,11000,5248
,,,,,,,,7595,39120,11172,5332
,,,,,,,,7596,39328,11232,5360
,,,,,,,,7597,39260,11212,5352
,,,,,,,,7598,39284,11220,5356
,,,,,,,,7599,39092,11164,5328
,,,,,,,,7600,39484,11276,5384
,,,,,,,,7601,41796,11940,5696
,,,,,,,,7602,44316,12660,6040
,,,,,,,,7603,43924,12544,5988
,,,,,,,,7604,42716,12200,5824
,,,,,,,,7605,40916,11684,5576
,,,,,,,,7606,38116,10884,5196
,,,,,,,,7607,34436,9836,4696
,,,,,,,,7608,31236,8920,4260
,,,,,,,,7609,29196,8336,3980
,,,,,,,,7610,28096,8024,3832
,,,,,,,,7611,27640,7892,3768
,,,,,,,,7612,27692,7908,3776
,,,,,,,,7613,28688,8192,3912
,,,,,,,,7614,31824,9088,4340
,,,,,,,,7615,37124,10600,5060
,,,,,,,,7616,39660,11328,5408
,,,,,,,,7617,39956,11412,5448
,,,,,,,,7618,39820,11372,5432
,,,,,,,,7619,39728,11344,5416
,,,,,,,,7620,39400,11252,5372
,,,,,,,,7621,38948,11120,5312
,,,,,,,,7622,38640,11036,5268
,,,,,,,,7623,38432,10976,5240
,,,,,,,,7624,38844,11096,5296
,,,,,,,,7625,41628,11888,5672
,,,,,,,,7626,45016,12856,6140
,,,,,,,,7627,44864,12812,6120
,,,,,,,,7628,43836,12520,5976
,,,,,,,,7629,42240,12064,5756
,,,,,,,,7630,39460,11268,5380
,,,,,,,,7631,35864,10240,4888
,,,,,,,,7632,32580,9304,4440
,,,,,,,,7633,30416,8688,4144
,,,,,,,,7634,29336,8376,3996
,,,,,,,,7635,28836,8232,3932
,,,,,,,,7636,28960,8272,3948
,,,,,,,,7637,29908,8540,4080
,,,,,,,,7638,32868,9388,4480
,,,,,,,,7639,38112,10884,5196
,,,,,,,,7640,40748,11640,5552
,,,,,,,,7641,41164,11756,5612
,,,,,,,,7642,41192,11764,5616
,,,,,,,,7643,41088,11736,5600
,,,,,,,,7644,40692,11620,5548
,,,,,,,,7645,40140,11464,5472
,,,,,,,,7646,39944,11408,5448
,,,,,,,,7647,39620,11316,5400
,,,,,,,,7648,40096,11452,5468
,,,,,,,,7649,43032,12288,5868
,,,,,,,,7650,45640,13036,6220
,,,,,,,,7651,45380,12960,6188
,,,,,,,,7652,44316,12656,6040
,,,,,,,,7653,42616,12168,5812
,,,,,,,,7654,39760,11356,5420
,,,,,,,,7655,36128,10320,4928
,,,,,,,,7656,32788,9364,4468
,,,,,,,,7657,30676,8760,4180
,,,,,,,,7658,29556,8440,4028
,,,,,,,,7659,28972,8272,3948
,,,,,,,,7660,29016,8288,3956
,,,,,,,,7661,29888,8536,4076
,,,,,,,,7662,32796,9364,4472
,,,,,,,,7663,37800,10796,5152
,,,,,,,,7664,40388,11536,5508
,,,,,,,,7665,40880,11676,5572
,,,,,,,,7666,40756,11640,5556
,,,,,,,,7667,40592,11592,5532
,,,,,,,,7668,40088,11448,5468
,,,,,,,,7669,39564,11300,5392
,,,,,,,,7670,39360,11240,5368
,,,,,,,,7671,39040,11148,5324
,,,,,,,,7672,39200,11196,5344
,,,,,,,,7673,41768,11928,5696
,,,,,,,,7674,44052,12584,6004
,,,,,,,,7675,43456,12408,5924
,,,,,,,,7676,42200,12052,5756
,,,,,,,,7677,40792,11648,5560
,,,,,,,,7678,38644,11040,5272
,,,,,,,,7679,35868,10244,4888
,,,,,,,,7680,32904,9396,4484
,,,,,,,,7681,30616,8744,4176
,,,,,,,,7682,29348,8380,4000
,,,,,,,,7683,28760,8216,3920
,,,,,,,,7684,28608,8172,3900
,,,,,,,,7685,28928,8260,3944
,,,,,,,,7686,30180,8616,4116
,,,,,,,,7687,32188,9196,4388
,,,,,,,,7688,34352,9812,4684
,,,,,,,,7689,36308,10368,4948
,,,,,,,,7690,37248,10636,5076
,,,,,,,,7691,37196,10624,5068
,,,,,,,,7692,36724,10488,5008
,,,,,,,,7693,36000,10280,4908
,,,,,,,,7694,35244,10064,4808
,,,,,,,,7695,34764,9928,4740
,,,,,,,,7696,35176,10048,4796
,,,,,,,,7697,38120,10884,5196
,,,,,,,,7698,41076,11732,5600
,,,,,,,,7699,40652,11608,5544
,,,,,,,,7700,39548,11296,5392
,,,,,,,,7701,38364,10956,5232
,,,,,,,,7702,36620,10456,4992
,,,,,,,,7703,34436,9836,4692
,,,,,,,,7704,31992,9136,4360
,,,,,,,,7705,30032,8576,4096
,,,,,,,,7706,28900,8252,3940
,,,,,,,,7707,28352,8096,3864
,,,,,,,,7708,28160,8040,3836
,,,,,,,,7709,28404,8112,3872
,,,,,,,,7710,29336,8376,3996
,,,,,,,,7711,30820,8800,4200
,,,,,,,,7712,32628,9316,4448
,,,,,,,,7713,34684,9904,4728
,,,,,,,,7714,35756,10212,4876
,,,,,,,,7715,36020,10288,4908
,,,,,,,,7716,35984,10276,4904
,,,,,,,,7717,35688,10192,4864
,,,,,,,,7718,35300,10080,4812
,,,,,,,,7719,35124,10032,4788
,,,,,,,,7720,35944,10264,4900
,,,,,,,,7721,39432,11260,5376
,,,,,,,,7722,42524,12144,5796
,,,,,,,,7723,42336,12088,5772
,,,,,,,,7724,41216,11772,5620
,,,,,,,,7725,39748,11352,5420
,,,,,,,,7726,37156,10612,5068
,,,,,,,,7727,34116,9744,4652
,,,,,,,,7728,31404,8968,4280
,,,,,,,,7729,29624,8460,4040
,,,,,,,,7730,28740,8208,3916
,,,,,,,,7731,28448,8124,3876
,,,,,,,,7732,28624,8176,3900
,,,,,,,,7733,29708,8484,4048
,,,,,,,,7734,32816,9372,4476
,,,,,,,,7735,38188,10904,5208
,,,,,,,,7736,40916,11684,5576
,,,,,,,,7737,41348,11808,5636
,,,,,,,,7738,41160,11756,5612
,,,,,,,,7739,40964,11700,5584
,,,,,,,,7740,40560,11584,5532
,,,,,,,,7741,39916,11400,5444
,,,,,,,,7742,39564,11300,5392
,,,,,,,,7743,39144,11180,5336
,,,,,,,,7744,39440,11264,5376
,,,,,,,,7745,42416,12116,5784
,,,,,,,,7746,45508,12996,6204
,,,,,,,,7747,45320,12944,6180
,,,,,,,,7748,44288,12648,6036
,,,,,,,,7749,42628,12176,5812
,,,,,,,,7750,39716,11344,5412
,,,,,,,,7751,36108,10312,4924
,,,,,,,,7752,32732,9348,4464
,,,,,,,,7753,30568,8732,4168
,,,,,,,,7754,29456,8412,4016
,,,,,,,,7755,29076,8304,3964
,,,,,,,,7756,29164,8328,3976
,,,,,,,,7757,30160,8612,4112
,,,,,,,,7758,33296,9508,4540
,,,,,,,,7759,38404,10968,5236
,,,,,,,,7760,40828,11660,5568
,,,,,,,,7761,41136,11748,5608
,,,,,,,,7762,40880,11676,5572
,,,,,,,,7763,40568,11584,5532
,,,,,,,,7764,40128,11460,5472
,,,,,,,,7765,39652,11324,5408
,,,,,,,,7766,39352,11240,5368
,,,,,,,,7767,38968,11128,5312
,,,,,,,,7768,39276,11220,5352
,,,,,,,,7769,42352,12096,5776
,,,,,,,,7770,44968,12844,6132
,,,,,,,,7771,44756,12780,6100
,,,,,,,,7772,43700,12480,5956
,,,,,,,,7773,42044,12008,5732
,,,,,,,,7774,39440,11264,5376
,,,,,,,,7775,35784,10220,4880
,,,,,,,,7776,32376,9248,4412
,,,,,,,,7777,30084,8592,4100
,,,,,,,,7778,28856,8240,3936
,,,,,,,,7779,28264,8072,3852
,,,,,,,,7780,28196,8052,3844
,,,,,,,,7781,29056,8296,3960
,,,,,,,,7782,31796,9080,4336
,,,,,,,,7783,36436,10404,4968
,,,,,,,,7784,39260,11212,5352
,,,,,,,,7785,40252,11496,5488
,,,,,,,,7786,40648,11608,5540
,,,,,,,,7787,40692,11620,5548
,,,,,,,,7788,40400,11540,5508
,,,,,,,,7789,39752,11356,5420
,,,,,,,,7790,39456,11268,5380
,,,,,,,,7791,39064,11156,5328
,,,,,,,,7792,38944,11120,5312
,,,,,,,,7793,41564,11868,5668
,,,,,,,,7794,44168,12616,6020
,,,,,,,,7795,43580,12444,5940
,,,,,,,,7796,42336,12092,5772
,,,,,,,,7797,40652,11612,5544
,,,,,,,,7798,38232,10920,5212
,,,,,,,,7799,35084,10016,4784
,,,,,,,,7800,31820,9088,4340
,,,,,,,,7801,29360,8384,4000
,,,,,,,,7802,27936,7976,3808
,,,,,,,,7803,27128,7748,3696
,,,,,,,,7804,26844,7668,3660
,,,,,,,,7805,27128,7748,3696
,,,,,,,,7806,28420,8116,3876
,,,,,,,,7807,30352,8668,4140
,,,,,,,,7808,32716,9340,4460
,,,,,,,,7809,35340,10092,4820
,,,,,,,,7810,37068,10584,5052
,,,,,,,,7811,37812,10800,5152
,,,,,,,,7812,37804,10796,5152
,,,,,,,,7813,36500,10424,4976
,,,,,,,,7814,34392,9820,4688
,,,,,,,,7815,32516,9288,4432
,,,,,,,,7816,31564,9016,4300
,,,,,,,,7817,32768,9356,4464
,,,,,,,,7818,34172,9756,4660
,,,,,,,,7819,34192,9764,4664
,,,,,,,,7820,34128,9744,4652
,,,,,,,,7821,33968,9700,4628
,,,,,,,,7822,33044,9436,4504
,,,,,,,,7823,31612,9028,4308
,,,,,,,,7824,29640,8464,4040
,,,,,,,,7825,27876,7960,3800
,,,,,,,,7826,26916,7688,3672
,,,,,,,,7827,26560,7588,3620
,,,,,,,,7828,26520,7572,3612
,,,,,,,,7829,27148,7752,3700
,,,,,,,,7830,28748,8212,3916
,,,,,,,,7831,30844,8812,4204
,,,,,,,,7832,32628,9316,4448
,,,,,,,,7833,34364,9816,4684
,,,,,,,,7834,35404,10112,4824
,,,,,,,,7835,35732,10204,4872
,,,,,,,,7836,35568,10156,4848
,,,,,,,,7837,35040,10008,4776
,,,,,,,,7838,34460,9840,4700
,,,,,,,,7839,34148,9752,4656
,,,,,,,,7840,34516,9856,4704
,,,,,,,,7841,37680,10760,5136
,,,,,,,,7842,40064,11440,5464
,,,,,,,,7843,39420,11260,5372
,,,,,,,,7844,38188,10904,5208
,,,,,,,,7845,36772,10500,5012
,,,,,,,,7846,34876,9960,4756
,,,,,,,,7847,32376,9248,4412
,,,,,,,,7848,29608,8456,4036
,,,,,,,,7849,27488,7852,3748
,,,,,,,,7850,26176,7476,3568
,,,,,,,,7851,25508,7284,3476
,,,,,,,,7852,25240,7208,3440
,,,,,,,,7853,25488,7280,3472
,,,,,,,,7854,26536,7576,3616
,,,,,,,,7855,28404,8112,3872
,,,,,,,,7856,30536,8720,4160
,,,,,,,,7857,33296,9508,4540
,,,,,,,,7858,35184,10048,4796
,,,,,,,,7859,35832,10236,4888
,,,,,,,,7860,35944,10264,4900
,,,,,,,,7861,35772,10216,4876
,,,,,,,,7862,35344,10096,4820
,,,,,,,,7863,35216,10056,4804
,,,,,,,,7864,35836,10236,4888
,,,,,,,,7865,39096,11164,5328
,,,,,,,,7866,41560,11868,5668
,,,,,,,,7867,41224,11776,5620
,,,,,,,,7868,40252,11496,5488
,,,,,,,,7869,39136,11180,5336
,,,,,,,,7870,37436,10692,5104
,,,,,,,,7871,35016,10000,4772
,,,,,,,,7872,32416,9256,4420
,,,,,,,,7873,30320,8656,4132
,,,,,,,,7874,29024,8292,3956
,,,,,,,,7875,28372,8104,3868
,,,,,,,,7876,28148,8036,3836
,,,,,,,,7877,28404,8112,3872
,,,,,,,,7878,29236,8352,3984
,,,,,,,,7879,30552,8724,4164
,,,,,,,,7880,32168,9188,4384
,,,,,,,,7881,34756,9924,4740
,,,,,,,,7882,36676,10476,5000
,,,,,,,,7883,37832,10804,5156
,,,,,,,,7884,38408,10968,5236
,,,,,,,,7885,38456,10980,5244
,,,,,,,,7886,38060,10868,5192
,,,,,,,,7887,38032,10860,5188
,,,,,,,,7888,38792,11080,5288
,,,,,,,,7889,42276,12076,5764
,,,,,,,,7890,44920,12828,6124
,,,,,,,,7891,44576,12732,6076
,,,,,,,,7892,43384,12388,5916
,,,,,,,,7893,41916,11972,5712
,,,,,,,,7894,38804,11080,5288
,,,,,,,,7895,35428,10116,4828
,,,,,,,,7896,32388,9248,4416
,,,,,,,,7897,30364,8672,4140
,,,,,,,,7898,29308,8372,3996
,,,,,,,,7899,28872,8244,3936
,,,,,,,,7900,28892,8252,3936
,,,,,,,,7901,29960,8552,4084
,,,,,,,,7902,33000,9424,4500
,,,,,,,,7903,38360,10956,5232
,,,,,,,,7904,41072,11728,5600
,,,,,,,,7905,41304,11796,5632
,,,,,,,,7906,41376,11816,5640
,,,,,,,,7907,41320,11800,5632
,,,,,,,,7908,41080,11732,5600
,,,,,,,,7909,40748,11640,5552
,,,,,,,,7910,40452,11552,5512
,,,,,,,,7911,40036,11436,5456
,,,,,,,,7912,40464,11560,5516
,,,,,,,,7913,43800,12508,5972
,,,,,,,,7914,47096,13448,6420
,,,,,,,,7915,47036,13432,6412
,,,,,,,,7916,46032,13144,6276
,,,,,,,,7917,44220,12628,6028
,,,,,,,,7918,41232,11776,5620
,,,,,,,,7919,37304,10656,5088
,,,,,,,,7920,33780,9648,4604
,,,,,,,,7921,31596,9024,4308
,,,,,,,,7922,30452,8696,4152
,,,,,,,,7923,29908,8540,4080
,,,,,,,,7924,29880,8536,4072
,,,,,,,,7925,30796,8796,4200
,,,,,,,,7926,33712,9628,4596
,,,,,,,,7927,39044,11148,5324
,,,,,,,,7928,41884,11964,5712
,,,,,,,,7929,42572,12160,5804
,,,,,,,,7930,42876,12244,5844
,,,,,,,,7931,43208,12340,5892
,,,,,,,,7932,43340,12380,5908
,,,,,,,,7933,43280,12360,5900
,,,,,,,,7934,43244,12348,5896
,,,,,,,,7935,43000,12280,5860
,,,,,,,,7936,43552,12440,5936
,,,,,,,,7937,46540,13292,6344
,,,,,,,,7938,48516,13856,6616
,,,,,,,,7939,48144,13748,6564
,,,,,,,,7940,46856,13384,6388
,,,,,,,,7941,44828,12804,6112
,,,,,,,,7942,41584,11876,5672
,,,,,,,,7943,37532,10720,5116
,,,,,,,,7944,33904,9680,4624
,,,,,,,,7945,31540,9008,4300
,,,,,,,,7946,30284,8648,4128
,,,,,,,,7947,29772,8500,4056
,,,,,,,,7948,29764,8500,4056
,,,,,,,,7949,30700,8768,4184
,,,,,,,,7950,33664,9616,4588
,,,,,,,,7951,39080,11160,5328
,,,,,,,,7952,41940,11980,5716
,,,,,,,,7953,42256,12068,5760
,,,,,,,,7954,42328,12088,5772
,,,,,,,,7955,42452,12120,5788
,,,,,,,,7956,42120,12028,5740
,,,,,,,,7957,41604,11880,5672
,,,,,,,,7958,41480,11844,5656
,,,,,,,,7959,41372,11816,5640
,,,,,,,,7960,41980,11988,5724
,,,,,,,,7961,45264,12924,6172
,,,,,,,,7962,47888,13680,6528
,,,,,,,,7963,47624,13600,6492
,,,,,,,,7964,46572,13300,6348
,,,,,,,,7965,44900,12820,6120
,,,,,,,,7966,42036,12004,5732
,,,,,,,,7967,38132,10888,5200
,,,,,,,,7968,34560,9872,4712
,,,,,,,,7969,32256,9212,4400
,,,,,,,,7970,31108,8884,4240
,,,,,,,,7971,30624,8748,4176
,,,,,,,,7972,30624,8748,4176
,,,,,,,,7973,31504,8996,4296
,,,,,,,,7974,34552,9868,4708
,,,,,,,,7975,40000,11424,5452
,,,,,,,,7976,42556,12152,5800
,,,,,,,,7977,42548,12152,5800
,,,,,,,,7978,42248,12064,5760
,,,,,,,,7979,42096,12020,5740
,,,,,,,,7980,41780,11932,5696
,,,,,,,,7981,41152,11752,5612
,,,,,,,,7982,40944,11692,5580
,,,,,,,,7983,40580,11588,5532
,,,,,,,,7984,41060,11724,5596
,,,,,,,,7985,44220,12628,6028
,,,,,,,,7986,47072,13444,6420
,,,,,,,,7987,47256,13496,6444
,,,,,,,,7988,46328,13232,6316
,,,,,,,,7989,44516,12716,6068
,,,,,,,,7990,41580,11876,5668
,,,,,,,,7991,37612,10740,5128
,,,,,,,,7992,33964,9696,4628
,,,,,,,,7993,31604,9028,4308
,,,,,,,,7994,30412,8684,4144
,,,,,,,,7995,29828,8516,4064
,,,,,,,,7996,29864,8528,4072
,,,,,,,,7997,30824,8804,4200
,,,,,,,,7998,33884,9676,4620
,,,,,,,,7999,39228,11200,5348
,,,,,,,,8000,41948,11980,5716
,,,,,,,,8001,42616,12172,5812
,,,,,,,,8002,42808,12224,5836
,,,,,,,,8003,42656,12184,5816
,,,,,,,,8004,42324,12088,5772
,,,,,,,,8005,41916,11972,5712
,,,,,,,,8006,41796,11940,5696
,,,,,,,,8007,41660,11900,5680
,,,,,,,,8008,42304,12080,5768
,,,,,,,,8009,45564,13012,6212
,,,,,,,,8010,47288,13504,6444
,,,,,,,,8011,46548,13292,6344
,,,,,,,,8012,45356,12952,6184
,,,,,,,,8013,43856,12524,5976
,,,,,,,,8014,41568,11872,5668
,,,,,,,,8015,38352,10952,5232
,,,,,,,,8016,35016,10000,4772
,,,,,,,,8017,32488,9276,4428
,,,,,,,,8018,31012,8856,4228
,,,,,,,,8019,30308,8656,4132
,,,,,,,,8020,30072,8588,4100
,,,,,,,,8021,30348,8668,4140
,,,,,,,,8022,31488,8992,4292
,,,,,,,,8023,33792,9652,4604
,,,,,,,,8024,36364,10384,4956
,,,,,,,,8025,39180,11188,5340
,,,,,,,,8026,41028,11720,5592
,,,,,,,,8027,41884,11964,5712
,,,,,,,,8028,41984,11988,5724
,,,,,,,,8029,41800,11940,5696
,,,,,,,,8030,41400,11820,5644
,,,,,,,,8031,41120,11744,5608
,,,,,,,,8032,41632,11888,5676
,,,,,,,,8033,44416,12684,6056
,,,,,,,,8034,45624,13028,6220
,,,,,,,,8035,44872,12816,6120
,,,,,,,,8036,43412,12400,5916
,,,,,,,,8037,41920,11972,5712
,,,,,,,,8038,39860,11384,5432
,,,,,,,,8039,37012,10572,5048
,,,,,,,,8040,33892,9676,4620
,,,,,,,,8041,31464,8984,4288
,,,,,,,,8042,29940,8552,4080
,,,,,,,,8043,29036,8292,3956
,,,,,,,,8044,28620,8176,3900
,,,,,,,,8045,28656,8184,3908
,,,,,,,,8046,29352,8380,4000
,,,,,,,,8047,30832,8804,4200
,,,,,,,,8048,32728,9348,4464
,,,,,,,,8049,35304,10080,4812
,,,,,,,,8050,37184,10620,5068
,,,,,,,,8051,38032,10860,5188
,,,,,,,,8052,38308,10940,5224
,,,,,,,,8053,38332,10948,5228
,,,,,,,,8054,37912,10828,5168
,,,,,,,,8055,37536,10720,5116
,,,,,,,,8056,38076,10876,5192
,,,,,,,,8057,41816,11940,5700
,,,,,,,,8058,44104,12596,6016
,,,,,,,,8059,43604,12452,5944
,,,,,,,,8060,42376,12100,5776
,,,,,,,,8061,40536,11576,5528
,,,,,,,,8062,37592,10736,5124
,,,,,,,,8063,33960,9696,4628
,,,,,,,,8064,30608,8740,4172
,,,,,,,,8065,28380,8104,3868
,,,,,,,,8066,27184,7764,3704
,,,,,,,,8067,26568,7588,3620
,,,,,,,,8068,26624,7604,3632
,,,,,,,,8069,27632,7892,3768
,,,,,,,,8070,30700,8768,4184
,,,,,,,,8071,36164,10328,4928
,,,,,,,,8072,38768,11072,5288
,,,,,,,,8073,39104,11168,5328
,,,,,,,,8074,39276,11216,5352
,,,,,,,,8075,39416,11260,5372
,,,,,,,,8076,39236,11204,5352
,,,,,,,,8077,38952,11124,5312
,,,,,,,,8078,38744,11064,5284
,,,,,,,,8079,38432,10976,5240
,,,,,,,,8080,38756,11068,5284
,,,,,,,,8081,42232,12060,5756
,,,,,,,,8082,45516,13000,6204
,,,,,,,,8083,45344,12948,6180
,,,,,,,,8084,44280,12644,6036
,,,,,,,,8085,42516,12140,5796
,,,,,,,,8086,39580,11304,5396
,,,,,,,,8087,35632,10180,4860
,,,,,,,,8088,32072,9156,4372
,,,,,,,,8089,29644,8464,4040
,,,,,,,,8090,28460,8128,3876
,,,,,,,,8091,27992,7992,3816
,,,,,,,,8092,27944,7980,3808
,,,,,,,,8093,28920,8260,3940
,,,,,,,,8094,31968,9128,4360
,,,,,,,,8095,37352,10664,5092
,,,,,,,,8096,40280,11500,5492
,,,,,,,,8097,40912,11684,5576
,,,,,,,,8098,41248,11780,5624
,,,,,,,,8099,41480,11844,5656
,,,,,,,,8100,41468,11840,5656
,,,,,,,,8101,41240,11780,5620
,,,,,,,,8102,41044,11720,5596
,,,,,,,,8103,40680,11620,5548
,,,,,,,,8104,41048,11720,5596
,,,,,,,,8105,44216,12628,6028
,,,,,,,,8106,46380,13244,6320
,,,,,,,,8107,45920,13116,6260
,,,,,,,,8108,44528,12720,6072
,,,,,,,,8109,42564,12156,5804
,,,,,,,,8110,39452,11268,5380
,,,,,,,,8111,35136,10036,4788
,,,,,,,,8112,31300,8940,4268
,,,,,,,,8113,28872,8244,3936
,,,,,,,,8114,27516,7856,3752
,,,,,,,,8115,26704,7628,3640
,,,,,,,,8116,26516,7572,3612
,,,,,,,,8117,27292,7792,3720
,,,,,,,,8118,30120,8600,4104
,,,,,,,,8119,35464,10128,4836
,,,,,,,,8120,38252,10924,5212
,,,,,,,,8121,38696,11052,5276
,,,,,,,,8122,38836,11092,5292
,,,,,,,,8123,38996,11140,5316
,,,,,,,,8124,38976,11132,5312
,,,,,,,,8125,38832,11088,5292
,,,,,,,,8126,38916,11116,5308
,,,,,,,,8127,38848,11096,5296
,,,,,,,,8128,39500,11280,5384
,,,,,,,,8129,43284,12364,5900
,,,,,,,,8130,46328,13232,6316
,,,,,,,,8131,46332,13232,6316
,,,,,,,,8132,45444,12980,6196
,,,,,,,,8133,43904,12540,5984
,,,,,,,,8134,41028,11720,5592
,,,,,,,,8135,37124,10600,5060
,,,,,,,,8136,33500,9568,4564
,,,,,,,,8137,31292,8936,4264
,,,,,,,,8138,30212,8628,4120
,,,,,,,,8139,29748,8496,4056
,,,,,,,,8140,29792,8508,4060
,,,,,,,,8141,30880,8816,4208
,,,,,,,,8142,34128,9744,4652
,,,,,,,,8143,39724,11344,5416
,,,,,,,,8144,42376,12100,5776
,,,,,,,,8145,42524,12144,5796
,,,,,,,,8146,42396,12108,5780
,,,,,,,,8147,42196,12052,5756
,,,,,,,,8148,41684,11904,5684
,,,,,,,,8149,41104,11740,5604
,,,,,,,,8150,40784,11648,5560
,,,,,,,,8151,40492,11564,5520
,,,,,,,,8152,41048,11720,5596
,,,,,,,,8153,45036,12864,6140
,,,,,,,,8154,48112,13744,6560
,,,,,,,,8155,48128,13744,6564
,,,,,,,,8156,47320,13512,6452
,,,,,,,,8157,45796,13080,6244
,,,,,,,,8158,43020,12284,5864
,,,,,,,,8159,39012,11140,5316
,,,,,,,,8160,35192,10052,4800
,,,,,,,,8161,32764,9356,4464
,,,,,,,,8162,31540,9008,4300
,,,,,,,,8163,30912,8828,4216
,,,,,,,,8164,30860,8812,4208
,,,,,,,,8165,31748,9068,4328
,,,,,,,,8166,34652,9896,4724
,,,,,,,,8167,39960,11412,5448
,,,,,,,,8168,42752,12208,5828
,,,,,,,,8169,43208,12340,5892
,,,,,,,,8170,43124,12316,5876
,,,,,,,,8171,43008,12280,5864
,,,,,,,,8172,42500,12140,5796
,,,,,,,,8173,41860,11956,5708
,,,,,,,,8174,41724,11916,5688
,,,,,,,,8175,41512,11856,5660
,,,,,,,,8176,41960,11980,5720
,,,,,,,,8177,45088,12876,6148
,,,,,,,,8178,46352,13240,6320
,,,,,,,,8179,45532,13000,6208
,,,,,,,,8180,44060,12584,6008
,,,,,,,,8181,42360,12100,5776
,,,,,,,,8182,40012,11428,5452
,,,,,,,,8183,36664,10472,5000
,,,,,,,,8184,33032,9436,4504
,,,,,,,,8185,30360,8672,4140
,,,,,,,,8186,28800,8224,3924
,,,,,,,,8187,27892,7968,3800
,,,,,,,,8188,27576,7876,3756
,,,,,,,,8189,27788,7936,3788
,,,,,,,,8190,28892,8252,3936
,,,,,,,,8191,31016,8856,4228
,,,,,,,,8192,33588,9592,4580
,,,,,,,,8193,36412,10400,4964
,,,,,,,,8194,38312,10940,5224
,,,,,,,,8195,39228,11200,5348
,,,,,,,,8196,39284,11220,5356
,,,,,,,,8197,38872,11100,5300
,,,,,,,,8198,38308,10940,5224
,,,,,,,,8199,38052,10868,5188
,,,,,,,,8200,38508,10996,5248
,,,,,,,,8201,41460,11840,5652
,,,,,,,,8202,43040,12292,5868
,,,,,,,,8203,42244,12064,5760
,,,,,,,,8204,40860,11668,5572
,,,,,,,,8205,39472,11276,5380
,,,,,,,,8206,37536,10720,5116
,,,,,,,,8207,34852,9956,4752
,,,,,,,,8208,31744,9064,4328
,,,,,,,,8209,29304,8368,3996
,,,,,,,,8210,27736,7920,3780
,,,,,,,,8211,26908,7688,3668
,,,,,,,,8212,26544,7580,3616
,,,,,,,,8213,26756,7640,3648
,,,,,,,,8214,27536,7864,3756
,,,,,,,,8215,29124,8316,3972
,,,,,,,,8216,30792,8796,4200
,,,,,,,,8217,33316,9516,4544
,,,,,,,,8218,35256,10068,4808
,,,,,,,,8219,36276,10360,4944
,,,,,,,,8220,36832,10516,5020
,,,,,,,,8221,37032,10576,5048
,,,,,,,,8222,36832,10516,5020
,,,,,,,,8223,36628,10460,4992
,,,,,,,,8224,37612,10740,5128
,,,,,,,,8225,42008,11996,5728
,,,,,,,,8226,44504,12712,6068
,,,,,,,,8227,44256,12640,6036
,,,,,,,,8228,43228,12344,5896
,,,,,,,,8229,41548,11864,5664
,,,,,,,,8230,38772,11072,5288
,,,,,,,,8231,35076,10016,4784
,,,,,,,,8232,31576,9016,4304
,,,,,,,,8233,29272,8360,3992
,,,,,,,,8234,28104,8028,3832
,,,,,,,,8235,27584,7876,3760
,,,,,,,,8236,27524,7860,3752
,,,,,,,,8237,28496,8136,3884
,,,,,,,,8238,31436,8976,4284
,,,,,,,,8239,36740,10492,5008
,,,,,,,,8240,40220,11488,5484
,,,,,,,,8241,41012,11712,5592
,,,,,,,,8242,41560,11868,5668
,,,,,,,,8243,42000,11996,5728
,,,,,,,,8244,42064,12012,5736
,,,,,,,,8245,41948,11980,5716
,,,,,,,,8246,41892,11964,5712
,,,,,,,,8247,41540,11864,5664
,,,,,,,,8248,42196,12052,5756
,,,,,,,,8249,45316,12944,6180
,,,,,,,,8250,47184,13476,6432
,,,,,,,,8251,46608,13312,6356
,,,,,,,,8252,45208,12912,6164
,,,,,,,,8253,43192,12336,5888
,,,,,,,,8254,39988,11420,5452
,,,,,,,,8255,36008,10284,4908
,,,,,,,,8256,32036,9148,4368
,,,,,,,,8257,29192,8336,3976
,,,,,,,,8258,27672,7904,3772
,,,,,,,,8259,26908,7684,3668
,,,,,,,,8260,26772,7648,3652
,,,,,,,,8261,27528,7860,3752
,,,,,,,,8262,30544,8724,4164
,,,,,,,,8263,36068,10300,4916
,,,,,,,,8264,39336,11236,5364
,,,,,,,,8265,40040,11436,5460
,,,,,,,,8266,40236,11492,5488
,,,,,,,,8267,40228,11488,5484
,,,,,,,,8268,40112,11456,5468
,,,,,,,,8269,39740,11352,5416
,,,,,,,,8270,39668,11328,5408
,,,,,,,,8271,39520,11288,5388
,,,,,,,,8272,40216,11484,5484
,,,,,,,,8273,44112,12600,6016
,,,,,,,,8274,47216,13484,6440
,,,,,,,,8275,47192,13480,6436
,,,,,,,,8276,46292,13224,6312
,,,,,,,,8277,44696,12764,6096
,,,,,,,,8278,41832,11944,5704
,,,,,,,,8279,37696,10764,5140
,,,,,,,,8280,33848,9668,4616
,,,,,,,,8281,31436,8976,4284
,,,,,,,,8282,30272,8644,4124
,,,,,,,,8283,29752,8496,4056
,,,,,,,,8284,29792,8508,4060
,,,,,,,,8285,30848,8812,4204
,,,,,,,,8286,33988,9704,4632
,,,,,,,,8287,39620,11316,5400
,,,,,,,,8288,42556,12152,5800
,,,,,,,,8289,42724,12200,5824
,,,,,,,,8290,42548,12152,5800
,,,,,,,,8291,42344,12092,5776
,,,,,,,,8292,42052,12008,5736
,,,,,,,,8293,41540,11864,5664
,,,,,,,,8294,41400,11820,5644
,,,,,,,,8295,41092,11736,5600
,,,,,,,,8296,41840,11948,5704
,,,,,,,,8297,45808,13084,6244
,,,,,,,,8298,48728,13916,6644
,,,,,,,,8299,48532,13864,6620
,,,,,,,,8300,47652,13608,6496
,,,,,,,,8301,46028,13144,6276
,,,,,,,,8302,43252,12352,5896
,,,,,,,,8303,39120,11172,5332
,,,,,,,,8304,35156,10040,4792
,,,,,,,,8305,32492,9280,4428
,,,,,,,,8306,31136,8892,4244
,,,,,,,,8307,30576,8732,4168
,,,,,,,,8308,30632,8748,4176
,,,,,,,,8309,31564,9016,4300
,,,,,,,,8310,34640,9892,4724
,,,,,,,,8311,40192,11480,5480
,,,,,,,,8312,43004,12280,5860
,,,,,,,,8313,43148,12324,5880
,,,,,,,,8314,42552,12152,5800
,,,,,,,,8315,41996,11996,5724
,,,,,,,,8316,41424,11828,5648
,,,,,,,,8317,40804,11656,5564
,,,,,,,,8318,40536,11580,5528
,,,,,,,,8319,40244,11496,5488
,,,,,,,,8320,40792,11648,5560
,,,,,,,,8321,44568,12728,6076
,,,,,,,,8322,48028,13716,6548
,,,,,,,,8323,48076,13728,6556
,,,,,,,,8324,47324,13516,6452
,,,,,,,,8325,45852,13096,6252
,,,,,,,,8326,43156,12324,5884
,,,,,,,,8327,39108,11168,5328
,,,,,,,,8328,35192,10052,4800
,,,,,,,,8329,32600,9312,4444
,,,,,,,,8330,31340,8952,4272
,,,,,,,,8331,30776,8792,4196
,,,,,,,,8332,30776,8792,4196
,,,,,,,,8333,31704,9056,4320
,,,,,,,,8334,34732,9916,4736
,,,,,,,,8335,40152,11468,5472
,,,,,,,,8336,42980,12276,5856
,,,,,,,,8337,43096,12308,5876
,,,,,,,,8338,42604,12168,5808
,,,,,,,,8339,42160,12040,5748
,,,,,,,,8340,41560,11868,5668
,,,,,,,,8341,40736,11636,5552
,,,,,,,,8342,40176,11476,5476
,,,,,,,,8343,39876,11388,5436
,,,,,,,,8344,40324,11516,5496
,,,,,,,,8345,43984,12560,5996
,,,,,,,,8346,46576,13304,6348
,,,,,,,,8347,46004,13140,6272
,,,,,,,,8348,44880,12820,6120
,,,,,,,,8349,43464,12412,5924
,,,,,,,,8350,41400,11824,5644
,,,,,,,,8351,38140,10892,5200
,,,,,,,,8352,34544,9864,4708
,,,,,,,,8353,31824,9088,4340
,,,,,,,,8354,30232,8632,4120
,,,,,,,,8355,29540,8436,4028
,,,,,,,,8356,29316,8372,3996
,,,,,,,,8357,29660,8472,4040
,,,,,,,,8358,30920,8832,4216
,,,,,,,,8359,33312,9516,4544
,,,,,,,,8360,35748,10208,4872
,,,,,,,,8361,38076,10876,5192
,,,,,,,,8362,39252,11208,5352
,,,,,,,,8363,39440,11264,5376
,,,,,,,,8364,39012,11140,5316
,,,,,,,,8365,38236,10920,5212
,,,,,,,,8366,37472,10700,5108
,,,,,,,,8367,37176,10620,5068
,,,,,,,,8368,37824,10800,5156
,,,,,,,,8369,41956,11980,5720
,,,,,,,,8370,44756,12780,6100
,,,,,,,,8371,44408,12680,6056
,,,,,,,,8372,43332,12376,5908
,,,,,,,,8373,42248,12064,5760
,,,,,,,,8374,40460,11556,5516
,,,,,,,,8375,37800,10796,5152
,,,,,,,,8376,34616,9884,4720
,,,,,,,,8377,32008,9140,4360
,,,,,,,,8378,30416,8688,4144
,,,,,,,,8379,29564,8444,4032
,,,,,,,,8380,29192,8336,3976
,,,,,,,,8381,29296,8364,3996
,,,,,,,,8382,30060,8584,4100
,,,,,,,,8383,31700,9056,4320
,,,,,,,,8384,33788,9648,4604
,,,,,,,,8385,36800,10508,5016
,,,,,,,,8386,39228,11200,5348
,,,,,,,,8387,40532,11576,5528
,,,,,,,,8388,41316,11800,5632
,,,,,,,,8389,41920,11972,5712
,,,,,,,,8390,42116,12028,5740
,,,,,,,,8391,42184,12044,5752
,,,,,,,,8392,43112,12312,5876
,,,,,,,,8393,46296,13224,6312
,,,,,,,,8394,47904,13680,6532
,,,,,,,,8395,47512,13568,6480
,,,,,,,,8396,46204,13196,6300
,,,,,,,,8397,44444,12692,6060
,,,,,,,,8398,41948,11980,5716
,,,,,,,,8399,38292,10936,5220
,,,,,,,,8400,34596,9880,4716
,,,,,,,,8401,31880,9104,4344
,,,,,,,,8402,30304,8656,4132
,,,,,,,,8403,29720,8488,4052
,,,,,,,,8404,29648,8468,4040
,,,,,,,,8405,30632,8748,4176
,,,,,,,,8406,33512,9572,4568
,,,,,,,,8407,38752,11064,5284
,,,,,,,,8408,42376,12100,5776
,,,,,,,,8409,43472,12416,5928
,,,,,,,,8410,43900,12540,5984
,,,,,,,,8411,44336,12664,6044
,,,,,,,,8412,44404,12680,6056
,,,,,,,,8413,44128,12600,6016
,,,,,,,,8414,43952,12552,5992
,,,,,,,,8415,43644,12460,5952
,,,,,,,,8416,44228,12632,6032
,,,,,,,,8417,47540,13576,6484
,,,,,,,,8418,49432,14120,6740
,,,,,,,,8419,48944,13980,6672
,,,,,,,,8420,47716,13624,6504
,,,,,,,,8421,45832,13088,6248
,,,,,,,,8422,42640,12180,5816
,,,,,,,,8423,38324,10944,5224
,,,,,,,,8424,34204,9768,4664
,,,,,,,,8425,31384,8964,4280
,,,,,,,,8426,29996,8568,4088
,,,,,,,,8427,29228,8348,3984
,,,,,,,,8428,29080,8304,3964
,,,,,,,,8429,29828,8516,4064
,,,,,,,,8430,32628,9316,4448
,,,,,,,,8431,37848,10808,5160
,,,,,,,,8432,41196,11764,5616
,,,,,,,,8433,41736,11920,5692
,,,,,,,,8434,41928,11976,5716
,,,,,,,,8435,42180,12044,5752
,,,,,,,,8436,42104,12024,5740
,,,,,,,,8437,41656,11900,5680
,,,,,,,,8438,41464,11840,5656
,,,,,,,,8439,41148,11752,5612
,,,,,,,,8440,41656,11896,5676
,,,,,,,,8441,44880,12820,6120
,,,,,,,,8442,47260,13496,6444
,,,,,,,,8443,46956,13408,6400
,,,,,,,,8444,45876,13104,6256
,,,,,,,,8445,44148,12608,6016
,,,,,,,,8446,41232,11776,5620
,,,,,,,,8447,37156,10612,5068
,,,,,,,,8448,33148,9468,4520
,,,,,,,,8449,30284,8648,4128
,,,,,,,,8450,28856,8240,3936
,,,,,,,,8451,28264,8072,3852
,,,,,,,,8452,28256,8072,3852
,,,,,,,,8453,29220,8344,3984
,,,,,,,,8454,32160,9184,4384
,,,,,,,,8455,37584,10732,5124
,,,,,,,,8456,40752,11640,5556
,,,,,,,,8457,41208,11768,5616
,,,,,,,,8458,41280,11788,5628
,,,,,,,,8459,41296,11796,5632
,,,,,,,,8460,41092,11736,5600
,,,,,,,,8461,40716,11628,5552
,,,,,,,,8462,40764,11640,5556
,,,,,,,,8463,40724,11632,5552
,,,,,,,,8464,41284,11792,5628
,,,,,,,,8465,44844,12808,6116
,,,,,,,,8466,47700,13624,6500
,,,,,,,,8467,47544,13576,6484
,,,,,,,,8468,46568,13300,6348
,,,,,,,,8469,45044,12864,6140
,,,,,,,,8470,42288,12080,5764
,,,,,,,,8471,38216,10916,5208
,,,,,,,,8472,34112,9740,4648
,,,,,,,,8473,31396,8968,4280
,,,,,,,,8474,29904,8540,4076
,,,,,,,,8475,29272,8360,3992
,,,,,,,,8476,29276,8360,3992
,,,,,,,,8477,30260,8640,4124
,,,,,,,,8478,33344,9520,4544
,,,,,,,,8479,38852,11096,5296
,,,,,,,,8480,41692,11908,5684
,,,,,,,,8481,42096,12020,5736
,,,,,,,,8482,41948,11980,5716
,,,,,,,,8483,41700,11908,5684
,,,,,,,,8484,41264,11784,5628
,,,,,,,,8485,40652,11612,5544
,,,,,,,,8486,40572,11588,5532
,,,,,,,,8487,40712,11628,5552
,,,,,,,,8488,41620,11884,5672
,,,,,,,,8489,45088,12876,6148
,,,,,,,,8490,47556,13584,6484
,,,,,,,,8491,47276,13504,6444
,,,,,,,,8492,46376,13244,6320
,,,,,,,,8493,45064,12868,6144
,,,,,,,,8494,42364,12100,5776
,,,,,,,,8495,38304,10940,5224
,,,,,,,,8496,34340,9808,4684
,,,,,,,,8497,31536,9008,4300
,,,,,,,,8498,29948,8552,4080
,,,,,,,,8499,29180,8332,3976
,,,,,,,,8500,29168,8332,3976
,,,,,,,,8501,29892,8536,4076
,,,,,,,,8502,32544,9296,4436
,,,,,,,,8503,37484,10704,5108
,,,,,,,,8504,41080,11732,5600
,,,,,,,,8505,42280,12076,5764
,,,,,,,,8506,42872,12244,5844
,,,,,,,,8507,43096,12308,5876
,,,,,,,,8508,42928,12260,5852
,,,,,,,,8509,42144,12036,5744
,,,,,,,,8510,41540,11864,5664
,,,,,,,,8511,40720,11628,5552
,,,,,,,,8512,40508,11568,5524
,,,,,,,,8513,43440,12404,5920
,,,,,,,,8514,45580,13020,6216
,,,,,,,,8515,44864,12812,6120
,,,,,,,,8516,43612,12456,5944
,,,,,,,,8517,42120,12028,5740
,,,,,,,,8518,40016,11428,5456
,,,,,,,,8519,36932,10548,5036
,,,,,,,,8520,33376,9532,4548
,,,,,,,,8521,30756,8784,4192
,,,,,,,,8522,29192,8336,3976
,,,,,,,,8523,28324,8092,3860
,,,,,,,,8524,28084,8020,3828
,,,,,,,,8525,28356,8096,3864
,,,,,,,,8526,29348,8380,4000
,,,,,,,,8527,31532,9004,4300
,,,,,,,,8528,34020,9716,4640
,,,,,,,,8529,36852,10524,5024
,,,,,,,,8530,38712,11056,5276
,,,,,,,,8531,39320,11228,5360
,,,,,,,,8532,39460,11272,5380
,,,,,,,,8533,39192,11192,5344
,,,,,,,,8534,38888,11104,5300
,,,,,,,,8535,38836,11092,5292
,,,,,,,,8536,39500,11280,5384
,,,,,,,,8537,42964,12268,5856
,,,,,,,,8538,45712,13056,6232
,,,,,,,,8539,45576,13016,6216
,,,,,,,,8540,44616,12740,6084
,,,,,,,,8541,43460,12412,5924
,,,,,,,,8542,41772,11928,5696
,,,,,,,,8543,39004,11140,5316
,,,,,,,,8544,35720,10200,4868
,,,,,,,,8545,33012,9428,4500
,,,,,,,,8546,31288,8936,4264
,,,,,,,,8547,30372,8676,4140
,,,,,,,,8548,29948,8552,4080
,,,,,,,,8549,30020,8576,4092
,,,,,,,,8550,30836,8808,4204
,,,,,,,,8551,32496,9280,4428
,,,,,,,,8552,34288,9792,4672
,,,,,,,,8553,36628,10460,4992
,,,,,,,,8554,38156,10900,5204
,,,,,,,,8555,38676,11044,5272
,,,,,,,,8556,39012,11140,5316
,,,,,,,,8557,39136,11176,5332
,,,,,,,,8558,38872,11100,5300
,,,,,,,,8559,38568,11016,5256
,,,,,,,,8560,38812,11084,5288
,,,,,,,,8561,42304,12080,5768
,,,,,,,,8562,45256,12924,6172
,,,,,,,,8563,45224,12916,6164
,,,,,,,,8564,44396,12680,6052
,,,,,,,,8565,43300,12364,5904
,,,,,,,,8566,41248,11780,5624
,,,,,,,,8567,38316,10940,5224
,,,,,,,,8568,34852,9952,4748
,,,,,,,,8569,32080,9160,4372
,,,,,,,,8570,30476,8704,4156
,,,,,,,,8571,29652,8468,4040
,,,,,,,,8572,29500,8424,4020
,,,,,,,,8573,30152,8612,4112
,,,,,,,,8574,31916,9116,4352
,,,,,,,,8575,34668,9900,4724
,,,,,,,,8576,37108,10596,5060
,,,,,,,,8577,39268,11216,5352
,,,,,,,,8578,40472,11560,5516
,,,,,,,,8579,40880,11676,5572
,,,,,,,,8580,40684,11620,5548
,,,,,,,,8581,40028,11432,5456
,,,,,,,,8582,39500,11280,5388
,,,,,,,,8583,39400,11252,5372
,,,,,,,,8584,39792,11364,5424
,,,,,,,,8585,42892,12248,5848
,,,,,,,,8586,44584,12732,6076
,,,,,,,,8587,42832,12232,5836
,,,,,,,,8588,41084,11732,5600
,,,,,,,,8589,39960,11412,5448
,,,,,,,,8590,38900,11108,5304
,,,,,,,,8591,37152,10612,5068
,,,,,,,,8592,34676,9900,4724
,,,,,,,,8593,32116,9172,4380
,,,,,,,,8594,30276,8644,4128
,,,,,,,,8595,29220,8344,3984
,,,,,,,,8596,28924,8260,3940
,,,,,,,,8597,29128,8316,3972
,,,,,,,,8598,30064,8584,4100
,,,,,,,,8599,31832,9092,4340
,,,,,,,,8600,34112,9740,4648
,,,,,,,,8601,36708,10484,5004
,,,,,,,,8602,38552,11008,5256
,,,,,,,,8603,39276,11220,5352
,,,,,,,,8604,39576,11300,5396
,,,,,,,,8605,39252,11208,5352
,,,,,,,,8606,38264,10928,5216
,,,,,,,,8607,37116,10600,5060
,,,,,,,,8608,36748,10496,5008
,,,,,,,,8609,38844,11092,5296
,,,,,,,,8610,40596,11596,5532
,,,,,,,,8611,40560,11584,5532
,,,,,,,,8612,40368,11528,5504
,,,,,,,,8613,39980,11420,5452
,,,,,,,,8614,38732,11060,5280
,,,,,,,,8615,36316,10372,4948
,,,,,,,,8616,33592,9596,4580
,,,,,,,,8617,31580,9016,4304
,,,,,,,,8618,30484,8708,4156
,,,,,,,,8619,29996,8568,4088
,,,,,,,,8620,30144,8608,4108
,,,,,,,,8621,31012,8856,4228
,,,,,,,,8622,33252,9496,4532
,,,,,,,,8623,36896,10540,5028
,,,,,,,,8624,39696,11336,5412
,,,,,,,,8625,41572,11872,5668
,,,,,,,,8626,42752,12208,5828
,,,,,,,,8627,43356,12380,5912
,,,,,,,,8628,43556,12440,5936
,,,,,,,,8629,43376,12388,5916
,,,,,,,,8630,43272,12360,5896
,,,,,,,,8631,43152,12324,5884
,,,,,,,,8632,43800,12508,5972
,,,,,,,,8633,46988,13420,6404
,,,,,,,,8634,48904,13964,6668
,,,,,,,,8635,48396,13824,6600
,,,,,,,,8636,47104,13452,6420
,,,,,,,,8637,45364,12956,6184
,,,,,,,,8638,42596,12164,5808
,,,,,,,,8639,39020,11140,5320
,,,,,,,,8640,35412,10116,4828
,,,,,,,,8641,32796,9368,4472
,,,,,,,,8642,31356,8956,4276
,,,,,,,,8643,30608,8740,4172
,,,,,,,,8644,30144,8608,4108
,,,,,,,,8645,30908,8828,4216
,,,,,,,,8646,32920,9400,4488
,,,,,,,,8647,36020,10288,4908
,,,,,,,,8648,38948,11120,5312
,,,,,,,,8649,40828,11660,5568
,,,,,,,,8650,42540,12148,5800
,,,,,,,,8651,43628,12460,5948
,,,,,,,,8652,44108,12600,6016
,,,,,,,,8653,43944,12552,5992
,,,,,,,,8654,43668,12472,5956
,,,,,,,,8655,43252,12352,5896
,,,,,,,,8656,43556,12440,5936
,,,,,,,,8657,46252,13208,6304
,,,,,,,,8658,48536,13864,6620
,,,,,,,,8659,47904,13684,6532
,,,,,,,,8660,46492,13280,6340
,,,,,,,,8661,44660,12756,6088
,,,,,,,,8662,41924,11972,5712
,,,,,,,,8663,38344,10952,5228
,,,,,,,,8664,34936,9976,4764
,,,,,,,,8665,32508,9284,4432
,,,,,,,,8666,31240,8924,4260
,,,,,,,,8667,30624,8744,4176
,,,,,,,,8668,30560,8728,4164
,,,,,,,,8669,31316,8944,4268
,,,,,,,,8670,33500,9568,4564
,,,,,,,,8671,36992,10564,5044
,,,,,,,,8672,39612,11312,5400
,,,,,,,,8673,41388,11820,5644
,,,,,,,,8674,42396,12108,5780
,,,,,,,,8675,42720,12200,5824
,,,,,,,,8676,42452,12124,5788
,,,,,,,,8677,41836,11948,5704
,,,,,,,,8678,41316,11800,5632
,,,,,,,,8679,40876,11676,5572
,,,,,,,,8680,40992,11708,5588
,,,,,,,,8681,44104,12596,6016
,,,,,,,,8682,47188,13476,6432
,,,,,,,,8683,46720,13344,6368
,,,,,,,,8684,45448,12980,6196
,,,,,,,,8685,43956,12556,5992
,,,,,,,,8686,41676,11900,5680
,,,,,,,,8687,38656,11040,5272
,,,,,,,,8688,35376,10104,4824
,,,,,,,,8689,32964,9416,4492
,,,,,,,,8690,31520,9000,4300
,,,,,,,,8691,30812,8800,4200
,,,,,,,,8692,30460,8700,4152
,,,,,,,,8693,30640,8752,4180
,,,,,,,,8694,31668,9044,4320
,,,,,,,,8695,33500,9568,4564
,,,,,,,,8696,35540,10152,4848
,,,,,,,,8697,38044,10864,5188
,,,,,,,,8698,40020,11428,5456
,,,,,,,,8699,41024,11716,5592
,,,,,,,,8700,41196,11764,5616
,,,,,,,,8701,41208,11768,5616
,,,,,,,,8702,41108,11740,5604
,,,,,,,,8703,41156,11756,5612
,,,,,,,,8704,41960,11980,5720
,,,,,,,,8705,45028,12860,6140
,,,,,,,,8706,47080,13444,6420
,,,,,,,,8707,46680,13332,6364
,,,,,,,,8708,45244,12924,6168
,,,,,,,,8709,43488,12420,5928
,,,,,,,,8710,41212,11772,5616
,,,,,,,,8711,38232,10920,5212
,,,,,,,,8712,35148,10036,4792
,,,,,,,,8713,32716,9344,4460
,,,,,,,,8714,31152,8896,4248
,,,,,,,,8715,30408,8684,4144
,,,,,,,,8716,30080,8592,4100
,,,,,,,,8717,30272,8644,4124
,,,,,,,,8718,31132,8892,4244
,,,,,,,,8719,32580,9304,4440
,,,,,,,,8720,34060,9728,4644
,,,,,,,,8721,36296,10364,4948
,,,,,,,,8722,38220,10916,5208
,,,,,,,,8723,39508,11280,5388
,,,,,,,,8724,40328,11520,5496
,,,,,,,,8725,40644,11608,5540
,,,,,,,,8726,40340,11520,5500
,,,,,,,,8727,40008,11424,5452
,,,,,,,,8728,40344,11520,5500
,,,,,,,,8729,43984,12560,5996
,,,,,,,,8730,47268,13500,6444
,,,,,,,,8731,47108,13452,6420
,,,,,,,,8732,45944,13124,6264
,,,,,,,,8733,44648,12752,6088
,,,,,,,,8734,42412,12112,5780
,,,,,,,,8735,39460,11272,5380
,,,,,,,,8736,36360,10384,4956
,,,,,,,,8737,34064,9728,4644
,,,,,,,,8738,32776,9360,4468
,,,,,,,,8739,32112,9172,4380
,,,,,,,,8740,32008,9140,4360
,,,,,,,,8741,32592,9308,4440
,,,,,,,,8742,34356,9812,4684
,,,,,,,,8743,37300,10652,5088
,,,,,,,,8744,39616,11316,5400
,,,,,,,,8745,41600,11880,5672
,,,,,,,,8746,43084,12304,5876
,,,,,,,,8747,43752,12496,5964
,,,,,,,,8748,43628,12460,5948
,,,,,,,,8749,42920,12256,5852
,,,,,,,,8750,42200,12052,5756
,,,,,,,,8751,41752,11924,5692
,,,,,,,,8752,41876,11960,5708
,,,,,,,,8753,44912,12824,6124
,,,,,,,,8754,47632,13604,6496
,,,,,,,,8755,46248,13208,6304
,,,,,,,,8756,39692,15188,5356
,,,,,,,,8757,37844,14484,5108
,,,,,,,,8758,36072,13808,4868
,,,,,,,,8759,34204,13124,4616
,,,,,,,,8760,32356,12424,4368