Voll,Demand_Segment,Cost_of_Demand_Curtailment_per_MW,Max_Demand_Curtailment,$/MWh,Rep_Periods,Timesteps_per_Rep_Period,Sub_Weights,Time_Index,Demand_MW_z1,Demand_MW_z2,Demand_MW_z3
50000,1,1,1,2000,1,8760,8760,1,36895,10537.4,5029
,2,0.9,0.04,1800,,,,2,34892.8,9964,4756.4
,3,0.55,0.024,1100,,,,3,33402.9,9536.3,4554.3
,4,0.2,0.003,400,,,,4,32650.9,9324.8,4450.9
,,,,,,,,5,32533.4,9291.9,4436.8
,,,,,,,,6,33111.5,9456.4,4512
,,,,,,,,7,34342.9,9808.9,4681.2
,,,,,,,,8,35456.8,10123.8,4836.3
,,,,,,,,9,37346.2,10664.3,5090.1
,,,,,,,,10,39198,11195.4,5343.9
,,,,,,,,11,40316.6,11510.3,5494.3
,,,,,,,,12,40730.2,11627.8,5550.7
,,,,,,,,13,40922.9,11688.9,5578.9
,,,,,,,,14,40561,11580.8,5527.2
,,,,,,,,15,40156.8,11468,5475.5
,,,,,,,,16,40391.8,11533.8,5503.7
,,,,,,,,17,44325.7,12657.1,6044.2
,,,,,,,,18,48057.5,13724,6551.8
,,,,,,,,19,47775.5,13644.1,6514.2
,,,,,,,,20,46313.8,13230.5,6312.1
,,,,,,,,21,44603,12737,6081.8
,,,,,,,,22,42215.4,12055.5,5757.5
,,,,,,,,23,39259.1,11209.5,5353.3
,,,,,,,,24,35945.6,10264.8,4897.4
,,,,,,,,25,33139.7,9461.1,4516.7
,,,,,,,,26,31438.3,8977,4286.4
,,,,,,,,27,30620.5,8746.7,4173.6
,,,,,,,,28,30437.2,8690.3,4150.1
,,,,,,,,29,31104.6,8883,4239.4
,,,,,,,,30,32806,9367.1,4469.7
,,,,,,,,31,35358.1,10095.6,4817.5
,,,,,,,,32,37449.6,10692.5,5104.2
,,,,,,,,33,40011.1,11425.7,5456.7
,,,,,,,,34,42638.4,12177.7,5809.2
,,,,,,,,35,44565.4,12727.6,6072.4
,,,,,,,,36,45355,12948.5,6185.2
,,,,,,,,37,45284.5,12929.7,6171.1
,,,,,,,,38,44988.4,12849.8,6133.5
,,,,,,,,39,44847.4,12807.5,6114.7
,,,,,,,,40,45528.9,13000.2,6208.7
,,,,,,,,41,49801.2,14222.2,6786.8
,,,,,,,,42,54120.5,15458.3,7379
,,,,,,,,43,53645.8,15322,7313.2
,,,,,,,,44,52348.6,14950.7,7139.3
,,,,,,,,45,50233.6,14344.4,6847.9
,,,,,,,,46,46901.3,13395,6392
,,,,,,,,47,42770,12215.3,5832.7
,,,,,,,,48,39028.8,11148.4,5320.4
,,,,,,,,49,36547.2,10438.7,4982
,,,,,,,,50,35311.1,10081.5,4812.8
,,,,,,,,51,34714.2,9912.3,4732.9
,,,,,,,,52,34784.7,9935.8,4742.3
,,,,,,,,53,36034.9,10288.3,4911.5
,,,,,,,,54,39738.5,11345.8,5414.4
,,,,,,,,55,46285.6,13216.4,6312.1
,,,,,,,,56,49956.3,14264.5,6810.3
,,,,,,,,57,50576.7,14443.1,6894.9
,,,,,,,,58,50924.5,14541.8,6941.9
,,,,,,,,59,51380.4,14673.4,7003
,,,,,,,,60,51465,14696.9,7017.1
,,,,,,,,61,51253.5,14640.5,6988.9
,,,,,,,,62,51183,14621.7,6974.8
,,,,,,,,63,50990.3,14560.6,6951.3
,,,,,,,,64,51695.3,14762.7,7045.3
,,,,,,,,65,55732.6,15914.2,7595.2
,,,,,,,,66,60141.2,17173.8,8201.5
,,,,,,,,67,60258.7,17206.7,8215.6
,,,,,,,,68,59243.5,16920,8079.3
,,,,,,,,69,57316.5,16370.1,7816.1
,,,,,,,,70,53937.2,15401.9,7355.5
,,,,,,,,71,49420.5,14114.1,6739.8
,,,,,,,,72,45467.8,12986.1,6199.3
,,,,,,,,73,43009.7,12285.8,5860.9
,,,,,,,,74,41717.2,11914.5,5687
,,,,,,,,75,41059.2,11726.5,5597.7
,,,,,,,,76,41134.4,11745.3,5607.1
,,,,,,,,77,42253,12069.6,5762.2
,,,,,,,,78,45745.1,13066,6236.9
,,,,,,,,79,52094.8,14880.2,7101.7
,,,,,,,,80,55554,15867.2,7571.7
,,,,,,,,81,55619.8,15886,7585.8
,,,,,,,,82,55474.1,15843.7,7562.3
,,,,,,,,83,55351.9,15806.1,7543.5
,,,,,,,,84,54806.7,15651,7473
,,,,,,,,85,54021.8,15430.1,7364.9
,,,,,,,,86,53556.5,15298.5,7303.8
,,,,,,,,87,53138.2,15176.3,7242.7
,,,,,,,,88,53688.1,15331.4,7317.9
,,,,,,,,89,57438.7,16407.7,7830.2
,,,,,,,,90,60493.7,17277.2,8248.5
,,,,,,,,91,60028.4,17140.9,8182.7
,,,,,,,,92,58627.8,16741.4,7994.7
,,,,,,,,93,56385.9,16102.2,7684.5
,,,,,,,,94,52672.9,15044.7,7181.6
,,,,,,,,95,47944.7,13695.8,6537.7
,,,,,,,,96,43569,12445.6,5940.8
,,,,,,,,97,40777.2,11646.6,5555.4
,,,,,,,,98,39282.6,11218.9,5358
,,,,,,,,99,38530.6,11002.7,5249.9
,,,,,,,,100,38389.6,10965.1,5235.8
,,,,,,,,101,39376.6,11247.1,5367.4
,,,,,,,,102,42605.5,12168.3,5809.2
,,,,,,,,103,48743.7,13921.4,6645.8
,,,,,,,,104,52339.2,14950.7,7134.6
,,,,,,,,105,52719.9,15058.8,7191
,,,,,,,,106,52954.9,15124.6,7219.2
,,,,,,,,107,52715.2,15054.1,7191
,,,,,,,,108,51977.3,14847.3,7087.6
,,,,,,,,109,51338.1,14659.3,6998.3
,,,,,,,,110,51084.3,14588.8,6965.4
,,,,,,,,111,50680.1,14476,6909
,,,,,,,,112,51009.1,14570,6951.3
,,,,,,,,113,54247.4,15491.2,7397.8
,,,,,,,,114,57795.9,16506.4,7877.2
,,,,,,,,115,57584.4,16445.3,7853.7
,,,,,,,,116,56277.8,16074,7670.4
,,,,,,,,117,54176.9,15472.4,7383.7
,,,,,,,,118,50703.6,14480.7,6913.7
,,,,,,,,119,46036.5,13145.9,6274.5
,,,,,,,,120,42003.9,11999.1,5724.6
,,,,,,,,121,39367.2,11242.4,5362.7
,,,,,,,,122,37933.7,10833.5,5170
,,,,,,,,123,37200.5,10622,5071.3
,,,,,,,,124,37017.2,10570.3,5047.8
,,,,,,,,125,37919.6,10828.8,5170
,,,,,,,,126,41125,11745.3,5607.1
,,,,,,,,127,47150.4,13465.5,6429.6
,,,,,,,,128,50760,14499.5,6923.1
,,,,,,,,129,51183,14617,6974.8
,,,,,,,,130,51234.7,14631.1,6984.2
,,,,,,,,131,51009.1,14570,6951.3
,,,,,,,,132,50252.4,14349.1,6852.6
,,,,,,,,133,49420.5,14114.1,6739.8
,,,,,,,,134,48988.1,13987.2,6678.7
,,,,,,,,135,48306.6,13794.5,6584.7
,,,,,,,,136,48536.9,13865,6617.6
,,,,,,,,137,51371,14668.7,7003
,,,,,,,,138,54082.9,15444.2,7374.3
,,,,,,,,139,53213.4,15199.8,7256.8
,,,,,,,,140,51681.2,14758,7045.3
,,,,,,,,141,49636.7,14175.2,6768
,,,,,,,,142,46971.8,13418.5,6406.1
,,,,,,,,143,43352.8,12384.5,5907.9
,,,,,,,,144,39630.4,11317.6,5405
,,,,,,,,145,36749.3,10499.8,5010.2
,,,,,,,,146,35156,10039.2,4794
,,,,,,,,147,34291.2,9790.1,4671.8
,,,,,,,,148,33938.7,9696.1,4624.8
,,,,,,,,149,34277.1,9790.1,4671.8
,,,,,,,,150,35583.7,10161.4,4850.4
,,,,,,,,151,37943.1,10833.5,5170
,,,,,,,,152,40429.4,11543.2,5508.4
,,,,,,,,153,42972.1,12271.7,5860.9
,,,,,,,,154,44513.7,12708.8,6067.7
,,,,,,,,155,44946.1,12835.7,6124.1
,,,,,,,,156,44584.2,12732.3,6077.1
,,,,,,,,157,43766.4,12497.3,5964.3
,,,,,,,,158,42840.5,12234.1,5837.4
,,,,,,,,159,42187.2,12050.8,5752.8
,,,,,,,,160,42638.4,12177.7,5809.2
,,,,,,,,161,45759.2,13066,6241.6
,,,,,,,,162,48894.1,13959,6664.6
,,,,,,,,163,48316,13799.2,6589.4
,,,,,,,,164,46765,13357.4,6377.9
,,,,,,,,165,45298.6,12934.4,6175.8
,,,,,,,,166,43178.9,12332.8,5884.4
,,,,,,,,167,40405.9,11538.5,5508.4
,,,,,,,,168,37355.6,10669,5094.8
,,,,,,,,169,34798.8,9935.8,4747
,,,,,,,,170,33318.3,9512.8,4540.2
,,,,,,,,171,32439.4,9263.7,4422.7
,,,,,,,,172,32204.4,9197.9,4389.8
,,,,,,,,173,32448.8,9268.4,4422.7
,,,,,,,,174,33393.5,9536.3,4554.3
,,,,,,,,175,35221.8,10058,4798.7
,,,,,,,,176,37134.7,10603.2,5061.9
,,,,,,,,177,39799.6,11364.6,5423.8
,,,,,,,,178,41858.2,11956.8,5705.8
,,,,,,,,179,43160.1,12328.1,5884.4
,,,,,,,,180,43973.2,12558.4,5997.2
,,,,,,,,181,44114.2,12596,6016
,,,,,,,,182,43869.8,12525.5,5978.4
,,,,,,,,183,43714.7,12483.2,5959.6
,,,,,,,,184,44325.7,12661.8,6044.2
,,,,,,,,185,48128,13747.5,6561.2
,,,,,,,,186,52080.7,14875.5,7101.7
,,,,,,,,187,52000.8,14852,7092.3
,,,,,,,,188,50661.3,14466.6,6904.3
,,,,,,,,189,48903.5,13963.7,6664.6
,,,,,,,,190,46017.7,13141.2,6274.5
,,,,,,,,191,42220.1,12055.5,5757.5
,,,,,,,,192,38897.2,11110.8,5301.6
,,,,,,,,193,36721.1,10485.7,5005.5
,,,,,,,,194,35673,10189.6,4864.5
,,,,,,,,195,35282.9,10076.8,4812.8
,,,,,,,,196,35419.2,10114.4,4826.9
,,,,,,,,197,36697.6,10481,5005.5
,,,,,,,,198,40382.4,11533.8,5503.7
,,,,,,,,199,47014.1,13427.9,6406.1
,,,,,,,,200,50844.6,14523,6932.5
,,,,,,,,201,51220.6,14626.4,6984.2
,,,,,,,,202,51272.3,14640.5,6988.9
,,,,,,,,203,51244.1,14635.8,6988.9
,,,,,,,,204,50807,14508.9,6927.8
,,,,,,,,205,49946.9,14264.5,6810.3
,,,,,,,,206,49411.1,14109.4,6739.8
,,,,,,,,207,48720.2,13912,6645.8
,,,,,,,,208,48884.7,13959,6664.6
,,,,,,,,209,52174.7,14899,7115.8
,,,,,,,,210,56606.8,16168,7717.4
,,,,,,,,211,56470.5,16125.7,7698.6
,,,,,,,,212,54957.1,15693.3,7491.8
,,,,,,,,213,52757.5,15063.5,7191
,,,,,,,,214,49129.1,14029.5,6697.5
,,,,,,,,215,44509,12708.8,6067.7
,,,,,,,,216,40420,11543.2,5508.4
,,,,,,,,217,37736.3,10777.1,5146.5
,,,,,,,,218,36401.5,10396.4,4958.5
,,,,,,,,219,35668.3,10184.9,4864.5
,,,,,,,,220,35616.6,10170.8,4855.1
,,,,,,,,221,36645.9,10466.9,4996.1
,,,,,,,,222,40048.7,11439.8,5456.7
,,,,,,,,223,46497.1,13277.5,6340.3
,,,,,,,,224,49942.2,14264.5,6810.3
,,,,,,,,225,50125.5,14316.2,6833.8
,,,,,,,,226,50379.3,14386.7,6866.7
,,,,,,,,227,50398.1,14391.4,6871.4
,,,,,,,,228,49909.3,14255.1,6805.6
,,,,,,,,229,49086.8,14020.1,6692.8
,,,,,,,,230,48668.5,13897.9,6636.4
,,,,,,,,231,48231.4,13771,6575.3
,,,,,,,,232,48560.4,13865,6617.6
,,,,,,,,233,51737.6,14776.8,7054.7
,,,,,,,,234,55356.6,15806.1,7543.5
,,,,,,,,235,54947.7,15693.3,7491.8
,,,,,,,,236,53584.7,15303.2,7308.5
,,,,,,,,237,51573.1,14729.8,7031.2
,,,,,,,,238,48175,13756.9,6570.6
,,,,,,,,239,43695.9,12478.5,5954.9
,,,,,,,,240,39799.6,11364.6,5423.8
,,,,,,,,241,37327.4,10664.3,5090.1
,,,,,,,,242,36091.3,10307.1,4920.9
,,,,,,,,243,35522.6,10142.6,4841
,,,,,,,,244,35682.4,10189.6,4864.5
,,,,,,,,245,36801,10509.2,5014.9
,,,,,,,,246,40481.1,11557.3,5517.8
,,,,,,,,247,46957.7,13413.8,6406.1
,,,,,,,,248,50393.4,14391.4,6871.4
,,,,,,,,249,50398.1,14391.4,6871.4
,,,,,,,,250,50097.3,14306.8,6829.1
,,,,,,,,251,49918.7,14255.1,6805.6
,,,,,,,,252,49519.2,14142.3,6749.2
,,,,,,,,253,48823.6,13940.2,6655.2
,,,,,,,,254,48541.6,13865,6617.6
,,,,,,,,255,48081,13728.7,6551.8
,,,,,,,,256,48405.3,13822.7,6598.8
,,,,,,,,257,51535.5,14715.7,7026.5
,,,,,,,,258,55370.7,15815.5,7548.2
,,,,,,,,259,55163.9,15754.4,7520
,,,,,,,,260,53805.6,15369,7332
,,,,,,,,261,51742.3,14776.8,7054.7
,,,,,,,,262,48198.5,13766.3,6570.6
,,,,,,,,263,43592.5,12450.3,5945.5
,,,,,,,,264,39536.4,11289.4,5386.2
,,,,,,,,265,36857.4,10523.3,5024.3
,,,,,,,,266,35386.3,10105,4822.2
,,,,,,,,267,34690.7,9907.6,4728.2
,,,,,,,,268,34676.6,9902.9,4723.5
,,,,,,,,269,35752.9,10208.4,4873.9
,,,,,,,,270,39113.4,11167.2,5334.5
,,,,,,,,271,45157.6,12896.8,6157
,,,,,,,,272,49335.9,14090.6,6725.7
,,,,,,,,273,50496.8,14419.6,6880.8
,,,,,,,,274,51319.3,14659.3,6998.3
,,,,,,,,275,52043.1,14861.4,7092.3
,,,,,,,,276,52226.4,14913.1,7120.5
,,,,,,,,277,52019.6,14856.7,7092.3
,,,,,,,,278,51789.3,14790.9,7059.4
,,,,,,,,279,51103.1,14593.5,6965.4
,,,,,,,,280,50980.9,14560.6,6951.3
,,,,,,,,281,53410.8,15256.2,7285
,,,,,,,,282,56169.7,16041.1,7661
,,,,,,,,283,55601,15876.6,7581.1
,,,,,,,,284,53951.3,15406.6,7355.5
,,,,,,,,285,51685.9,14758,7045.3
,,,,,,,,286,48052.8,13724,6547.1
,,,,,,,,287,43479.7,12417.4,5926.7
,,,,,,,,288,39503.5,11280,5386.2
,,,,,,,,289,36711.7,10485.7,5005.5
,,,,,,,,290,35311.1,10081.5,4812.8
,,,,,,,,291,34643.7,9893.5,4718.8
,,,,,,,,292,34516.8,9860.6,4704.7
,,,,,,,,293,35447.4,10123.8,4831.6
,,,,,,,,294,38619.9,11030.9,5264
,,,,,,,,295,44654.7,12751.1,6086.5
,,,,,,,,296,48598,13879.1,6622.3
,,,,,,,,297,49364.1,14100,6730.4
,,,,,,,,298,49575.6,14156.4,6758.6
,,,,,,,,299,49641.4,14175.2,6768
,,,,,,,,300,49425.2,14114.1,6739.8
,,,,,,,,301,48974,13987.2,6678.7
,,,,,,,,302,48776.6,13930.8,6650.5
,,,,,,,,303,48593.3,13879.1,6622.3
,,,,,,,,304,49298.3,14076.5,6721
,,,,,,,,305,52362.7,14955.4,7139.3
,,,,,,,,306,55436.5,15834.3,7557.6
,,,,,,,,307,54933.6,15688.6,7491.8
,,,,,,,,308,53528.3,15289.1,7299.1
,,,,,,,,309,51747,14781.5,7054.7
,,,,,,,,310,49091.5,14020.1,6692.8
,,,,,,,,311,45528.9,13000.2,6208.7
,,,,,,,,312,41975.7,11985,5719.9
,,,,,,,,313,39202.7,11195.4,5343.9
,,,,,,,,314,37581.2,10734.8,5123
,,,,,,,,315,36669.4,10476.3,5000.8
,,,,,,,,316,36387.4,10391.7,4958.5
,,,,,,,,317,36768.1,10499.8,5010.2
,,,,,,,,318,38055.9,10871.1,5188.8
,,,,,,,,319,40471.7,11557.3,5517.8
,,,,,,,,320,42901.6,12252.9,5846.8
,,,,,,,,321,45651.1,13037.8,6222.8
,,,,,,,,322,47813.1,13653.5,6518.9
,,,,,,,,323,48724.9,13912,6645.8
,,,,,,,,324,48419.4,13827.4,6598.8
,,,,,,,,325,47648.6,13606.5,6500.1
,,,,,,,,326,46755.6,13352.7,6373.2
,,,,,,,,327,46332.6,13230.5,6316.8
,,,,,,,,328,46708.6,13338.6,6368.5
,,,,,,,,329,49754.2,14208.1,6786.8
,,,,,,,,330,53909,15397.2,7350.8
,,,,,,,,331,53894.9,15392.5,7350.8
,,,,,,,,332,52687,15044.7,7186.3
,,,,,,,,333,51027.9,14574.7,6956
,,,,,,,,334,49006.9,13996.6,6683.4
,,,,,,,,335,46605.2,13310.4,6354.4
,,,,,,,,336,43808.7,12511.4,5973.7
,,,,,,,,337,41176.7,11759.4,5616.5
,,,,,,,,338,39602.2,11308.2,5400.3
,,,,,,,,339,38963,11129.6,5311
,,,,,,,,340,38887.8,11106.1,5301.6
,,,,,,,,341,39324.9,11228.3,5358
,,,,,,,,342,40420,11543.2,5508.4
,,,,,,,,343,42309.4,12083.7,5766.9
,,,,,,,,344,44349.2,12661.8,6048.9
,,,,,,,,345,47230.3,13489,6439
,,,,,,,,346,49397,14104.7,6735.1
,,,,,,,,347,50581.4,14443.1,6894.9
,,,,,,,,348,50976.2,14555.9,6951.3
,,,,,,,,349,50933.9,14546.5,6946.6
,,,,,,,,350,50416.9,14400.8,6876.1
,,,,,,,,351,50106.7,14311.5,6833.8
,,,,,,,,352,50510.9,14424.3,6885.5
,,,,,,,,353,53782.1,15359.6,7332
,,,,,,,,354,58059.1,16581.6,7914.8
,,,,,,,,355,58129.6,16600.4,7924.2
,,,,,,,,356,56512.8,16139.8,7708
,,,,,,,,357,54896,15679.2,7482.4
,,,,,,,,358,52160.6,14899,7111.1
,,,,,,,,359,48894.1,13963.7,6664.6
,,,,,,,,360,45622.9,13028.4,6218.1
,,,,,,,,361,43324.6,12375.1,5907.9
,,,,,,,,362,42126.1,12027.3,5743.4
,,,,,,,,363,41642,11891,5677.6
,,,,,,,,364,41660.8,11900.4,5677.6
,,,,,,,,365,42624.3,12173,5809.2
,,,,,,,,366,45138.8,12892.1,6152.3
,,,,,,,,367,49293.6,14076.5,6721
,,,,,,,,368,52353.3,14950.7,7139.3
,,,,,,,,369,54458.9,15552.3,7426
,,,,,,,,370,55633.9,15890.7,7585.8
,,,,,,,,371,56085.1,16017.6,7646.9
,,,,,,,,372,55638.6,15890.7,7585.8
,,,,,,,,373,54745.6,15632.2,7463.6
,,,,,,,,374,54120.5,15458.3,7379
,,,,,,,,375,53439,15260.9,7285
,,,,,,,,376,53542.4,15293.8,7299.1
,,,,,,,,377,56268.4,16069.3,7670.4
,,,,,,,,378,59901.5,17108,8163.9
,,,,,,,,379,59238.8,16920,8074.6
,,,,,,,,380,57448.1,16407.7,7830.2
,,,,,,,,381,54839.6,15660.4,7473
,,,,,,,,382,51079.6,14588.8,6965.4
,,,,,,,,383,46581.7,13301,6349.7
,,,,,,,,384,42431.6,12121.3,5785.7
,,,,,,,,385,39583.4,11303.5,5395.6
,,,,,,,,386,37976,10847.6,5174.7
,,,,,,,,387,37252.2,10640.8,5076
,,,,,,,,388,37059.5,10584.4,5052.5
,,,,,,,,389,37994.8,10852.3,5179.4
,,,,,,,,390,41223.7,11768.8,5621.2
,,,,,,,,391,47079.9,13446.7,6420.2
,,,,,,,,392,50515.6,14429,6885.5
,,,,,,,,393,51023.2,14574.7,6956
,,,,,,,,394,51046.7,14574.7,6956
,,,,,,,,395,51009.1,14570,6951.3
,,,,,,,,396,50811.7,14508.9,6927.8
,,,,,,,,397,50543.8,14433.7,6890.2
,,,,,,,,398,50482.7,14419.6,6880.8
,,,,,,,,399,50313.5,14367.9,6857.3
,,,,,,,,400,50797.6,14504.2,6927.8
,,,,,,,,401,53617.6,15312.6,7308.5
,,,,,,,,402,56353,16092.8,7684.5
,,,,,,,,403,55568.1,15867.2,7576.4
,,,,,,,,404,53894.9,15392.5,7346.1
,,,,,,,,405,51399.2,14682.8,7007.7
,,,,,,,,406,47681.5,13615.9,6500.1
,,,,,,,,407,43042.6,12290.5,5865.6
,,,,,,,,408,38869,11101.4,5296.9
,,,,,,,,409,36063.1,10297.7,4916.2
,,,,,,,,410,34629.6,9888.8,4718.8
,,,,,,,,411,33887,9677.3,4620.1
,,,,,,,,412,33802.4,9653.8,4606
,,,,,,,,413,34911.6,9968.7,4761.1
,,,,,,,,414,38516.5,10998,5249.9
,,,,,,,,415,45124.7,12887.4,6152.3
,,,,,,,,416,48583.9,13874.4,6622.3
,,,,,,,,417,48945.8,13977.8,6669.3
,,,,,,,,418,49241.9,14062.4,6711.6
,,,,,,,,419,49622.6,14170.5,6763.3
,,,,,,,,420,49646.1,14179.9,6768
,,,,,,,,421,49415.8,14114.1,6739.8
,,,,,,,,422,49359.4,14100,6730.4
,,,,,,,,423,49124.4,14029.5,6697.5
,,,,,,,,424,49538,14147,6753.9
,,,,,,,,425,52484.9,14988.3,7158.1
,,,,,,,,426,57443.4,16407.7,7830.2
,,,,,,,,427,57861.7,16525.2,7891.3
,,,,,,,,428,56855.9,16238.5,7750.3
,,,,,,,,429,54900.7,15679.2,7482.4
,,,,,,,,430,51582.5,14734.5,7031.2
,,,,,,,,431,47357.2,13526.6,6453.1
,,,,,,,,432,43470.3,12412.7,5926.7
,,,,,,,,433,41049.8,11721.8,5597.7
,,,,,,,,434,39893.6,11392.8,5437.9
,,,,,,,,435,39414.2,11256.5,5372.1
,,,,,,,,436,39503.5,11280,5386.2
,,,,,,,,437,40758.4,11637.2,5555.4
,,,,,,,,438,44396.2,12680.6,6053.6
,,,,,,,,439,51042,14574.7,6956
,,,,,,,,440,54524.7,15571.1,7430.7
,,,,,,,,441,54675.1,15613.4,7454.2
,,,,,,,,442,54397.8,15538.2,7416.6
,,,,,,,,443,54101.7,15448.9,7379
,,,,,,,,444,53429.6,15256.2,7285
,,,,,,,,445,52593,15021.2,7167.5
,,,,,,,,446,52066.6,14870.8,7097
,,,,,,,,447,51446.2,14692.2,7017.1
,,,,,,,,448,51798.7,14795.6,7064.1
,,,,,,,,449,54411.9,15538.2,7421.3
,,,,,,,,450,58054.4,16581.6,7914.8
,,,,,,,,451,57951,16548.7,7900.7
,,,,,,,,452,56949.9,16266.7,7764.4
,,,,,,,,453,54665.7,15613.4,7449.5
,,,,,,,,454,51065.5,14584.1,6960.7
,,,,,,,,455,46530,13286.9,6345
,,,,,,,,456,42417.5,12116.6,5785.7
,,,,,,,,457,39639.8,11322.3,5405
,,,,,,,,458,38070,10875.8,5193.5
,,,,,,,,459,37350.9,10664.3,5090.1
,,,,,,,,460,37191.1,10622,5071.3
,,,,,,,,461,38314.4,10946.3,5221.7
,,,,,,,,462,41670.2,11900.4,5682.3
,,,,,,,,463,47883.6,13677,6528.3
,,,,,,,,464,51187.7,14621.7,6974.8
,,,,,,,,465,51559,14725.1,7026.5
,,,,,,,,466,51709.4,14767.4,7050
,,,,,,,,467,51855.1,14809.7,7068.8
,,,,,,,,468,51643.6,14748.6,7040.6
,,,,,,,,469,51065.5,14584.1,6960.7
,,,,,,,,470,50694.2,14480.7,6909
,,,,,,,,471,50083.2,14302.1,6829.1
,,,,,,,,472,50167.8,14330.3,6838.5
,,,,,,,,473,52395.6,14964.8,7144
,,,,,,,,474,56517.5,16144.5,7708
,,,,,,,,475,56306,16078.7,7675.1
,,,,,,,,476,54924.2,15683.9,7487.1
,,,,,,,,477,53133.5,15176.3,7242.7
,,,,,,,,478,50576.7,14443.1,6894.9
,,,,,,,,479,47089.3,13446.7,6420.2
,,,,,,,,480,43442.1,12403.3,5922
,,,,,,,,481,40843,11665.4,5569.5
,,,,,,,,482,39386,11247.1,5367.4
,,,,,,,,483,38493,10993.3,5245.2
,,,,,,,,484,38145.2,10894.6,5198.2
,,,,,,,,485,38469.5,10988.6,5245.2
,,,,,,,,486,39715,11345.8,5414.4
,,,,,,,,487,42173.1,12046.1,5748.1
,,,,,,,,488,45101.2,12878,6147.6
,,,,,,,,489,48363,13813.3,6594.1
,,,,,,,,490,51206.5,14621.7,6979.5
,,,,,,,,491,52954.9,15124.6,7219.2
,,,,,,,,492,53702.2,15336.1,7322.6
,,,,,,,,493,53697.5,15336.1,7322.6
,,,,,,,,494,53016,15138.7,7228.6
,,,,,,,,495,52151.2,14894.3,7111.1
,,,,,,,,496,51784.6,14786.2,7059.4
,,,,,,,,497,53763.3,15350.2,7332
,,,,,,,,498,57156.7,16323.1,7792.6
,,,,,,,,499,56569.2,16153.9,7712.7
,,,,,,,,500,54609.3,15594.6,7444.8
,,,,,,,,501,52593,15016.5,7167.5
,,,,,,,,502,49979.8,14273.9,6810.3
,,,,,,,,503,46769.7,13357.4,6377.9
,,,,,,,,504,43630.1,12459.7,5950.2
,,,,,,,,505,41176.7,11759.4,5616.5
,,,,,,,,506,39827.8,11374,5433.2
,,,,,,,,507,39179.2,11186,5339.2
,,,,,,,,508,38892.5,11110.8,5301.6
,,,,,,,,509,39151,11181.3,5339.2
,,,,,,,,510,40217.9,11486.8,5480.2
,,,,,,,,511,42107.3,12027.3,5743.4
,,,,,,,,512,44175.3,12614.8,6025.4
,,,,,,,,513,46915.4,13395,6396.7
,,,,,,,,514,48602.7,13879.1,6627
,,,,,,,,515,49270.1,14071.8,6716.3
,,,,,,,,516,49260.7,14067.1,6711.6
,,,,,,,,517,48964.6,13982.5,6674
,,,,,,,,518,48593.3,13879.1,6622.3
,,,,,,,,519,48447.6,13836.8,6603.5
,,,,,,,,520,48532.2,13860.3,6617.6
,,,,,,,,521,50797.6,14504.2,6927.8
,,,,,,,,522,54176.9,15472.4,7383.7
,,,,,,,,523,54195.7,15477.1,7388.4
,,,,,,,,524,53204,15195.1,7256.8
,,,,,,,,525,51253.5,14640.5,6988.9
,,,,,,,,526,48043.4,13724,6547.1
,,,,,,,,527,44452.6,12694.7,6058.3
,,,,,,,,528,40810.1,11651.3,5564.8
,,,,,,,,529,38192.2,10908.7,5207.6
,,,,,,,,530,36857.4,10523.3,5024.3
,,,,,,,,531,36316.9,10372.9,4953.8
,,,,,,,,532,36345.1,10382.3,4958.5
,,,,,,,,533,37473.1,10701.9,5108.9
,,,,,,,,534,40908.8,11679.5,5574.2
,,,,,,,,535,47159.8,13465.5,6429.6
,,,,,,,,536,50670.7,14471.3,6904.3
,,,,,,,,537,51427.4,14692.2,7012.4
,,,,,,,,538,51855.1,14809.7,7068.8
,,,,,,,,539,52259.3,14927.2,7125.2
,,,,,,,,540,52184.1,14899,7115.8
,,,,,,,,541,51681.2,14758,7045.3
,,,,,,,,542,51328.7,14659.3,6998.3
,,,,,,,,543,50774.1,14499.5,6923.1
,,,,,,,,544,50797.6,14504.2,6927.8
,,,,,,,,545,53114.7,15166.9,7238
,,,,,,,,546,56489.3,16130.4,7703.3
,,,,,,,,547,56019.3,15998.8,7637.5
,,,,,,,,548,54242.7,15491.2,7397.8
,,,,,,,,549,51685.9,14758,7045.3
,,,,,,,,550,47925.9,13686.4,6533
,,,,,,,,551,43211.8,12337.5,5889.1
,,,,,,,,552,38939.5,11120.2,5311
,,,,,,,,553,36222.9,10344.7,4935
,,,,,,,,554,34502.7,9855.9,4700
,,,,,,,,555,33661.4,9611.5,4587.2
,,,,,,,,556,33445.2,9550.4,4559
,,,,,,,,557,34399.3,9823,4690.6
,,,,,,,,558,37571.8,10730.1,5123
,,,,,,,,559,43883.9,12530.2,5983.1
,,,,,,,,560,47366.6,13526.6,6457.8
,,,,,,,,561,47719.1,13630,6504.8
,,,,,,,,562,47521.7,13573.6,6476.6
,,,,,,,,563,47578.1,13587.7,6486
,,,,,,,,564,47380.7,13531.3,6457.8
,,,,,,,,565,46835.5,13376.2,6382.6
,,,,,,,,566,46478.3,13277.5,6335.6
,,,,,,,,567,45980.1,13131.8,6265.1
,,,,,,,,568,46017.7,13141.2,6274.5
,,,,,,,,569,48320.7,13799.2,6589.4
,,,,,,,,570,52555.4,15011.8,7167.5
,,,,,,,,571,52602.4,15021.2,7172.2
,,,,,,,,572,51352.2,14664,6998.3
,,,,,,,,573,49317.1,14085.9,6721
,,,,,,,,574,45947.2,13122.4,6260.4
,,,,,,,,575,41736,11919.2,5691.7
,,,,,,,,576,37797.4,10795.9,5151.2
,,,,,,,,577,35264.1,10072.1,4808.1
,,,,,,,,578,33990.4,9705.5,4634.2
,,,,,,,,579,33421.7,9545.7,4554.3
,,,,,,,,580,33449.9,9555.1,4559
,,,,,,,,581,34526.2,9860.6,4704.7
,,,,,,,,582,38008.9,10852.3,5179.4
,,,,,,,,583,44603,12737,6081.8
,,,,,,,,584,48283.1,13789.8,6584.7
,,,,,,,,585,48588.6,13874.4,6622.3
,,,,,,,,586,48861.2,13954.3,6664.6
,,,,,,,,587,49082.1,14015.4,6692.8
,,,,,,,,588,48955.2,13982.5,6674
,,,,,,,,589,48466.4,13841.5,6608.2
,,,,,,,,590,48203.2,13766.3,6570.6
,,,,,,,,591,47648.6,13606.5,6500.1
,,,,,,,,592,47573.4,13587.7,6486
,,,,,,,,593,49716.6,14198.7,6777.4
,,,,,,,,594,54393.1,15538.2,7416.6
,,,,,,,,595,54708,15627.5,7458.9
,,,,,,,,596,53462.5,15270.3,7289.7
,,,,,,,,597,51502.6,14711,7021.8
,,,,,,,,598,47991.7,13705.2,6542.4
,,,,,,,,599,43442.1,12403.3,5922
,,,,,,,,600,39409.5,11251.8,5372.1
,,,,,,,,601,36777.5,10504.5,5014.9
,,,,,,,,602,35433.3,10119.1,4831.6
,,,,,,,,603,34798.8,9935.8,4747
,,,,,,,,604,34770.6,9931.1,4742.3
,,,,,,,,605,35870.4,10246,4888
,,,,,,,,606,39212.1,11200.1,5343.9
,,,,,,,,607,45763.9,13066,6241.6
,,,,,,,,608,49265.4,14071.8,6716.3
,,,,,,,,609,49500.4,14137.6,6749.2
,,,,,,,,610,49350,14095.3,6730.4
,,,,,,,,611,49227.8,14057.7,6711.6
,,,,,,,,612,48903.5,13968.4,6664.6
,,,,,,,,613,48513.4,13855.6,6612.9
,,,,,,,,614,48475.8,13841.5,6608.2
,,,,,,,,615,48339.5,13803.9,6589.4
,,,,,,,,616,48710.8,13912,6641.1
,,,,,,,,617,51079.6,14588.8,6965.4
,,,,,,,,618,54802,15651,7473
,,,,,,,,619,54661,15608.7,7449.5
,,,,,,,,620,53396.7,15251.5,7280.3
,,,,,,,,621,51281.7,14645.2,6993.6
,,,,,,,,622,47897.7,13677,6528.3
,,,,,,,,623,43446.8,12408,5922
,,,,,,,,624,39461.2,11270.6,5381.5
,,,,,,,,625,36763.4,10499.8,5010.2
,,,,,,,,626,35221.8,10058,4798.7
,,,,,,,,627,34512.1,9855.9,4704.7
,,,,,,,,628,34258.3,9785.4,4671.8
,,,,,,,,629,35165.4,10043.9,4794
,,,,,,,,630,38267.4,10927.5,5217
,,,,,,,,631,44123.6,12600.7,6016
,,,,,,,,632,48095.1,13733.4,6556.5
,,,,,,,,633,49321.8,14085.9,6725.7
,,,,,,,,634,50125.5,14316.2,6833.8
,,,,,,,,635,50666,14471.3,6904.3
,,,,,,,,636,50839.9,14518.3,6927.8
,,,,,,,,637,50492.1,14419.6,6880.8
,,,,,,,,638,50087.9,14306.8,6829.1
,,,,,,,,639,49425.2,14114.1,6739.8
,,,,,,,,640,49199.6,14053,6706.9
,,,,,,,,641,50703.6,14480.7,6913.7
,,,,,,,,642,52893.8,15105.8,7214.5
,,,,,,,,643,52113.6,14884.9,7106.4
,,,,,,,,644,50360.5,14382,6866.7
,,,,,,,,645,48466.4,13841.5,6608.2
,,,,,,,,646,45904.9,13113,6260.4
,,,,,,,,647,42492.7,12135.4,5790.4
,,,,,,,,648,39033.5,11148.4,5320.4
,,,,,,,,649,36251.1,10354.1,4939.7
,,,,,,,,650,34573.2,9874.7,4714.1
,,,,,,,,651,33717.8,9625.6,4596.6
,,,,,,,,652,33398.2,9536.3,4554.3
,,,,,,,,653,33699,9625.6,4596.6
,,,,,,,,654,35109,10029.8,4789.3
,,,,,,,,655,37548.3,10725.4,5118.3
,,,,,,,,656,40152.1,11463.3,5475.5
,,,,,,,,657,42906.3,12252.9,5851.5
,,,,,,,,658,44668.8,12760.5,6091.2
,,,,,,,,659,45453.7,12981.4,6194.6
,,,,,,,,660,45016.6,12854.5,6138.2
,,,,,,,,661,44165.9,12614.8,6020.7
,,,,,,,,662,43014.4,12285.8,5860.9
,,,,,,,,663,42309.4,12083.7,5766.9
,,,,,,,,664,42323.5,12088.4,5766.9
,,,,,,,,665,44344.5,12661.8,6048.9
,,,,,,,,666,48602.7,13879.1,6627
,,,,,,,,667,48955.2,13982.5,6674
,,,,,,,,668,47526.4,13573.6,6476.6
,,,,,,,,669,46069.4,13160,6283.9
,,,,,,,,670,43855.7,12525.5,5978.4
,,,,,,,,671,41031,11717.1,5593
,,,,,,,,672,38013.6,10857,5184.1
,,,,,,,,673,35564.9,10156.7,4845.7
,,,,,,,,674,34093.8,9738.4,4648.3
,,,,,,,,675,33313.6,9512.8,4540.2
,,,,,,,,676,33059.8,9437.6,4507.3
,,,,,,,,677,33374.7,9531.6,4549.6
,,,,,,,,678,34366.4,9818.3,4685.9
,,,,,,,,679,36185.3,10335.3,4935
,,,,,,,,680,38023,10857,5184.1
,,,,,,,,681,40763.1,11641.9,5555.4
,,,,,,,,682,42624.3,12173,5809.2
,,,,,,,,683,43639.5,12464.4,5950.2
,,,,,,,,684,43996.7,12567.8,5997.2
,,,,,,,,685,43860.4,12525.5,5978.4
,,,,,,,,686,43413.9,12398.6,5917.3
,,,,,,,,687,42943.9,12267,5856.2
,,,,,,,,688,43131.9,12318.7,5879.7
,,,,,,,,689,45618.2,13028.4,6218.1
,,,,,,,,690,50675.4,14471.3,6909
,,,,,,,,691,51465,14696.9,7017.1
,,,,,,,,692,50247.7,14349.1,6852.6
,,,,,,,,693,48353.6,13808.6,6594.1
,,,,,,,,694,45298.6,12939.1,6175.8
,,,,,,,,695,41590.3,11876.9,5668.2
,,,,,,,,696,38140.5,10894.6,5198.2
,,,,,,,,697,35809.3,10227.2,4883.3
,,,,,,,,698,34657.8,9898.2,4723.5
,,,,,,,,699,34206.6,9771.3,4662.4
,,,,,,,,700,34342.9,9808.9,4681.2
,,,,,,,,701,35583.7,10161.4,4850.4
,,,,,,,,702,39094.6,11162.5,5329.8
,,,,,,,,703,45712.2,13056.6,6232.2
,,,,,,,,704,49260.7,14067.1,6711.6
,,,,,,,,705,49726,14198.7,6782.1
,,,,,,,,706,50149,14320.9,6833.8
,,,,,,,,707,50106.7,14311.5,6833.8
,,,,,,,,708,49890.5,14245.7,6800.9
,,,,,,,,709,49500.4,14137.6,6749.2
,,,,,,,,710,49133.8,14029.5,6697.5
,,,,,,,,711,48612.1,13883.8,6627
,,,,,,,,712,48781.3,13935.5,6650.5
,,,,,,,,713,50839.9,14518.3,6927.8
,,,,,,,,714,55671.5,15900.1,7590.5
,,,,,,,,715,56277.8,16074,7675.1
,,,,,,,,716,54952.4,15693.3,7491.8
,,,,,,,,717,52889.1,15105.8,7214.5
,,,,,,,,718,49279.5,14076.5,6716.3
,,,,,,,,719,44692.3,12760.5,6095.9
,,,,,,,,720,40575.1,11585.5,5527.2
,,,,,,,,721,37994.8,10852.3,5179.4
,,,,,,,,722,36584.8,10452.8,4986.7
,,,,,,,,723,35908,10255.4,4892.7
,,,,,,,,724,35842.2,10236.6,4888
,,,,,,,,725,36876.2,10532.7,5029
,,,,,,,,726,40217.9,11486.8,5480.2
,,,,,,,,727,46577,13301,6349.7
,,,,,,,,728,50097.3,14306.8,6833.8
,,,,,,,,729,50440.4,14405.5,6876.1
,,,,,,,,730,50388.7,14386.7,6871.4
,,,,,,,,731,50149,14320.9,6833.8
,,,,,,,,732,49570.9,14156.4,6758.6
,,,,,,,,733,48720.2,13912,6645.8
,,,,,,,,734,48034,13719.3,6547.1
,,,,,,,,735,47225.6,13489,6439
,,,,,,,,736,46953,13409.1,6401.4
,,,,,,,,737,48569.8,13869.7,6617.6
,,,,,,,,738,53077.1,15162.2,7238
,,,,,,,,739,53688.1,15331.4,7317.9
,,,,,,,,740,52395.6,14964.8,7144
,,,,,,,,741,50261.8,14353.8,6852.6
,,,,,,,,742,46863.7,13385.6,6387.3
,,,,,,,,743,42375.2,12097.8,5776.3
,,,,,,,,744,38370.8,10960.4,5231.1
,,,,,,,,745,35799.9,10222.5,4878.6
,,,,,,,,746,34380.5,9818.3,4685.9
,,,,,,,,747,33699,9625.6,4591.9
,,,,,,,,748,33699,9625.6,4596.6
,,,,,,,,749,34653.1,9893.5,4723.5
,,,,,,,,750,38046.5,10866.4,5188.8
,,,,,,,,751,44400.9,12680.6,6053.6
,,,,,,,,752,48071.6,13728.7,6551.8
,,,,,,,,753,48433.5,13832.1,6603.5
,,,,,,,,754,48466.4,13841.5,6608.2
,,,,,,,,755,48428.8,13832.1,6603.5
,,,,,,,,756,48330.1,13803.9,6589.4
,,,,,,,,757,47831.9,13658.2,6523.6
,,,,,,,,758,47371.3,13531.3,6457.8
,,,,,,,,759,46421.9,13254,6330.9
,,,,,,,,760,46022.4,13141.2,6274.5
,,,,,,,,761,47352.5,13521.9,6453.1
,,,,,,,,762,51559,14725.1,7026.5
,,,,,,,,763,52132.4,14889.6,7106.4
,,,,,,,,764,50854,14523,6932.5
,,,,,,,,765,48804.8,13935.5,6655.2
,,,,,,,,766,45486.6,12990.8,6199.3
,,,,,,,,767,41068.6,11726.5,5597.7
,,,,,,,,768,37148.8,10612.6,5061.9
,,,,,,,,769,34615.5,9884.1,4718.8
,,,,,,,,770,33308.9,9512.8,4540.2
,,,,,,,,771,32712,9343.6,4460.3
,,,,,,,,772,32763.7,9357.7,4465
,,,,,,,,773,33854.1,9667.9,4615.4
,,,,,,,,774,37379.1,10673.7,5094.8
,,,,,,,,775,43968.5,12558.4,5992.5
,,,,,,,,776,47460.6,13554.8,6471.9
,,,,,,,,777,48109.2,13738.1,6556.5
,,,,,,,,778,48546.3,13865,6617.6
,,,,,,,,779,49016.3,14001.3,6683.4
,,,,,,,,780,49124.4,14029.5,6697.5
,,,,,,,,781,48927,13973.1,6669.3
,,,,,,,,782,48842.4,13949.6,6659.9
,,,,,,,,783,48687.3,13902.6,6636.4
,,,,,,,,784,49129.1,14029.5,6697.5
,,,,,,,,785,51253.5,14640.5,6988.9
,,,,,,,,786,54426,15542.9,7421.3
,,,,,,,,787,54581.1,15585.2,7440.1
,,,,,,,,788,53326.2,15232.7,7270.9
,,,,,,,,789,51389.8,14678.1,7007.7
,,,,,,,,790,48062.2,13724,6551.8
,,,,,,,,791,43728.8,12487.9,5959.6
,,,,,,,,792,39841.9,11378.7,5433.2
,,,,,,,,793,37294.5,10650.2,5085.4
,,,,,,,,794,35936.2,10264.8,4897.4
,,,,,,,,795,35452.1,10123.8,4831.6
,,,,,,,,796,35522.6,10142.6,4841
,,,,,,,,797,36617.7,10457.5,4991.4
,,,,,,,,798,40170.9,11468,5475.5
,,,,,,,,799,46718,13343.3,6368.5
,,,,,,,,800,49942.2,14264.5,6810.3
,,,,,,,,801,50337,14377.3,6862
,,,,,,,,802,50219.5,14339.7,6847.9
,,,,,,,,803,50102,14311.5,6833.8
,,,,,,,,804,49617.9,14170.5,6763.3
,,,,,,,,805,48715.5,13912,6641.1
,,,,,,,,806,48104.5,13738.1,6556.5
,,,,,,,,807,47357.2,13526.6,6453.1
,,,,,,,,808,47108.1,13456.1,6424.9
,,,,,,,,809,48513.4,13855.6,6612.9
,,,,,,,,810,52395.6,14964.8,7139.3
,,,,,,,,811,52922,15115.2,7214.5
,,,,,,,,812,51615.4,14739.2,7035.9
,,,,,,,,813,49881.1,14241,6800.9
,,,,,,,,814,47286.7,13503.1,6448.4
,,,,,,,,815,43752.3,12497.3,5964.3
,,,,,,,,816,39945.3,11406.9,5447.3
,,,,,,,,817,37134.7,10603.2,5061.9
,,,,,,,,818,35579,10161.4,4850.4
,,,,,,,,819,34718.9,9912.3,4732.9
,,,,,,,,820,34385.2,9818.3,4685.9
,,,,,,,,821,34643.7,9893.5,4718.8
,,,,,,,,822,35898.6,10250.7,4892.7
,,,,,,,,823,38366.1,10955.7,5231.1
,,,,,,,,824,40904.1,11679.5,5574.2
,,,,,,,,825,43578.4,12445.6,5940.8
,,,,,,,,826,45209.3,12910.9,6166.4
,,,,,,,,827,45768.6,13070.7,6241.6
,,,,,,,,828,45416.1,12972,6194.6
,,,,,,,,829,44664.1,12755.8,6091.2
,,,,,,,,830,43724.1,12487.9,5959.6
,,,,,,,,831,43136.6,12318.7,5884.4
,,,,,,,,832,43188.3,12337.5,5884.4
,,,,,,,,833,44889.7,12821.6,6119.4
,,,,,,,,834,49223.1,14057.7,6711.6
,,,,,,,,835,50167.8,14325.6,6838.5
,,,,,,,,836,49006.9,13996.6,6683.4
,,,,,,,,837,47625.1,13601.8,6495.4
,,,,,,,,838,45519.5,13000.2,6204
,,,,,,,,839,42708.9,12196.5,5823.3
,,,,,,,,840,39757.3,11355.2,5419.1
,,,,,,,,841,37393.2,10678.4,5099.5
,,,,,,,,842,36053.7,10297.7,4911.5
,,,,,,,,843,35428.6,10119.1,4831.6
,,,,,,,,844,35254.7,10067.4,4808.1
,,,,,,,,845,35527.3,10142.6,4841
,,,,,,,,846,36561.3,10443.4,4982
,,,,,,,,847,38286.2,10932.2,5217
,,,,,,,,848,40396.5,11533.8,5503.7
,,,,,,,,849,43188.3,12337.5,5884.4
,,,,,,,,850,44979,12845.1,6133.5
,,,,,,,,851,45726.3,13056.6,6232.2
,,,,,,,,852,45975.4,13131.8,6265.1
,,,,,,,,853,45787.4,13075.4,6241.6
,,,,,,,,854,45138.8,12892.1,6152.3
,,,,,,,,855,44678.2,12760.5,6091.2
,,,,,,,,856,44927.3,12831,6124.1
,,,,,,,,857,46882.5,13390.3,6392
,,,,,,,,858,51089,14588.8,6965.4
,,,,,,,,859,50416.9,14396.1,6876.1
,,,,,,,,860,47958.8,13700.5,6537.7
,,,,,,,,861,46718,13343.3,6368.5
,,,,,,,,862,44701.7,12765.2,6095.9
,,,,,,,,863,43164.8,12328.1,5884.4
,,,,,,,,864,39625.7,11317.6,5400.3
,,,,,,,,865,36970.2,10556.2,5038.4
,,,,,,,,866,35715.3,10199,4869.2
,,,,,,,,867,35259.4,10072.1,4808.1
,,,,,,,,868,35386.3,10105,4822.2
,,,,,,,,869,36509.6,10429.3,4977.3
,,,,,,,,870,39935.9,11406.9,5442.6
,,,,,,,,871,46186.9,13188.2,6298
,,,,,,,,872,49298.3,14076.5,6721
,,,,,,,,873,49735.4,14203.4,6782.1
,,,,,,,,874,49472.2,14128.2,6744.5
,,,,,,,,875,49340.6,14090.6,6725.7
,,,,,,,,876,48903.5,13963.7,6664.6
,,,,,,,,877,48034,13719.3,6547.1
,,,,,,,,878,47361.9,13526.6,6457.8
,,,,,,,,879,46520.6,13286.9,6340.3
,,,,,,,,880,46177.5,13183.5,6293.3
,,,,,,,,881,47611,13597.1,6490.7
,,,,,,,,882,52141.8,14889.6,7111.1
,,,,,,,,883,53448.4,15265.6,7285
,,,,,,,,884,52123,14884.9,7106.4
,,,,,,,,885,49829.4,14231.6,6791.5
,,,,,,,,886,46257.4,13211.7,6307.4
,,,,,,,,887,41961.6,11980.3,5719.9
,,,,,,,,888,38046.5,10866.4,5188.8
,,,,,,,,889,35579,10161.4,4850.4
,,,,,,,,890,34291.2,9790.1,4671.8
,,,,,,,,891,33778.9,9649.1,4601.3
,,,,,,,,892,33844.7,9663.2,4615.4
,,,,,,,,893,34972.7,9987.5,4765.8
,,,,,,,,894,38525.9,11002.7,5249.9
,,,,,,,,895,44856.8,12807.5,6114.7
,,,,,,,,896,48024.6,13714.6,6547.1
,,,,,,,,897,48358.3,13813.3,6594.1
,,,,,,,,898,48395.9,13818,6594.1
,,,,,,,,899,48438.2,13836.8,6603.5
,,,,,,,,900,48283.1,13789.8,6580
,,,,,,,,901,47794.3,13648.8,6514.2
,,,,,,,,902,47427.7,13545.4,6467.2
,,,,,,,,903,46835.5,13376.2,6382.6
,,,,,,,,904,46873.1,13385.6,6387.3
,,,,,,,,905,48489.9,13846.2,6612.9
,,,,,,,,906,52766.9,15068.2,7191
,,,,,,,,907,53833.8,15373.7,7336.7
,,,,,,,,908,52748.1,15063.5,7191
,,,,,,,,909,50825.8,14513.6,6927.8
,,,,,,,,910,47526.4,13573.6,6476.6
,,,,,,,,911,43193,12337.5,5889.1
,,,,,,,,912,39465.9,11270.6,5381.5
,,,,,,,,913,37115.9,10598.5,5057.2
,,,,,,,,914,35992.6,10278.9,4906.8
,,,,,,,,915,35626,10170.8,4855.1
,,,,,,,,916,35846.9,10241.3,4888
,,,,,,,,917,37054.8,10584.4,5052.5
,,,,,,,,918,40791.3,11651.3,5560.1
,,,,,,,,919,47376,13531.3,6457.8
,,,,,,,,920,50572,14443.1,6894.9
,,,,,,,,921,50966.8,14551.2,6951.3
,,,,,,,,922,50708.3,14480.7,6913.7
,,,,,,,,923,50393.4,14391.4,6871.4
,,,,,,,,924,49824.7,14231.6,6791.5
,,,,,,,,925,49049.2,14006,6688.1
,,,,,,,,926,48635.6,13888.5,6631.7
,,,,,,,,927,48207.9,13771,6570.6
,,,,,,,,928,48668.5,13897.9,6636.4
,,,,,,,,929,50680.1,14476,6909
,,,,,,,,930,54599.9,15594.6,7444.8
,,,,,,,,931,55220.3,15773.2,7529.4
,,,,,,,,932,53843.2,15373.7,7341.4
,,,,,,,,933,51718.8,14772.1,7050
,,,,,,,,934,48212.6,13771,6570.6
,,,,,,,,935,43540.8,12436.2,5936.1
,,,,,,,,936,39592.8,11308.2,5395.6
,,,,,,,,937,36998.4,10570.3,5043.1
,,,,,,,,938,35696.5,10194.3,4864.5
,,,,,,,,939,35085.5,10020.4,4784.6
,,,,,,,,940,35127.8,10029.8,4789.3
,,,,,,,,941,36307.5,10368.2,4949.1
,,,,,,,,942,39987.6,11416.3,5452
,,,,,,,,943,46497.1,13277.5,6340.3
,,,,,,,,944,49495.7,14137.6,6749.2
,,,,,,,,945,49505.1,14137.6,6749.2
,,,,,,,,946,49105.6,14024.8,6692.8
,,,,,,,,947,48828.3,13944.9,6655.2
,,,,,,,,948,48283.1,13789.8,6584.7
,,,,,,,,949,47502.9,13564.2,6476.6
,,,,,,,,950,47000,13423.2,6406.1
,,,,,,,,951,46257.4,13207,6307.4
,,,,,,,,952,46130.5,13174.1,6288.6
,,,,,,,,953,47493.5,13564.2,6476.6
,,,,,,,,954,51770.5,14786.2,7059.4
,,,,,,,,955,53377.9,15246.8,7280.3
,,,,,,,,956,52405,14969.5,7144
,,,,,,,,957,50656.6,14466.6,6904.3
,,,,,,,,958,47531.1,13573.6,6476.6
,,,,,,,,959,43178.9,12332.8,5884.4
,,,,,,,,960,39400.1,11251.8,5372.1
,,,,,,,,961,37045.4,10579.7,5052.5
,,,,,,,,962,35818.7,10231.9,4883.3
,,,,,,,,963,35297,10081.5,4812.8
,,,,,,,,964,35400.4,10109.7,4826.9
,,,,,,,,965,36542.5,10434,4982
,,,,,,,,966,39978.2,11416.3,5452
,,,,,,,,967,46219.8,13202.3,6302.7
,,,,,,,,968,49368.8,14100,6730.4
,,,,,,,,969,49373.5,14100,6730.4
,,,,,,,,970,48833,13944.9,6659.9
,,,,,,,,971,48457,13841.5,6603.5
,,,,,,,,972,47831.9,13658.2,6523.6
,,,,,,,,973,46859,13385.6,6387.3
,,,,,,,,974,46309.1,13225.8,6312.1
,,,,,,,,975,45679.3,13042.5,6227.5
,,,,,,,,976,45467.8,12986.1,6199.3
,,,,,,,,977,46807.3,13371.5,6382.6
,,,,,,,,978,50548.5,14433.7,6890.2
,,,,,,,,979,51164.2,14612.3,6974.8
,,,,,,,,980,49707.2,14194,6777.4
,,,,,,,,981,47836.6,13662.9,6523.6
,,,,,,,,982,45246.9,12920.3,6166.4
,,,,,,,,983,41806.5,11938,5696.4
,,,,,,,,984,38361.4,10955.7,5231.1
,,,,,,,,985,35781.1,10217.8,4878.6
,,,,,,,,986,34338.2,9804.2,4681.2
,,,,,,,,987,33473.4,9559.8,4563.7
,,,,,,,,988,33158.5,9470.5,4521.4
,,,,,,,,989,33520.4,9573.9,4568.4
,,,,,,,,990,34850.5,9954.6,4751.7
,,,,,,,,991,37322.7,10659.6,5090.1
,,,,,,,,992,40044,11435.1,5456.7
,,,,,,,,993,43235.3,12346.9,5893.8
,,,,,,,,994,45698.1,13051.9,6232.2
,,,,,,,,995,46859,13385.6,6387.3
,,,,,,,,996,47028.2,13432.6,6410.8
,,,,,,,,997,46595.8,13305.7,6354.4
,,,,,,,,998,45923.7,13113,6260.4
,,,,,,,,999,45251.6,12920.3,6166.4
,,,,,,,,1000,44927.3,12831,6124.1
,,,,,,,,1001,46304.4,13225.8,6312.1
,,,,,,,,1002,49754.2,14208.1,6786.8
,,,,,,,,1003,50435.7,14405.5,6876.1
,,,,,,,,1004,48983.4,13987.2,6678.7
,,,,,,,,1005,47380.7,13536,6457.8
,,,,,,,,1006,45256.3,12925,6166.4
,,,,,,,,1007,42577.3,12158.9,5804.5
,,,,,,,,1008,39799.6,11369.3,5428.5
,,,,,,,,1009,37755.1,10781.8,5146.5
,,,,,,,,1010,36627.1,10462.2,4991.4
,,,,,,,,1011,36241.7,10354.1,4939.7
,,,,,,,,1012,36274.6,10358.8,4944.4
,,,,,,,,1013,36763.4,10499.8,5010.2
,,,,,,,,1014,37891.4,10824.1,5165.3
,,,,,,,,1015,39719.7,11345.8,5414.4
,,,,,,,,1016,41745.4,11923.9,5691.7
,,,,,,,,1017,44598.3,12737,6077.1
,,,,,,,,1018,46652.2,13324.5,6359.1
,,,,,,,,1019,47667.4,13611.2,6500.1
,,,,,,,,1020,47888.3,13677,6528.3
,,,,,,,,1021,47686.2,13620.6,6500.1
,,,,,,,,1022,47169.2,13470.2,6429.6
,,,,,,,,1023,46652.2,13324.5,6359.1
,,,,,,,,1024,46910.7,13395,6396.7
,,,,,,,,1025,48898.8,13963.7,6664.6
,,,,,,,,1026,53434.3,15260.9,7285
,,,,,,,,1027,55262.6,15782.6,7534.1
,,,,,,,,1028,54313.2,15514.7,7402.5
,,,,,,,,1029,52414.4,14969.5,7144
,,,,,,,,1030,49274.8,14071.8,6716.3
,,,,,,,,1031,45693.4,13047.2,6227.5
,,,,,,,,1032,42290.6,12074.3,5762.2
,,,,,,,,1033,39973.5,11416.3,5452
,,,,,,,,1034,38845.5,11092,5292.2
,,,,,,,,1035,38389.6,10965.1,5235.8
,,,,,,,,1036,38488.3,10993.3,5245.2
,,,,,,,,1037,39611.6,11312.9,5400.3
,,,,,,,,1038,42990.9,12276.4,5860.9
,,,,,,,,1039,49157.3,14038.9,6702.2
,,,,,,,,1040,52165.3,14899,7115.8
,,,,,,,,1041,52395.6,14964.8,7144
,,,,,,,,1042,52080.7,14875.5,7097
,,,,,,,,1043,51770.5,14786.2,7059.4
,,,,,,,,1044,51309.9,14654.6,6998.3
,,,,,,,,1045,50337,14377.3,6862
,,,,,,,,1046,49580.3,14161.1,6763.3
,,,,,,,,1047,48687.3,13902.6,6636.4
,,,,,,,,1048,48363,13813.3,6594.1
,,,,,,,,1049,49519.2,14142.3,6749.2
,,,,,,,,1050,53594.1,15303.2,7308.5
,,,,,,,,1051,55290.8,15792,7538.8
,,,,,,,,1052,54256.8,15491.2,7397.8
,,,,,,,,1053,52325.1,14946,7134.6
,,,,,,,,1054,48978.7,13987.2,6678.7
,,,,,,,,1055,44574.8,12732.3,6077.1
,,,,,,,,1056,40579.8,11585.5,5531.9
,,,,,,,,1057,38023,10857,5184.1
,,,,,,,,1058,36711.7,10485.7,5005.5
,,,,,,,,1059,36232.3,10349.4,4939.7
,,,,,,,,1060,36222.9,10344.7,4935
,,,,,,,,1061,37332.1,10664.3,5090.1
,,,,,,,,1062,40796,11651.3,5560.1
,,,,,,,,1063,47108.1,13456.1,6424.9
,,,,,,,,1064,50097.3,14306.8,6833.8
,,,,,,,,1065,50294.7,14363.2,6857.3
,,,,,,,,1066,50139.6,14316.2,6833.8
,,,,,,,,1067,50045.6,14292.7,6824.4
,,,,,,,,1068,49613.2,14170.5,6763.3
,,,,,,,,1069,49039.8,14006,6688.1
,,,,,,,,1070,48602.7,13879.1,6627
,,,,,,,,1071,48057.5,13724,6551.8
,,,,,,,,1072,47794.3,13648.8,6514.2
,,,,,,,,1073,48800.1,13935.5,6650.5
,,,,,,,,1074,52564.8,15011.8,7167.5
,,,,,,,,1075,53993.6,15420.7,7360.2
,,,,,,,,1076,52625.9,15030.6,7172.2
,,,,,,,,1077,50581.4,14443.1,6894.9
,,,,,,,,1078,47263.2,13498.4,6443.7
,,,,,,,,1079,42929.8,12262.3,5851.5
,,,,,,,,1080,39094.6,11162.5,5329.8
,,,,,,,,1081,36486.1,10419.9,4972.6
,,,,,,,,1082,35090.2,10020.4,4784.6
,,,,,,,,1083,34413.4,9827.7,4690.6
,,,,,,,,1084,34342.9,9808.9,4681.2
,,,,,,,,1085,35297,10076.8,4812.8
,,,,,,,,1086,38784.4,11077.9,5287.5
,,,,,,,,1087,45030.7,12859.2,6138.2
,,,,,,,,1088,48367.7,13813.3,6594.1
,,,,,,,,1089,49025.7,14001.3,6683.4
,,,,,,,,1090,49185.5,14048.3,6706.9
,,,,,,,,1091,49326.5,14085.9,6725.7
,,,,,,,,1092,49110.3,14024.8,6692.8
,,,,,,,,1093,48522.8,13860.3,6617.6
,,,,,,,,1094,48250.2,13780.4,6575.3
,,,,,,,,1095,47700.3,13625.3,6500.1
,,,,,,,,1096,47517,13568.9,6476.6
,,,,,,,,1097,48687.3,13907.3,6641.1
,,,,,,,,1098,52165.3,14899,7111.1
,,,,,,,,1099,53368.5,15242.1,7275.6
,,,,,,,,1100,52113.6,14884.9,7106.4
,,,,,,,,1101,49989.2,14273.9,6815
,,,,,,,,1102,46656.9,13324.5,6359.1
,,,,,,,,1103,42267.1,12074.3,5762.2
,,,,,,,,1104,38267.4,10927.5,5217
,,,,,,,,1105,35837.5,10236.6,4888
,,,,,,,,1106,34554.4,9865.3,4709.4
,,,,,,,,1107,34060.9,9724.3,4643.6
,,,,,,,,1108,34295.9,9794.8,4671.8
,,,,,,,,1109,35400.4,10109.7,4826.9
,,,,,,,,1110,39075.8,11157.8,5325.1
,,,,,,,,1111,45312.7,12943.8,6175.8
,,,,,,,,1112,48348.9,13808.6,6594.1
,,,,,,,,1113,48739,13916.7,6645.8
,,,,,,,,1114,48809.5,13940.2,6655.2
,,,,,,,,1115,48715.5,13912,6641.1
,,,,,,,,1116,48457,13841.5,6603.5
,,,,,,,,1117,48160.9,13752.2,6565.9
,,,,,,,,1118,48146.8,13747.5,6565.9
,,,,,,,,1119,47789.6,13648.8,6514.2
,,,,,,,,1120,47958.8,13700.5,6537.7
,,,,,,,,1121,49688.4,14194,6772.7
,,,,,,,,1122,52917.3,15115.2,7214.5
,,,,,,,,1123,53608.2,15307.9,7308.5
,,,,,,,,1124,52268.7,14927.2,7125.2
,,,,,,,,1125,50191.3,14335,6843.2
,,,,,,,,1126,46840.2,13376.2,6382.6
,,,,,,,,1127,42417.5,12116.6,5785.7
,,,,,,,,1128,38478.9,10988.6,5245.2
,,,,,,,,1129,35771.7,10217.8,4878.6
,,,,,,,,1130,34234.8,9776,4667.1
,,,,,,,,1131,33417,9545.7,4554.3
,,,,,,,,1132,33285.4,9508.1,4535.5
,,,,,,,,1133,34150.2,9752.5,4653
,,,,,,,,1134,37322.7,10659.6,5090.1
,,,,,,,,1135,43193,12337.5,5889.1
,,,,,,,,1136,46694.5,13333.9,6363.8
,,,,,,,,1137,47681.5,13615.9,6500.1
,,,,,,,,1138,47935.3,13691.1,6533
,,,,,,,,1139,48001.1,13709.9,6547.1
,,,,,,,,1140,47634.5,13606.5,6495.4
,,,,,,,,1141,46830.8,13371.5,6382.6
,,,,,,,,1142,46257.4,13211.7,6307.4
,,,,,,,,1143,45481.9,12990.8,6199.3
,,,,,,,,1144,45063.6,12873.3,6147.6
,,,,,,,,1145,45857.9,13094.2,6251
,,,,,,,,1146,48988.1,13987.2,6678.7
,,,,,,,,1147,50440.4,14405.5,6876.1
,,,,,,,,1148,49185.5,14048.3,6706.9
,,,,,,,,1149,47526.4,13573.6,6476.6
,,,,,,,,1150,45157.6,12896.8,6157
,,,,,,,,1151,41839.4,11952.1,5705.8
,,,,,,,,1152,38394.3,10965.1,5235.8
,,,,,,,,1153,35842.2,10236.6,4888
,,,,,,,,1154,34399.3,9823,4690.6
,,,,,,,,1155,33722.5,9630.3,4596.6
,,,,,,,,1156,33440.5,9550.4,4554.3
,,,,,,,,1157,33783.6,9649.1,4606
,,,,,,,,1158,35217.1,10058,4798.7
,,,,,,,,1159,37463.7,10701.9,5104.2
,,,,,,,,1160,39888.9,11392.8,5437.9
,,,,,,,,1161,42553.8,12154.2,5799.8
,,,,,,,,1162,44076.6,12591.3,6006.6
,,,,,,,,1163,44532.5,12718.2,6072.4
,,,,,,,,1164,44165.9,12614.8,6020.7
,,,,,,,,1165,43301.1,12365.7,5903.2
,,,,,,,,1166,42238.9,12064.9,5757.5
,,,,,,,,1167,41576.2,11872.2,5668.2
,,,,,,,,1168,41618.5,11886.3,5672.9
,,,,,,,,1169,43033.2,12285.8,5865.6
,,,,,,,,1170,46525.3,13286.9,6340.3
,,,,,,,,1171,47954.1,13695.8,6537.7
,,,,,,,,1172,46694.5,13338.6,6363.8
,,,,,,,,1173,45237.5,12920.3,6166.4
,,,,,,,,1174,43146,12323.4,5884.4
,,,,,,,,1175,40330.7,11519.7,5499
,,,,,,,,1176,37463.7,10701.9,5104.2
,,,,,,,,1177,35203,10048.6,4798.7
,,,,,,,,1178,33887,9677.3,4620.1
,,,,,,,,1179,33177.3,9475.2,4521.4
,,,,,,,,1180,32951.7,9414.1,4493.2
,,,,,,,,1181,33229,9489.3,4530.8
,,,,,,,,1182,34277.1,9790.1,4671.8
,,,,,,,,1183,35762.3,10213.1,4873.9
,,,,,,,,1184,37656.4,10753.6,5132.4
,,,,,,,,1185,40128.6,11463.3,5470.8
,,,,,,,,1186,41830,11947.4,5701.1
,,,,,,,,1187,42459.8,12126,5790.4
,,,,,,,,1188,42553.8,12149.5,5799.8
,,,,,,,,1189,42079.1,12017.9,5738.7
,,,,,,,,1190,41270.7,11787.6,5625.9
,,,,,,,,1191,40537.5,11576.1,5527.2
,,,,,,,,1192,40471.7,11557.3,5517.8
,,,,,,,,1193,41909.9,11970.9,5715.2
,,,,,,,,1194,45942.5,13117.7,6260.4
,,,,,,,,1195,48386.5,13818,6594.1
,,,,,,,,1196,47357.2,13526.6,6453.1
,,,,,,,,1197,45853.2,13094.2,6251
,,,,,,,,1198,43479.7,12417.4,5926.7
,,,,,,,,1199,40514,11571.4,5522.5
,,,,,,,,1200,37618.8,10744.2,5127.7
,,,,,,,,1201,35677.7,10189.6,4864.5
,,,,,,,,1202,34540.3,9865.3,4709.4
,,,,,,,,1203,33887,9677.3,4620.1
,,,,,,,,1204,33995.1,9710.2,4634.2
,,,,,,,,1205,34911.6,9968.7,4761.1
,,,,,,,,1206,37416.7,10687.8,5099.5
,,,,,,,,1207,41096.8,11735.9,5602.4
,,,,,,,,1208,43930.9,12549,5987.8
,,,,,,,,1209,46191.6,13192.9,6298
,,,,,,,,1210,47606.3,13597.1,6490.7
,,,,,,,,1211,48236.1,13775.7,6575.3
,,,,,,,,1212,48071.6,13728.7,6551.8
,,,,,,,,1213,47291.4,13507.8,6448.4
,,,,,,,,1214,46445.4,13263.4,6335.6
,,,,,,,,1215,45768.6,13070.7,6241.6
,,,,,,,,1216,45571.2,13014.3,6213.4
,,,,,,,,1217,46953,13409.1,6401.4
,,,,,,,,1218,51051.4,14579.4,6960.7
,,,,,,,,1219,53194.6,15190.4,7252.1
,,,,,,,,1220,51888,14819.1,7073.5
,,,,,,,,1221,49890.5,14245.7,6800.9
,,,,,,,,1222,46821.4,13371.5,6382.6
,,,,,,,,1223,42901.6,12252.9,5846.8
,,,,,,,,1224,39348.4,11237.7,5362.7
,,,,,,,,1225,37073.6,10589.1,5052.5
,,,,,,,,1226,35908,10255.4,4892.7
,,,,,,,,1227,35461.5,10123.8,4836.3
,,,,,,,,1228,35649.5,10180.2,4859.8
,,,,,,,,1229,36805.7,10509.2,5019.6
,,,,,,,,1230,40142.7,11463.3,5475.5
,,,,,,,,1231,45359.7,12953.2,6185.2
,,,,,,,,1232,48367.7,13813.3,6594.1
,,,,,,,,1233,49307.7,14081.2,6721
,,,,,,,,1234,49260.7,14067.1,6711.6
,,,,,,,,1235,49138.5,14034.2,6697.5
,,,,,,,,1236,48649.7,13893.2,6631.7
,,,,,,,,1237,47897.7,13677,6528.3
,,,,,,,,1238,47517,13573.6,6476.6
,,,,,,,,1239,47183.3,13474.9,6429.6
,,,,,,,,1240,47197.4,13479.6,6434.3
,,,,,,,,1241,48588.6,13874.4,6622.3
,,,,,,,,1242,52278.1,14927.2,7125.2
,,,,,,,,1243,53664.6,15322,7317.9
,,,,,,,,1244,52155.9,14894.3,7111.1
,,,,,,,,1245,49824.7,14226.9,6791.5
,,,,,,,,1246,46459.5,13268.1,6335.6
,,,,,,,,1247,42149.6,12036.7,5743.4
,,,,,,,,1248,38319.1,10946.3,5221.7
,,,,,,,,1249,35715.3,10199,4869.2
,,,,,,,,1250,34234.8,9776,4667.1
,,,,,,,,1251,33590.9,9592.7,4577.8
,,,,,,,,1252,33487.5,9564.5,4563.7
,,,,,,,,1253,34465.1,9841.8,4695.3
,,,,,,,,1254,37557.7,10725.4,5123
,,,,,,,,1255,42520.9,12144.8,5795.1
,,,,,,,,1256,45740.4,13066,6236.9
,,,,,,,,1257,46765,13357.4,6377.9
,,,,,,,,1258,46868.4,13385.6,6387.3
,,,,,,,,1259,47018.8,13427.9,6410.8
,,,,,,,,1260,46765,13357.4,6377.9
,,,,,,,,1261,46092.9,13164.7,6283.9
,,,,,,,,1262,45632.3,13033.1,6218.1
,,,,,,,,1263,44932,12831,6124.1
,,,,,,,,1264,44504.3,12708.8,6067.7
,,,,,,,,1265,45383.2,12962.6,6189.9
,,,,,,,,1266,48790.7,13935.5,6650.5
,,,,,,,,1267,50849.3,14523,6932.5
,,,,,,,,1268,49641.4,14175.2,6768
,,,,,,,,1269,47709.7,13630,6504.8
,,,,,,,,1270,44687.6,12760.5,6091.2
,,,,,,,,1271,40598.6,11594.9,5531.9
,,,,,,,,1272,36876.2,10532.7,5029
,,,,,,,,1273,34324.1,9804.2,4676.5
,,,,,,,,1274,32895.3,9395.3,4483.8
,,,,,,,,1275,32138.6,9179.1,4380.4
,,,,,,,,1276,32054,9155.6,4366.3
,,,,,,,,1277,32904.7,9395.3,4483.8
,,,,,,,,1278,35964.4,10269.5,4902.1
,,,,,,,,1279,41096.8,11735.9,5602.4
,,,,,,,,1280,44419.7,12685.3,6053.6
,,,,,,,,1281,45872,13098.9,6255.7
,,,,,,,,1282,46642.8,13324.5,6359.1
,,,,,,,,1283,46910.7,13395,6396.7
,,,,,,,,1284,46877.8,13390.3,6392
,,,,,,,,1285,46421.9,13254,6330.9
,,,,,,,,1286,45928.4,13113,6260.4
,,,,,,,,1287,45364.4,12953.2,6185.2
,,,,,,,,1288,44838,12807.5,6114.7
,,,,,,,,1289,45453.7,12981.4,6194.6
,,,,,,,,1290,48668.5,13897.9,6636.4
,,,,,,,,1291,50929.2,14546.5,6941.9
,,,,,,,,1292,49914,14255.1,6805.6
,,,,,,,,1293,48019.9,13714.6,6547.1
,,,,,,,,1294,45063.6,12868.6,6142.9
,,,,,,,,1295,41087.4,11735.9,5597.7
,,,,,,,,1296,37491.9,10711.3,5108.9
,,,,,,,,1297,35047.9,10006.3,4775.2
,,,,,,,,1298,33637.9,9606.8,4582.5
,,,,,,,,1299,32989.3,9418.8,4497.9
,,,,,,,,1300,33026.9,9432.9,4502.6
,,,,,,,,1301,33985.7,9705.5,4629.5
,,,,,,,,1302,36946.7,10551.5,5033.7
,,,,,,,,1303,41881.7,11961.5,5710.5
,,,,,,,,1304,45604.1,13023.7,6213.4
,,,,,,,,1305,47878.9,13677,6523.6
,,,,,,,,1306,49072.7,14015.4,6692.8
,,,,,,,,1307,49881.1,14245.7,6800.9
,,,,,,,,1308,50144.3,14320.9,6833.8
,,,,,,,,1309,49838.8,14231.6,6791.5
,,,,,,,,1310,49655.5,14179.9,6768
,,,,,,,,1311,49303,14076.5,6721
,,,,,,,,1312,49082.1,14020.1,6692.8
,,,,,,,,1313,50003.3,14283.3,6815
,,,,,,,,1314,52038.4,14861.4,7092.3
,,,,,,,,1315,52151.2,14894.3,7111.1
,,,,,,,,1316,50501.5,14424.3,6885.5
,,,,,,,,1317,48358.3,13813.3,6594.1
,,,,,,,,1318,45543,13004.9,6208.7
,,,,,,,,1319,41971,11985,5719.9
,,,,,,,,1320,38436.6,10974.5,5240.5
,,,,,,,,1321,35818.7,10231.9,4883.3
,,,,,,,,1322,34248.9,9780.7,4671.8
,,,,,,,,1323,33417,9541,4554.3
,,,,,,,,1324,33106.8,9456.4,4512
,,,,,,,,1325,33515.7,9573.9,4568.4
,,,,,,,,1326,34827,9945.2,4747
,,,,,,,,1327,36791.6,10504.5,5014.9
,,,,,,,,1328,39085.2,11157.8,5329.8
,,,,,,,,1329,41844.1,11952.1,5705.8
,,,,,,,,1330,43982.6,12558.4,5997.2
,,,,,,,,1331,45035.4,12859.2,6142.9
,,,,,,,,1332,45058.9,12868.6,6142.9
,,,,,,,,1333,44579.5,12732.3,6077.1
,,,,,,,,1334,43794.6,12506.7,5969
,,,,,,,,1335,43216.5,12342.2,5889.1
,,,,,,,,1336,43122.5,12314,5879.7
,,,,,,,,1337,44283.4,12643,6034.8
,,,,,,,,1338,47451.2,13554.8,6471.9
,,,,,,,,1339,49632,14170.5,6763.3
,,,,,,,,1340,48532.2,13860.3,6617.6
,,,,,,,,1341,46976.5,13418.5,6406.1
,,,,,,,,1342,44899.1,12821.6,6119.4
,,,,,,,,1343,41933.4,11980.3,5715.2
,,,,,,,,1344,39094.6,11162.5,5329.8
,,,,,,,,1345,36946.7,10551.5,5033.7
,,,,,,,,1346,35555.5,10152,4845.7
,,,,,,,,1347,34841.1,9949.9,4747
,,,,,,,,1348,34686,9907.6,4728.2
,,,,,,,,1349,34972.7,9987.5,4765.8
,,,,,,,,1350,36025.5,10288.3,4911.5
,,,,,,,,1351,37350.9,10664.3,5090.1
,,,,,,,,1352,39165.1,11181.3,5339.2
,,,,,,,,1353,41759.5,11928.6,5696.4
,,,,,,,,1354,43423.3,12403.3,5917.3
,,,,,,,,1355,44231.7,12633.6,6030.1
,,,,,,,,1356,44471.4,12699.4,6063
,,,,,,,,1357,44231.7,12633.6,6030.1
,,,,,,,,1358,43404.5,12393.9,5917.3
,,,,,,,,1359,42535,12144.8,5799.8
,,,,,,,,1360,42450.4,12126,5790.4
,,,,,,,,1361,43827.5,12516.1,5978.4
,,,,,,,,1362,47460.6,13554.8,6471.9
,,,,,,,,1363,50830.5,14518.3,6927.8
,,,,,,,,1364,49918.7,14255.1,6805.6
,,,,,,,,1365,48062.2,13724,6551.8
,,,,,,,,1366,45204.6,12910.9,6161.7
,,,,,,,,1367,41656.1,11895.7,5677.6
,,,,,,,,1368,38502.4,10993.3,5245.2
,,,,,,,,1369,36448.5,10405.8,4967.9
,,,,,,,,1370,35423.9,10119.1,4826.9
,,,,,,,,1371,35076.1,10015.7,4779.9
,,,,,,,,1372,35282.9,10076.8,4812.8
,,,,,,,,1373,36589.5,10452.8,4986.7
,,,,,,,,1374,40236.7,11491.5,5484.9
,,,,,,,,1375,45942.5,13117.7,6260.4
,,,,,,,,1376,48978.7,13987.2,6678.7
,,,,,,,,1377,49307.7,14081.2,6721
,,,,,,,,1378,49138.5,14029.5,6697.5
,,,,,,,,1379,48927,13973.1,6669.3
,,,,,,,,1380,48513.4,13855.6,6612.9
,,,,,,,,1381,47968.2,13700.5,6542.4
,,,,,,,,1382,47564,13583,6481.3
,,,,,,,,1383,46943.6,13409.1,6401.4
,,,,,,,,1384,46915.4,13395,6396.7
,,,,,,,,1385,48316,13799.2,6589.4
,,,,,,,,1386,51502.6,14711,7021.8
,,,,,,,,1387,53241.6,15204.5,7261.5
,,,,,,,,1388,51873.9,14814.4,7068.8
,,,,,,,,1389,49472.2,14128.2,6744.5
,,,,,,,,1390,46008.3,13136.5,6269.8
,,,,,,,,1391,41703.1,11914.5,5687
,,,,,,,,1392,37806.8,10795.9,5151.2
,,,,,,,,1393,35344,10095.6,4817.5
,,,,,,,,1394,33985.7,9705.5,4629.5
,,,,,,,,1395,33402.9,9536.3,4554.3
,,,,,,,,1396,33398.2,9536.3,4554.3
,,,,,,,,1397,34474.5,9846.5,4695.3
,,,,,,,,1398,38037.1,10861.7,5184.1
,,,,,,,,1399,43663,12469.1,5954.9
,,,,,,,,1400,46675.7,13329.2,6363.8
,,,,,,,,1401,47286.7,13507.8,6448.4
,,,,,,,,1402,47479.4,13559.5,6476.6
,,,,,,,,1403,47427.7,13545.4,6467.2
,,,,,,,,1404,47084.6,13446.7,6420.2
,,,,,,,,1405,46412.5,13254,6326.2
,,,,,,,,1406,46003.6,13136.5,6269.8
,,,,,,,,1407,45397.3,12967.3,6189.9
,,,,,,,,1408,45134.1,12887.4,6152.3
,,,,,,,,1409,46074.1,13160,6283.9
,,,,,,,,1410,49434.6,14118.8,6739.8
,,,,,,,,1411,52480.2,14988.3,7153.4
,,,,,,,,1412,54158.1,15467.7,7383.7
,,,,,,,,1413,51690.6,14762.7,7045.3
,,,,,,,,1414,48010.5,13709.9,6547.1
,,,,,,,,1415,43526.7,12431.5,5931.4
,,,,,,,,1416,39606.9,11312.9,5400.3
,,,,,,,,1417,37012.5,10570.3,5047.8
,,,,,,,,1418,35743.5,10208.4,4869.2
,,,,,,,,1419,35094.9,10025.1,4784.6
,,,,,,,,1420,35104.3,10025.1,4784.6
,,,,,,,,1421,36063.1,10297.7,4916.2
,,,,,,,,1422,39240.3,11204.8,5348.6
,,,,,,,,1423,44617.1,12741.7,6081.8
,,,,,,,,1424,48052.8,13724,6551.8
,,,,,,,,1425,49570.9,14156.4,6758.6
,,,,,,,,1426,50534.4,14429,6890.2
,,,,,,,,1427,51371,14668.7,7003
,,,,,,,,1428,51648.3,14753.3,7045.3
,,,,,,,,1429,51502.6,14711,7021.8
,,,,,,,,1430,51234.7,14631.1,6984.2
,,,,,,,,1431,50835.2,14518.3,6927.8
,,,,,,,,1432,50689.5,14480.7,6909
,,,,,,,,1433,51657.7,14753.3,7045.3
,,,,,,,,1434,54167.5,15467.7,7383.7
,,,,,,,,1435,55774.9,15928.3,7604.6
,,,,,,,,1436,54543.5,15575.8,7435.4
,,,,,,,,1437,52390.9,14960.1,7139.3
,,,,,,,,1438,48955.2,13982.5,6674
,,,,,,,,1439,44541.9,12718.2,6072.4
,,,,,,,,1440,40612.7,11599.6,5536.6
,,,,,,,,1441,38164,10899.3,5202.9
,,,,,,,,1442,36819.8,10518.6,5019.6
,,,,,,,,1443,36110.1,10311.8,4920.9
,,,,,,,,1444,36157.1,10325.9,4930.3
,,,,,,,,1445,37148.8,10607.9,5061.9
,,,,,,,,1446,40589.2,11590.2,5531.9
,,,,,,,,1447,46092.9,13160,6283.9
,,,,,,,,1448,49392.3,14104.7,6735.1
,,,,,,,,1449,50384,14386.7,6866.7
,,,,,,,,1450,50647.2,14461.9,6904.3
,,,,,,,,1451,50830.5,14513.6,6927.8
,,,,,,,,1452,50529.7,14429,6890.2
,,,,,,,,1453,49979.8,14273.9,6810.3
,,,,,,,,1454,49688.4,14189.3,6772.7
,,,,,,,,1455,49105.6,14024.8,6692.8
,,,,,,,,1456,48865.9,13954.3,6664.6
,,,,,,,,1457,49787.1,14217.5,6786.8
,,,,,,,,1458,52076,14875.5,7097
,,,,,,,,1459,53161.7,15185.7,7247.4
,,,,,,,,1460,51779.9,14786.2,7059.4
,,,,,,,,1461,49834.1,14231.6,6791.5
,,,,,,,,1462,47164.5,13470.2,6429.6
,,,,,,,,1463,43625.4,12459.7,5950.2
,,,,,,,,1464,40029.9,11430.4,5456.7
,,,,,,,,1465,37515.4,10711.3,5113.6
,,,,,,,,1466,35973.8,10274.2,4906.8
,,,,,,,,1467,35010.3,9996.9,4770.5
,,,,,,,,1468,34502.7,9851.2,4700
,,,,,,,,1469,34643.7,9893.5,4718.8
,,,,,,,,1470,35790.5,10217.8,4878.6
,,,,,,,,1471,37863.2,10814.7,5160.6
,,,,,,,,1472,40410.6,11538.5,5508.4
,,,,,,,,1473,43522,12431.5,5931.4
,,,,,,,,1474,45820.3,13084.8,6246.3
,,,,,,,,1475,46863.7,13385.6,6387.3
,,,,,,,,1476,47079.9,13442,6420.2
,,,,,,,,1477,46384.3,13249.3,6326.2
,,,,,,,,1478,45040.1,12863.9,6142.9
,,,,,,,,1479,43672.4,12473.8,5954.9
,,,,,,,,1480,42779.4,12220,5832.7
,,,,,,,,1481,42953.3,12267,5856.2
,,,,,,,,1482,45185.8,12901.5,6161.7
,,,,,,,,1483,48043.4,13724,6547.1
,,,,,,,,1484,46976.5,13418.5,6406.1
,,,,,,,,1485,45505.4,12995.5,6204
,,,,,,,,1486,43249.4,12351.6,5893.8
,,,,,,,,1487,40429.4,11547.9,5508.4
,,,,,,,,1488,37491.9,10711.3,5108.9
,,,,,,,,1489,35141.9,10034.5,4794
,,,,,,,,1490,33708.4,9625.6,4596.6
,,,,,,,,1491,32909.4,9400,4483.8
,,,,,,,,1492,32580.4,9306,4441.5
,,,,,,,,1493,32829.5,9376.5,4474.4
,,,,,,,,1494,33727.2,9630.3,4601.3
,,,,,,,,1495,35165.4,10043.9,4794
,,,,,,,,1496,37228.7,10631.4,5076
,,,,,,,,1497,40227.3,11486.8,5480.2
,,,,,,,,1498,42582,12163.6,5804.5
,,,,,,,,1499,43630.1,12459.7,5950.2
,,,,,,,,1500,44029.6,12572.5,6001.9
,,,,,,,,1501,43940.3,12549,5987.8
,,,,,,,,1502,43268.2,12356.3,5898.5
,,,,,,,,1503,42845.2,12238.8,5837.4
,,,,,,,,1504,42854.6,12238.8,5842.1
,,,,,,,,1505,43912.1,12539.6,5983.1
,,,,,,,,1506,46873.1,13390.3,6392
,,,,,,,,1507,50116.1,14311.5,6833.8
,,,,,,,,1508,49331.2,14090.6,6725.7
,,,,,,,,1509,47451.2,13554.8,6471.9
,,,,,,,,1510,44447.9,12690,6058.3
,,,,,,,,1511,40786.6,11646.6,5560.1
,,,,,,,,1512,37567.1,10730.1,5123
,,,,,,,,1513,35494.4,10137.9,4841
,,,,,,,,1514,34549.7,9865.3,4709.4
,,,,,,,,1515,34225.4,9771.3,4667.1
,,,,,,,,1516,34474.5,9846.5,4695.3
,,,,,,,,1517,35809.3,10227.2,4883.3
,,,,,,,,1518,39550.5,11294.1,5390.9
,,,,,,,,1519,45270.4,12925,6171.1
,,,,,,,,1520,48452.3,13836.8,6603.5
,,,,,,,,1521,49091.5,14020.1,6692.8
,,,,,,,,1522,49213.7,14057.7,6711.6
,,,,,,,,1523,49279.5,14076.5,6716.3
,,,,,,,,1524,48964.6,13982.5,6674
,,,,,,,,1525,48231.4,13771,6575.3
,,,,,,,,1526,47695.6,13620.6,6500.1
,,,,,,,,1527,46891.9,13395,6392
,,,,,,,,1528,46694.5,13338.6,6363.8
,,,,,,,,1529,47752,13639.4,6509.5
,,,,,,,,1530,50971.5,14555.9,6951.3
,,,,,,,,1531,54590.5,15589.9,7444.8
,,,,,,,,1532,53857.3,15378.4,7341.4
,,,,,,,,1533,51930.3,14833.2,7078.2
,,,,,,,,1534,48673.2,13902.6,6636.4
,,,,,,,,1535,44377.4,12671.2,6053.6
,,,,,,,,1536,40687.9,11618.4,5546
,,,,,,,,1537,38366.1,10955.7,5231.1
,,,,,,,,1538,37341.5,10664.3,5090.1
,,,,,,,,1539,36951.4,10551.5,5038.4
,,,,,,,,1540,37120.6,10603.2,5061.9
,,,,,,,,1541,38375.5,10960.4,5231.1
,,,,,,,,1542,42036.8,12008.5,5729.3
,,,,,,,,1543,47611,13597.1,6490.7
,,,,,,,,1544,50567.3,14438.4,6894.9
,,,,,,,,1545,50835.2,14518.3,6927.8
,,,,,,,,1546,50294.7,14363.2,6857.3
,,,,,,,,1547,50059.7,14297.4,6824.4
,,,,,,,,1548,49664.9,14184.6,6768
,,,,,,,,1549,48767.2,13926.1,6645.8
,,,,,,,,1550,48203.2,13766.3,6570.6
,,,,,,,,1551,47399.5,13536,6462.5
,,,,,,,,1552,46793.2,13366.8,6382.6
,,,,,,,,1553,47667.4,13611.2,6500.1
,,,,,,,,1554,50369.9,14382,6866.7
,,,,,,,,1555,53866.7,15383.1,7346.1
,,,,,,,,1556,53335.6,15232.7,7270.9
,,,,,,,,1557,51512,14711,7021.8
,,,,,,,,1558,48160.9,13752.2,6565.9
,,,,,,,,1559,43653.6,12469.1,5954.9
,,,,,,,,1560,39653.9,11322.3,5405
,,,,,,,,1561,37177,10617.3,5066.6
,,,,,,,,1562,35917.4,10260.1,4897.4
,,,,,,,,1563,35254.7,10067.4,4808.1
,,,,,,,,1564,35273.5,10076.8,4808.1
,,,,,,,,1565,36265.2,10354.1,4944.4
,,,,,,,,1566,39799.6,11369.3,5428.5
,,,,,,,,1567,45124.7,12887.4,6152.3
,,,,,,,,1568,47780.2,13644.1,6514.2
,,,,,,,,1569,47869.5,13672.3,6523.6
,,,,,,,,1570,47545.2,13583,6481.3
,,,,,,,,1571,47267.9,13498.4,6443.7
,,,,,,,,1572,46708.6,13338.6,6368.5
,,,,,,,,1573,46017.7,13141.2,6274.5
,,,,,,,,1574,45622.9,13028.4,6218.1
,,,,,,,,1575,44791,12793.4,6105.3
,,,,,,,,1576,44382.1,12675.9,6053.6
,,,,,,,,1577,44997.8,12849.8,6133.5
,,,,,,,,1578,47512.3,13568.9,6476.6
,,,,,,,,1579,50783.5,14499.5,6923.1
,,,,,,,,1580,50012.7,14283.3,6819.7
,,,,,,,,1581,48081,13728.7,6551.8
,,,,,,,,1582,44729.9,12774.6,6100.6
,,,,,,,,1583,40373,11529.1,5503.7
,,,,,,,,1584,36378,10391.7,4958.5
,,,,,,,,1585,33966.9,9700.8,4629.5
,,,,,,,,1586,32650.9,9324.8,4450.9
,,,,,,,,1587,31978.8,9132.1,4361.6
,,,,,,,,1588,31833.1,9089.8,4338.1
,,,,,,,,1589,32796.6,9367.1,4469.7
,,,,,,,,1590,36161.8,10330.6,4930.3
,,,,,,,,1591,41233.1,11773.5,5621.2
,,,,,,,,1592,44377.4,12671.2,6053.6
,,,,,,,,1593,45073,12873.3,6147.6
,,,,,,,,1594,45312.7,12943.8,6175.8
,,,,,,,,1595,45477.2,12990.8,6199.3
,,,,,,,,1596,45434.9,12972,6194.6
,,,,,,,,1597,45002.5,12854.5,6133.5
,,,,,,,,1598,44800.4,12793.4,6105.3
,,,,,,,,1599,44292.8,12647.7,6039.5
,,,,,,,,1600,43982.6,12563.1,5997.2
,,,,,,,,1601,44527.8,12713.5,6072.4
,,,,,,,,1602,46882.5,13390.3,6392
,,,,,,,,1603,49434.6,14118.8,6739.8
,,,,,,,,1604,48522.8,13860.3,6617.6
,,,,,,,,1605,46483,13277.5,6335.6
,,,,,,,,1606,43188.3,12337.5,5884.4
,,,,,,,,1607,38812.6,11087.3,5292.2
,,,,,,,,1608,35000.9,9996.9,4770.5
,,,,,,,,1609,32519.3,9287.2,4436.8
,,,,,,,,1610,31236.2,8920.6,4258.2
,,,,,,,,1611,30582.9,8732.6,4168.9
,,,,,,,,1612,30456,8695,4150.1
,,,,,,,,1613,31438.3,8977,4286.4
,,,,,,,,1614,34794.1,9935.8,4747
,,,,,,,,1615,40542.2,11580.8,5527.2
,,,,,,,,1616,44382.1,12675.9,6053.6
,,,,,,,,1617,45608.8,13023.7,6213.4
,,,,,,,,1618,46045.9,13150.6,6279.2
,,,,,,,,1619,46257.4,13207,6307.4
,,,,,,,,1620,46008.3,13136.5,6269.8
,,,,,,,,1621,45350.3,12948.5,6185.2
,,,,,,,,1622,44936.7,12831,6124.1
,,,,,,,,1623,44297.5,12652.4,6039.5
,,,,,,,,1624,44067.2,12586.6,6006.6
,,,,,,,,1625,44607.7,12737,6081.8
,,,,,,,,1626,46492.4,13277.5,6335.6
,,,,,,,,1627,49270.1,14071.8,6716.3
,,,,,,,,1628,48433.5,13832.1,6603.5
,,,,,,,,1629,46830.8,13376.2,6382.6
,,,,,,,,1630,44433.8,12690,6058.3
,,,,,,,,1631,41068.6,11726.5,5597.7
,,,,,,,,1632,37628.2,10748.9,5127.7
,,,,,,,,1633,35240.6,10062.7,4803.4
,,,,,,,,1634,34023.3,9719.6,4638.9
,,,,,,,,1635,33421.7,9545.7,4554.3
,,,,,,,,1636,33290.1,9508.1,4535.5
,,,,,,,,1637,33769.5,9644.4,4601.3
,,,,,,,,1638,35179.5,10048.6,4794
,,,,,,,,1639,37158.2,10612.6,5066.6
,,,,,,,,1640,40091,11449.2,5466.1
,,,,,,,,1641,42873.4,12243.5,5842.1
,,,,,,,,1642,44603,12737,6081.8
,,,,,,,,1643,44974.3,12845.1,6128.8
,,,,,,,,1644,44635.9,12746.4,6086.5
,,,,,,,,1645,43841.6,12520.8,5978.4
,,,,,,,,1646,42868.7,12238.8,5842.1
,,,,,,,,1647,42018,11999.1,5729.3
,,,,,,,,1648,41693.7,11909.8,5687
,,,,,,,,1649,42347,12093.1,5771.6
,,,,,,,,1650,44419.7,12690,6053.6
,,,,,,,,1651,47690.9,13620.6,6500.1
,,,,,,,,1652,47061.1,13442,6415.5
,,,,,,,,1653,45763.9,13066,6241.6
,,,,,,,,1654,43648.9,12464.4,5950.2
,,,,,,,,1655,40734.9,11632.5,5550.7
,,,,,,,,1656,37867.9,10814.7,5160.6
,,,,,,,,1657,35677.7,10189.6,4864.5
,,,,,,,,1658,35024.4,10001.6,4770.5
,,,,,,,,1659,34366.4,9818.3,4685.9
,,,,,,,,1660,33694.3,9625.6,4591.9
,,,,,,,,1661,33548.6,9578.6,4573.1
,,,,,,,,1662,34070.3,9729,4643.6
,,,,,,,,1663,35306.4,10081.5,4812.8
,,,,,,,,1664,36702.3,10481,5005.5
,,,,,,,,1665,38807.9,11082.6,5292.2
,,,,,,,,1666,40720.8,11627.8,5550.7
,,,,,,,,1667,41712.5,11914.5,5687
,,,,,,,,1668,41966.3,11985,5719.9
,,,,,,,,1669,41674.9,11900.4,5682.3
,,,,,,,,1670,40838.3,11660.7,5569.5
,,,,,,,,1671,39823.1,11369.3,5428.5
,,,,,,,,1672,39188.6,11190.7,5339.2
,,,,,,,,1673,39362.5,11242.4,5362.7
,,,,,,,,1674,40509.3,11566.7,5522.5
,,,,,,,,1675,42492.7,12135.4,5790.4
,,,,,,,,1676,46027.1,13141.2,6274.5
,,,,,,,,1677,45312.7,12943.8,6175.8
,,,,,,,,1678,42558.5,12154.2,5804.5
,,,,,,,,1679,39014.7,11143.7,5315.7
,,,,,,,,1680,35311.1,10081.5,4812.8
,,,,,,,,1681,32984.6,9418.8,4497.9
,,,,,,,,1682,31631,9033.4,4314.6
,,,,,,,,1683,31123.4,8887.7,4244.1
,,,,,,,,1684,31193.9,8911.2,4248.8
,,,,,,,,1685,32119.8,9174.4,4380.4
,,,,,,,,1686,35461.5,10123.8,4836.3
,,,,,,,,1687,41754.8,11923.9,5696.4
,,,,,,,,1688,45402,12967.3,6189.9
,,,,,,,,1689,45895.5,13108.3,6255.7
,,,,,,,,1690,45716.9,13056.6,6232.2
,,,,,,,,1691,45872,13098.9,6255.7
,,,,,,,,1692,45768.6,13070.7,6241.6
,,,,,,,,1693,45298.6,12934.4,6175.8
,,,,,,,,1694,45002.5,12854.5,6133.5
,,,,,,,,1695,44311.6,12657.1,6039.5
,,,,,,,,1696,43672.4,12473.8,5954.9
,,,,,,,,1697,43498.5,12426.8,5931.4
,,,,,,,,1698,44071.9,12586.6,6006.6
,,,,,,,,1699,45547.7,13009.6,6208.7
,,,,,,,,1700,47940,13691.1,6537.7
,,,,,,,,1701,46506.5,13282.2,6340.3
,,,,,,,,1702,43141.3,12318.7,5884.4
,,,,,,,,1703,38807.9,11082.6,5292.2
,,,,,,,,1704,34798.8,9935.8,4747
,,,,,,,,1705,32072.8,9155.6,4371
,,,,,,,,1706,30507.7,8709.1,4159.5
,,,,,,,,1707,29765.1,8497.6,4056.1
,,,,,,,,1708,29586.5,8450.6,4032.6
,,,,,,,,1709,30371.4,8671.5,4140.7
,,,,,,,,1710,33341.8,9522.2,4544.9
,,,,,,,,1711,39428.3,11261.2,5376.8
,,,,,,,,1712,43517.3,12431.5,5931.4
,,,,,,,,1713,44635.9,12746.4,6086.5
,,,,,,,,1714,45058.9,12868.6,6142.9
,,,,,,,,1715,45364.4,12953.2,6185.2
,,,,,,,,1716,45420.8,12972,6194.6
,,,,,,,,1717,45167,12901.5,6157
,,,,,,,,1718,45087.1,12878,6147.6
,,,,,,,,1719,44626.5,12746.4,6081.8
,,,,,,,,1720,44180,12614.8,6025.4
,,,,,,,,1721,44212.9,12628.9,6025.4
,,,,,,,,1722,44701.7,12765.2,6095.9
,,,,,,,,1723,45402,12967.3,6189.9
,,,,,,,,1724,47601.6,13592.4,6490.7
,,,,,,,,1725,46295,13221.1,6312.1
,,,,,,,,1726,42990.9,12276.4,5860.9
,,,,,,,,1727,38535.3,11002.7,5254.6
,,,,,,,,1728,34427.5,9832.4,4695.3
,,,,,,,,1729,31678,9047.5,4319.3
,,,,,,,,1730,30197.5,8619.8,4117.2
,,,,,,,,1731,29440.8,8408.3,4009.1
,,,,,,,,1732,29407.9,8398.9,4009.1
,,,,,,,,1733,30103.5,8596.3,4103.1
,,,,,,,,1734,33149.1,9465.8,4516.7
,,,,,,,,1735,39292,11223.6,5358
,,,,,,,,1736,43080.2,12304.6,5875
,,,,,,,,1737,43963.8,12553.7,5992.5
,,,,,,,,1738,44476.1,12704.1,6063
,,,,,,,,1739,44885,12816.9,6119.4
,,,,,,,,1740,44960.2,12840.4,6128.8
,,,,,,,,1741,44556,12722.9,6072.4
,,,,,,,,1742,44462,12694.7,6063
,,,,,,,,1743,43982.6,12563.1,5997.2
,,,,,,,,1744,43644.2,12464.4,5950.2
,,,,,,,,1745,43973.2,12558.4,5997.2
,,,,,,,,1746,45011.9,12854.5,6138.2
,,,,,,,,1747,46102.3,13164.7,6288.6
,,,,,,,,1748,47794.3,13648.8,6514.2
,,,,,,,,1749,46567.6,13301,6349.7
,,,,,,,,1750,43479.7,12417.4,5926.7
,,,,,,,,1751,39155.7,11181.3,5339.2
,,,,,,,,1752,35193.6,10048.6,4794
,,,,,,,,1753,32646.2,9320.1,4450.9
,,,,,,,,1754,31236.2,8920.6,4258.2
,,,,,,,,1755,30550,8723.2,4164.2
,,,,,,,,1756,30498.3,8709.1,4154.8
,,,,,,,,1757,31349,8953.5,4272.3
,,,,,,,,1758,34549.7,9865.3,4709.4
,,,,,,,,1759,40871.2,11674.8,5574.2
,,,,,,,,1760,44880.3,12816.9,6119.4
,,,,,,,,1761,45806.2,13080.1,6241.6
,,,,,,,,1762,46219.8,13202.3,6302.7
,,,,,,,,1763,46591.1,13305.7,6354.4
,,,,,,,,1764,46384.3,13249.3,6326.2
,,,,,,,,1765,45810.9,13084.8,6241.6
,,,,,,,,1766,45411.4,12972,6194.6
,,,,,,,,1767,44574.8,12732.3,6077.1
,,,,,,,,1768,44133,12605.4,6016
,,,,,,,,1769,44443.2,12690,6058.3
,,,,,,,,1770,45561.8,13014.3,6213.4
,,,,,,,,1771,47065.8,13442,6415.5
,,,,,,,,1772,49011.6,13996.6,6683.4
,,,,,,,,1773,47761.4,13639.4,6509.5
,,,,,,,,1774,44894.4,12821.6,6119.4
,,,,,,,,1775,40622.1,11599.6,5536.6
,,,,,,,,1776,36603.6,10452.8,4991.4
,,,,,,,,1777,33905.8,9682,4624.8
,,,,,,,,1778,32397.1,9249.6,4413.3
,,,,,,,,1779,31748.5,9066.3,4328.7
,,,,,,,,1780,31579.3,9019.3,4305.2
,,,,,,,,1781,32383,9249.6,4413.3
,,,,,,,,1782,35447.4,10123.8,4831.6
,,,,,,,,1783,41463.4,11839.3,5649.4
,,,,,,,,1784,45185.8,12901.5,6161.7
,,,,,,,,1785,46332.6,13230.5,6316.8
,,,,,,,,1786,46924.8,13399.7,6396.7
,,,,,,,,1787,47451.2,13554.8,6471.9
,,,,,,,,1788,47535.8,13578.3,6476.6
,,,,,,,,1789,47192.7,13479.6,6434.3
,,,,,,,,1790,47004.7,13423.2,6406.1
,,,,,,,,1791,46426.6,13258.7,6330.9
,,,,,,,,1792,45966,13127.1,6265.1
,,,,,,,,1793,45843.8,13089.5,6251
,,,,,,,,1794,45989.5,13136.5,6269.8
,,,,,,,,1795,46403.1,13254,6326.2
,,,,,,,,1796,47545.2,13578.3,6481.3
,,,,,,,,1797,46257.4,13211.7,6307.4
,,,,,,,,1798,43860.4,12525.5,5978.4
,,,,,,,,1799,40434.1,11547.9,5513.1
,,,,,,,,1800,36739.9,10495.1,5005.5
,,,,,,,,1801,33887,9677.3,4620.1
,,,,,,,,1802,32143.3,9179.1,4380.4
,,,,,,,,1803,31236.2,8920.6,4258.2
,,,,,,,,1804,30813.2,8798.4,4197.1
,,,,,,,,1805,31015.3,8854.8,4225.3
,,,,,,,,1806,32101,9169.7,4375.7
,,,,,,,,1807,34300.6,9794.8,4671.8
,,,,,,,,1808,36819.8,10518.6,5019.6
,,,,,,,,1809,39935.9,11406.9,5442.6
,,,,,,,,1810,42032.1,12008.5,5729.3
,,,,,,,,1811,43005,12281.1,5860.9
,,,,,,,,1812,42878.1,12243.5,5846.8
,,,,,,,,1813,42107.3,12027.3,5743.4
,,,,,,,,1814,41125,11745.3,5602.4
,,,,,,,,1815,40109.8,11453.9,5466.1
,,,,,,,,1816,39263.8,11209.5,5353.3
,,,,,,,,1817,39080.5,11157.8,5329.8
,,,,,,,,1818,39240.3,11204.8,5348.6
,,,,,,,,1819,39987.6,11416.3,5452
,,,,,,,,1820,42582,12163.6,5804.5
,,,,,,,,1821,42253,12069.6,5762.2
,,,,,,,,1822,40462.3,11557.3,5513.1
,,,,,,,,1823,37849.1,10810,5160.6
,,,,,,,,1824,34921,9973.4,4761.1
,,,,,,,,1825,32547.5,9296.6,4436.8
,,,,,,,,1826,31095.2,8878.3,4239.4
,,,,,,,,1827,30343.2,8662.1,4136
,,,,,,,,1828,29957.8,8554,4079.6
,,,,,,,,1829,30051.8,8582.2,4098.4
,,,,,,,,1830,30813.2,8798.4,4197.1
,,,,,,,,1831,32321.9,9230.8,4408.6
,,,,,,,,1832,34065.6,9729,4643.6
,,,,,,,,1833,36702.3,10481,5005.5
,,,,,,,,1834,38854.9,11096.7,5296.9
,,,,,,,,1835,39766.7,11355.2,5419.1
,,,,,,,,1836,39935.9,11402.2,5442.6
,,,,,,,,1837,39512.9,11284.7,5386.2
,,,,,,,,1838,38760.9,11068.5,5282.8
,,,,,,,,1839,38112.3,10885.2,5198.2
,,,,,,,,1840,37755.1,10781.8,5146.5
,,,,,,,,1841,38248.6,10922.8,5217
,,,,,,,,1842,39216.8,11200.1,5343.9
,,,,,,,,1843,40485.8,11562,5517.8
,,,,,,,,1844,43799.3,12506.7,5973.7
,,,,,,,,1845,43207.1,12337.5,5889.1
,,,,,,,,1846,40227.3,11486.8,5480.2
,,,,,,,,1847,36410.9,10401.1,4963.2
,,,,,,,,1848,32942.3,9409.4,4488.5
,,,,,,,,1849,30493.6,8709.1,4154.8
,,,,,,,,1850,29234,8347.2,3985.6
,,,,,,,,1851,28655.9,8182.7,3905.7
,,,,,,,,1852,28646.5,8182.7,3905.7
,,,,,,,,1853,29633.5,8464.7,4037.3
,,,,,,,,1854,32942.3,9409.4,4488.5
,,,,,,,,1855,39108.7,11167.2,5334.5
,,,,,,,,1856,42708.9,12196.5,5823.3
,,,,,,,,1857,43724.1,12487.9,5959.6
,,,,,,,,1858,44302.2,12652.4,6039.5
,,,,,,,,1859,45030.7,12859.2,6138.2
,,,,,,,,1860,45402,12967.3,6189.9
,,,,,,,,1861,45420.8,12972,6194.6
,,,,,,,,1862,45594.7,13019,6213.4
,,,,,,,,1863,45237.5,12920.3,6166.4
,,,,,,,,1864,44711.1,12769.9,6095.9
,,,,,,,,1865,44368,12671.2,6048.9
,,,,,,,,1866,44358.6,12666.5,6048.9
,,,,,,,,1867,44697,12765.2,6095.9
,,,,,,,,1868,47159.8,13465.5,6429.6
,,,,,,,,1869,46074.1,13160,6283.9
,,,,,,,,1870,42549.1,12149.5,5799.8
,,,,,,,,1871,37994.8,10852.3,5179.4
,,,,,,,,1872,33943.4,9696.1,4624.8
,,,,,,,,1873,31287.9,8934.7,4267.6
,,,,,,,,1874,29910.8,8544.6,4079.6
,,,,,,,,1875,29276.3,8361.3,3990.3
,,,,,,,,1876,29083.6,8304.9,3962.1
,,,,,,,,1877,30000.1,8568.1,4089
,,,,,,,,1878,33078.6,9447,4507.3
,,,,,,,,1879,39085.2,11162.5,5329.8
,,,,,,,,1880,42572.6,12158.9,5804.5
,,,,,,,,1881,43428,12403.3,5922
,,,,,,,,1882,43874.5,12530.2,5978.4
,,,,,,,,1883,44499.6,12708.8,6067.7
,,,,,,,,1884,44894.4,12821.6,6119.4
,,,,,,,,1885,45073,12873.3,6147.6
,,,,,,,,1886,45430.2,12972,6194.6
,,,,,,,,1887,45308,12939.1,6175.8
,,,,,,,,1888,45091.8,12878,6147.6
,,,,,,,,1889,45063.6,12868.6,6142.9
,,,,,,,,1890,45176.4,12901.5,6157
,,,,,,,,1891,45232.8,12920.3,6166.4
,,,,,,,,1892,47625.1,13601.8,6495.4
,,,,,,,,1893,46840.2,13376.2,6382.6
,,,,,,,,1894,43432.7,12403.3,5922
,,,,,,,,1895,38728,11059.1,5278.1
,,,,,,,,1896,34653.1,9893.5,4723.5
,,,,,,,,1897,31861.3,9099.2,4342.8
,,,,,,,,1898,30385.5,8676.2,4140.7
,,,,,,,,1899,29530.1,8431.8,4027.9
,,,,,,,,1900,29313.9,8370.7,3995
,,,,,,,,1901,30075.3,8591.6,4103.1
,,,,,,,,1902,32994,9423.5,4497.9
,,,,,,,,1903,38953.6,11124.9,5311
,,,,,,,,1904,42469.2,12126,5790.4
,,,,,,,,1905,43851,12525.5,5978.4
,,,,,,,,1906,44706.4,12765.2,6095.9
,,,,,,,,1907,45637,13033.1,6218.1
,,,,,,,,1908,46210.4,13197.6,6302.7
,,,,,,,,1909,46365.5,13239.9,6321.5
,,,,,,,,1910,46628.7,13319.8,6359.1
,,,,,,,,1911,46492.4,13277.5,6335.6
,,,,,,,,1912,46257.4,13211.7,6307.4
,,,,,,,,1913,46139.9,13178.8,6288.6
,,,,,,,,1914,46130.5,13174.1,6288.6
,,,,,,,,1915,45956.6,13127.1,6265.1
,,,,,,,,1916,48151.5,13747.5,6565.9
,,,,,,,,1917,47329,13517.2,6453.1
,,,,,,,,1918,43992,12563.1,5997.2
,,,,,,,,1919,39395.4,11251.8,5367.4
,,,,,,,,1920,35132.5,10029.8,4789.3
,,,,,,,,1921,32542.8,9296.6,4436.8
,,,,,,,,1922,30836.7,8803.1,4201.8
,,,,,,,,1923,29981.3,8563.4,4084.3
,,,,,,,,1924,29680.5,8474.1,4046.7
,,,,,,,,1925,30343.2,8662.1,4136
,,,,,,,,1926,33186.7,9479.9,4526.1
,,,,,,,,1927,39085.2,11162.5,5329.8
,,,,,,,,1928,42614.9,12173,5809.2
,,,,,,,,1929,44034.3,12572.5,6001.9
,,,,,,,,1930,45124.7,12887.4,6152.3
,,,,,,,,1931,46238.6,13207,6302.7
,,,,,,,,1932,46844.9,13376.2,6387.3
,,,,,,,,1933,47004.7,13423.2,6406.1
,,,,,,,,1934,47535.8,13578.3,6481.3
,,,,,,,,1935,47526.4,13573.6,6476.6
,,,,,,,,1936,47451.2,13550.1,6471.9
,,,,,,,,1937,47371.3,13531.3,6457.8
,,,,,,,,1938,47183.3,13474.9,6429.6
,,,,,,,,1939,46689.8,13333.9,6363.8
,,,,,,,,1940,48706.1,13912,6641.1
,,,,,,,,1941,48029.3,13719.3,6547.1
,,,,,,,,1942,44758.1,12784,6100.6
,,,,,,,,1943,40011.1,11425.7,5456.7
,,,,,,,,1944,35809.3,10227.2,4883.3
,,,,,,,,1945,33097.4,9451.7,4512
,,,,,,,,1946,31414.8,8967.6,4281.7
,,,,,,,,1947,30366.7,8671.5,4140.7
,,,,,,,,1948,30033,8577.5,4093.7
,,,,,,,,1949,30676.9,8756.1,4178.3
,,,,,,,,1950,33351.2,9526.9,4544.9
,,,,,,,,1951,38925.4,11115.5,5306.3
,,,,,,,,1952,42483.3,12135.4,5790.4
,,,,,,,,1953,43879.2,12530.2,5978.4
,,,,,,,,1954,44791,12793.4,6105.3
,,,,,,,,1955,45585.3,13019,6213.4
,,,,,,,,1956,45806.2,13080.1,6241.6
,,,,,,,,1957,45444.3,12976.7,6194.6
,,,,,,,,1958,45552.4,13009.6,6208.7
,,,,,,,,1959,45134.1,12892.1,6152.3
,,,,,,,,1960,44593.6,12737,6077.1
,,,,,,,,1961,44297.5,12647.7,6039.5
,,,,,,,,1962,43808.7,12511.4,5973.7
,,,,,,,,1963,42943.9,12267,5856.2
,,,,,,,,1964,44739.3,12779.3,6100.6
,,,,,,,,1965,43912.1,12544.3,5987.8
,,,,,,,,1966,41374.1,11815.8,5640
,,,,,,,,1967,37943.1,10833.5,5170
,,,,,,,,1968,34314.7,9799.5,4676.5
,,,,,,,,1969,31565.2,9014.6,4300.5
,,,,,,,,1970,29849.7,8521.1,4070.2
,,,,,,,,1971,28872.1,8243.8,3938.6
,,,,,,,,1972,28355.1,8098.1,3868.1
,,,,,,,,1973,28402.1,8112.2,3868.1
,,,,,,,,1974,29356.2,8380.1,3999.7
,,,,,,,,1975,31302,8939.4,4267.6
,,,,,,,,1976,33637.9,9606.8,4582.5
,,,,,,,,1977,36838.6,10523.3,5024.3
,,,,,,,,1978,39127.5,11176.6,5334.5
,,,,,,,,1979,40133.3,11463.3,5470.8
,,,,,,,,1980,40321.3,11515,5499
,,,,,,,,1981,39870.1,11388.1,5433.2
,,,,,,,,1982,39071.1,11157.8,5325.1
,,,,,,,,1983,38422.5,10969.8,5240.5
,,,,,,,,1984,38112.3,10885.2,5198.2
,,,,,,,,1985,38380.2,10960.4,5231.1
,,,,,,,,1986,39353.1,11237.7,5362.7
,,,,,,,,1987,40340.1,11519.7,5499
,,,,,,,,1988,41947.5,11980.3,5715.2
,,,,,,,,1989,41176.7,11759.4,5616.5
,,,,,,,,1990,39071.1,11157.8,5325.1
,,,,,,,,1991,36232.3,10349.4,4939.7
,,,,,,,,1992,33308.9,9508.1,4540.2
,,,,,,,,1993,30883.7,8821.9,4211.2
,,,,,,,,1994,29285.7,8361.3,3990.3
,,,,,,,,1995,28477.3,8131,3882.2
,,,,,,,,1996,28082.5,8018.2,3825.8
,,,,,,,,1997,28148.3,8041.7,3839.9
,,,,,,,,1998,28792.2,8220.3,3924.5
,,,,,,,,1999,30300.9,8652.7,4126.6
,,,,,,,,2000,32340.7,9235.5,4408.6
,,,,,,,,2001,35569.6,10156.7,4845.7
,,,,,,,,2002,38352,10951,5226.4
,,,,,,,,2003,40091,11449.2,5466.1
,,,,,,,,2004,41115.6,11740.6,5602.4
,,,,,,,,2005,41463.4,11839.3,5649.4
,,,,,,,,2006,41049.8,11721.8,5597.7
,,,,,,,,2007,40589.2,11590.2,5531.9
,,,,,,,,2008,40274.3,11500.9,5489.6
,,,,,,,,2009,40843,11665.4,5569.5
,,,,,,,,2010,41985.1,11989.7,5724.6
,,,,,,,,2011,42934.5,12262.3,5856.2
,,,,,,,,2012,44720.5,12769.9,6100.6
,,,,,,,,2013,43813.4,12511.4,5973.7
,,,,,,,,2014,40763.1,11641.9,5555.4
,,,,,,,,2015,37083,10593.8,5052.5
,,,,,,,,2016,33670.8,9616.2,4591.9
,,,,,,,,2017,31283.2,8934.7,4267.6
,,,,,,,,2018,30009.5,8568.1,4089
,,,,,,,,2019,29483.1,8417.7,4018.5
,,,,,,,,2020,29525.4,8431.8,4023.2
,,,,,,,,2021,30578.2,8732.6,4168.9
,,,,,,,,2022,33952.8,9696.1,4624.8
,,,,,,,,2023,40227.3,11486.8,5480.2
,,,,,,,,2024,43893.3,12534.9,5983.1
,,,,,,,,2025,45152.9,12896.8,6157
,,,,,,,,2026,45674.6,13042.5,6227.5
,,,,,,,,2027,45933.1,13117.7,6260.4
,,,,,,,,2028,45726.3,13061.3,6236.9
,,,,,,,,2029,45251.6,12920.3,6166.4
,,,,,,,,2030,44979,12845.1,6133.5
,,,,,,,,2031,44316.3,12657.1,6044.2
,,,,,,,,2032,43977.9,12558.4,5997.2
,,,,,,,,2033,44311.6,12657.1,6039.5
,,,,,,,,2034,45505.4,12995.5,6204
,,,,,,,,2035,46708.6,13343.3,6368.5
,,,,,,,,2036,49617.9,14170.5,6763.3
,,,,,,,,2037,49223.1,14057.7,6711.6
,,,,,,,,2038,46276.2,13216.4,6312.1
,,,,,,,,2039,41985.1,11989.7,5724.6
,,,,,,,,2040,38164,10899.3,5202.9
,,,,,,,,2041,35729.4,10203.7,4869.2
,,,,,,,,2042,34540.3,9865.3,4709.4
,,,,,,,,2043,34042.1,9719.6,4638.9
,,,,,,,,2044,34103.2,9738.4,4648.3
,,,,,,,,2045,35203,10048.6,4798.7
,,,,,,,,2046,38605.8,11026.2,5264
,,,,,,,,2047,44748.7,12779.3,6100.6
,,,,,,,,2048,48123.3,13747.5,6561.2
,,,,,,,,2049,48508.7,13850.9,6612.9
,,,,,,,,2050,48386.5,13818,6594.1
,,,,,,,,2051,48250.2,13780.4,6575.3
,,,,,,,,2052,47930.6,13686.4,6533
,,,,,,,,2053,47239.7,13489,6439
,,,,,,,,2054,46562.9,13301,6349.7
,,,,,,,,2055,45575.9,13019,6213.4
,,,,,,,,2056,44913.2,12826.3,6119.4
,,,,,,,,2057,44842.7,12807.5,6114.7
,,,,,,,,2058,45472.5,12986.1,6199.3
,,,,,,,,2059,46158.7,13183.5,6293.3
,,,,,,,,2060,48955.2,13982.5,6674
,,,,,,,,2061,48729.6,13916.7,6645.8
,,,,,,,,2062,45749.8,13066,6236.9
,,,,,,,,2063,41369.4,11815.8,5640
,,,,,,,,2064,37365,10669,5094.8
,,,,,,,,2065,34869.3,9959.3,4751.7
,,,,,,,,2066,33478.1,9559.8,4563.7
,,,,,,,,2067,32829.5,9376.5,4474.4
,,,,,,,,2068,32618,9315.4,4446.2
,,,,,,,,2069,33506.3,9569.2,4568.4
,,,,,,,,2070,36725.8,10490.4,5005.5
,,,,,,,,2071,42779.4,12220,5832.7
,,,,,,,,2072,46295,13221.1,6312.1
,,,,,,,,2073,46957.7,13413.8,6401.4
,,,,,,,,2074,47042.3,13437.3,6410.8
,,,,,,,,2075,47333.7,13517.2,6453.1
,,,,,,,,2076,47376,13531.3,6457.8
,,,,,,,,2077,47150.4,13465.5,6429.6
,,,,,,,,2078,47023.5,13427.9,6410.8
,,,,,,,,2079,46130.5,13174.1,6288.6
,,,,,,,,2080,45373.8,12957.9,6185.2
,,,,,,,,2081,45481.9,12990.8,6199.3
,,,,,,,,2082,46003.6,13136.5,6269.8
,,,,,,,,2083,46511.2,13282.2,6340.3
,,,,,,,,2084,48278.4,13789.8,6580
,,,,,,,,2085,47432.4,13545.4,6467.2
,,,,,,,,2086,44250.5,12638.3,6030.1
,,,,,,,,2087,39668,11327,5409.7
,,,,,,,,2088,35635.4,10175.5,4859.8
,,,,,,,,2089,32984.6,9418.8,4497.9
,,,,,,,,2090,31616.9,9028.7,4309.9
,,,,,,,,2091,30930.7,8831.3,4215.9
,,,,,,,,2092,30813.2,8803.1,4197.1
,,,,,,,,2093,31739.1,9061.6,4324
,,,,,,,,2094,34911.6,9968.7,4761.1
,,,,,,,,2095,40988.7,11707.7,5588.3
,,,,,,,,2096,44541.9,12718.2,6072.4
,,,,,,,,2097,45552.4,13009.6,6208.7
,,,,,,,,2098,46238.6,13207,6302.7
,,,,,,,,2099,46769.7,13357.4,6377.9
,,,,,,,,2100,46849.6,13380.9,6387.3
,,,,,,,,2101,46534.7,13291.6,6345
,,,,,,,,2102,46304.4,13225.8,6312.1
,,,,,,,,2103,45571.2,13014.3,6213.4
,,,,,,,,2104,45298.6,12934.4,6175.8
,,,,,,,,2105,45655.8,13042.5,6222.8
,,,,,,,,2106,46483,13277.5,6335.6
,,,,,,,,2107,47310.2,13512.5,6453.1
,,,,,,,,2108,48927,13973.1,6669.3
,,,,,,,,2109,48010.5,13709.9,6547.1
,,,,,,,,2110,44932,12831,6124.1
,,,,,,,,2111,40476.4,11557.3,5517.8
,,,,,,,,2112,36589.5,10452.8,4986.7
,,,,,,,,2113,34070.3,9729,4643.6
,,,,,,,,2114,32726.1,9348.3,4460.3
,,,,,,,,2115,32129.2,9179.1,4380.4
,,,,,,,,2116,32016.4,9141.5,4366.3
,,,,,,,,2117,33003.4,9423.5,4497.9
,,,,,,,,2118,36213.5,10344.7,4935
,,,,,,,,2119,41928.7,11975.6,5715.2
,,,,,,,,2120,45204.6,12910.9,6161.7
,,,,,,,,2121,45806.2,13080.1,6241.6
,,,,,,,,2122,45904.9,13113,6260.4
,,,,,,,,2123,46003.6,13136.5,6269.8
,,,,,,,,2124,45651.1,13037.8,6222.8
,,,,,,,,2125,44866.2,12812.2,6119.4
,,,,,,,,2126,44386.8,12675.9,6053.6
,,,,,,,,2127,43498.5,12422.1,5931.4
,,,,,,,,2128,42685.4,12191.8,5818.6
,,,,,,,,2129,42361.1,12097.8,5776.3
,,,,,,,,2130,42332.9,12088.4,5771.6
,,,,,,,,2131,42591.4,12163.6,5809.2
,,,,,,,,2132,44950.8,12835.7,6128.8
,,,,,,,,2133,44941.4,12831,6124.1
,,,,,,,,2134,42896.9,12252.9,5846.8
,,,,,,,,2135,39649.2,11322.3,5405
,,,,,,,,2136,36100.7,10307.1,4920.9
,,,,,,,,2137,33308.9,9512.8,4540.2
,,,,,,,,2138,31781.4,9075.7,4333.4
,,,,,,,,2139,31001.2,8850.1,4225.3
,,,,,,,,2140,30766.2,8784.3,4192.4
,,,,,,,,2141,31015.3,8859.5,4225.3
,,,,,,,,2142,32176.2,9188.5,4389.8
,,,,,,,,2143,34300.6,9794.8,4671.8
,,,,,,,,2144,37266.3,10640.8,5080.7
,,,,,,,,2145,40645.6,11604.3,5541.3
,,,,,,,,2146,42699.5,12191.8,5818.6
,,,,,,,,2147,43869.8,12525.5,5978.4
,,,,,,,,2148,44071.9,12586.6,6006.6
,,,,,,,,2149,43691.2,12478.5,5954.9
,,,,,,,,2150,42690.1,12191.8,5818.6
,,,,,,,,2151,41754.8,11923.9,5696.4
,,,,,,,,2152,41167.3,11759.4,5611.8
,,,,,,,,2153,41233.1,11773.5,5621.2
,,,,,,,,2154,41764.2,11928.6,5696.4
,,,,,,,,2155,42210.7,12050.8,5752.8
,,,,,,,,2156,44010.8,12572.5,6001.9
,,,,,,,,2157,43813.4,12511.4,5973.7
,,,,,,,,2158,42065,12013.2,5734
,,,,,,,,2159,39428.3,11261.2,5376.8
,,,,,,,,2160,36382.7,10391.7,4958.5
,,,,,,,,2161,33952.8,9696.1,4624.8
,,,,,,,,2162,32444.1,9263.7,4422.7
,,,,,,,,2163,31720.3,9061.6,4324
,,,,,,,,2164,31438.3,8977,4286.4
,,,,,,,,2165,31574.6,9014.6,4305.2
,,,,,,,,2166,32458.2,9273.1,4422.7
,,,,,,,,2167,33769.5,9644.4,4601.3
,,,,,,,,2168,35701.2,10194.3,4864.5
,,,,,,,,2169,38140.5,10894.6,5198.2
,,,,,,,,2170,39715,11345.8,5414.4
,,,,,,,,2171,40311.9,11510.3,5494.3
,,,,,,,,2172,40415.3,11538.5,5508.4
,,,,,,,,2173,40391.8,11533.8,5503.7
,,,,,,,,2174,40138,11463.3,5470.8
,,,,,,,,2175,39874.8,11388.1,5433.2
,,,,,,,,2176,40109.8,11453.9,5466.1
,,,,,,,,2177,41275.4,11787.6,5625.9
,,,,,,,,2178,43019.1,12285.8,5865.6
,,,,,,,,2179,44283.4,12647.7,6034.8
,,,,,,,,2180,45759.2,13066,6241.6
,,,,,,,,2181,44598.3,12737,6077.1
,,,,,,,,2182,41698.4,11909.8,5687
,,,,,,,,2183,37985.4,10847.6,5174.7
,,,,,,,,2184,34568.5,9870,4714.1
,,,,,,,,2185,32317.2,9226.1,4403.9
,,,,,,,,2186,31085.8,8878.3,4239.4
,,,,,,,,2187,30629.9,8746.7,4173.6
,,,,,,,,2188,30700.4,8765.5,4183
,,,,,,,,2189,31800.2,9085.1,4333.4
,,,,,,,,2190,35358.1,10095.6,4817.5
,,,,,,,,2191,41435.2,11834.6,5649.4
,,,,,,,,2192,45068.3,12873.3,6147.6
,,,,,,,,2193,46149.3,13183.5,6288.6
,,,,,,,,2194,46605.2,13310.4,6354.4
,,,,,,,,2195,46835.5,13376.2,6382.6
,,,,,,,,2196,46492.4,13277.5,6335.6
,,,,,,,,2197,45829.7,13089.5,6246.3
,,,,,,,,2198,45340.9,12948.5,6180.5
,,,,,,,,2199,44513.7,12708.8,6067.7
,,,,,,,,2200,43860.4,12525.5,5978.4
,,,,,,,,2201,43827.5,12516.1,5978.4
,,,,,,,,2202,44452.6,12694.7,6058.3
,,,,,,,,2203,44917.9,12831,6119.4
,,,,,,,,2204,47399.5,13536,6462.5
,,,,,,,,2205,47606.3,13597.1,6490.7
,,,,,,,,2206,44748.7,12779.3,6100.6
,,,,,,,,2207,40415.3,11538.5,5508.4
,,,,,,,,2208,36359.2,10382.3,4958.5
,,,,,,,,2209,33854.1,9667.9,4615.4
,,,,,,,,2210,32580.4,9301.3,4441.5
,,,,,,,,2211,32049.3,9155.6,4366.3
,,,,,,,,2212,32110.4,9169.7,4375.7
,,,,,,,,2213,33261.9,9498.7,4530.8
,,,,,,,,2214,36801,10509.2,5014.9
,,,,,,,,2215,42694.8,12191.8,5818.6
,,,,,,,,2216,45909.6,13113,6260.4
,,,,,,,,2217,46201,13192.9,6298
,,,,,,,,2218,46130.5,13174.1,6288.6
,,,,,,,,2219,46055.3,13150.6,6279.2
,,,,,,,,2220,45655.8,13037.8,6222.8
,,,,,,,,2221,45049.5,12863.9,6142.9
,,,,,,,,2222,44551.3,12722.9,6072.4
,,,,,,,,2223,43883.9,12530.2,5983.1
,,,,,,,,2224,43428,12403.3,5922
,,,,,,,,2225,43395.1,12393.9,5917.3
,,,,,,,,2226,43818.1,12511.4,5973.7
,,,,,,,,2227,44245.8,12638.3,6030.1
,,,,,,,,2228,46703.9,13338.6,6368.5
,,,,,,,,2229,46971.8,13418.5,6406.1
,,,,,,,,2230,43865.1,12525.5,5978.4
,,,,,,,,2231,39428.3,11261.2,5376.8
,,,,,,,,2232,35376.9,10100.3,4822.2
,,,,,,,,2233,32712,9343.6,4460.3
,,,,,,,,2234,31391.3,8967.6,4277
,,,,,,,,2235,30709.8,8770.2,4187.7
,,,,,,,,2236,30611.1,8742,4173.6
,,,,,,,,2237,31508.8,8995.8,4291.1
,,,,,,,,2238,34831.7,9949.9,4747
,,,,,,,,2239,40546.9,11580.8,5527.2
,,,,,,,,2240,43775.8,12502,5969
,,,,,,,,2241,44330.4,12661.8,6044.2
,,,,,,,,2242,44462,12699.4,6063
,,,,,,,,2243,44753.4,12784,6100.6
,,,,,,,,2244,44758.1,12784,6100.6
,,,,,,,,2245,44368,12671.2,6048.9
,,,,,,,,2246,44264.6,12643,6034.8
,,,,,,,,2247,43888.6,12534.9,5983.1
,,,,,,,,2248,43418.6,12403.3,5917.3
,,,,,,,,2249,43423.3,12403.3,5922
,,,,,,,,2250,43827.5,12516.1,5978.4
,,,,,,,,2251,44227,12628.9,6025.4
,,,,,,,,2252,46356.1,13239.9,6321.5
,,,,,,,,2253,46257.4,13207,6307.4
,,,,,,,,2254,43240,12346.9,5893.8
,,,,,,,,2255,38948.9,11120.2,5311
,,,,,,,,2256,34892.8,9964,4756.4
,,,,,,,,2257,32453.5,9268.4,4422.7
,,,,,,,,2258,31161,8897.1,4244.1
,,,,,,,,2259,30587.6,8732.6,4168.9
,,,,,,,,2260,30592.3,8732.6,4168.9
,,,,,,,,2261,31654.5,9038.1,4319.3
,,,,,,,,2262,35005.6,9996.9,4770.5
,,,,,,,,2263,40875.9,11674.8,5574.2
,,,,,,,,2264,44245.8,12638.3,6030.1
,,,,,,,,2265,44932,12831,6124.1
,,,,,,,,2266,45279.8,12929.7,6171.1
,,,,,,,,2267,45519.5,13000.2,6204
,,,,,,,,2268,45369.1,12957.9,6185.2
,,,,,,,,2269,44903.8,12826.3,6119.4
,,,,,,,,2270,44598.3,12737,6077.1
,,,,,,,,2271,43818.1,12516.1,5973.7
,,,,,,,,2272,43188.3,12337.5,5884.4
,,,,,,,,2273,43052,12295.2,5870.3
,,,,,,,,2274,43343.4,12379.8,5907.9
,,,,,,,,2275,43620.7,12455,5945.5
,,,,,,,,2276,45707.5,13051.9,6232.2
,,,,,,,,2277,46186.9,13188.2,6298
,,,,,,,,2278,43785.2,12502,5969
,,,,,,,,2279,39799.6,11369.3,5428.5
,,,,,,,,2280,35964.4,10269.5,4902.1
,,,,,,,,2281,33398.2,9536.3,4554.3
,,,,,,,,2282,32058.7,9155.6,4366.3
,,,,,,,,2283,31443,8981.7,4286.4
,,,,,,,,2284,31410.1,8967.6,4281.7
,,,,,,,,2285,32242,9207.3,4394.5
,,,,,,,,2286,34953.9,9982.8,4765.8
,,,,,,,,2287,39141.6,11181.3,5339.2
,,,,,,,,2288,42356.4,12097.8,5776.3
,,,,,,,,2289,43818.1,12516.1,5973.7
,,,,,,,,2290,44527.8,12713.5,6072.4
,,,,,,,,2291,44711.1,12769.9,6095.9
,,,,,,,,2292,44288.1,12647.7,6039.5
,,,,,,,,2293,43587.8,12450.3,5940.8
,,,,,,,,2294,42958,12267,5856.2
,,,,,,,,2295,42046.2,12008.5,5734
,,,,,,,,2296,41284.8,11792.3,5625.9
,,,,,,,,2297,41162.6,11754.7,5611.8
,,,,,,,,2298,41425.8,11829.9,5649.4
,,,,,,,,2299,41585.6,11876.9,5668.2
,,,,,,,,2300,43432.7,12403.3,5922
,,,,,,,,2301,43912.1,12539.6,5983.1
,,,,,,,,2302,41914.6,11970.9,5715.2
,,,,,,,,2303,38770.3,11073.2,5287.5
,,,,,,,,2304,35475.6,10128.5,4836.3
,,,,,,,,2305,33012.8,9428.2,4502.6
,,,,,,,,2306,31584,9019.3,4305.2
,,,,,,,,2307,30860.2,8812.5,4206.5
,,,,,,,,2308,30620.5,8742,4173.6
,,,,,,,,2309,31001.2,8854.8,4225.3
,,,,,,,,2310,32265.5,9212,4399.2
,,,,,,,,2311,34084.4,9733.7,4648.3
,,,,,,,,2312,36899.7,10542.1,5029
,,,,,,,,2313,39686.8,11331.7,5409.7
,,,,,,,,2314,41143.8,11750,5607.1
,,,,,,,,2315,41472.8,11844,5654.1
,,,,,,,,2316,41214.3,11768.8,5621.2
,,,,,,,,2317,40579.8,11590.2,5531.9
,,,,,,,,2318,39766.7,11355.2,5419.1
,,,,,,,,2319,39019.4,11143.7,5315.7
,,,,,,,,2320,38878.4,11106.1,5301.6
,,,,,,,,2321,39597.5,11308.2,5400.3
,,,,,,,,2322,40645.6,11604.3,5541.3
,,,,,,,,2323,41439.9,11834.6,5649.4
,,,,,,,,2324,43099,12309.3,5875
,,,,,,,,2325,43056.7,12295.2,5870.3
,,,,,,,,2326,41078,11731.2,5597.7
,,,,,,,,2327,38102.9,10880.5,5198.2
,,,,,,,,2328,34845.8,9949.9,4747
,,,,,,,,2329,32171.5,9188.5,4385.1
,,,,,,,,2330,30620.5,8746.7,4173.6
,,,,,,,,2331,29699.3,8478.8,4046.7
,,,,,,,,2332,29360.9,8384.8,4004.4
,,,,,,,,2333,29511.3,8427.1,4023.2
,,,,,,,,2334,30352.6,8666.8,4136
,,,,,,,,2335,31800.2,9085.1,4333.4
,,,,,,,,2336,34465.1,9841.8,4695.3
,,,,,,,,2337,37496.6,10711.3,5113.6
,,,,,,,,2338,39386,11251.8,5367.4
,,,,,,,,2339,40044,11435.1,5456.7
,,,,,,,,2340,40424.7,11543.2,5508.4
,,,,,,,,2341,40076.9,11444.5,5461.4
,,,,,,,,2342,38638.7,11035.6,5264
,,,,,,,,2343,37186.4,10617.3,5071.3
,,,,,,,,2344,36378,10387,4958.5
,,,,,,,,2345,36194.7,10335.3,4935
,,,,,,,,2346,36608.3,10452.8,4991.4
,,,,,,,,2347,37604.7,10739.5,5123
,,,,,,,,2348,40485.8,11562,5517.8
,,,,,,,,2349,41924,11975.6,5715.2
,,,,,,,,2350,39663.3,11322.3,5409.7
,,,,,,,,2351,36222.9,10344.7,4935
,,,,,,,,2352,33045.7,9437.6,4507.3
,,,,,,,,2353,30921.3,8831.3,4215.9
,,,,,,,,2354,29887.3,8535.2,4074.9
,,,,,,,,2355,29501.9,8427.1,4023.2
,,,,,,,,2356,29525.4,8431.8,4023.2
,,,,,,,,2357,30601.7,8737.3,4173.6
,,,,,,,,2358,34018.6,9714.9,4638.9
,,,,,,,,2359,39602.2,11308.2,5400.3
,,,,,,,,2360,43357.5,12384.5,5907.9
,,,,,,,,2361,44687.6,12760.5,6095.9
,,,,,,,,2362,45251.6,12920.3,6166.4
,,,,,,,,2363,45754.5,13066,6241.6
,,,,,,,,2364,45759.2,13066,6241.6
,,,,,,,,2365,45387.9,12962.6,6189.9
,,,,,,,,2366,45049.5,12863.9,6142.9
,,,,,,,,2367,44316.3,12657.1,6044.2
,,,,,,,,2368,43813.4,12511.4,5973.7
,,,,,,,,2369,43818.1,12516.1,5973.7
,,,,,,,,2370,44330.4,12661.8,6044.2
,,,,,,,,2371,44772.2,12784,6100.6
,,,,,,,,2372,46661.6,13324.5,6359.1
,,,,,,,,2373,46736.8,13348,6373.2
,,,,,,,,2374,43498.5,12422.1,5931.4
,,,,,,,,2375,39066.4,11157.8,5325.1
,,,,,,,,2376,34944.5,9982.8,4765.8
,,,,,,,,2377,32472.3,9273.1,4427.4
,,,,,,,,2378,31222.1,8920.6,4258.2
,,,,,,,,2379,30658.1,8756.1,4178.3
,,,,,,,,2380,30611.1,8742,4173.6
,,,,,,,,2381,31663.9,9042.8,4319.3
,,,,,,,,2382,34953.9,9982.8,4765.8
,,,,,,,,2383,40382.4,11533.8,5503.7
,,,,,,,,2384,43785.2,12502,5969
,,,,,,,,2385,44462,12699.4,6063
,,,,,,,,2386,44748.7,12779.3,6100.6
,,,,,,,,2387,45040.1,12863.9,6142.9
,,,,,,,,2388,44936.7,12831,6124.1
,,,,,,,,2389,44664.1,12755.8,6091.2
,,,,,,,,2390,44556,12722.9,6072.4
,,,,,,,,2391,43954.4,12549,5992.5
,,,,,,,,2392,43437.4,12403.3,5922
,,,,,,,,2393,43507.9,12426.8,5931.4
,,,,,,,,2394,43855.7,12525.5,5978.4
,,,,,,,,2395,44156.5,12610.1,6020.7
,,,,,,,,2396,46111.7,13169.4,6288.6
,,,,,,,,2397,46285.6,13221.1,6312.1
,,,,,,,,2398,43122.5,12314,5879.7
,,,,,,,,2399,38681,11045,5273.4
,,,,,,,,2400,34671.9,9902.9,4723.5
,,,,,,,,2401,32195,9197.9,4389.8
,,,,,,,,2402,30921.3,8826.6,4215.9
,,,,,,,,2403,30352.6,8666.8,4136
,,,,,,,,2404,30352.6,8666.8,4136
,,,,,,,,2405,31363.1,8958.2,4272.3
,,,,,,,,2406,34653.1,9893.5,4723.5
,,,,,,,,2407,40142.7,11463.3,5475.5
,,,,,,,,2408,43818.1,12516.1,5973.7
,,,,,,,,2409,44739.3,12779.3,6100.6
,,,,,,,,2410,44899.1,12821.6,6119.4
,,,,,,,,2411,45110.6,12882.7,6147.6
,,,,,,,,2412,44988.4,12849.8,6133.5
,,,,,,,,2413,44541.9,12718.2,6072.4
,,,,,,,,2414,44335.1,12661.8,6044.2
,,,,,,,,2415,43813.4,12511.4,5973.7
,,,,,,,,2416,43357.5,12384.5,5907.9
,,,,,,,,2417,43465.6,12412.7,5926.7
,,,,,,,,2418,43930.9,12549,5987.8
,,,,,,,,2419,44377.4,12671.2,6053.6
,,,,,,,,2420,46360.8,13239.9,6321.5
,,,,,,,,2421,46356.1,13239.9,6321.5
,,,,,,,,2422,43277.6,12356.3,5903.2
,,,,,,,,2423,38948.9,11124.9,5311
,,,,,,,,2424,34996.2,9992.2,4770.5
,,,,,,,,2425,32420.6,9259,4418
,,,,,,,,2426,31067,8873.6,4234.7
,,,,,,,,2427,30451.3,8695,4150.1
,,,,,,,,2428,30432.5,8690.3,4150.1
,,,,,,,,2429,31377.2,8962.9,4277
,,,,,,,,2430,34704.8,9912.3,4728.2
,,,,,,,,2431,40114.5,11458.6,5466.1
,,,,,,,,2432,43606.6,12450.3,5945.5
,,,,,,,,2433,44490.2,12708.8,6067.7
,,,,,,,,2434,44753.4,12784,6100.6
,,,,,,,,2435,44908.5,12826.3,6119.4
,,,,,,,,2436,44946.1,12835.7,6124.1
,,,,,,,,2437,44772.2,12784,6100.6
,,,,,,,,2438,44720.5,12769.9,6100.6
,,,,,,,,2439,44184.7,12614.8,6025.4
,,,,,,,,2440,43771.1,12497.3,5969
,,,,,,,,2441,43902.7,12539.6,5983.1
,,,,,,,,2442,44419.7,12685.3,6053.6
,,,,,,,,2443,44556,12722.9,6072.4
,,,,,,,,2444,46168.1,13183.5,6293.3
,,,,,,,,2445,46403.1,13254,6326.2
,,,,,,,,2446,43583.1,12445.6,5940.8
,,,,,,,,2447,39390.7,11251.8,5367.4
,,,,,,,,2448,35381.6,10100.3,4822.2
,,,,,,,,2449,32857.7,9385.9,4479.1
,,,,,,,,2450,31602.8,9024,4309.9
,,,,,,,,2451,31001.2,8850.1,4225.3
,,,,,,,,2452,31001.2,8854.8,4225.3
,,,,,,,,2453,31964.7,9132.1,4356.9
,,,,,,,,2454,35160.7,10039.2,4794
,,,,,,,,2455,40358.9,11524.4,5503.7
,,,,,,,,2456,43738.2,12492.6,5959.6
,,,,,,,,2457,44400.9,12680.6,6053.6
,,,,,,,,2458,44635.9,12746.4,6086.5
,,,,,,,,2459,44842.7,12807.5,6114.7
,,,,,,,,2460,44556,12722.9,6072.4
,,,,,,,,2461,44048.4,12577.2,6001.9
,,,,,,,,2462,43752.3,12497.3,5964.3
,,,,,,,,2463,43080.2,12304.6,5875
,,,,,,,,2464,42304.7,12083.7,5766.9
,,,,,,,,2465,41971,11985,5719.9
,,,,,,,,2466,41731.3,11919.2,5691.7
,,,,,,,,2467,41383.5,11815.8,5644.7
,,,,,,,,2468,42788.8,12220,5837.4
,,,,,,,,2469,43616,12455,5945.5
,,,,,,,,2470,41345.9,11811.1,5635.3
,,,,,,,,2471,37961.9,10842.9,5174.7
,,,,,,,,2472,34310,9799.5,4676.5
,,,,,,,,2473,31748.5,9066.3,4328.7
,,,,,,,,2474,30253.9,8638.6,4126.6
,,,,,,,,2475,29403.2,8398.9,4009.1
,,,,,,,,2476,29224.6,8347.2,3985.6
,,,,,,,,2477,29553.6,8441.2,4027.9
,,,,,,,,2478,30822.6,8803.1,4201.8
,,,,,,,,2479,32448.8,9268.4,4422.7
,,,,,,,,2480,35376.9,10100.3,4822.2
,,,,,,,,2481,37971.3,10842.9,5174.7
,,,,,,,,2482,39564.6,11298.8,5390.9
,,,,,,,,2483,40189.7,11477.4,5480.2
,,,,,,,,2484,40025.2,11430.4,5456.7
,,,,,,,,2485,39437.7,11261.2,5376.8
,,,,,,,,2486,38709.2,11054.4,5278.1
,,,,,,,,2487,38070,10875.8,5193.5
,,,,,,,,2488,37849.1,10810,5160.6
,,,,,,,,2489,38004.2,10852.3,5179.4
,,,,,,,,2490,38478.9,10988.6,5245.2
,,,,,,,,2491,38709.2,11054.4,5278.1
,,,,,,,,2492,40199.1,11482.1,5480.2
,,,,,,,,2493,40894.7,11674.8,5574.2
,,,,,,,,2494,38878.4,11106.1,5301.6
,,,,,,,,2495,35879.8,10246,4888
,,,,,,,,2496,32857.7,9385.9,4479.1
,,,,,,,,2497,30456,8695,4150.1
,,,,,,,,2498,28942.6,8262.6,3943.3
,,,,,,,,2499,28054.3,8013.5,3821.1
,,,,,,,,2500,27711.2,7910.1,3774.1
,,,,,,,,2501,27772.3,7933.6,3783.5
,,,,,,,,2502,28420.9,8116.9,3872.8
,,,,,,,,2503,29337.4,8380.1,3999.7
,,,,,,,,2504,31532.3,9005.2,4295.8
,,,,,,,,2505,34545,9865.3,4709.4
,,,,,,,,2506,36848,10523.3,5024.3
,,,,,,,,2507,38060.6,10871.1,5188.8
,,,,,,,,2508,38742.1,11063.8,5282.8
,,,,,,,,2509,38887.8,11106.1,5301.6
,,,,,,,,2510,38601.1,11021.5,5264
,,,,,,,,2511,38361.4,10955.7,5231.1
,,,,,,,,2512,38441.3,10979.2,5240.5
,,,,,,,,2513,39061.7,11157.8,5325.1
,,,,,,,,2514,39973.5,11416.3,5452
,,,,,,,,2515,40330.7,11515,5499
,,,,,,,,2516,41797.1,11933.3,5696.4
,,,,,,,,2517,42445.7,12126,5790.4
,,,,,,,,2518,40029.9,11430.4,5456.7
,,,,,,,,2519,36650.6,10466.9,4996.1
,,,,,,,,2520,33421.7,9545.7,4554.3
,,,,,,,,2521,31057.6,8873.6,4234.7
,,,,,,,,2522,29699.3,8478.8,4046.7
,,,,,,,,2523,29003.7,8286.1,3952.7
,,,,,,,,2524,28858,8239.1,3933.9
,,,,,,,,2525,29628.8,8460,4037.3
,,,,,,,,2526,32260.8,9212,4399.2
,,,,,,,,2527,36044.3,10293,4911.5
,,,,,,,,2528,40194.4,11477.4,5480.2
,,,,,,,,2529,43277.6,12356.3,5898.5
,,,,,,,,2530,45486.6,12990.8,6199.3
,,,,,,,,2531,47253.8,13493.7,6443.7
,,,,,,,,2532,48438.2,13832.1,6603.5
,,,,,,,,2533,49176.1,14043.6,6706.9
,,,,,,,,2534,49683.7,14189.3,6772.7
,,,,,,,,2535,49824.7,14231.6,6791.5
,,,,,,,,2536,49796.5,14217.5,6786.8
,,,,,,,,2537,49716.6,14198.7,6777.4
,,,,,,,,2538,49317.1,14081.2,6721
,,,,,,,,2539,48395.9,13818,6594.1
,,,,,,,,2540,48701.4,13912,6641.1
,,,,,,,,2541,49232.5,14057.7,6711.6
,,,,,,,,2542,45787.4,13075.4,6241.6
,,,,,,,,2543,41059.2,11726.5,5597.7
,,,,,,,,2544,36645.9,10466.9,4996.1
,,,,,,,,2545,33586.2,9592.7,4577.8
,,,,,,,,2546,31823.7,9085.1,4338.1
,,,,,,,,2547,30747.4,8779.6,4192.4
,,,,,,,,2548,30296.2,8652.7,4126.6
,,,,,,,,2549,30958.9,8840.7,4220.6
,,,,,,,,2550,33529.8,9578.6,4573.1
,,,,,,,,2551,37543.6,10720.7,5118.3
,,,,,,,,2552,41989.8,11994.4,5724.6
,,,,,,,,2553,44598.3,12737,6077.1
,,,,,,,,2554,46177.5,13188.2,6293.3
,,,,,,,,2555,47343.1,13521.9,6453.1
,,,,,,,,2556,47930.6,13691.1,6533
,,,,,,,,2557,48179.7,13761.6,6570.6
,,,,,,,,2558,48668.5,13897.9,6636.4
,,,,,,,,2559,48720.2,13912,6645.8
,,,,,,,,2560,48616.8,13888.5,6627
,,,,,,,,2561,48504,13850.9,6612.9
,,,,,,,,2562,48076.3,13728.7,6551.8
,,,,,,,,2563,46863.7,13385.6,6387.3
,,,,,,,,2564,47028.2,13432.6,6410.8
,,,,,,,,2565,47465.3,13554.8,6471.9
,,,,,,,,2566,44024.9,12572.5,6001.9
,,,,,,,,2567,39362.5,11242.4,5362.7
,,,,,,,,2568,35203,10053.3,4798.7
,,,,,,,,2569,32204.4,9197.9,4389.8
,,,,,,,,2570,30488.9,8709.1,4154.8
,,,,,,,,2571,29558.3,8441.2,4032.6
,,,,,,,,2572,29177.6,8333.1,3976.2
,,,,,,,,2573,29821.5,8516.4,4065.5
,,,,,,,,2574,32345.4,9240.2,4408.6
,,,,,,,,2575,36110.1,10311.8,4920.9
,,,,,,,,2576,39997,11421,5452
,,,,,,,,2577,41938.1,11980.3,5715.2
,,,,,,,,2578,43014.4,12285.8,5860.9
,,,,,,,,2579,43846.3,12525.5,5978.4
,,,,,,,,2580,44231.7,12633.6,6030.1
,,,,,,,,2581,44109.5,12596,6011.3
,,,,,,,,2582,44128.3,12600.7,6016
,,,,,,,,2583,43710,12483.2,5959.6
,,,,,,,,2584,43066.1,12299.9,5870.3
,,,,,,,,2585,42939.2,12267,5856.2
,,,,,,,,2586,43127.2,12314,5879.7
,,,,,,,,2587,43146,12323.4,5884.4
,,,,,,,,2588,44311.6,12657.1,6039.5
,,,,,,,,2589,44603,12737,6081.8
,,,,,,,,2590,41736,11919.2,5691.7
,,,,,,,,2591,37717.5,10772.4,5141.8
,,,,,,,,2592,33887,9677.3,4620.1
,,,,,,,,2593,31353.7,8953.5,4272.3
,,,,,,,,2594,29948.4,8549.3,4079.6
,,,,,,,,2595,29158.8,8328.4,3976.2
,,,,,,,,2596,29013.1,8286.1,3957.4
,,,,,,,,2597,29854.4,8525.8,4070.2
,,,,,,,,2598,32514.6,9287.2,4432.1
,,,,,,,,2599,36678.8,10476.3,5000.8
,,,,,,,,2600,40514,11571.4,5522.5
,,,,,,,,2601,42285.9,12074.3,5762.2
,,,,,,,,2602,43385.7,12389.2,5912.6
,,,,,,,,2603,44241.1,12638.3,6030.1
,,,,,,,,2604,44626.5,12741.7,6081.8
,,,,,,,,2605,44546.6,12722.9,6072.4
,,,,,,,,2606,44560.7,12727.6,6072.4
,,,,,,,,2607,44241.1,12638.3,6030.1
,,,,,,,,2608,43869.8,12530.2,5978.4
,,,,,,,,2609,43804,12511.4,5973.7
,,,,,,,,2610,43644.2,12464.4,5950.2
,,,,,,,,2611,43122.5,12314,5879.7
,,,,,,,,2612,43945,12549,5992.5
,,,,,,,,2613,44974.3,12845.1,6128.8
,,,,,,,,2614,42220.1,12055.5,5757.5
,,,,,,,,2615,38107.6,10880.5,5198.2
,,,,,,,,2616,34154.9,9752.5,4653
,,,,,,,,2617,31574.6,9014.6,4305.2
,,,,,,,,2618,30164.6,8615.1,4112.5
,,,,,,,,2619,29450.2,8408.3,4013.8
,,,,,,,,2620,29149.4,8323.7,3971.5
,,,,,,,,2621,29877.9,8535.2,4074.9
,,,,,,,,2622,32265.5,9216.7,4399.2
,,,,,,,,2623,36053.7,10297.7,4911.5
,,,,,,,,2624,39837.2,11374,5433.2
,,,,,,,,2625,42083.8,12017.9,5738.7
,,,,,,,,2626,43672.4,12473.8,5954.9
,,,,,,,,2627,44847.4,12807.5,6114.7
,,,,,,,,2628,45402,12967.3,6189.9
,,,,,,,,2629,45373.8,12957.9,6185.2
,,,,,,,,2630,45420.8,12972,6194.6
,,,,,,,,2631,45030.7,12859.2,6138.2
,,,,,,,,2632,44485.5,12704.1,6063
,,,,,,,,2633,44095.4,12596,6011.3
,,,,,,,,2634,43479.7,12417.4,5926.7
,,,,,,,,2635,42417.5,12116.6,5785.7
,,,,,,,,2636,42882.8,12248.2,5846.8
,,,,,,,,2637,43569,12445.6,5940.8
,,,,,,,,2638,41096.8,11735.9,5602.4
,,,,,,,,2639,37614.1,10739.5,5127.7
,,,,,,,,2640,34013.9,9714.9,4634.2
,,,,,,,,2641,31358.4,8953.5,4272.3
,,,,,,,,2642,29802.7,8511.7,4060.8
,,,,,,,,2643,28905,8257.9,3938.6
,,,,,,,,2644,28505.5,8140.4,3886.9
,,,,,,,,2645,28726.4,8206.2,3915.1
,,,,,,,,2646,29689.9,8478.8,4046.7
,,,,,,,,2647,31123.4,8887.7,4244.1
,,,,,,,,2648,33924.6,9686.7,4624.8
,,,,,,,,2649,37050.1,10579.7,5052.5
,,,,,,,,2650,39292,11223.6,5358
,,,,,,,,2651,40490.5,11562,5522.5
,,,,,,,,2652,40894.7,11674.8,5574.2
,,,,,,,,2653,40875.9,11674.8,5574.2
,,,,,,,,2654,40608,11594.9,5536.6
,,,,,,,,2655,40340.1,11519.7,5499
,,,,,,,,2656,40279,11505.6,5489.6
,,,,,,,,2657,40561,11580.8,5527.2
,,,,,,,,2658,40969.9,11703,5583.6
,,,,,,,,2659,40796,11651.3,5560.1
,,,,,,,,2660,41538.6,11867.5,5663.5
,,,,,,,,2661,42361.1,12097.8,5776.3
,,,,,,,,2662,40236.7,11491.5,5484.9
,,,,,,,,2663,37158.2,10612.6,5066.6
,,,,,,,,2664,33999.8,9710.2,4634.2
,,,,,,,,2665,31405.4,8967.6,4281.7
,,,,,,,,2666,29835.6,8521.1,4065.5
,,,,,,,,2667,28825.1,8234.4,3929.2
,,,,,,,,2668,28303.4,8084,3858.7
,,,,,,,,2669,28279.9,8074.6,3854
,,,,,,,,2670,28787.5,8220.3,3924.5
,,,,,,,,2671,29492.5,8422.4,4018.5
,,,,,,,,2672,31612.2,9028.7,4309.9
,,,,,,,,2673,34540.3,9865.3,4709.4
,,,,,,,,2674,37078.3,10589.1,5052.5
,,,,,,,,2675,38648.1,11040.3,5264
,,,,,,,,2676,39696.2,11336.4,5409.7
,,,,,,,,2677,40232,11486.8,5484.9
,,,,,,,,2678,40255.5,11496.2,5484.9
,,,,,,,,2679,40091,11449.2,5466.1
,,,,,,,,2680,40274.3,11500.9,5489.6
,,,,,,,,2681,41125,11745.3,5607.1
,,,,,,,,2682,42097.9,12022.6,5738.7
,,,,,,,,2683,42849.9,12238.8,5842.1
,,,,,,,,2684,43442.1,12403.3,5922
,,,,,,,,2685,42770,12215.3,5832.7
,,,,,,,,2686,39898.3,11392.8,5437.9
,,,,,,,,2687,36453.2,10410.5,4967.9
,,,,,,,,2688,33238.4,9489.3,4530.8
,,,,,,,,2689,31142.2,8897.1,4244.1
,,,,,,,,2690,30042.4,8577.5,4093.7
,,,,,,,,2691,29544.2,8436.5,4027.9
,,,,,,,,2692,29440.8,8408.3,4009.1
,,,,,,,,2693,30291.5,8648,4126.6
,,,,,,,,2694,33496.9,9564.5,4563.7
,,,,,,,,2695,39033.5,11148.4,5320.4
,,,,,,,,2696,43225.9,12342.2,5893.8
,,,,,,,,2697,44969.6,12845.1,6128.8
,,,,,,,,2698,45848.5,13094.2,6251
,,,,,,,,2699,46487.7,13277.5,6335.6
,,,,,,,,2700,46750.9,13352.7,6373.2
,,,,,,,,2701,46454.8,13268.1,6335.6
,,,,,,,,2702,46248,13207,6307.4
,,,,,,,,2703,45613.5,13023.7,6218.1
,,,,,,,,2704,45105.9,12878,6147.6
,,,,,,,,2705,45298.6,12939.1,6175.8
,,,,,,,,2706,45834.4,13089.5,6246.3
,,,,,,,,2707,45740.4,13066,6236.9
,,,,,,,,2708,46238.6,13207,6302.7
,,,,,,,,2709,46111.7,13169.4,6288.6
,,,,,,,,2710,42859.3,12238.8,5842.1
,,,,,,,,2711,38460.1,10983.9,5245.2
,,,,,,,,2712,34446.3,9837.1,4695.3
,,,,,,,,2713,31866,9099.2,4342.8
,,,,,,,,2714,30639.3,8751.4,4173.6
,,,,,,,,2715,29971.9,8558.7,4084.3
,,,,,,,,2716,29845,8521.1,4070.2
,,,,,,,,2717,30747.4,8779.6,4192.4
,,,,,,,,2718,33750.7,9639.7,4601.3
,,,,,,,,2719,38742.1,11063.8,5282.8
,,,,,,,,2720,42511.5,12140.1,5795.1
,,,,,,,,2721,43724.1,12487.9,5959.6
,,,,,,,,2722,44415,12685.3,6053.6
,,,,,,,,2723,44903.8,12826.3,6119.4
,,,,,,,,2724,44866.2,12812.2,6119.4
,,,,,,,,2725,44523.1,12713.5,6072.4
,,,,,,,,2726,44363.3,12666.5,6048.9
,,,,,,,,2727,43874.5,12530.2,5978.4
,,,,,,,,2728,43404.5,12398.6,5917.3
,,,,,,,,2729,43475,12417.4,5926.7
,,,,,,,,2730,43747.6,12492.6,5964.3
,,,,,,,,2731,43827.5,12516.1,5978.4
,,,,,,,,2732,45068.3,12873.3,6147.6
,,,,,,,,2733,46219.8,13202.3,6302.7
,,,,,,,,2734,43348.1,12379.8,5907.9
,,,,,,,,2735,38850.2,11092,5296.9
,,,,,,,,2736,34794.1,9935.8,4747
,,,,,,,,2737,32176.2,9188.5,4389.8
,,,,,,,,2738,30846.1,8807.8,4201.8
,,,,,,,,2739,30239.8,8638.6,4121.9
,,,,,,,,2740,30061.2,8586.9,4098.4
,,,,,,,,2741,31052.9,8868.9,4234.7
,,,,,,,,2742,34112.6,9743.1,4648.3
,,,,,,,,2743,39108.7,11167.2,5334.5
,,,,,,,,2744,42558.5,12154.2,5804.5
,,,,,,,,2745,43465.6,12412.7,5926.7
,,,,,,,,2746,44015.5,12572.5,6001.9
,,,,,,,,2747,44391.5,12675.9,6053.6
,,,,,,,,2748,44537.2,12718.2,6072.4
,,,,,,,,2749,44325.7,12657.1,6044.2
,,,,,,,,2750,44231.7,12633.6,6030.1
,,,,,,,,2751,43634.8,12459.7,5950.2
,,,,,,,,2752,43240,12346.9,5893.8
,,,,,,,,2753,43319.9,12370.4,5907.9
,,,,,,,,2754,43592.5,12450.3,5945.5
,,,,,,,,2755,43775.8,12497.3,5969
,,,,,,,,2756,44786.3,12788.7,6105.3
,,,,,,,,2757,45608.8,13023.7,6213.4
,,,,,,,,2758,42934.5,12262.3,5856.2
,,,,,,,,2759,38728,11063.8,5278.1
,,,,,,,,2760,34798.8,9935.8,4747
,,,,,,,,2761,32152.7,9179.1,4385.1
,,,,,,,,2762,30766.2,8784.3,4197.1
,,,,,,,,2763,30206.9,8624.5,4117.2
,,,,,,,,2764,30206.9,8624.5,4117.2
,,,,,,,,2765,31170.4,8901.8,4248.8
,,,,,,,,2766,34338.2,9808.9,4681.2
,,,,,,,,2767,39357.8,11242.4,5362.7
,,,,,,,,2768,42835.8,12234.1,5837.4
,,,,,,,,2769,43771.1,12497.3,5969
,,,,,,,,2770,44161.2,12614.8,6020.7
,,,,,,,,2771,44509,12708.8,6067.7
,,,,,,,,2772,44701.7,12765.2,6095.9
,,,,,,,,2773,44532.5,12718.2,6072.4
,,,,,,,,2774,44560.7,12727.6,6072.4
,,,,,,,,2775,44086,12591.3,6011.3
,,,,,,,,2776,43714.7,12483.2,5959.6
,,,,,,,,2777,44123.6,12600.7,6016
,,,,,,,,2778,45054.2,12868.6,6142.9
,,,,,,,,2779,45340.9,12948.5,6180.5
,,,,,,,,2780,45994.2,13136.5,6269.8
,,,,,,,,2781,45984.8,13131.8,6269.8
,,,,,,,,2782,42986.2,12276.4,5860.9
,,,,,,,,2783,38643.4,11035.6,5264
,,,,,,,,2784,34657.8,9898.2,4723.5
,,,,,,,,2785,31997.6,9136.8,4361.6
,,,,,,,,2786,30550,8723.2,4164.2
,,,,,,,,2787,29783.9,8507,4056.1
,,,,,,,,2788,29605.3,8450.6,4032.6
,,,,,,,,2789,30343.2,8662.1,4136
,,,,,,,,2790,33200.8,9484.6,4526.1
,,,,,,,,2791,38159.3,10899.3,5198.2
,,,,,,,,2792,42036.8,12008.5,5729.3
,,,,,,,,2793,43507.9,12426.8,5931.4
,,,,,,,,2794,44212.9,12628.9,6025.4
,,,,,,,,2795,44659.4,12755.8,6091.2
,,,,,,,,2796,44570.1,12727.6,6072.4
,,,,,,,,2797,44109.5,12596,6011.3
,,,,,,,,2798,43827.5,12516.1,5978.4
,,,,,,,,2799,43131.9,12318.7,5879.7
,,,,,,,,2800,42441,12121.3,5785.7
,,,,,,,,2801,42262.4,12069.6,5762.2
,,,,,,,,2802,42173.1,12046.1,5748.1
,,,,,,,,2803,42036.8,12008.5,5729.3
,,,,,,,,2804,43197.7,12337.5,5889.1
,,,,,,,,2805,44598.3,12737,6077.1
,,,,,,,,2806,42666.6,12187.1,5813.9
,,,,,,,,2807,39263.8,11214.2,5353.3
,,,,,,,,2808,35691.8,10194.3,4864.5
,,,,,,,,2809,33026.9,9432.9,4502.6
,,,,,,,,2810,31522.9,9000.5,4295.8
,,,,,,,,2811,30822.6,8803.1,4201.8
,,,,,,,,2812,30564.1,8727.9,4164.2
,,,,,,,,2813,30973,8850.1,4225.3
,,,,,,,,2814,32068.1,9155.6,4371
,,,,,,,,2815,33633.2,9606.8,4582.5
,,,,,,,,2816,36725.8,10490.4,5005.5
,,,,,,,,2817,39292,11223.6,5358
,,,,,,,,2818,40640.9,11604.3,5541.3
,,,,,,,,2819,40866.5,11670.1,5574.2
,,,,,,,,2820,40546.9,11580.8,5527.2
,,,,,,,,2821,39837.2,11374,5433.2
,,,,,,,,2822,39000.6,11134.3,5315.7
,,,,,,,,2823,38248.6,10922.8,5217
,,,,,,,,2824,37797.4,10795.9,5151.2
,,,,,,,,2825,38008.9,10852.3,5179.4
,,,,,,,,2826,38554.1,11012.1,5254.6
,,,,,,,,2827,38906.6,11110.8,5306.3
,,,,,,,,2828,39935.9,11406.9,5442.6
,,,,,,,,2829,41472.8,11844,5654.1
,,,,,,,,2830,39823.1,11369.3,5428.5
,,,,,,,,2831,36951.4,10551.5,5038.4
,,,,,,,,2832,33915.2,9686.7,4624.8
,,,,,,,,2833,31386.6,8967.6,4277
,,,,,,,,2834,29981.3,8563.4,4084.3
,,,,,,,,2835,29285.7,8361.3,3990.3
,,,,,,,,2836,29060.1,8300.2,3962.1
,,,,,,,,2837,29262.2,8356.6,3985.6
,,,,,,,,2838,29882.6,8535.2,4074.9
,,,,,,,,2839,30860.2,8812.5,4206.5
,,,,,,,,2840,33167.9,9470.5,4521.4
,,,,,,,,2841,35771.7,10217.8,4873.9
,,,,,,,,2842,37642.3,10748.9,5132.4
,,,,,,,,2843,38427.2,10974.5,5240.5
,,,,,,,,2844,38765.6,11068.5,5287.5
,,,,,,,,2845,38587,11016.8,5259.3
,,,,,,,,2846,38074.7,10875.8,5193.5
,,,,,,,,2847,37520.1,10716,5113.6
,,,,,,,,2848,37430.8,10687.8,5099.5
,,,,,,,,2849,37990.1,10852.3,5179.4
,,,,,,,,2850,39052.3,11153.1,5325.1
,,,,,,,,2851,39719.7,11345.8,5414.4
,,,,,,,,2852,40988.7,11707.7,5588.3
,,,,,,,,2853,42845.2,12238.8,5837.4
,,,,,,,,2854,40373,11529.1,5503.7
,,,,,,,,2855,36594.2,10452.8,4986.7
,,,,,,,,2856,33144.4,9465.8,4516.7
,,,,,,,,2857,30940.1,8836,4220.6
,,,,,,,,2858,29826.2,8521.1,4065.5
,,,,,,,,2859,29417.3,8403.6,4009.1
,,,,,,,,2860,29567.7,8445.9,4032.6
,,,,,,,,2861,30719.2,8774.9,4187.7
,,,,,,,,2862,33981,9705.5,4629.5
,,,,,,,,2863,39447.1,11265.9,5376.8
,,,,,,,,2864,43113.1,12314,5879.7
,,,,,,,,2865,43836.9,12520.8,5978.4
,,,,,,,,2866,44241.1,12638.3,6030.1
,,,,,,,,2867,44551.3,12722.9,6072.4
,,,,,,,,2868,44518.4,12713.5,6072.4
,,,,,,,,2869,44203.5,12624.2,6025.4
,,,,,,,,2870,44114.2,12596,6016
,,,,,,,,2871,43639.5,12459.7,5950.2
,,,,,,,,2872,43183.6,12337.5,5884.4
,,,,,,,,2873,43150.7,12323.4,5884.4
,,,,,,,,2874,43446.8,12408,5922
,,,,,,,,2875,43799.3,12506.7,5973.7
,,,,,,,,2876,45016.6,12854.5,6138.2
,,,,,,,,2877,45914.3,13113,6260.4
,,,,,,,,2878,42661.9,12182.4,5813.9
,,,,,,,,2879,38154.6,10899.3,5198.2
,,,,,,,,2880,34112.6,9743.1,4648.3
,,,,,,,,2881,31532.3,9005.2,4295.8
,,,,,,,,2882,30319.7,8662.1,4131.3
,,,,,,,,2883,29671.1,8474.1,4042
,,,,,,,,2884,29516,8427.1,4023.2
,,,,,,,,2885,30268,8643.3,4126.6
,,,,,,,,2886,33384.1,9531.6,4549.6
,,,,,,,,2887,38822,11087.3,5292.2
,,,,,,,,2888,43146,12323.4,5884.4
,,,,,,,,2889,44856.8,12807.5,6114.7
,,,,,,,,2890,45933.1,13117.7,6260.4
,,,,,,,,2891,46562.9,13301,6349.7
,,,,,,,,2892,47192.7,13479.6,6434.3
,,,,,,,,2893,47089.3,13446.7,6420.2
,,,,,,,,2894,46713.3,13343.3,6368.5
,,,,,,,,2895,46191.6,13192.9,6298
,,,,,,,,2896,45796.8,13080.1,6241.6
,,,,,,,,2897,46102.3,13164.7,6288.6
,,,,,,,,2898,46755.6,13352.7,6373.2
,,,,,,,,2899,46755.6,13352.7,6373.2
,,,,,,,,2900,47051.7,13437.3,6415.5
,,,,,,,,2901,47018.8,13427.9,6410.8
,,,,,,,,2902,43865.1,12525.5,5978.4
,,,,,,,,2903,39212.1,11200.1,5343.9
,,,,,,,,2904,35118.4,10029.8,4789.3
,,,,,,,,2905,32434.7,9263.7,4422.7
,,,,,,,,2906,31001.2,8854.8,4225.3
,,,,,,,,2907,30282.1,8648,4126.6
,,,,,,,,2908,30112.9,8601,4103.1
,,,,,,,,2909,30921.3,8826.6,4215.9
,,,,,,,,2910,33938.7,9696.1,4624.8
,,,,,,,,2911,39339,11233,5362.7
,,,,,,,,2912,43390.4,12389.2,5912.6
,,,,,,,,2913,44574.8,12732.3,6072.4
,,,,,,,,2914,45261,12925,6166.4
,,,,,,,,2915,45820.3,13084.8,6246.3
,,,,,,,,2916,45843.8,13089.5,6251
,,,,,,,,2917,45519.5,12995.5,6204
,,,,,,,,2918,45364.4,12953.2,6185.2
,,,,,,,,2919,44833.3,12807.5,6114.7
,,,,,,,,2920,44382.1,12675.9,6053.6
,,,,,,,,2921,44537.2,12718.2,6072.4
,,,,,,,,2922,45073,12873.3,6147.6
,,,,,,,,2923,45467.8,12986.1,6199.3
,,,,,,,,2924,46285.6,13216.4,6312.1
,,,,,,,,2925,46609.9,13310.4,6354.4
,,,,,,,,2926,43644.2,12464.4,5950.2
,,,,,,,,2927,39061.7,11157.8,5325.1
,,,,,,,,2928,34963.3,9982.8,4765.8
,,,,,,,,2929,32246.7,9207.3,4394.5
,,,,,,,,2930,30855.5,8807.8,4206.5
,,,,,,,,2931,30103.5,8596.3,4103.1
,,,,,,,,2932,29920.2,8544.6,4079.6
,,,,,,,,2933,30756.8,8784.3,4192.4
,,,,,,,,2934,33746,9639.7,4601.3
,,,,,,,,2935,39216.8,11200.1,5343.9
,,,,,,,,2936,43381,12389.2,5912.6
,,,,,,,,2937,44711.1,12769.9,6095.9
,,,,,,,,2938,45411.4,12972,6194.6
,,,,,,,,2939,45947.2,13122.4,6260.4
,,,,,,,,2940,46102.3,13164.7,6288.6
,,,,,,,,2941,45745.1,13066,6236.9
,,,,,,,,2942,45641.7,13033.1,6222.8
,,,,,,,,2943,44979,12845.1,6133.5
,,,,,,,,2944,44527.8,12713.5,6072.4
,,,,,,,,2945,44748.7,12779.3,6100.6
,,,,,,,,2946,45242.2,12920.3,6166.4
,,,,,,,,2947,45420.8,12972,6194.6
,,,,,,,,2948,46130.5,13174.1,6288.6
,,,,,,,,2949,46454.8,13268.1,6335.6
,,,,,,,,2950,43531.4,12431.5,5931.4
,,,,,,,,2951,38986.5,11134.3,5311
,,,,,,,,2952,34845.8,9949.9,4747
,,,,,,,,2953,32138.6,9179.1,4380.4
,,,,,,,,2954,30639.3,8751.4,4173.6
,,,,,,,,2955,29868.5,8530.5,4070.2
,,,,,,,,2956,29661.7,8474.1,4042
,,,,,,,,2957,30409,8685.6,4145.4
,,,,,,,,2958,33271.3,9503.4,4535.5
,,,,,,,,2959,38615.2,11026.2,5264
,,,,,,,,2960,42765.3,12215.3,5832.7
,,,,,,,,2961,44471.4,12699.4,6063
,,,,,,,,2962,45317.4,12943.8,6175.8
,,,,,,,,2963,46130.5,13174.1,6288.6
,,,,,,,,2964,46238.6,13207,6302.7
,,,,,,,,2965,45970.7,13127.1,6265.1
,,,,,,,,2966,45810.9,13084.8,6241.6
,,,,,,,,2967,45124.7,12887.4,6152.3
,,,,,,,,2968,44518.4,12713.5,6072.4
,,,,,,,,2969,44471.4,12699.4,6063
,,,,,,,,2970,44344.5,12661.8,6048.9
,,,,,,,,2971,43940.3,12549,5987.8
,,,,,,,,2972,43992,12563.1,5997.2
,,,,,,,,2973,44513.7,12708.8,6067.7
,,,,,,,,2974,42290.6,12074.3,5762.2
,,,,,,,,2975,38728,11063.8,5278.1
,,,,,,,,2976,34991.5,9992.2,4765.8
,,,,,,,,2977,32007,9141.5,4366.3
,,,,,,,,2978,30362,8666.8,4136
,,,,,,,,2979,29346.8,8380.1,3999.7
,,,,,,,,2980,28886.2,8248.5,3938.6
,,,,,,,,2981,29036.6,8290.8,3957.4
,,,,,,,,2982,29971.9,8558.7,4084.3
,,,,,,,,2983,31720.3,9061.6,4324
,,,,,,,,2984,34789.4,9935.8,4742.3
,,,,,,,,2985,38018.3,10857,5184.1
,,,,,,,,2986,40109.8,11453.9,5466.1
,,,,,,,,2987,41031,11721.8,5593
,,,,,,,,2988,41214.3,11768.8,5621.2
,,,,,,,,2989,40805.4,11651.3,5564.8
,,,,,,,,2990,40133.3,11463.3,5470.8
,,,,,,,,2991,39480,11275.3,5386.2
,,,,,,,,2992,39033.5,11148.4,5320.4
,,,,,,,,2993,39000.6,11134.3,5315.7
,,,,,,,,2994,39240.3,11204.8,5348.6
,,,,,,,,2995,39155.7,11181.3,5339.2
,,,,,,,,2996,39602.2,11308.2,5400.3
,,,,,,,,2997,41096.8,11735.9,5602.4
,,,,,,,,2998,39574,11298.8,5395.6
,,,,,,,,2999,36678.8,10476.3,5000.8
,,,,,,,,3000,33581.5,9588,4577.8
,,,,,,,,3001,31095.2,8878.3,4239.4
,,,,,,,,3002,29539.5,8436.5,4027.9
,,,,,,,,3003,28623,8173.3,3901
,,,,,,,,3004,28176.5,8046.4,3839.9
,,,,,,,,3005,28181.2,8051.1,3839.9
,,,,,,,,3006,28580.7,8163.9,3896.3
,,,,,,,,3007,29445.5,8408.3,4013.8
,,,,,,,,3008,31833.1,9089.8,4338.1
,,,,,,,,3009,34742.4,9921.7,4737.6
,,,,,,,,3010,36946.7,10551.5,5033.7
,,,,,,,,3011,38107.6,10880.5,5198.2
,,,,,,,,3012,38568.2,11016.8,5259.3
,,,,,,,,3013,38577.6,11016.8,5259.3
,,,,,,,,3014,38192.2,10908.7,5207.6
,,,,,,,,3015,37670.5,10758.3,5137.1
,,,,,,,,3016,37562.4,10730.1,5123
,,,,,,,,3017,38126.4,10889.9,5198.2
,,,,,,,,3018,39136.9,11176.6,5339.2
,,,,,,,,3019,39757.3,11355.2,5419.1
,,,,,,,,3020,40617.4,11599.6,5536.6
,,,,,,,,3021,42614.9,12173,5809.2
,,,,,,,,3022,40260.2,11496.2,5489.6
,,,,,,,,3023,36472,10415.2,4972.6
,,,,,,,,3024,32909.4,9395.3,4483.8
,,,,,,,,3025,30376.1,8676.2,4140.7
,,,,,,,,3026,29107.1,8309.6,3966.8
,,,,,,,,3027,28557.2,8154.5,3891.6
,,,,,,,,3028,28467.9,8131,3882.2
,,,,,,,,3029,29459.6,8413,4013.8
,,,,,,,,3030,32227.9,9202.6,4389.8
,,,,,,,,3031,37571.8,10730.1,5123
,,,,,,,,3032,41693.7,11909.8,5687
,,,,,,,,3033,43094.3,12309.3,5875
,,,,,,,,3034,43992,12563.1,5997.2
,,,,,,,,3035,44861.5,12812.2,6119.4
,,,,,,,,3036,45251.6,12920.3,6166.4
,,,,,,,,3037,45228.1,12915.6,6166.4
,,,,,,,,3038,45331.5,12948.5,6180.5
,,,,,,,,3039,44946.1,12835.7,6124.1
,,,,,,,,3040,44429.1,12690,6053.6
,,,,,,,,3041,44222.3,12628.9,6025.4
,,,,,,,,3042,44039,12577.2,6001.9
,,,,,,,,3043,43714.7,12483.2,5959.6
,,,,,,,,3044,44419.7,12685.3,6053.6
,,,,,,,,3045,45702.8,13051.9,6232.2
,,,,,,,,3046,42746.5,12205.9,5828
,,,,,,,,3047,38102.9,10880.5,5198.2
,,,,,,,,3048,33891.7,9677.3,4620.1
,,,,,,,,3049,31222.1,8915.9,4253.5
,,,,,,,,3050,29821.5,8516.4,4065.5
,,,,,,,,3051,29069.5,8304.9,3962.1
,,,,,,,,3052,28862.7,8243.8,3933.9
,,,,,,,,3053,29689.9,8478.8,4046.7
,,,,,,,,3054,32495.8,9277.8,4432.1
,,,,,,,,3055,37849.1,10810,5160.6
,,,,,,,,3056,42206,12050.8,5752.8
,,,,,,,,3057,43775.8,12497.3,5969
,,,,,,,,3058,44687.6,12760.5,6091.2
,,,,,,,,3059,45510.1,12995.5,6204
,,,,,,,,3060,45768.6,13070.7,6241.6
,,,,,,,,3061,45500.7,12995.5,6204
,,,,,,,,3062,45571.2,13014.3,6213.4
,,,,,,,,3063,45143.5,12892.1,6152.3
,,,,,,,,3064,44908.5,12826.3,6119.4
,,,,,,,,3065,45411.4,12972,6194.6
,,,,,,,,3066,46168.1,13183.5,6293.3
,,,,,,,,3067,46130.5,13174.1,6288.6
,,,,,,,,3068,46370.2,13244.6,6321.5
,,,,,,,,3069,46210.4,13197.6,6302.7
,,,,,,,,3070,43028.5,12285.8,5865.6
,,,,,,,,3071,38577.6,11016.8,5259.3
,,,,,,,,3072,34507.4,9855.9,4704.7
,,,,,,,,3073,31767.3,9071,4328.7
,,,,,,,,3074,30357.3,8666.8,4136
,,,,,,,,3075,29610,8455.3,4032.6
,,,,,,,,3076,29393.8,8394.2,4009.1
,,,,,,,,3077,30188.1,8619.8,4112.5
,,,,,,,,3078,33153.8,9465.8,4521.4
,,,,,,,,3079,38666.9,11040.3,5268.7
,,,,,,,,3080,43225.9,12342.2,5893.8
,,,,,,,,3081,44899.1,12821.6,6119.4
,,,,,,,,3082,45904.9,13113,6260.4
,,,,,,,,3083,46722.7,13348,6368.5
,,,,,,,,3084,47061.1,13442,6415.5
,,,,,,,,3085,46891.9,13395,6392
,,,,,,,,3086,46863.7,13385.6,6387.3
,,,,,,,,3087,46337.3,13230.5,6316.8
,,,,,,,,3088,46036.5,13145.9,6274.5
,,,,,,,,3089,46360.8,13239.9,6321.5
,,,,,,,,3090,46760.3,13352.7,6377.9
,,,,,,,,3091,46506.5,13282.2,6340.3
,,,,,,,,3092,46694.5,13333.9,6363.8
,,,,,,,,3093,46614.6,13310.4,6359.1
,,,,,,,,3094,43611.3,12450.3,5945.5
,,,,,,,,3095,39047.6,11153.1,5320.4
,,,,,,,,3096,34935.1,9978.1,4761.1
,,,,,,,,3097,32204.4,9197.9,4389.8
,,,,,,,,3098,30705.1,8770.2,4183
,,,,,,,,3099,29934.3,8544.6,4079.6
,,,,,,,,3100,29760.4,8497.6,4056.1
,,,,,,,,3101,30432.5,8690.3,4150.1
,,,,,,,,3102,33149.1,9465.8,4516.7
,,,,,,,,3103,38450.7,10979.2,5245.2
,,,,,,,,3104,42793.5,12220,5837.4
,,,,,,,,3105,44358.6,12666.5,6048.9
,,,,,,,,3106,45129.4,12887.4,6152.3
,,,,,,,,3107,45773.3,13070.7,6241.6
,,,,,,,,3108,45994.2,13136.5,6269.8
,,,,,,,,3109,45806.2,13080.1,6241.6
,,,,,,,,3110,45674.6,13042.5,6227.5
,,,,,,,,3111,45105.9,12878,6147.6
,,,,,,,,3112,44565.4,12727.6,6072.4
,,,,,,,,3113,44410.3,12685.3,6053.6
,,,,,,,,3114,44325.7,12657.1,6044.2
,,,,,,,,3115,43893.3,12534.9,5983.1
,,,,,,,,3116,44100.1,12596,6011.3
,,,,,,,,3117,45383.2,12957.9,6189.9
,,,,,,,,3118,43080.2,12304.6,5875
,,,,,,,,3119,38854.9,11096.7,5296.9
,,,,,,,,3120,34620.2,9884.1,4718.8
,,,,,,,,3121,31851.9,9094.5,4338.1
,,,,,,,,3122,30362,8666.8,4136
,,,,,,,,3123,29553.6,8441.2,4027.9
,,,,,,,,3124,29360.9,8384.8,4004.4
,,,,,,,,3125,30211.6,8629.2,4117.2
,,,,,,,,3126,32660.3,9324.8,4450.9
,,,,,,,,3127,37919.6,10828.8,5170
,,,,,,,,3128,41858.2,11956.8,5705.8
,,,,,,,,3129,43164.8,12328.1,5884.4
,,,,,,,,3130,43940.3,12549,5987.8
,,,,,,,,3131,44504.3,12708.8,6067.7
,,,,,,,,3132,44729.9,12774.6,6100.6
,,,,,,,,3133,44438.5,12690,6058.3
,,,,,,,,3134,44231.7,12633.6,6030.1
,,,,,,,,3135,43653.6,12469.1,5954.9
,,,,,,,,3136,43075.5,12304.6,5870.3
,,,,,,,,3137,42770,12215.3,5832.7
,,,,,,,,3138,42412.8,12111.9,5781
,,,,,,,,3139,41811.2,11938,5701.1
,,,,,,,,3140,41717.2,11914.5,5687
,,,,,,,,3141,43141.3,12318.7,5884.4
,,,,,,,,3142,41632.6,11886.3,5672.9
,,,,,,,,3143,38234.5,10918.1,5212.3
,,,,,,,,3144,34441.6,9837.1,4695.3
,,,,,,,,3145,31602.8,9024,4309.9
,,,,,,,,3146,29957.8,8554,4079.6
,,,,,,,,3147,29041.3,8290.8,3962.1
,,,,,,,,3148,28707.6,8196.8,3915.1
,,,,,,,,3149,28848.6,8239.1,3933.9
,,,,,,,,3150,29478.4,8417.7,4018.5
,,,,,,,,3151,31334.9,8948.8,4272.3
,,,,,,,,3152,34465.1,9841.8,4695.3
,,,,,,,,3153,37524.8,10716,5118.3
,,,,,,,,3154,39367.2,11242.4,5367.4
,,,,,,,,3155,40006.4,11425.7,5456.7
,,,,,,,,3156,40095.7,11449.2,5466.1
,,,,,,,,3157,39766.7,11355.2,5419.1
,,,,,,,,3158,39343.7,11233,5362.7
,,,,,,,,3159,38991.2,11134.3,5315.7
,,,,,,,,3160,39066.4,11157.8,5325.1
,,,,,,,,3161,39465.9,11270.6,5381.5
,,,,,,,,3162,39950,11411.6,5447.3
,,,,,,,,3163,40029.9,11435.1,5456.7
,,,,,,,,3164,40175.6,11472.7,5480.2
,,,,,,,,3165,41721.9,11914.5,5687
,,,,,,,,3166,40377.7,11533.8,5503.7
,,,,,,,,3167,37336.8,10664.3,5090.1
,,,,,,,,3168,33924.6,9686.7,4624.8
,,,,,,,,3169,31240.9,8920.6,4258.2
,,,,,,,,3170,29417.3,8403.6,4009.1
,,,,,,,,3171,28378.6,8102.8,3868.1
,,,,,,,,3172,27809.9,7943,3792.9
,,,,,,,,3173,27730,7919.5,3778.8
,,,,,,,,3174,27777,7933.6,3788.2
,,,,,,,,3175,28862.7,8239.1,3933.9
,,,,,,,,3176,31598.1,9024,4309.9
,,,,,,,,3177,34977.4,9987.5,4765.8
,,,,,,,,3178,37506,10711.3,5113.6
,,,,,,,,3179,38864.3,11101.4,5296.9
,,,,,,,,3180,39588.1,11303.5,5395.6
,,,,,,,,3181,39926.5,11402.2,5442.6
,,,,,,,,3182,39851.3,11378.7,5433.2
,,,,,,,,3183,39771.4,11359.9,5423.8
,,,,,,,,3184,39945.3,11406.9,5447.3
,,,,,,,,3185,40420,11543.2,5508.4
,,,,,,,,3186,40998.1,11707.7,5588.3
,,,,,,,,3187,41143.8,11750,5607.1
,,,,,,,,3188,41825.3,11947.4,5701.1
,,,,,,,,3189,43747.6,12492.6,5964.3
,,,,,,,,3190,41933.4,11975.6,5715.2
,,,,,,,,3191,38098.2,10880.5,5193.5
,,,,,,,,3192,34305.3,9794.8,4676.5
,,,,,,,,3193,31593.4,9024,4305.2
,,,,,,,,3194,30183.4,8619.8,4112.5
,,,,,,,,3195,29389.1,8394.2,4009.1
,,,,,,,,3196,29172.9,8333.1,3976.2
,,,,,,,,3197,30065.9,8586.9,4098.4
,,,,,,,,3198,32730.8,9348.3,4460.3
,,,,,,,,3199,37994.8,10852.3,5179.4
,,,,,,,,3200,42478.6,12130.7,5790.4
,,,,,,,,3201,44429.1,12690,6053.6
,,,,,,,,3202,45787.4,13075.4,6241.6
,,,,,,,,3203,46981.2,13418.5,6406.1
,,,,,,,,3204,47690.9,13620.6,6500.1
,,,,,,,,3205,47925.9,13686.4,6533
,,,,,,,,3206,47907.1,13681.7,6528.3
,,,,,,,,3207,47526.4,13573.6,6476.6
,,,,,,,,3208,47089.3,13446.7,6420.2
,,,,,,,,3209,47065.8,13442,6415.5
,,,,,,,,3210,47197.4,13479.6,6434.3
,,,,,,,,3211,46854.3,13380.9,6387.3
,,,,,,,,3212,46849.6,13380.9,6387.3
,,,,,,,,3213,47141,13465.5,6429.6
,,,,,,,,3214,44161.2,12610.1,6020.7
,,,,,,,,3215,39574,11298.8,5395.6
,,,,,,,,3216,35278.2,10076.8,4808.1
,,,,,,,,3217,32491.1,9277.8,4432.1
,,,,,,,,3218,30949.5,8840.7,4220.6
,,,,,,,,3219,30103.5,8596.3,4103.1
,,,,,,,,3220,29896.7,8539.9,4074.9
,,,,,,,,3221,30648.7,8756.1,4173.6
,,,,,,,,3222,33308.9,9512.8,4540.2
,,,,,,,,3223,38568.2,11016.8,5259.3
,,,,,,,,3224,43000.3,12281.1,5860.9
,,,,,,,,3225,44979,12845.1,6133.5
,,,,,,,,3226,46248,13207,6307.4
,,,,,,,,3227,47399.5,13536,6462.5
,,,,,,,,3228,47897.7,13677,6528.3
,,,,,,,,3229,47935.3,13691.1,6533
,,,,,,,,3230,47902.4,13677,6528.3
,,,,,,,,3231,47305.5,13512.5,6453.1
,,,,,,,,3232,46859,13385.6,6387.3
,,,,,,,,3233,47032.9,13432.6,6410.8
,,,,,,,,3234,47408.9,13536,6462.5
,,,,,,,,3235,47235,13489,6439
,,,,,,,,3236,47277.3,13503.1,6448.4
,,,,,,,,3237,47216.2,13489,6439
,,,,,,,,3238,44184.7,12614.8,6025.4
,,,,,,,,3239,39649.2,11322.3,5405
,,,,,,,,3240,35461.5,10123.8,4836.3
,,,,,,,,3241,32740.2,9348.3,4460.3
,,,,,,,,3242,31203.3,8911.2,4253.5
,,,,,,,,3243,30404.3,8685.6,4145.4
,,,,,,,,3244,30159.9,8615.1,4107.8
,,,,,,,,3245,30911.9,8826.6,4215.9
,,,,,,,,3246,33760.1,9644.4,4601.3
,,,,,,,,3247,39207.4,11200.1,5343.9
,,,,,,,,3248,43742.9,12492.6,5964.3
,,,,,,,,3249,45759.2,13066,6241.6
,,,,,,,,3250,46957.7,13413.8,6401.4
,,,,,,,,3251,47888.3,13677,6528.3
,,,,,,,,3252,48320.7,13799.2,6589.4
,,,,,,,,3253,48283.1,13789.8,6584.7
,,,,,,,,3254,48405.3,13822.7,6598.8
,,,,,,,,3255,48363,13813.3,6594.1
,,,,,,,,3256,48363,13813.3,6594.1
,,,,,,,,3257,48508.7,13850.9,6612.9
,,,,,,,,3258,48428.8,13832.1,6603.5
,,,,,,,,3259,47780.2,13644.1,6514.2
,,,,,,,,3260,47484.1,13559.5,6476.6
,,,,,,,,3261,48546.3,13865,6617.6
,,,,,,,,3262,45914.3,13113,6260.4
,,,,,,,,3263,41134.4,11745.3,5607.1
,,,,,,,,3264,36486.1,10419.9,4972.6
,,,,,,,,3265,33402.9,9536.3,4554.3
,,,,,,,,3266,31635.7,9038.1,4314.6
,,,,,,,,3267,30629.9,8751.4,4173.6
,,,,,,,,3268,30183.4,8619.8,4112.5
,,,,,,,,3269,30691,8765.5,4183
,,,,,,,,3270,32857.7,9385.9,4479.1
,,,,,,,,3271,37980.7,10847.6,5174.7
,,,,,,,,3272,42065,12013.2,5734
,,,,,,,,3273,43747.6,12497.3,5964.3
,,,,,,,,3274,44758.1,12784,6100.6
,,,,,,,,3275,45641.7,13033.1,6222.8
,,,,,,,,3276,46074.1,13160,6283.9
,,,,,,,,3277,46074.1,13160,6283.9
,,,,,,,,3278,46323.2,13230.5,6312.1
,,,,,,,,3279,46130.5,13174.1,6288.6
,,,,,,,,3280,45951.9,13122.4,6260.4
,,,,,,,,3281,45890.8,13103.6,6255.7
,,,,,,,,3282,45613.5,13023.7,6218.1
,,,,,,,,3283,44856.8,12807.5,6114.7
,,,,,,,,3284,44607.7,12737,6081.8
,,,,,,,,3285,45984.8,13131.8,6265.1
,,,,,,,,3286,43926.2,12544.3,5987.8
,,,,,,,,3287,39353.1,11237.7,5362.7
,,,,,,,,3288,34991.5,9992.2,4765.8
,,,,,,,,3289,32068.1,9155.6,4371
,,,,,,,,3290,30352.6,8666.8,4136
,,,,,,,,3291,29483.1,8422.4,4018.5
,,,,,,,,3292,29187,8333.1,3980.9
,,,,,,,,3293,29920.2,8544.6,4079.6
,,,,,,,,3294,32143.3,9179.1,4385.1
,,,,,,,,3295,37303.9,10654.9,5085.4
,,,,,,,,3296,41623.2,11886.3,5672.9
,,,,,,,,3297,43517.3,12431.5,5931.4
,,,,,,,,3298,44701.7,12765.2,6095.9
,,,,,,,,3299,45632.3,13033.1,6218.1
,,,,,,,,3300,46055.3,13150.6,6279.2
,,,,,,,,3301,46003.6,13136.5,6269.8
,,,,,,,,3302,46102.3,13164.7,6288.6
,,,,,,,,3303,45754.5,13066,6236.9
,,,,,,,,3304,45397.3,12967.3,6189.9
,,,,,,,,3305,45035.4,12859.2,6142.9
,,,,,,,,3306,44358.6,12666.5,6048.9
,,,,,,,,3307,43310.5,12370.4,5907.9
,,,,,,,,3308,42699.5,12191.8,5818.6
,,,,,,,,3309,43799.3,12506.7,5973.7
,,,,,,,,3310,42323.5,12088.4,5766.9
,,,,,,,,3311,38690.4,11049.7,5273.4
,,,,,,,,3312,34723.6,9912.3,4732.9
,,,,,,,,3313,31767.3,9071,4328.7
,,,,,,,,3314,30061.2,8586.9,4098.4
,,,,,,,,3315,29046,8295.5,3962.1
,,,,,,,,3316,28510.2,8145.1,3886.9
,,,,,,,,3317,28688.8,8192.1,3910.4
,,,,,,,,3318,29064.8,8300.2,3962.1
,,,,,,,,3319,31029.4,8864.2,4230
,,,,,,,,3320,34342.9,9808.9,4681.2
,,,,,,,,3321,37764.5,10781.8,5146.5
,,,,,,,,3322,39903,11392.8,5437.9
,,,,,,,,3323,40969.9,11703,5583.6
,,,,,,,,3324,41477.5,11844,5654.1
,,,,,,,,3325,41458.7,11839.3,5649.4
,,,,,,,,3326,41200.2,11768.8,5616.5
,,,,,,,,3327,41078,11731.2,5597.7
,,,,,,,,3328,41284.8,11792.3,5625.9
,,,,,,,,3329,41745.4,11923.9,5691.7
,,,,,,,,3330,42149.6,12036.7,5743.4
,,,,,,,,3331,41914.6,11970.9,5715.2
,,,,,,,,3332,41378.8,11815.8,5644.7
,,,,,,,,3333,42436.3,12121.3,5785.7
,,,,,,,,3334,41289.5,11792.3,5630.6
,,,,,,,,3335,38070,10875.8,5193.5
,,,,,,,,3336,34540.3,9865.3,4709.4
,,,,,,,,3337,31725,9061.6,4324
,,,,,,,,3338,29906.1,8539.9,4079.6
,,,,,,,,3339,28759.3,8215.6,3919.8
,,,,,,,,3340,28270.5,8074.6,3854
,,,,,,,,3341,28228.2,8060.5,3844.6
,,,,,,,,3342,28153,8041.7,3839.9
,,,,,,,,3343,29318.6,8375.4,3995
,,,,,,,,3344,32171.5,9188.5,4385.1
,,,,,,,,3345,35658.9,10184.9,4864.5
,,,,,,,,3346,38413.1,10969.8,5235.8
,,,,,,,,3347,40100.4,11453.9,5466.1
,,,,,,,,3348,41214.3,11768.8,5621.2
,,,,,,,,3349,41787.7,11933.3,5696.4
,,,,,,,,3350,41867.6,11961.5,5710.5
,,,,,,,,3351,41947.5,11980.3,5715.2
,,,,,,,,3352,42229.5,12060.2,5757.5
,,,,,,,,3353,42798.2,12220,5837.4
,,,,,,,,3354,43366.9,12384.5,5912.6
,,,,,,,,3355,43338.7,12379.8,5907.9
,,,,,,,,3356,43117.8,12314,5879.7
,,,,,,,,3357,44490.2,12708.8,6067.7
,,,,,,,,3358,42567.9,12158.9,5804.5
,,,,,,,,3359,38319.1,10946.3,5221.7
,,,,,,,,3360,34324.1,9799.5,4676.5
,,,,,,,,3361,31461.8,8986.4,4291.1
,,,,,,,,3362,30075.3,8591.6,4103.1
,,,,,,,,3363,29328,8375.4,3995
,,,,,,,,3364,29140,8323.7,3971.5
,,,,,,,,3365,29920.2,8544.6,4079.6
,,,,,,,,3366,32298.4,9226.1,4403.9
,,,,,,,,3367,37604.7,10739.5,5123
,,,,,,,,3368,42304.7,12083.7,5766.9
,,,,,,,,3369,44513.7,12713.5,6067.7
,,,,,,,,3370,46022.4,13141.2,6274.5
,,,,,,,,3371,47277.3,13503.1,6448.4
,,,,,,,,3372,48005.8,13709.9,6547.1
,,,,,,,,3373,48165.6,13756.9,6565.9
,,,,,,,,3374,48480.5,13846.2,6608.2
,,,,,,,,3375,48198.5,13766.3,6570.6
,,,,,,,,3376,47803.7,13653.5,6518.9
,,,,,,,,3377,47897.7,13677,6528.3
,,,,,,,,3378,47972.9,13700.5,6542.4
,,,,,,,,3379,47658,13611.2,6500.1
,,,,,,,,3380,47488.8,13559.5,6476.6
,,,,,,,,3381,47643.9,13606.5,6495.4
,,,,,,,,3382,44682.9,12760.5,6091.2
,,,,,,,,3383,39997,11421,5452
,,,,,,,,3384,35790.5,10217.8,4878.6
,,,,,,,,3385,33012.8,9428.2,4502.6
,,,,,,,,3386,31480.6,8991.1,4291.1
,,,,,,,,3387,30747.4,8779.6,4192.4
,,,,,,,,3388,30460.7,8699.7,4150.1
,,,,,,,,3389,31259.7,8925.3,4262.9
,,,,,,,,3390,33891.7,9677.3,4620.1
,,,,,,,,3391,39301.4,11228.3,5358
,,,,,,,,3392,43757,12497.3,5964.3
,,,,,,,,3393,45608.8,13023.7,6213.4
,,,,,,,,3394,46854.3,13380.9,6387.3
,,,,,,,,3395,48052.8,13724,6551.8
,,,,,,,,3396,48602.7,13883.8,6627
,,,,,,,,3397,48569.8,13869.7,6617.6
,,,,,,,,3398,48607.4,13883.8,6627
,,,,,,,,3399,48236.1,13775.7,6575.3
,,,,,,,,3400,47921.2,13686.4,6533
,,,,,,,,3401,47940,13691.1,6537.7
,,,,,,,,3402,48066.9,13728.7,6551.8
,,,,,,,,3403,47554.6,13583,6481.3
,,,,,,,,3404,47216.2,13484.3,6434.3
,,,,,,,,3405,47460.6,13554.8,6471.9
,,,,,,,,3406,44885,12816.9,6119.4
,,,,,,,,3407,40452.9,11552.6,5513.1
,,,,,,,,3408,36190,10335.3,4935
,,,,,,,,3409,33139.7,9461.1,4516.7
,,,,,,,,3410,31635.7,9038.1,4314.6
,,,,,,,,3411,30846.1,8807.8,4201.8
,,,,,,,,3412,30578.2,8732.6,4168.9
,,,,,,,,3413,31381.9,8962.9,4277
,,,,,,,,3414,33793,9653.8,4606
,,,,,,,,3415,39310.8,11228.3,5358
,,,,,,,,3416,43973.2,12558.4,5997.2
,,,,,,,,3417,46149.3,13183.5,6288.6
,,,,,,,,3418,47587.5,13592.4,6486
,,,,,,,,3419,48884.7,13959,6664.6
,,,,,,,,3420,49730.7,14203.4,6782.1
,,,,,,,,3421,50144.3,14320.9,6833.8
,,,,,,,,3422,50689.5,14476,6909
,,,,,,,,3423,50628.4,14457.2,6904.3
,,,,,,,,3424,50275.9,14358.5,6857.3
,,,,,,,,3425,50346.4,14382,6862
,,,,,,,,3426,50247.7,14349.1,6852.6
,,,,,,,,3427,49505.1,14137.6,6749.2
,,,,,,,,3428,48931.7,13973.1,6669.3
,,,,,,,,3429,49777.7,14217.5,6786.8
,,,,,,,,3430,47690.9,13620.6,6500.1
,,,,,,,,3431,42751.2,12210.6,5828
,,,,,,,,3432,37947.8,10838.2,5170
,,,,,,,,3433,34648.4,9893.5,4718.8
,,,,,,,,3434,32660.3,9324.8,4450.9
,,,,,,,,3435,31551.1,9009.9,4300.5
,,,,,,,,3436,31095.2,8878.3,4239.4
,,,,,,,,3437,31767.3,9071,4328.7
,,,,,,,,3438,34169,9757.2,4657.7
,,,,,,,,3439,39827.8,11374,5433.2
,,,,,,,,3440,44626.5,12741.7,6081.8
,,,,,,,,3441,47004.7,13423.2,6406.1
,,,,,,,,3442,48776.6,13930.8,6650.5
,,,,,,,,3443,50238.3,14349.1,6847.9
,,,,,,,,3444,51093.7,14593.5,6965.4
,,,,,,,,3445,51352.2,14664,6998.3
,,,,,,,,3446,51573.1,14729.8,7031.2
,,,,,,,,3447,51436.8,14692.2,7012.4
,,,,,,,,3448,50971.5,14555.9,6951.3
,,,,,,,,3449,50736.5,14490.1,6918.4
,,,,,,,,3450,50012.7,14283.3,6819.7
,,,,,,,,3451,48955.2,13982.5,6674
,,,,,,,,3452,48405.3,13822.7,6598.8
,,,,,,,,3453,49251.3,14067.1,6711.6
,,,,,,,,3454,47192.7,13479.6,6434.3
,,,,,,,,3455,42295.3,12079,5762.2
,,,,,,,,3456,37477.8,10701.9,5108.9
,,,,,,,,3457,34328.8,9804.2,4676.5
,,,,,,,,3458,32599.2,9310.7,4441.5
,,,,,,,,3459,31565.2,9014.6,4300.5
,,,,,,,,3460,31240.9,8920.6,4258.2
,,,,,,,,3461,31903.6,9108.6,4347.5
,,,,,,,,3462,34258.3,9785.4,4671.8
,,,,,,,,3463,39362.5,11242.4,5362.7
,,,,,,,,3464,43799.3,12506.7,5973.7
,,,,,,,,3465,45970.7,13131.8,6265.1
,,,,,,,,3466,47310.2,13512.5,6453.1
,,,,,,,,3467,48311.3,13794.5,6589.4
,,,,,,,,3468,48988.1,13991.9,6678.7
,,,,,,,,3469,49096.2,14024.8,6692.8
,,,,,,,,3470,49284.2,14076.5,6716.3
,,,,,,,,3471,49030.4,14006,6683.4
,,,,,,,,3472,48790.7,13935.5,6650.5
,,,,,,,,3473,48776.6,13930.8,6650.5
,,,,,,,,3474,48381.8,13818,6594.1
,,,,,,,,3475,47507.6,13568.9,6476.6
,,,,,,,,3476,46769.7,13357.4,6377.9
,,,,,,,,3477,47390.1,13536,6457.8
,,,,,,,,3478,46031.8,13145.9,6274.5
,,,,,,,,3479,42356.4,12097.8,5771.6
,,,,,,,,3480,38201.6,10908.7,5207.6
,,,,,,,,3481,35043.2,10006.3,4775.2
,,,,,,,,3482,33130.3,9461.1,4516.7
,,,,,,,,3483,31964.7,9132.1,4356.9
,,,,,,,,3484,31377.2,8962.9,4277
,,,,,,,,3485,31447.7,8981.7,4286.4
,,,,,,,,3486,31922.4,9113.3,4352.2
,,,,,,,,3487,33746,9639.7,4601.3
,,,,,,,,3488,37195.8,10622,5071.3
,,,,,,,,3489,41261.3,11782.9,5621.2
,,,,,,,,3490,44579.5,12732.3,6077.1
,,,,,,,,3491,46863.7,13385.6,6387.3
,,,,,,,,3492,48334.8,13803.9,6589.4
,,,,,,,,3493,49213.7,14057.7,6711.6
,,,,,,,,3494,49495.7,14132.9,6749.2
,,,,,,,,3495,49683.7,14189.3,6772.7
,,,,,,,,3496,49683.7,14189.3,6772.7
,,,,,,,,3497,50036.2,14288,6819.7
,,,,,,,,3498,50036.2,14288,6819.7
,,,,,,,,3499,49335.9,14090.6,6725.7
,,,,,,,,3500,48414.7,13827.4,6598.8
,,,,,,,,3501,48880,13959,6664.6
,,,,,,,,3502,47498.2,13564.2,6476.6
,,,,,,,,3503,43601.9,12450.3,5945.5
,,,,,,,,3504,39404.8,11251.8,5372.1
,,,,,,,,3505,35908,10255.4,4892.7
,,,,,,,,3506,33661.4,9611.5,4587.2
,,,,,,,,3507,32152.7,9179.1,4385.1
,,,,,,,,3508,31240.9,8920.6,4258.2
,,,,,,,,3509,30822.6,8803.1,4201.8
,,,,,,,,3510,30347.9,8666.8,4136
,,,,,,,,3511,31414.8,8972.3,4281.7
,,,,,,,,3512,34150.2,9752.5,4653
,,,,,,,,3513,37576.5,10734.8,5123
,,,,,,,,3514,40617.4,11599.6,5536.6
,,,,,,,,3515,42572.6,12158.9,5804.5
,,,,,,,,3516,43898,12539.6,5983.1
,,,,,,,,3517,44687.6,12760.5,6091.2
,,,,,,,,3518,44814.5,12798.1,6110
,,,,,,,,3519,44908.5,12826.3,6119.4
,,,,,,,,3520,45143.5,12892.1,6152.3
,,,,,,,,3521,45571.2,13014.3,6213.4
,,,,,,,,3522,45763.9,13066,6241.6
,,,,,,,,3523,45026,12859.2,6138.2
,,,,,,,,3524,44170.6,12614.8,6020.7
,,,,,,,,3525,45007.2,12854.5,6138.2
,,,,,,,,3526,44086,12591.3,6006.6
,,,,,,,,3527,41040.4,11721.8,5597.7
,,,,,,,,3528,37459,10697.2,5104.2
,,,,,,,,3529,34587.3,9879.4,4714.1
,,,,,,,,3530,32693.2,9338.9,4460.3
,,,,,,,,3531,31626.3,9033.4,4314.6
,,,,,,,,3532,31104.6,8883,4239.4
,,,,,,,,3533,31170.4,8901.8,4248.8
,,,,,,,,3534,31466.5,8991.1,4291.1
,,,,,,,,3535,32909.4,9400,4483.8
,,,,,,,,3536,35865.7,10241.3,4888
,,,,,,,,3537,39841.9,11378.7,5433.2
,,,,,,,,3538,43146,12323.4,5884.4
,,,,,,,,3539,45665.2,13042.5,6222.8
,,,,,,,,3540,47540.5,13578.3,6481.3
,,,,,,,,3541,48884.7,13959,6664.6
,,,,,,,,3542,49373.5,14100,6730.4
,,,,,,,,3543,49707.2,14194,6777.4
,,,,,,,,3544,50083.2,14306.8,6829.1
,,,,,,,,3545,50769.4,14499.5,6923.1
,,,,,,,,3546,51272.3,14640.5,6988.9
,,,,,,,,3547,50694.2,14480.7,6909
,,,,,,,,3548,50064.4,14297.4,6824.4
,,,,,,,,3549,50745.9,14494.8,6918.4
,,,,,,,,3550,48480.5,13846.2,6608.2
,,,,,,,,3551,43550.2,12436.2,5936.1
,,,,,,,,3552,38826.7,11087.3,5292.2
,,,,,,,,3553,35720,10199,4869.2
,,,,,,,,3554,33830.6,9663.2,4610.7
,,,,,,,,3555,32787.2,9367.1,4469.7
,,,,,,,,3556,32509.9,9287.2,4432.1
,,,,,,,,3557,33182,9479.9,4526.1
,,,,,,,,3558,35738.8,10208.4,4869.2
,,,,,,,,3559,41360,11815.8,5640
,,,,,,,,3560,46487.7,13277.5,6335.6
,,,,,,,,3561,49500.4,14137.6,6749.2
,,,,,,,,3562,51925.6,14833.2,7078.2
,,,,,,,,3563,54238,15491.2,7393.1
,,,,,,,,3564,56197.9,16055.2,7665.7
,,,,,,,,3565,57607.9,16454.7,7853.7
,,,,,,,,3566,58844,16807.2,8022.9
,,,,,,,,3567,59314,16943.5,8088.7
,,,,,,,,3568,59896.8,17108,8163.9
,,,,,,,,3569,60319.8,17230.2,8225
,,,,,,,,3570,59868.6,17098.6,8163.9
,,,,,,,,3571,58251.8,16638,7943
,,,,,,,,3572,57034.5,16290.2,7778.5
,,,,,,,,3573,56287.2,16078.7,7675.1
,,,,,,,,3574,52245.2,14922.5,7120.5
,,,,,,,,3575,46736.8,13348,6373.2
,,,,,,,,3576,41797.1,11933.3,5696.4
,,,,,,,,3577,38333.2,10946.3,5226.4
,,,,,,,,3578,36265.2,10354.1,4944.4
,,,,,,,,3579,35076.1,10020.4,4779.9
,,,,,,,,3580,34601.4,9884.1,4718.8
,,,,,,,,3581,35273.5,10076.8,4808.1
,,,,,,,,3582,37712.8,10772.4,5141.8
,,,,,,,,3583,43310.5,12370.4,5907.9
,,,,,,,,3584,48128,13747.5,6561.2
,,,,,,,,3585,50365.2,14382,6866.7
,,,,,,,,3586,51855.1,14809.7,7068.8
,,,,,,,,3587,53086.5,15162.2,7238
,,,,,,,,3588,53833.8,15373.7,7336.7
,,,,,,,,3589,54064.1,15444.2,7374.3
,,,,,,,,3590,54477.7,15561.7,7426
,,,,,,,,3591,54317.9,15514.7,7402.5
,,,,,,,,3592,54186.3,15477.1,7388.4
,,,,,,,,3593,54332,15514.7,7407.2
,,,,,,,,3594,54012.4,15425.4,7364.9
,,,,,,,,3595,52879.7,15101.1,7209.8
,,,,,,,,3596,52043.1,14866.1,7092.3
,,,,,,,,3597,52663.5,15044.7,7181.6
,,,,,,,,3598,50449.8,14405.5,6880.8
,,,,,,,,3599,45350.3,12948.5,6180.5
,,,,,,,,3600,40377.7,11533.8,5503.7
,,,,,,,,3601,36739.9,10495.1,5005.5
,,,,,,,,3602,34653.1,9893.5,4723.5
,,,,,,,,3603,33417,9541,4554.3
,,,,,,,,3604,32881.2,9390.6,4483.8
,,,,,,,,3605,33431.1,9550.4,4554.3
,,,,,,,,3606,35626,10175.5,4855.1
,,,,,,,,3607,41059.2,11726.5,5597.7
,,,,,,,,3608,46074.1,13160,6283.9
,,,,,,,,3609,48508.7,13855.6,6612.9
,,,,,,,,3610,50525,14429,6885.5
,,,,,,,,3611,52287.5,14931.9,7129.9
,,,,,,,,3612,53471.9,15270.3,7289.7
,,,,,,,,3613,54129.9,15458.3,7379
,,,,,,,,3614,54994.7,15702.7,7496.5
,,,,,,,,3615,55276.7,15787.3,7538.8
,,,,,,,,3616,55483.5,15843.7,7567
,,,,,,,,3617,55492.9,15843.7,7567
,,,,,,,,3618,54708,15627.5,7458.9
,,,,,,,,3619,53077.1,15162.2,7238
,,,,,,,,3620,51418,14687.5,7007.7
,,,,,,,,3621,51535.5,14715.7,7026.5
,,,,,,,,3622,49641.4,14175.2,6768
,,,,,,,,3623,44415,12685.3,6053.6
,,,,,,,,3624,39240.3,11204.8,5348.6
,,,,,,,,3625,35677.7,10189.6,4864.5
,,,,,,,,3626,33511,9569.2,4568.4
,,,,,,,,3627,32303.1,9226.1,4403.9
,,,,,,,,3628,31837.8,9089.8,4338.1
,,,,,,,,3629,32223.2,9202.6,4389.8
,,,,,,,,3630,34023.3,9719.6,4638.9
,,,,,,,,3631,39216.8,11200.1,5343.9
,,,,,,,,3632,43855.7,12525.5,5978.4
,,,,,,,,3633,46121.1,13169.4,6288.6
,,,,,,,,3634,47615.7,13597.1,6490.7
,,,,,,,,3635,48851.8,13954.3,6659.9
,,,,,,,,3636,49453.4,14123.5,6739.8
,,,,,,,,3637,49542.7,14147,6753.9
,,,,,,,,3638,49805.9,14222.2,6786.8
,,,,,,,,3639,49608.5,14170.5,6763.3
,,,,,,,,3640,49072.7,14015.4,6692.8
,,,,,,,,3641,48344.2,13803.9,6594.1
,,,,,,,,3642,47056.4,13442,6415.5
,,,,,,,,3643,45543,13004.9,6208.7
,,,,,,,,3644,44805.1,12798.1,6110
,,,,,,,,3645,45453.7,12981.4,6194.6
,,,,,,,,3646,43987.3,12563.1,5997.2
,,,,,,,,3647,40283.7,11505.6,5489.6
,,,,,,,,3648,36312.2,10372.9,4949.1
,,,,,,,,3649,33219.6,9484.6,4530.8
,,,,,,,,3650,31386.6,8967.6,4277
,,,,,,,,3651,30343.2,8662.1,4136
,,,,,,,,3652,29910.8,8544.6,4079.6
,,,,,,,,3653,30033,8577.5,4093.7
,,,,,,,,3654,30691,8765.5,4183
,,,,,,,,3655,32289,9221.4,4399.2
,,,,,,,,3656,35250,10067.4,4803.4
,,,,,,,,3657,38826.7,11087.3,5292.2
,,,,,,,,3658,41642,11891,5677.6
,,,,,,,,3659,43489.1,12422.1,5931.4
,,,,,,,,3660,44231.7,12633.6,6030.1
,,,,,,,,3661,44175.3,12614.8,6025.4
,,,,,,,,3662,43672.4,12473.8,5954.9
,,,,,,,,3663,43141.3,12318.7,5884.4
,,,,,,,,3664,42864,12238.8,5842.1
,,,,,,,,3665,43146,12323.4,5884.4
,,,,,,,,3666,43554.9,12436.2,5936.1
,,,,,,,,3667,43395.1,12393.9,5917.3
,,,,,,,,3668,43070.8,12299.9,5870.3
,,,,,,,,3669,43230.6,12346.9,5893.8
,,,,,,,,3670,41787.7,11933.3,5696.4
,,,,,,,,3671,38822,11087.3,5292.2
,,,,,,,,3672,35489.7,10133.2,4841
,,,,,,,,3673,32791.9,9367.1,4469.7
,,,,,,,,3674,30930.7,8831.3,4215.9
,,,,,,,,3675,29816.8,8516.4,4065.5
,,,,,,,,3676,29201.1,8337.8,3980.9
,,,,,,,,3677,29088.3,8309.6,3962.1
,,,,,,,,3678,29036.6,8290.8,3957.4
,,,,,,,,3679,30112.9,8601,4103.1
,,,,,,,,3680,32679.1,9334.2,4455.6
,,,,,,,,3681,36119.5,10316.5,4925.6
,,,,,,,,3682,38826.7,11087.3,5292.2
,,,,,,,,3683,40523.4,11571.4,5527.2
,,,,,,,,3684,41618.5,11886.3,5672.9
,,,,,,,,3685,42046.2,12008.5,5734
,,,,,,,,3686,41867.6,11961.5,5710.5
,,,,,,,,3687,41670.2,11900.4,5682.3
,,,,,,,,3688,41580.9,11876.9,5668.2
,,,,,,,,3689,41938.1,11980.3,5715.2
,,,,,,,,3690,42450.4,12126,5790.4
,,,,,,,,3691,42802.9,12224.7,5837.4
,,,,,,,,3692,42915.7,12257.6,5851.5
,,,,,,,,3693,43423.3,12403.3,5922
,,,,,,,,3694,41609.1,11886.3,5668.2
,,,,,,,,3695,37990.1,10852.3,5179.4
,,,,,,,,3696,34338.2,9808.9,4681.2
,,,,,,,,3697,31706.2,9056.9,4319.3
,,,,,,,,3698,30178.7,8615.1,4112.5
,,,,,,,,3699,29398.5,8398.9,4009.1
,,,,,,,,3700,29266.9,8356.6,3985.6
,,,,,,,,3701,30061.2,8586.9,4098.4
,,,,,,,,3702,32556.9,9301.3,4436.8
,,,,,,,,3703,37830.3,10805.3,5155.9
,,,,,,,,3704,42332.9,12093.1,5771.6
,,,,,,,,3705,44311.6,12657.1,6039.5
,,,,,,,,3706,45557.1,13009.6,6213.4
,,,,,,,,3707,46581.7,13301,6349.7
,,,,,,,,3708,46906,13395,6396.7
,,,,,,,,3709,46807.3,13371.5,6382.6
,,,,,,,,3710,46652.2,13324.5,6359.1
,,,,,,,,3711,46158.7,13183.5,6288.6
,,,,,,,,3712,45848.5,13094.2,6251
,,,,,,,,3713,46111.7,13169.4,6288.6
,,,,,,,,3714,46581.7,13301,6349.7
,,,,,,,,3715,46186.9,13188.2,6298
,,,,,,,,3716,45641.7,13033.1,6222.8
,,,,,,,,3717,45735.7,13061.3,6236.9
,,,,,,,,3718,43446.8,12408,5922
,,,,,,,,3719,39024.1,11143.7,5320.4
,,,,,,,,3720,34864.6,9959.3,4751.7
,,,,,,,,3721,32166.8,9183.8,4385.1
,,,,,,,,3722,30709.8,8770.2,4187.7
,,,,,,,,3723,29976.6,8563.4,4084.3
,,,,,,,,3724,29765.1,8497.6,4056.1
,,,,,,,,3725,30493.6,8709.1,4154.8
,,,,,,,,3726,32838.9,9376.5,4479.1
,,,,,,,,3727,38131.1,10889.9,5198.2
,,,,,,,,3728,42530.3,12144.8,5799.8
,,,,,,,,3729,44292.8,12647.7,6039.5
,,,,,,,,3730,45261,12925,6166.4
,,,,,,,,3731,46060,13155.3,6279.2
,,,,,,,,3732,46478.3,13277.5,6335.6
,,,,,,,,3733,46384.3,13249.3,6326.2
,,,,,,,,3734,46393.7,13249.3,6326.2
,,,,,,,,3735,45900.2,13108.3,6260.4
,,,,,,,,3736,45613.5,13028.4,6218.1
,,,,,,,,3737,45745.1,13066,6236.9
,,,,,,,,3738,45839.1,13089.5,6246.3
,,,,,,,,3739,45345.6,12948.5,6180.5
,,,,,,,,3740,45195.2,12906.2,6161.7
,,,,,,,,3741,45674.6,13042.5,6227.5
,,,,,,,,3742,43968.5,12553.7,5992.5
,,,,,,,,3743,39578.7,11298.8,5395.6
,,,,,,,,3744,35409.8,10109.7,4826.9
,,,,,,,,3745,32378.3,9249.6,4413.3
,,,,,,,,3746,30775.6,8789,4197.1
,,,,,,,,3747,30009.5,8568.1,4089
,,,,,,,,3748,29699.3,8478.8,4046.7
,,,,,,,,3749,30488.9,8709.1,4154.8
,,,,,,,,3750,32730.8,9348.3,4460.3
,,,,,,,,3751,37999.5,10852.3,5179.4
,,,,,,,,3752,42408.1,12111.9,5781
,,,,,,,,3753,44212.9,12628.9,6025.4
,,,,,,,,3754,45265.7,12925,6171.1
,,,,,,,,3755,46276.2,13216.4,6312.1
,,,,,,,,3756,46769.7,13357.4,6377.9
,,,,,,,,3757,46882.5,13390.3,6392
,,,,,,,,3758,47051.7,13437.3,6415.5
,,,,,,,,3759,46708.6,13343.3,6368.5
,,,,,,,,3760,46421.9,13254,6330.9
,,,,,,,,3761,46412.5,13254,6326.2
,,,,,,,,3762,46238.6,13207,6302.7
,,,,,,,,3763,45430.2,12972,6194.6
,,,,,,,,3764,45063.6,12873.3,6147.6
,,,,,,,,3765,45947.2,13122.4,6260.4
,,,,,,,,3766,44353.9,12666.5,6048.9
,,,,,,,,3767,39757.3,11350.5,5419.1
,,,,,,,,3768,35409.8,10109.7,4826.9
,,,,,,,,3769,32575.7,9301.3,4436.8
,,,,,,,,3770,30921.3,8826.6,4215.9
,,,,,,,,3771,30084.7,8591.6,4103.1
,,,,,,,,3772,29859.1,8525.8,4070.2
,,,,,,,,3773,30592.3,8737.3,4173.6
,,,,,,,,3774,32848.3,9381.2,4479.1
,,,,,,,,3775,38055.9,10871.1,5188.8
,,,,,,,,3776,42285.9,12074.3,5762.2
,,,,,,,,3777,44255.2,12643,6034.8
,,,,,,,,3778,45890.8,13108.3,6255.7
,,,,,,,,3779,47277.3,13503.1,6448.4
,,,,,,,,3780,48184.4,13761.6,6570.6
,,,,,,,,3781,48292.5,13794.5,6584.7
,,,,,,,,3782,48612.1,13883.8,6627
,,,,,,,,3783,48287.8,13794.5,6584.7
,,,,,,,,3784,48062.2,13724,6551.8
,,,,,,,,3785,47930.6,13691.1,6533
,,,,,,,,3786,47535.8,13578.3,6481.3
,,,,,,,,3787,46558.2,13296.3,6349.7
,,,,,,,,3788,46045.9,13150.6,6279.2
,,,,,,,,3789,46812,13371.5,6382.6
,,,,,,,,3790,45246.9,12920.3,6166.4
,,,,,,,,3791,40772.5,11641.9,5555.4
,,,,,,,,3792,36293.4,10363.5,4949.1
,,,,,,,,3793,33177.3,9475.2,4521.4
,,,,,,,,3794,31551.1,9009.9,4300.5
,,,,,,,,3795,30582.9,8732.6,4168.9
,,,,,,,,3796,30150.5,8610.4,4107.8
,,,,,,,,3797,30846.1,8807.8,4201.8
,,,,,,,,3798,32909.4,9400,4483.8
,,,,,,,,3799,38032.4,10861.7,5184.1
,,,,,,,,3800,42661.9,12187.1,5813.9
,,,,,,,,3801,45040.1,12863.9,6142.9
,,,,,,,,3802,46873.1,13390.3,6392
,,,,,,,,3803,48541.6,13865,6617.6
,,,,,,,,3804,49575.6,14156.4,6758.6
,,,,,,,,3805,49979.8,14273.9,6810.3
,,,,,,,,3806,50609.6,14452.5,6899.6
,,,,,,,,3807,50595.5,14452.5,6899.6
,,,,,,,,3808,50210.1,14339.7,6843.2
,,,,,,,,3809,49876.4,14241,6800.9
,,,,,,,,3810,48997.5,13991.9,6678.7
,,,,,,,,3811,47549.9,13583,6481.3
,,,,,,,,3812,46624,13315.1,6359.1
,,,,,,,,3813,47028.2,13432.6,6410.8
,,,,,,,,3814,45702.8,13051.9,6232.2
,,,,,,,,3815,41834.7,11947.4,5701.1
,,,,,,,,3816,37670.5,10758.3,5137.1
,,,,,,,,3817,34474.5,9841.8,4695.3
,,,,,,,,3818,32406.5,9254.3,4418
,,,,,,,,3819,31259.7,8925.3,4262.9
,,,,,,,,3820,30493.6,8709.1,4154.8
,,,,,,,,3821,30352.6,8666.8,4136
,,,,,,,,3822,30503,8709.1,4154.8
,,,,,,,,3823,32589.8,9306,4441.5
,,,,,,,,3824,36133.6,10321.2,4925.6
,,,,,,,,3825,39851.3,11378.7,5433.2
,,,,,,,,3826,42248.3,12064.9,5762.2
,,,,,,,,3827,43587.8,12450.3,5940.8
,,,,,,,,3828,44142.4,12605.4,6020.7
,,,,,,,,3829,44180,12614.8,6025.4
,,,,,,,,3830,43869.8,12525.5,5978.4
,,,,,,,,3831,43587.8,12450.3,5940.8
,,,,,,,,3832,43648.9,12464.4,5950.2
,,,,,,,,3833,44114.2,12596,6016
,,,,,,,,3834,44447.9,12694.7,6058.3
,,,,,,,,3835,44133,12605.4,6016
,,,,,,,,3836,43634.8,12459.7,5950.2
,,,,,,,,3837,44264.6,12643,6034.8
,,,,,,,,3838,43879.2,12530.2,5978.4
,,,,,,,,3839,40828.9,11660.7,5564.8
,,,,,,,,3840,37181.7,10617.3,5071.3
,,,,,,,,3841,34009.2,9710.2,4634.2
,,,,,,,,3842,32021.1,9146.2,4366.3
,,,,,,,,3843,30785,8793.7,4197.1
,,,,,,,,3844,30075.3,8591.6,4103.1
,,,,,,,,3845,29746.3,8497.6,4056.1
,,,,,,,,3846,29445.5,8408.3,4013.8
,,,,,,,,3847,30785,8793.7,4197.1
,,,,,,,,3848,33905.8,9682,4624.8
,,,,,,,,3849,37764.5,10786.5,5146.5
,,,,,,,,3850,40998.1,11712.4,5588.3
,,,,,,,,3851,43197.7,12337.5,5889.1
,,,,,,,,3852,44650,12751.1,6086.5
,,,,,,,,3853,45528.9,13000.2,6208.7
,,,,,,,,3854,45768.6,13070.7,6241.6
,,,,,,,,3855,45928.4,13117.7,6260.4
,,,,,,,,3856,46248,13207,6307.4
,,,,,,,,3857,46868.4,13390.3,6387.3
,,,,,,,,3858,47305.5,13512.5,6448.4
,,,,,,,,3859,47004.7,13423.2,6406.1
,,,,,,,,3860,46342,13235.2,6316.8
,,,,,,,,3861,46708.6,13343.3,6368.5
,,,,,,,,3862,45646.4,13037.8,6222.8
,,,,,,,,3863,41280.1,11792.3,5625.9
,,,,,,,,3864,36904.4,10542.1,5029
,,,,,,,,3865,33830.6,9663.2,4610.7
,,,,,,,,3866,32054,9155.6,4366.3
,,,,,,,,3867,31170.4,8901.8,4248.8
,,,,,,,,3868,30902.5,8826.6,4211.2
,,,,,,,,3869,31588.7,9024,4305.2
,,,,,,,,3870,33854.1,9672.6,4615.4
,,,,,,,,3871,39235.6,11204.8,5348.6
,,,,,,,,3872,44081.3,12591.3,6006.6
,,,,,,,,3873,46689.8,13333.9,6363.8
,,,,,,,,3874,48513.4,13855.6,6612.9
,,,,,,,,3875,49928.1,14259.8,6810.3
,,,,,,,,3876,50802.3,14508.9,6927.8
,,,,,,,,3877,51281.7,14645.2,6993.6
,,,,,,,,3878,51747,14781.5,7054.7
,,,,,,,,3879,51751.7,14786.2,7054.7
,,,,,,,,3880,51784.6,14790.9,7059.4
,,,,,,,,3881,51841,14805,7068.8
,,,,,,,,3882,51389.8,14678.1,7003
,,,,,,,,3883,49975.1,14273.9,6810.3
,,,,,,,,3884,48823.6,13944.9,6655.2
,,,,,,,,3885,49058.6,14010.7,6688.1
,,,,,,,,3886,47225.6,13489,6439
,,,,,,,,3887,42300,12079,5766.9
,,,,,,,,3888,37557.7,10725.4,5123
,,,,,,,,3889,34488.6,9851.2,4700
,,,,,,,,3890,32608.6,9315.4,4446.2
,,,,,,,,3891,31729.7,9061.6,4324
,,,,,,,,3892,31377.2,8962.9,4277
,,,,,,,,3893,32148,9179.1,4385.1
,,,,,,,,3894,34310,9799.5,4676.5
,,,,,,,,3895,39733.8,11345.8,5414.4
,,,,,,,,3896,44504.3,12708.8,6067.7
,,,,,,,,3897,47028.2,13432.6,6410.8
,,,,,,,,3898,48602.7,13883.8,6627
,,,,,,,,3899,49942.2,14264.5,6810.3
,,,,,,,,3900,50666,14471.3,6904.3
,,,,,,,,3901,50990.3,14565.3,6951.3
,,,,,,,,3902,51591.9,14734.5,7031.2
,,,,,,,,3903,51465,14696.9,7017.1
,,,,,,,,3904,51192.4,14621.7,6974.8
,,,,,,,,3905,51079.6,14588.8,6965.4
,,,,,,,,3906,50604.9,14452.5,6899.6
,,,,,,,,3907,49585,14161.1,6763.3
,,,,,,,,3908,48945.8,13977.8,6669.3
,,,,,,,,3909,49246.6,14062.4,6711.6
,,,,,,,,3910,47084.6,13446.7,6420.2
,,,,,,,,3911,42436.3,12121.3,5785.7
,,,,,,,,3912,38008.9,10852.3,5179.4
,,,,,,,,3913,35052.6,10011,4779.9
,,,,,,,,3914,33374.7,9531.6,4549.6
,,,,,,,,3915,32467.6,9273.1,4427.4
,,,,,,,,3916,32176.2,9188.5,4389.8
,,,,,,,,3917,32815.4,9371.8,4474.4
,,,,,,,,3918,35339.3,10095.6,4817.5
,,,,,,,,3919,40528.1,11576.1,5527.2
,,,,,,,,3920,45383.2,12962.6,6189.9
,,,,,,,,3921,47672.1,13615.9,6500.1
,,,,,,,,3922,48978.7,13987.2,6678.7
,,,,,,,,3923,49989.2,14273.9,6815
,,,,,,,,3924,50440.4,14405.5,6876.1
,,,,,,,,3925,50374.6,14386.7,6866.7
,,,,,,,,3926,50478,14414.9,6880.8
,,,,,,,,3927,50097.3,14306.8,6829.1
,,,,,,,,3928,49716.6,14198.7,6777.4
,,,,,,,,3929,49815.3,14226.9,6791.5
,,,,,,,,3930,49777.7,14217.5,6786.8
,,,,,,,,3931,49021,14001.3,6683.4
,,,,,,,,3932,48269,13785.1,6580
,,,,,,,,3933,48363,13813.3,6594.1
,,,,,,,,3934,46877.8,13390.3,6392
,,,,,,,,3935,42389.3,12107.2,5781
,,,,,,,,3936,37872.6,10814.7,5165.3
,,,,,,,,3937,34742.4,9921.7,4737.6
,,,,,,,,3938,32918.8,9400,4483.8
,,,,,,,,3939,31781.4,9075.7,4333.4
,,,,,,,,3940,31428.9,8977,4286.4
,,,,,,,,3941,32025.8,9146.2,4366.3
,,,,,,,,3942,34267.7,9785.4,4671.8
,,,,,,,,3943,39404.8,11251.8,5372.1
,,,,,,,,3944,44151.8,12610.1,6020.7
,,,,,,,,3945,46614.6,13315.1,6359.1
,,,,,,,,3946,48043.4,13724,6547.1
,,,,,,,,3947,49199.6,14053,6706.9
,,,,,,,,3948,49697.8,14194,6777.4
,,,,,,,,3949,49876.4,14241,6800.9
,,,,,,,,3950,50261.8,14358.5,6852.6
,,,,,,,,3951,50388.7,14391.4,6871.4
,,,,,,,,3952,50440.4,14405.5,6876.1
,,,,,,,,3953,50510.9,14429,6885.5
,,,,,,,,3954,50134.9,14316.2,6833.8
,,,,,,,,3955,48959.9,13982.5,6674
,,,,,,,,3956,47846,13662.9,6523.6
,,,,,,,,3957,47968.2,13700.5,6537.7
,,,,,,,,3958,46957.7,13413.8,6406.1
,,,,,,,,3959,42384.6,12102.5,5781
,,,,,,,,3960,37698.7,10767.7,5141.8
,,,,,,,,3961,34399.3,9823,4690.6
,,,,,,,,3962,32331.3,9235.5,4408.6
,,,,,,,,3963,31240.9,8920.6,4258.2
,,,,,,,,3964,30846.1,8807.8,4201.8
,,,,,,,,3965,31358.4,8958.2,4272.3
,,,,,,,,3966,33153.8,9465.8,4521.4
,,,,,,,,3967,38145.2,10894.6,5198.2
,,,,,,,,3968,42972.1,12271.7,5860.9
,,,,,,,,3969,45904.9,13113,6260.4
,,,,,,,,3970,47827.2,13658.2,6523.6
,,,,,,,,3971,49274.8,14071.8,6716.3
,,,,,,,,3972,49965.7,14269.2,6810.3
,,,,,,,,3973,50172.5,14330.3,6838.5
,,,,,,,,3974,50581.4,14447.8,6894.9
,,,,,,,,3975,50581.4,14447.8,6894.9
,,,,,,,,3976,50459.2,14410.2,6880.8
,,,,,,,,3977,50341.7,14377.3,6862
,,,,,,,,3978,49608.5,14170.5,6763.3
,,,,,,,,3979,48071.6,13728.7,6551.8
,,,,,,,,3980,46609.9,13315.1,6354.4
,,,,,,,,3981,46356.1,13239.9,6321.5
,,,,,,,,3982,45496,12995.5,6204
,,,,,,,,3983,41618.5,11886.3,5672.9
,,,,,,,,3984,37332.1,10664.3,5090.1
,,,,,,,,3985,33985.7,9705.5,4629.5
,,,,,,,,3986,31964.7,9132.1,4356.9
,,,,,,,,3987,30836.7,8803.1,4201.8
,,,,,,,,3988,30206.9,8624.5,4117.2
,,,,,,,,3989,30056.5,8582.2,4098.4
,,,,,,,,3990,30094.1,8591.6,4103.1
,,,,,,,,3991,32171.5,9188.5,4385.1
,,,,,,,,3992,35781.1,10217.8,4878.6
,,,,,,,,3993,39644.5,11322.3,5405
,,,,,,,,3994,42271.8,12074.3,5762.2
,,,,,,,,3995,43681.8,12478.5,5954.9
,,,,,,,,3996,44194.1,12619.5,6025.4
,,,,,,,,3997,44184.7,12619.5,6025.4
,,,,,,,,3998,43785.2,12506.7,5969
,,,,,,,,3999,43423.3,12403.3,5917.3
,,,,,,,,4000,43329.3,12375.1,5907.9
,,,,,,,,4001,43465.6,12412.7,5926.7
,,,,,,,,4002,43569,12445.6,5940.8
,,,,,,,,4003,43037.9,12290.5,5865.6
,,,,,,,,4004,42229.5,12060.2,5757.5
,,,,,,,,4005,42539.7,12149.5,5799.8
,,,,,,,,4006,42074.4,12017.9,5738.7
,,,,,,,,4007,39085.2,11162.5,5329.8
,,,,,,,,4008,35438,10123.8,4831.6
,,,,,,,,4009,32580.4,9306,4441.5
,,,,,,,,4010,30785,8793.7,4197.1
,,,,,,,,4011,29713.4,8488.2,4051.4
,,,,,,,,4012,29083.6,8309.6,3962.1
,,,,,,,,4013,28956.7,8267.3,3948
,,,,,,,,4014,28726.4,8201.5,3915.1
,,,,,,,,4015,29826.2,8521.1,4065.5
,,,,,,,,4016,32509.9,9287.2,4432.1
,,,,,,,,4017,35926.8,10260.1,4897.4
,,,,,,,,4018,38535.3,11007.4,5254.6
,,,,,,,,4019,40133.3,11463.3,5470.8
,,,,,,,,4020,41049.8,11721.8,5597.7
,,,,,,,,4021,41435.2,11834.6,5649.4
,,,,,,,,4022,41223.7,11773.5,5621.2
,,,,,,,,4023,41096.8,11735.9,5602.4
,,,,,,,,4024,41223.7,11773.5,5621.2
,,,,,,,,4025,41707.8,11914.5,5687
,,,,,,,,4026,42215.4,12055.5,5757.5
,,,,,,,,4027,42107.3,12027.3,5743.4
,,,,,,,,4028,41773.6,11933.3,5696.4
,,,,,,,,4029,42619.6,12173,5809.2
,,,,,,,,4030,42088.5,12022.6,5738.7
,,,,,,,,4031,38450.7,10983.9,5245.2
,,,,,,,,4032,34559.1,9870,4709.4
,,,,,,,,4033,31870.7,9103.9,4342.8
,,,,,,,,4034,30300.9,8652.7,4126.6
,,,,,,,,4035,29652.3,8469.4,4042
,,,,,,,,4036,29520.7,8427.1,4023.2
,,,,,,,,4037,30352.6,8666.8,4136
,,,,,,,,4038,32599.2,9310.7,4441.5
,,,,,,,,4039,37308.6,10659.6,5085.4
,,,,,,,,4040,42036.8,12008.5,5729.3
,,,,,,,,4041,44814.5,12798.1,6110
,,,,,,,,4042,46614.6,13315.1,6359.1
,,,,,,,,4043,48066.9,13728.7,6551.8
,,,,,,,,4044,48828.3,13944.9,6655.2
,,,,,,,,4045,48974,13987.2,6674
,,,,,,,,4046,49650.8,14179.9,6768
,,,,,,,,4047,49434.6,14118.8,6739.8
,,,,,,,,4048,49321.8,14085.9,6725.7
,,,,,,,,4049,49401.7,14109.4,6735.1
,,,,,,,,4050,49115,14029.5,6692.8
,,,,,,,,4051,48113.9,13742.8,6561.2
,,,,,,,,4052,47145.7,13465.5,6429.6
,,,,,,,,4053,47291.4,13507.8,6448.4
,,,,,,,,4054,45933.1,13117.7,6260.4
,,,,,,,,4055,41280.1,11792.3,5625.9
,,,,,,,,4056,36777.5,10504.5,5014.9
,,,,,,,,4057,33778.9,9649.1,4601.3
,,,,,,,,4058,31964.7,9132.1,4356.9
,,,,,,,,4059,31015.3,8859.5,4225.3
,,,,,,,,4060,30639.3,8751.4,4173.6
,,,,,,,,4061,31344.3,8953.5,4272.3
,,,,,,,,4062,33393.5,9536.3,4554.3
,,,,,,,,4063,38253.3,10922.8,5217
,,,,,,,,4064,43164.8,12328.1,5884.4
,,,,,,,,4065,45961.3,13127.1,6265.1
,,,,,,,,4066,47695.6,13625.3,6500.1
,,,,,,,,4067,49162,14038.9,6702.2
,,,,,,,,4068,50172.5,14330.3,6838.5
,,,,,,,,4069,50647.2,14466.6,6904.3
,,,,,,,,4070,51281.7,14645.2,6993.6
,,,,,,,,4071,51356.9,14668.7,6998.3
,,,,,,,,4072,51168.9,14617,6974.8
,,,,,,,,4073,51183,14621.7,6974.8
,,,,,,,,4074,51037.3,14574.7,6956
,,,,,,,,4075,50266.5,14358.5,6852.6
,,,,,,,,4076,49669.6,14189.3,6772.7
,,,,,,,,4077,50313.5,14367.9,6857.3
,,,,,,,,4078,49293.6,14076.5,6721
,,,,,,,,4079,44861.5,12812.2,6119.4
,,,,,,,,4080,40189.7,11477.4,5480.2
,,,,,,,,4081,36876.2,10532.7,5029
,,,,,,,,4082,34911.6,9968.7,4761.1
,,,,,,,,4083,33872.9,9672.6,4620.1
,,,,,,,,4084,33435.8,9550.4,4554.3
,,,,,,,,4085,34079.7,9733.7,4648.3
,,,,,,,,4086,36241.7,10354.1,4939.7
,,,,,,,,4087,41721.9,11914.5,5687
,,,,,,,,4088,48137.4,13747.5,6561.2
,,,,,,,,4089,53251,15209.2,7261.5
,,,,,,,,4090,57918.1,16544,7896
,,,,,,,,4091,62373.7,17817.7,8502.3
,,,,,,,,4092,65884.6,18814.1,8981.7
,,,,,,,,4093,68530.7,19570.8,9343.6
,,,,,,,,4094,70937.1,20261.7,9672.6
,,,,,,,,4095,72600.9,20736.4,9898.2
,,,,,,,,4096,73822.9,21084.2,10062.7
,,,,,,,,4097,74772.3,21352.1,10194.3
,,,,,,,,4098,74852.2,21375.6,10203.7
,,,,,,,,4099,73790,21074.8,10058
,,,,,,,,4100,72187.3,20618.9,9846.5
,,,,,,,,4101,71313.1,20365.1,9724.3
,,,,,,,,4102,69404.9,19819.9,9465.8
,,,,,,,,4103,63144.5,18033.9,8610.4
,,,,,,,,4104,56804.2,16219.7,7745.6
,,,,,,,,4105,51878.6,14814.4,7073.5
,,,,,,,,4106,48800.1,13935.5,6655.2
,,,,,,,,4107,46694.5,13333.9,6363.8
,,,,,,,,4108,45303.3,12939.1,6175.8
,,,,,,,,4109,45082.4,12878,6147.6
,,,,,,,,4110,46445.4,13268.1,6335.6
,,,,,,,,4111,51789.3,14790.9,7059.4
,,,,,,,,4112,58195.4,16619.2,7933.6
,,,,,,,,4113,63388.9,18104.4,8643.3
,,,,,,,,4114,67712.9,19340.5,9230.8
,,,,,,,,4115,71289.6,20360.4,9719.6
,,,,,,,,4116,73832.3,21088.9,10067.4
,,,,,,,,4117,75392.7,21530.7,10278.9
,,,,,,,,4118,76657,21892.6,10452.8
,,,,,,,,4119,77347.9,22090,10546.8
,,,,,,,,4120,77723.9,22202.8,10598.5
,,,,,,,,4121,77954.2,22263.9,10631.4
,,,,,,,,4122,77315,22080.6,10542.1
,,,,,,,,4123,75829.8,21657.6,10340
,,,,,,,,4124,73630.2,21027.8,10039.2
,,,,,,,,4125,72220.2,20623.6,9846.5
,,,,,,,,4126,69851.4,19946.8,9522.2
,,,,,,,,4127,63403,18104.4,8643.3
,,,,,,,,4128,56888.8,16247.9,7759.7
,,,,,,,,4129,51916.2,14828.5,7078.2
,,,,,,,,4130,48640.3,13888.5,6631.7
,,,,,,,,4131,46421.9,13254,6330.9
,,,,,,,,4132,44997.8,12854.5,6133.5
,,,,,,,,4133,44936.7,12831,6124.1
,,,,,,,,4134,46248,13207,6307.4
,,,,,,,,4135,51253.5,14640.5,6988.9
,,,,,,,,4136,57528,16431.2,7844.3
,,,,,,,,4137,62716.8,17916.4,8549.3
,,,,,,,,4138,67069,19157.2,9146.2
,,,,,,,,4139,70641,20177.1,9635
,,,,,,,,4140,73484.5,20985.5,10020.4
,,,,,,,,4141,75359.8,21521.3,10274.2
,,,,,,,,4142,76440.8,21826.8,10419.9
,,,,,,,,4143,76229.3,21770.4,10396.4
,,,,,,,,4144,75223.5,21479,10255.4
,,,,,,,,4145,72854.7,20806.9,9935.8
,,,,,,,,4146,69724.5,19913.9,9508.1
,,,,,,,,4147,65917.5,18823.5,8991.1
,,,,,,,,4148,62829.6,17939.9,8568.1
,,,,,,,,4149,61405.5,17535.7,8375.4
,,,,,,,,4150,59093.1,16877.7,8055.8
,,,,,,,,4151,54341.4,15514.7,7407.2
,,,,,,,,4152,49194.9,14053,6706.9
,,,,,,,,4153,45040.1,12863.9,6142.9
,,,,,,,,4154,42450.4,12126,5790.4
,,,,,,,,4155,40640.9,11604.3,5541.3
,,,,,,,,4156,39522.3,11284.7,5386.2
,,,,,,,,4157,39169.8,11186,5339.2
,,,,,,,,4158,39357.8,11237.7,5362.7
,,,,,,,,4159,40777.2,11646.6,5555.4
,,,,,,,,4160,43564.3,12440.9,5936.1
,,,,,,,,4161,47314.9,13512.5,6453.1
,,,,,,,,4162,50736.5,14490.1,6918.4
,,,,,,,,4163,53706.9,15340.8,7322.6
,,,,,,,,4164,55906.5,15965.9,7618.7
,,,,,,,,4165,57260.1,16351.3,7806.7
,,,,,,,,4166,57880.5,16529.9,7891.3
,,,,,,,,4167,58275.3,16642.7,7947.7
,,,,,,,,4168,58425.7,16689.7,7966.5
,,,,,,,,4169,57936.9,16548.7,7900.7
,,,,,,,,4170,56136.8,16031.7,7651.6
,,,,,,,,4171,53481.3,15275,7289.7
,,,,,,,,4172,51126.6,14602.9,6970.1
,,,,,,,,4173,49890.5,14245.7,6800.9
,,,,,,,,4174,48710.8,13912,6641.1
,,,,,,,,4175,45209.3,12910.9,6166.4
,,,,,,,,4176,41143.8,11750,5607.1
,,,,,,,,4177,37966.6,10842.9,5174.7
,,,,,,,,4178,35635.4,10175.5,4859.8
,,,,,,,,4179,34131.4,9747.8,4653
,,,,,,,,4180,33219.6,9484.6,4530.8
,,,,,,,,4181,32824.8,9371.8,4474.4
,,,,,,,,4182,32350.1,9240.2,4413.3
,,,,,,,,4183,33760.1,9644.4,4601.3
,,,,,,,,4184,36960.8,10556.2,5038.4
,,,,,,,,4185,40922.9,11688.9,5578.9
,,,,,,,,4186,44386.8,12675.9,6053.6
,,,,,,,,4187,46877.8,13390.3,6392
,,,,,,,,4188,48602.7,13879.1,6627
,,,,,,,,4189,49702.5,14194,6777.4
,,,,,,,,4190,50426.3,14400.8,6876.1
,,,,,,,,4191,51215.9,14626.4,6979.5
,,,,,,,,4192,52024.3,14856.7,7092.3
,,,,,,,,4193,52748.1,15063.5,7191
,,,,,,,,4194,52766.9,15068.2,7191
,,,,,,,,4195,52231.1,14917.8,7120.5
,,,,,,,,4196,51338.1,14664,6998.3
,,,,,,,,4197,51709.4,14767.4,7050
,,,,,,,,4198,50990.3,14560.6,6951.3
,,,,,,,,4199,47009.4,13427.9,6406.1
,,,,,,,,4200,42605.5,12168.3,5809.2
,,,,,,,,4201,39254.4,11209.5,5353.3
,,,,,,,,4202,37219.3,10631.4,5076
,,,,,,,,4203,36063.1,10302.4,4916.2
,,,,,,,,4204,35658.9,10184.9,4864.5
,,,,,,,,4205,36274.6,10358.8,4944.4
,,,,,,,,4206,38295.6,10936.9,5217
,,,,,,,,4207,42901.6,12252.9,5846.8
,,,,,,,,4208,48019.9,13714.6,6547.1
,,,,,,,,4209,50962.1,14551.2,6951.3
,,,,,,,,4210,52578.9,15016.5,7167.5
,,,,,,,,4211,53749.2,15350.2,7327.3
,,,,,,,,4212,53970.1,15416,7355.5
,,,,,,,,4213,53763.3,15354.9,7332
,,,,,,,,4214,53594.1,15303.2,7308.5
,,,,,,,,4215,53377.9,15246.8,7280.3
,,,,,,,,4216,53260.4,15209.2,7261.5
,,,,,,,,4217,52931.4,15115.2,7214.5
,,,,,,,,4218,52578.9,15016.5,7167.5
,,,,,,,,4219,51479.1,14701.6,7021.8
,,,,,,,,4220,50191.3,14335,6843.2
,,,,,,,,4221,49975.1,14269.2,6810.3
,,,,,,,,4222,48264.3,13785.1,6580
,,,,,,,,4223,43681.8,12478.5,5954.9
,,,,,,,,4224,39146.3,11181.3,5339.2
,,,,,,,,4225,35936.2,10264.8,4897.4
,,,,,,,,4226,33990.4,9705.5,4634.2
,,,,,,,,4227,32923.5,9404.7,4488.5
,,,,,,,,4228,32401.8,9249.6,4413.3
,,,,,,,,4229,32876.5,9390.6,4483.8
,,,,,,,,4230,34629.6,9888.8,4718.8
,,,,,,,,4231,38887.8,11106.1,5301.6
,,,,,,,,4232,43404.5,12398.6,5917.3
,,,,,,,,4233,46229.2,13207,6302.7
,,,,,,,,4234,48052.8,13724,6551.8
,,,,,,,,4235,49787.1,14217.5,6786.8
,,,,,,,,4236,50727.1,14485.4,6913.7
,,,,,,,,4237,51173.6,14617,6974.8
,,,,,,,,4238,51436.8,14692.2,7012.4
,,,,,,,,4239,51281.7,14640.5,6993.6
,,,,,,,,4240,50774.1,14499.5,6923.1
,,,,,,,,4241,50510.9,14429,6885.5
,,,,,,,,4242,50087.9,14306.8,6829.1
,,,,,,,,4243,48964.6,13982.5,6674
,,,,,,,,4244,47864.8,13672.3,6523.6
,,,,,,,,4245,47874.2,13672.3,6523.6
,,,,,,,,4246,46403.1,13254,6326.2
,,,,,,,,4247,42182.5,12046.1,5748.1
,,,,,,,,4248,37736.3,10777.1,5146.5
,,,,,,,,4249,34728.3,9917,4732.9
,,,,,,,,4250,32885.9,9390.6,4483.8
,,,,,,,,4251,31786.1,9080.4,4333.4
,,,,,,,,4252,31490,8991.1,4291.1
,,,,,,,,4253,32044.6,9155.6,4366.3
,,,,,,,,4254,33990.4,9705.5,4634.2
,,,,,,,,4255,38295.6,10936.9,5217
,,,,,,,,4256,42986.2,12276.4,5860.9
,,,,,,,,4257,46008.3,13136.5,6269.8
,,,,,,,,4258,48113.9,13742.8,6561.2
,,,,,,,,4259,49951.6,14264.5,6810.3
,,,,,,,,4260,51093.7,14593.5,6965.4
,,,,,,,,4261,51700,14762.7,7045.3
,,,,,,,,4262,52452,14978.9,7148.7
,,,,,,,,4263,52705.8,15054.1,7186.3
,,,,,,,,4264,52640,15035.3,7176.9
,,,,,,,,4265,52569.5,15016.5,7167.5
,,,,,,,,4266,52174.7,14899,7115.8
,,,,,,,,4267,51051.4,14579.4,6960.7
,,,,,,,,4268,49965.7,14269.2,6810.3
,,,,,,,,4269,49848.2,14236.3,6796.2
,,,,,,,,4270,48682.6,13902.6,6636.4
,,,,,,,,4271,44330.4,12661.8,6044.2
,,,,,,,,4272,39780.8,11359.9,5423.8
,,,,,,,,4273,36434.4,10405.8,4967.9
,,,,,,,,4274,34413.4,9827.7,4690.6
,,,,,,,,4275,33233.7,9489.3,4530.8
,,,,,,,,4276,32618,9315.4,4446.2
,,,,,,,,4277,33116.2,9461.1,4512
,,,,,,,,4278,34977.4,9987.5,4765.8
,,,,,,,,4279,39451.8,11265.9,5376.8
,,,,,,,,4280,44781.6,12788.7,6105.3
,,,,,,,,4281,48527.5,13860.3,6617.6
,,,,,,,,4282,51244.1,14635.8,6984.2
,,,,,,,,4283,53664.6,15326.7,7317.9
,,,,,,,,4284,55403.6,15820.2,7552.9
,,,,,,,,4285,56639.7,16177.4,7722.1
,,,,,,,,4286,57697.2,16478.2,7867.8
,,,,,,,,4287,58731.2,16774.3,8008.8
,,,,,,,,4288,59417.4,16971.7,8102.8
,,,,,,,,4289,60249.3,17206.7,8210.9
,,,,,,,,4290,60333.9,17234.9,8225
,,,,,,,,4291,59205.9,16910.6,8069.9
,,,,,,,,4292,57419.9,16398.3,7830.2
,,,,,,,,4293,56837.1,16233.8,7750.3
,,,,,,,,4294,55450.6,15839,7562.3
,,,,,,,,4295,50463.9,14410.2,6880.8
,,,,,,,,4296,45091.8,12878,6147.6
,,,,,,,,4297,41012.2,11712.4,5593
,,,,,,,,4298,38497.7,10993.3,5245.2
,,,,,,,,4299,37012.5,10570.3,5047.8
,,,,,,,,4300,36335.7,10377.6,4953.8
,,,,,,,,4301,36763.4,10499.8,5010.2
,,,,,,,,4302,38746.8,11063.8,5282.8
,,,,,,,,4303,42981.5,12276.4,5860.9
,,,,,,,,4304,48137.4,13747.5,6561.2
,,,,,,,,4305,51502.6,14711,7021.8
,,,,,,,,4306,53833.8,15373.7,7336.7
,,,,,,,,4307,56320.1,16083.4,7679.8
,,,,,,,,4308,59064.9,16873,8051.1
,,,,,,,,4309,61805,17657.9,8427.1
,,,,,,,,4310,64766,18499.2,8826.6
,,,,,,,,4311,67073.7,19157.2,9146.2
,,,,,,,,4312,68413.2,19542.6,9324.8
,,,,,,,,4313,69503.6,19848.1,9475.2
,,,,,,,,4314,69527.1,19857.5,9479.9
,,,,,,,,4315,67962,19411,9268.4
,,,,,,,,4316,65362.9,18668.4,8911.2
,,,,,,,,4317,63482.9,18127.9,8657.4
,,,,,,,,4318,60977.8,17418.2,8314.3
,,,,,,,,4319,55375.4,15815.5,7548.2
,,,,,,,,4320,49274.8,14071.8,6716.3
,,,,,,,,4321,44410.3,12685.3,6053.6
,,,,,,,,4322,41049.8,11721.8,5597.7
,,,,,,,,4323,38784.4,11077.9,5287.5
,,,,,,,,4324,37383.8,10678.4,5099.5
,,,,,,,,4325,36791.6,10509.2,5014.9
,,,,,,,,4326,36533.1,10434,4982
,,,,,,,,4327,38775,11073.2,5287.5
,,,,,,,,4328,43207.1,12337.5,5889.1
,,,,,,,,4329,48334.8,13803.9,6589.4
,,,,,,,,4330,52799.8,15082.3,7195.7
,,,,,,,,4331,56306,16078.7,7675.1
,,,,,,,,4332,58585.5,16732,7990
,,,,,,,,4333,59948.5,17122.1,8173.3
,,,,,,,,4334,60996.6,17418.2,8314.3
,,,,,,,,4335,61767.4,17639.1,8422.4
,,,,,,,,4336,62552.3,17864.7,8525.8
,,,,,,,,4337,63153.9,18033.9,8610.4
,,,,,,,,4338,62956.5,17982.2,8586.9
,,,,,,,,4339,61565.3,17582.7,8394.2
,,,,,,,,4340,59586.6,17018.7,8121.6
,,,,,,,,4341,58383.4,16675.6,7961.8
,,,,,,,,4342,57250.7,16351.3,7806.7
,,,,,,,,4343,53114.7,15166.9,7238
,,,,,,,,4344,48353.6,13808.6,6594.1
,,,,,,,,4345,44297.5,12652.4,6039.5
,,,,,,,,4346,41435.2,11834.6,5649.4
,,,,,,,,4347,39409.5,11251.8,5372.1
,,,,,,,,4348,38164,10899.3,5202.9
,,,,,,,,4349,37454.3,10697.2,5104.2
,,,,,,,,4350,36833.9,10523.3,5024.3
,,,,,,,,4351,38206.3,10913.4,5207.6
,,,,,,,,4352,41947.5,11980.3,5715.2
,,,,,,,,4353,46962.4,13413.8,6406.1
,,,,,,,,4354,51841,14805,7068.8
,,,,,,,,4355,55784.3,15933,7604.6
,,,,,,,,4356,58895.7,16821.3,8027.6
,,,,,,,,4357,61057.7,17441.7,8328.4
,,,,,,,,4358,62510,17855.3,8521.1
,,,,,,,,4359,63125.7,18029.2,8605.7
,,,,,,,,4360,62260.9,17780.1,8488.2
,,,,,,,,4361,61292.7,17502.8,8356.6
,,,,,,,,4362,61024.8,17427.6,8319
,,,,,,,,4363,60583,17305.4,8257.9
,,,,,,,,4364,59111.9,16882.4,8060.5
,,,,,,,,4365,58171.9,16614.5,7928.9
,,,,,,,,4366,56635,16172.7,7722.1
,,,,,,,,4367,51770.5,14786.2,7059.4
,,,,,,,,4368,46445.4,13263.4,6335.6
,,,,,,,,4369,42535,12144.8,5799.8
,,,,,,,,4370,39992.3,11421,5452
,,,,,,,,4371,38347.3,10951,5226.4
,,,,,,,,4372,37548.3,10725.4,5118.3
,,,,,,,,4373,37919.6,10828.8,5170
,,,,,,,,4374,39353.1,11237.7,5362.7
,,,,,,,,4375,43808.7,12511.4,5973.7
,,,,,,,,4376,49373.5,14100,6730.4
,,,,,,,,4377,53664.6,15326.7,7317.9
,,,,,,,,4378,57137.9,16318.4,7787.9
,,,,,,,,4379,59863.9,17093.9,8163.9
,,,,,,,,4380,61584.1,17587.4,8398.9
,,,,,,,,4381,62514.7,17855.3,8521.1
,,,,,,,,4382,63370.1,18099.7,8638.6
,,,,,,,,4383,63854.2,18236,8709.1
,,,,,,,,4384,63642.7,18174.9,8676.2
,,,,,,,,4385,63435.9,18118.5,8648
,,,,,,,,4386,63012.9,17996.3,8591.6
,,,,,,,,4387,61574.7,17587.4,8398.9
,,,,,,,,4388,59389.2,16962.3,8098.1
,,,,,,,,4389,57904,16539.3,7896
,,,,,,,,4390,56019.3,15998.8,7637.5
,,,,,,,,4391,50769.4,14499.5,6923.1
,,,,,,,,4392,45218.7,12915.6,6166.4
,,,,,,,,4393,41134.4,11745.3,5607.1
,,,,,,,,4394,38709.2,11054.4,5278.1
,,,,,,,,4395,37050.1,10584.4,5052.5
,,,,,,,,4396,36218.2,10344.7,4935
,,,,,,,,4397,36368.6,10387,4958.5
,,,,,,,,4398,37684.6,10763,5137.1
,,,,,,,,4399,42008.6,11999.1,5724.6
,,,,,,,,4400,47488.8,13564.2,6476.6
,,,,,,,,4401,51667.1,14758,7045.3
,,,,,,,,4402,55004.1,15707.4,7496.5
,,,,,,,,4403,57560.9,16440.6,7849
,,,,,,,,4404,59252.9,16924.7,8079.3
,,,,,,,,4405,60390.3,17249,8234.4
,,,,,,,,4406,61508.9,17563.9,8384.8
,,,,,,,,4407,62251.5,17780.1,8488.2
,,,,,,,,4408,62749.7,17921.1,8554
,,,,,,,,4409,63078.7,18015.1,8601
,,,,,,,,4410,62444.2,17836.5,8516.4
,,,,,,,,4411,59995.5,17136.2,8182.7
,,,,,,,,4412,57137.9,16318.4,7787.9
,,,,,,,,4413,55981.7,15989.4,7632.8
,,,,,,,,4414,53894.9,15392.5,7346.1
,,,,,,,,4415,49951.6,14264.5,6810.3
,,,,,,,,4416,45637,13033.1,6218.1
,,,,,,,,4417,42008.6,11999.1,5724.6
,,,,,,,,4418,39517.6,11284.7,5386.2
,,,,,,,,4419,37910.2,10828.8,5170
,,,,,,,,4420,37167.6,10617.3,5066.6
,,,,,,,,4421,37219.3,10631.4,5076
,,,,,,,,4422,37665.8,10758.3,5137.1
,,,,,,,,4423,38892.5,11110.8,5301.6
,,,,,,,,4424,41115.6,11745.3,5602.4
,,,,,,,,4425,44180,12614.8,6025.4
,,,,,,,,4426,48010.5,13714.6,6547.1
,,,,,,,,4427,51939.7,14833.2,7082.9
,,,,,,,,4428,55107.5,15740.3,7515.3
,,,,,,,,4429,57358.8,16384.2,7820.8
,,,,,,,,4430,58472.7,16699.1,7971.2
,,,,,,,,4431,59144.8,16891.8,8065.2
,,,,,,,,4432,59821.6,17089.2,8159.2
,,,,,,,,4433,60578.3,17305.4,8257.9
,,,,,,,,4434,60954.3,17408.8,8309.6
,,,,,,,,4435,59892.1,17103.3,8163.9
,,,,,,,,4436,58054.4,16581.6,7914.8
,,,,,,,,4437,57199,16337.2,7797.3
,,,,,,,,4438,55680.9,15900.1,7590.5
,,,,,,,,4439,52682.3,15044.7,7181.6
,,,,,,,,4440,48504,13850.9,6612.9
,,,,,,,,4441,44823.9,12802.8,6110
,,,,,,,,4442,42262.4,12069.6,5762.2
,,,,,,,,4443,40631.5,11604.3,5541.3
,,,,,,,,4444,39700.9,11341.1,5409.7
,,,,,,,,4445,39879.5,11392.8,5433.2
,,,,,,,,4446,41181.4,11764.1,5616.5
,,,,,,,,4447,45580.6,13019,6213.4
,,,,,,,,4448,51352.2,14664,6998.3
,,,,,,,,4449,56033.4,16008.2,7637.5
,,,,,,,,4450,59581.9,17018.7,8121.6
,,,,,,,,4451,62265.6,17784.8,8492.9
,,,,,,,,4452,63924.7,18259.5,8713.8
,,,,,,,,4453,64930.5,18546.2,8850.1
,,,,,,,,4454,65785.9,18785.9,8967.6
,,,,,,,,4455,66298.2,18936.3,9038.1
,,,,,,,,4456,66345.2,18950.4,9042.8
,,,,,,,,4457,66185.4,18903.4,9024
,,,,,,,,4458,65673.1,18757.7,8953.5
,,,,,,,,4459,63952.9,18268.9,8718.5
,,,,,,,,4460,61612.3,17596.8,8398.9
,,,,,,,,4461,60197.6,17192.6,8210.9
,,,,,,,,4462,58270.6,16642.7,7947.7
,,,,,,,,4463,52950.2,15124.6,7219.2
,,,,,,,,4464,47305.5,13512.5,6453.1
,,,,,,,,4465,43094.3,12309.3,5875
,,,,,,,,4466,40368.3,11529.1,5503.7
,,,,,,,,4467,38596.4,11021.5,5264
,,,,,,,,4468,37590.6,10734.8,5123
,,,,,,,,4469,37600,10739.5,5123
,,,,,,,,4470,38789.1,11077.9,5287.5
,,,,,,,,4471,43009.7,12285.8,5860.9
,,,,,,,,4472,48645,13893.2,6631.7
,,,,,,,,4473,53392,15251.5,7280.3
,,,,,,,,4474,57387,16388.9,7825.5
,,,,,,,,4475,60733.4,17347.7,8281.4
,,,,,,,,4476,63036.4,18005.7,8591.6
,,,,,,,,4477,64535.7,18433.4,8798.4
,,,,,,,,4478,66114.9,18879.9,9014.6
,,,,,,,,4479,67101.9,19166.6,9150.9
,,,,,,,,4480,67891.5,19392.2,9254.3
,,,,,,,,4481,68305.1,19509.7,9315.4
,,,,,,,,4482,68074.8,19443.9,9282.5
,,,,,,,,4483,65804.7,18795.3,8972.3
,,,,,,,,4484,63219.7,18057.4,8619.8
,,,,,,,,4485,62345.5,17803.6,8497.6
,,,,,,,,4486,60437.3,17258.4,8239.1
,,,,,,,,4487,55657.4,15895.4,7590.5
,,,,,,,,4488,50482.7,14414.9,6880.8
,,,,,,,,4489,46445.4,13268.1,6335.6
,,,,,,,,4490,43728.8,12487.9,5959.6
,,,,,,,,4491,41867.6,11961.5,5710.5
,,,,,,,,4492,40702,11627.8,5550.7
,,,,,,,,4493,40227.3,11486.8,5480.2
,,,,,,,,4494,40161.5,11468,5475.5
,,,,,,,,4495,41839.4,11952.1,5705.8
,,,,,,,,4496,45839.1,13089.5,6246.3
,,,,,,,,4497,50915.1,14541.8,6941.9
,,,,,,,,4498,55234.4,15773.2,7529.4
,,,,,,,,4499,58209.5,16623.9,7938.3
,,,,,,,,4500,60282.2,17216.1,8220.3
,,,,,,,,4501,61692.2,17620.3,8413
,,,,,,,,4502,61678.1,17615.6,8408.3
,,,,,,,,4503,60362.1,17239.6,8229.7
,,,,,,,,4504,59116.6,16882.4,8060.5
,,,,,,,,4505,59097.8,16882.4,8055.8
,,,,,,,,4506,59455,16981.1,8107.5
,,,,,,,,4507,58782.9,16788.4,8013.5
,,,,,,,,4508,57189.6,16337.2,7797.3
,,,,,,,,4509,56306,16078.7,7675.1
,,,,,,,,4510,55295.5,15792,7538.8
,,,,,,,,4511,51596.6,14739.2,7035.9
,,,,,,,,4512,47183.3,13474.9,6429.6
,,,,,,,,4513,43254.1,12356.3,5898.5
,,,,,,,,4514,40551.6,11580.8,5527.2
,,,,,,,,4515,38671.6,11045,5268.7
,,,,,,,,4516,37468.4,10701.9,5108.9
,,,,,,,,4517,36791.6,10509.2,5014.9
,,,,,,,,4518,36138.3,10321.2,4925.6
,,,,,,,,4519,37421.4,10687.8,5099.5
,,,,,,,,4520,40951.1,11698.3,5578.9
,,,,,,,,4521,45622.9,13028.4,6218.1
,,,,,,,,4522,49993.9,14278.6,6815
,,,,,,,,4523,53636.4,15322,7313.2
,,,,,,,,4524,56559.8,16153.9,7712.7
,,,,,,,,4525,58468,16699.1,7971.2
,,,,,,,,4526,59497.3,16995.2,8112.2
,,,,,,,,4527,60254,17206.7,8215.6
,,,,,,,,4528,60973.1,17413.5,8309.6
,,,,,,,,4529,61856.7,17667.3,8431.8
,,,,,,,,4530,62354.9,17808.3,8502.3
,,,,,,,,4531,61457.2,17554.5,8380.1
,,,,,,,,4532,59591.3,17018.7,8126.3
,,,,,,,,4533,58966.2,16840.1,8041.7
,,,,,,,,4534,57560.9,16440.6,7849
,,,,,,,,4535,52607.1,15021.2,7172.2
,,,,,,,,4536,47061.1,13442,6415.5
,,,,,,,,4537,42746.5,12210.6,5828
,,,,,,,,4538,39846.6,11378.7,5433.2
,,,,,,,,4539,38013.6,10857,5179.4
,,,,,,,,4540,36979.6,10565.6,5043.1
,,,,,,,,4541,37087.7,10593.8,5052.5
,,,,,,,,4542,38422.5,10974.5,5240.5
,,,,,,,,4543,42770,12220,5832.7
,,,,,,,,4544,48019.9,13714.6,6547.1
,,,,,,,,4545,51662.4,14758,7045.3
,,,,,,,,4546,54567,15585.2,7440.1
,,,,,,,,4547,56879.4,16243.2,7755
,,,,,,,,4548,58425.7,16689.7,7966.5
,,,,,,,,4549,59544.3,17004.6,8116.9
,,,,,,,,4550,60742.8,17347.7,8281.4
,,,,,,,,4551,61457.2,17549.8,8375.4
,,,,,,,,4552,61889.6,17676.7,8436.5
,,,,,,,,4553,62284.4,17789.5,8492.9
,,,,,,,,4554,62054.1,17723.7,8460
,,,,,,,,4555,60348,17234.9,8229.7
,,,,,,,,4556,58035.6,16572.2,7914.8
,,,,,,,,4557,56780.7,16219.7,7740.9
,,,,,,,,4558,54759.7,15636.9,7468.3
,,,,,,,,4559,49397,14104.7,6735.1
,,,,,,,,4560,43930.9,12549,5987.8
,,,,,,,,4561,39954.7,11411.6,5447.3
,,,,,,,,4562,37459,10697.2,5104.2
,,,,,,,,4563,35865.7,10241.3,4888
,,,,,,,,4564,35127.8,10029.8,4789.3
,,,,,,,,4565,35344,10095.6,4817.5
,,,,,,,,4566,36669.4,10476.3,5000.8
,,,,,,,,4567,41040.4,11721.8,5597.7
,,,,,,,,4568,46257.4,13207,6307.4
,,,,,,,,4569,49951.6,14264.5,6810.3
,,,,,,,,4570,52818.6,15087,7200.4
,,,,,,,,4571,55314.3,15796.7,7543.5
,,,,,,,,4572,56978.1,16271.4,7769.1
,,,,,,,,4573,58167.2,16614.5,7928.9
,,,,,,,,4574,59586.6,17018.7,8121.6
,,,,,,,,4575,60691.1,17333.6,8276.7
,,,,,,,,4576,61508.9,17563.9,8384.8
,,,,,,,,4577,62035.3,17719,8460
,,,,,,,,4578,61748.6,17634.4,8422.4
,,,,,,,,4579,60235.2,17202,8210.9
,,,,,,,,4580,58026.2,16572.2,7910.1
,,,,,,,,4581,57081.5,16304.3,7783.2
,,,,,,,,4582,55502.3,15848.4,7567
,,,,,,,,4583,50294.7,14363.2,6857.3
,,,,,,,,4584,44997.8,12854.5,6133.5
,,,,,,,,4585,41096.8,11735.9,5602.4
,,,,,,,,4586,38624.6,11030.9,5264
,,,,,,,,4587,37120.6,10603.2,5061.9
,,,,,,,,4588,36429.7,10405.8,4967.9
,,,,,,,,4589,36721.1,10490.4,5005.5
,,,,,,,,4590,38267.4,10927.5,5217
,,,,,,,,4591,42666.6,12187.1,5813.9
,,,,,,,,4592,48034,13719.3,6547.1
,,,,,,,,4593,52099.5,14880.2,7101.7
,,,,,,,,4594,55300.2,15796.7,7538.8
,,,,,,,,4595,58143.7,16605.1,7924.2
,,,,,,,,4596,60432.6,17258.4,8239.1
,,,,,,,,4597,61983.6,17704.9,8450.6
,,,,,,,,4598,63262,18066.8,8624.5
,,,,,,,,4599,63924.7,18259.5,8713.8
,,,,,,,,4600,64390,18391.1,8779.6
,,,,,,,,4601,64944.6,18550.9,8854.8
,,,,,,,,4602,64803.6,18503.9,8836
,,,,,,,,4603,63210.3,18052.7,8615.1
,,,,,,,,4604,60808.6,17366.5,8290.8
,,,,,,,,4605,59633.6,17032.8,8131
,,,,,,,,4606,57951,16548.7,7900.7
,,,,,,,,4607,52630.6,15030.6,7176.9
,,,,,,,,4608,47037.6,13437.3,6410.8
,,,,,,,,4609,42962.7,12267,5860.9
,,,,,,,,4610,40307.2,11510.3,5494.3
,,,,,,,,4611,38530.6,11002.7,5249.9
,,,,,,,,4612,37604.7,10739.5,5123
,,,,,,,,4613,37797.4,10795.9,5151.2
,,,,,,,,4614,39343.7,11237.7,5362.7
,,,,,,,,4615,44001.4,12567.8,6001.9
,,,,,,,,4616,49523.9,14147,6753.9
,,,,,,,,4617,53824.4,15373.7,7336.7
,,,,,,,,4618,57415.2,16398.3,7830.2
,,,,,,,,4619,60954.3,17408.8,8309.6
,,,,,,,,4620,63727.3,18198.4,8685.6
,,,,,,,,4621,65198.4,18621.4,8892.4
,,,,,,,,4622,66810.5,19082,9108.6
,,,,,,,,4623,67905.6,19396.9,9259
,,,,,,,,4624,68605.9,19594.3,9353
,,,,,,,,4625,69104.1,19735.3,9418.8
,,,,,,,,4626,68535.4,19575.5,9343.6
,,,,,,,,4627,66608.4,19025.6,9080.4
,,,,,,,,4628,63680.3,18189,8685.6
,,,,,,,,4629,62289.1,17789.5,8492.9
,,,,,,,,4630,60103.6,17164.4,8192.1
,,,,,,,,4631,54505.9,15566.4,7430.7
,,,,,,,,4632,48753.1,13921.4,6645.8
,,,,,,,,4633,44306.9,12652.4,6039.5
,,,,,,,,4634,41463.4,11839.3,5649.4
,,,,,,,,4635,39715,11345.8,5414.4
,,,,,,,,4636,38760.9,11068.5,5282.8
,,,,,,,,4637,38948.9,11124.9,5311
,,,,,,,,4638,40523.4,11571.4,5527.2
,,,,,,,,4639,44885,12821.6,6119.4
,,,,,,,,4640,50633.1,14457.2,6904.3
,,,,,,,,4641,55276.7,15787.3,7538.8
,,,,,,,,4642,59323.4,16943.5,8088.7
,,,,,,,,4643,62933,17972.8,8582.2
,,,,,,,,4644,65790.6,18785.9,8967.6
,,,,,,,,4645,67868,19382.8,9254.3
,,,,,,,,4646,69550.6,19866.9,9484.6
,,,,,,,,4647,70152.2,20036.1,9564.5
,,,,,,,,4648,70044.1,20007.9,9550.4
,,,,,,,,4649,69588.2,19871.6,9489.3
,,,,,,,,4650,68027.8,19429.8,9277.8
,,,,,,,,4651,65240.7,18630.8,8897.1
,,,,,,,,4652,62533.5,17860,8525.8
,,,,,,,,4653,61513.6,17563.9,8384.8
,,,,,,,,4654,59563.1,17009.3,8121.6
,,,,,,,,4655,54609.3,15594.6,7444.8
,,,,,,,,4656,49392.3,14104.7,6735.1
,,,,,,,,4657,45317.4,12943.8,6175.8
,,,,,,,,4658,42732.4,12205.9,5828
,,,,,,,,4659,41031,11721.8,5593
,,,,,,,,4660,40025.2,11430.4,5456.7
,,,,,,,,4661,39738.5,11345.8,5414.4
,,,,,,,,4662,40213.2,11486.8,5480.2
,,,,,,,,4663,41867.6,11961.5,5710.5
,,,,,,,,4664,45157.6,12896.8,6157
,,,,,,,,4665,49589.7,14165.8,6763.3
,,,,,,,,4666,53565.9,15298.5,7303.8
,,,,,,,,4667,56522.2,16144.5,7708
,,,,,,,,4668,58938,16830.7,8037
,,,,,,,,4669,60799.2,17361.8,8286.1
,,,,,,,,4670,62326.7,17798.9,8497.6
,,,,,,,,4671,63807.2,18221.9,8699.7
,,,,,,,,4672,64982.2,18555.6,8859.5
,,,,,,,,4673,65762.4,18781.2,8967.6
,,,,,,,,4674,65842.3,18804.7,8977
,,,,,,,,4675,64587.4,18442.8,8803.1
,,,,,,,,4676,62298.5,17794.2,8492.9
,,,,,,,,4677,61245.7,17493.4,8351.9
,,,,,,,,4678,59760.5,17065.7,8145.1
,,,,,,,,4679,55272,15782.6,7534.1
,,,,,,,,4680,50247.7,14349.1,6852.6
,,,,,,,,4681,46074.1,13160,6283.9
,,,,,,,,4682,43131.9,12318.7,5879.7
,,,,,,,,4683,41115.6,11745.3,5602.4
,,,,,,,,4684,39790.2,11364.6,5423.8
,,,,,,,,4685,39042.9,11153.1,5320.4
,,,,,,,,4686,38464.8,10983.9,5245.2
,,,,,,,,4687,39559.9,11298.8,5390.9
,,,,,,,,4688,43244.7,12351.6,5893.8
,,,,,,,,4689,48334.8,13803.9,6589.4
,,,,,,,,4690,53298,15223.3,7266.2
,,,,,,,,4691,57687.8,16478.2,7867.8
,,,,,,,,4692,61231.6,17488.7,8351.9
,,,,,,,,4693,63262,18066.8,8624.5
,,,,,,,,4694,63652.1,18174.9,8680.9
,,,,,,,,4695,63685,18189,8685.6
,,,,,,,,4696,63779,18217.2,8695
,,,,,,,,4697,63901.2,18250.1,8709.1
,,,,,,,,4698,63863.6,18240.7,8709.1
,,,,,,,,4699,62829.6,17944.6,8568.1
,,,,,,,,4700,61927.2,17686.1,8445.9
,,,,,,,,4701,62134,17747.2,8474.1
,,,,,,,,4702,59892.1,17103.3,8163.9
,,,,,,,,4703,55206.2,15768.5,7524.7
,,,,,,,,4704,50346.4,14377.3,6862
,,,,,,,,4705,46840.2,13376.2,6382.6
,,,,,,,,4706,44593.6,12737,6077.1
,,,,,,,,4707,43155.4,12323.4,5884.4
,,,,,,,,4708,42398.7,12107.2,5781
,,,,,,,,4709,42690.1,12191.8,5818.6
,,,,,,,,4710,44635.9,12746.4,6086.5
,,,,,,,,4711,49307.7,14081.2,6721
,,,,,,,,4712,55497.6,15848.4,7567
,,,,,,,,4713,60305.7,17225.5,8220.3
,,,,,,,,4714,64169.1,18325.3,8751.4
,,,,,,,,4715,67567.2,19298.2,9212
,,,,,,,,4716,70302.6,20078.4,9588
,,,,,,,,4717,72412.9,20680,9870
,,,,,,,,4718,74227.1,21201.7,10119.1
,,,,,,,,4719,74612.5,21309.8,10175.5
,,,,,,,,4720,74762.9,21352.1,10194.3
,,,,,,,,4721,74621.9,21309.8,10175.5
,,,,,,,,4722,74067.3,21154.7,10100.3
,,,,,,,,4723,72342.4,20661.2,9865.3
,,,,,,,,4724,70072.3,20012.6,9555.1
,,,,,,,,4725,69184,19758.8,9432.9
,,,,,,,,4726,66434.5,18973.9,9056.9
,,,,,,,,4727,60089.5,17159.7,8192.1
,,,,,,,,4728,53810.3,15369,7336.7
,,,,,,,,4729,49364.1,14100,6730.4
,,,,,,,,4730,46478.3,13277.5,6335.6
,,,,,,,,4731,44617.1,12741.7,6081.8
,,,,,,,,4732,43451.5,12408,5926.7
,,,,,,,,4733,43559.6,12440.9,5936.1
,,,,,,,,4734,45322.1,12943.8,6180.5
,,,,,,,,4735,50214.8,14339.7,6847.9
,,,,,,,,4736,56569.2,16153.9,7712.7
,,,,,,,,4737,61664,17610.9,8408.3
,,,,,,,,4738,66176,18898.7,9019.3
,,,,,,,,4739,70077,20012.6,9555.1
,,,,,,,,4740,72746.6,20778.7,9917
,,,,,,,,4741,74589,21305.1,10170.8
,,,,,,,,4742,76257.5,21775.1,10396.4
,,,,,,,,4743,77305.6,22080.6,10537.4
,,,,,,,,4744,78099.9,22306.2,10650.2
,,,,,,,,4745,78569.9,22437.8,10711.3
,,,,,,,,4746,77921.3,22254.5,10626.7
,,,,,,,,4747,76135.3,21742.2,10382.3
,,,,,,,,4748,73794.7,21074.8,10058
,,,,,,,,4749,72455.2,20694.1,9879.4
,,,,,,,,4750,69813.8,19942.1,9517.5
,,,,,,,,4751,63830.7,18226.6,8704.4
,,,,,,,,4752,57889.9,16534.6,7891.3
,,,,,,,,4753,53711.6,15340.8,7322.6
,,,,,,,,4754,51117.2,14598.2,6970.1
,,,,,,,,4755,49476.9,14128.2,6744.5
,,,,,,,,4756,48485.2,13846.2,6612.9
,,,,,,,,4757,48433.5,13832.1,6603.5
,,,,,,,,4758,50130.2,14316.2,6833.8
,,,,,,,,4759,54567,15585.2,7440.1
,,,,,,,,4760,61090.6,17446.4,8328.4
,,,,,,,,4761,65668.4,18753,8953.5
,,,,,,,,4762,69353.2,19805.8,9456.4
,,,,,,,,4763,73150.8,20891.5,9973.4
,,,,,,,,4764,76046,21718.7,10368.2
,,,,,,,,4765,77864.9,22240.4,10617.3
,,,,,,,,4766,77921.3,22254.5,10626.7
,,,,,,,,4767,76097.7,21732.8,10372.9
,,,,,,,,4768,72539.8,20717.6,9893.5
,,,,,,,,4769,69851.4,19946.8,9522.2
,,,,,,,,4770,68695.2,19617.8,9367.1
,,,,,,,,4771,66946.8,19119.6,9127.4
,,,,,,,,4772,65273.6,18644.9,8897.1
,,,,,,,,4773,64775.4,18503.9,8831.3
,,,,,,,,4774,62669.8,17897.6,8544.6
,,,,,,,,4775,57349.4,16379.5,7820.8
,,,,,,,,4776,51794,14790.9,7064.1
,,,,,,,,4777,47531.1,13573.6,6476.6
,,,,,,,,4778,44462,12699.4,6063
,,,,,,,,4779,42511.5,12140.1,5795.1
,,,,,,,,4780,41317.7,11801.7,5630.6
,,,,,,,,4781,41251.9,11778.2,5621.2
,,,,,,,,4782,42704.2,12196.5,5823.3
,,,,,,,,4783,46248,13207,6307.4
,,,,,,,,4784,50557.9,14438.4,6894.9
,,,,,,,,4785,53063,15157.5,7238
,,,,,,,,4786,54806.7,15655.7,7473
,,,,,,,,4787,56508.1,16139.8,7703.3
,,,,,,,,4788,57683.1,16478.2,7863.1
,,,,,,,,4789,58397.5,16680.3,7961.8
,,,,,,,,4790,59426.8,16971.7,8102.8
,,,,,,,,4791,59793.4,17075.1,8154.5
,,,,,,,,4792,60254,17206.7,8215.6
,,,,,,,,4793,60728.7,17343,8281.4
,,,,,,,,4794,60559.5,17296,8257.9
,,,,,,,,4795,58815.8,16797.8,8022.9
,,,,,,,,4796,56719.6,16196.2,7731.5
,,,,,,,,4797,56371.8,16102.2,7684.5
,,,,,,,,4798,54416.6,15538.2,7421.3
,,,,,,,,4799,49674.3,14184.6,6772.7
,,,,,,,,4800,44678.2,12760.5,6091.2
,,,,,,,,4801,40932.3,11693.6,5578.9
,,,,,,,,4802,38756.2,11068.5,5282.8
,,,,,,,,4803,37374.4,10673.7,5094.8
,,,,,,,,4804,36749.3,10495.1,5010.2
,,,,,,,,4805,37120.6,10603.2,5061.9
,,,,,,,,4806,39000.6,11134.3,5315.7
,,,,,,,,4807,42746.5,12210.6,5828
,,,,,,,,4808,47178.6,13474.9,6429.6
,,,,,,,,4809,50092.6,14306.8,6829.1
,,,,,,,,4810,51610.7,14739.2,7035.9
,,,,,,,,4811,52611.8,15025.9,7172.2
,,,,,,,,4812,52785.7,15072.9,7195.7
,,,,,,,,4813,52527.2,15002.4,7162.8
,,,,,,,,4814,52470.8,14988.3,7153.4
,,,,,,,,4815,51958.5,14837.9,7082.9
,,,,,,,,4816,51206.5,14621.7,6979.5
,,,,,,,,4817,50797.6,14504.2,6927.8
,,,,,,,,4818,50261.8,14353.8,6852.6
,,,,,,,,4819,49039.8,14006,6688.1
,,,,,,,,4820,48029.3,13719.3,6547.1
,,,,,,,,4821,48438.2,13836.8,6603.5
,,,,,,,,4822,47235,13489,6439
,,,,,,,,4823,43569,12445.6,5940.8
,,,,,,,,4824,39456.5,11270.6,5381.5
,,,,,,,,4825,36232.3,10349.4,4939.7
,,,,,,,,4826,34136.1,9747.8,4653
,,,,,,,,4827,32853,9381.2,4479.1
,,,,,,,,4828,32143.3,9179.1,4385.1
,,,,,,,,4829,32039.9,9150.9,4366.3
,,,,,,,,4830,32279.6,9221.4,4399.2
,,,,,,,,4831,33915.2,9686.7,4624.8
,,,,,,,,4832,37313.3,10659.6,5085.4
,,,,,,,,4833,41378.8,11815.8,5640
,,,,,,,,4834,44466.7,12699.4,6063
,,,,,,,,4835,46426.6,13258.7,6330.9
,,,,,,,,4836,47568.7,13583,6486
,,,,,,,,4837,48146.8,13747.5,6565.9
,,,,,,,,4838,48433.5,13832.1,6603.5
,,,,,,,,4839,48696.7,13912,6641.1
,,,,,,,,4840,49105.6,14024.8,6692.8
,,,,,,,,4841,49735.4,14203.4,6782.1
,,,,,,,,4842,50040.9,14288,6824.4
,,,,,,,,4843,49411.1,14109.4,6739.8
,,,,,,,,4844,47878.9,13677,6528.3
,,,,,,,,4845,47714.4,13630,6504.8
,,,,,,,,4846,46675.7,13329.2,6363.8
,,,,,,,,4847,43301.1,12365.7,5903.2
,,,,,,,,4848,39569.3,11298.8,5390.9
,,,,,,,,4849,36387.4,10391.7,4958.5
,,,,,,,,4850,34342.9,9808.9,4681.2
,,,,,,,,4851,33055.1,9437.6,4507.3
,,,,,,,,4852,32256.1,9212,4394.5
,,,,,,,,4853,31936.5,9122.7,4352.2
,,,,,,,,4854,31621.6,9033.4,4309.9
,,,,,,,,4855,32589.8,9306,4441.5
,,,,,,,,4856,35503.8,10142.6,4841
,,,,,,,,4857,39494.1,11280,5386.2
,,,,,,,,4858,43113.1,12314,5879.7
,,,,,,,,4859,46092.9,13160,6283.9
,,,,,,,,4860,48499.3,13850.9,6612.9
,,,,,,,,4861,50210.1,14339.7,6843.2
,,,,,,,,4862,51192.4,14621.7,6979.5
,,,,,,,,4863,52104.2,14880.2,7101.7
,,,,,,,,4864,53025.4,15143.4,7228.6
,,,,,,,,4865,54247.4,15491.2,7397.8
,,,,,,,,4866,55013.5,15712.1,7496.5
,,,,,,,,4867,54421.3,15542.9,7421.3
,,,,,,,,4868,52964.3,15129.3,7219.2
,,,,,,,,4869,52997.2,15138.7,7223.9
,,,,,,,,4870,51667.1,14758,7045.3
,,,,,,,,4871,47639.2,13606.5,6495.4
,,,,,,,,4872,43258.8,12356.3,5898.5
,,,,,,,,4873,39964.1,11416.3,5447.3
,,,,,,,,4874,37830.3,10805.3,5155.9
,,,,,,,,4875,36608.3,10452.8,4991.4
,,,,,,,,4876,36180.6,10335.3,4935
,,,,,,,,4877,36918.5,10546.8,5029
,,,,,,,,4878,39268.5,11214.2,5353.3
,,,,,,,,4879,43484.4,12422.1,5931.4
,,,,,,,,4880,48489.9,13846.2,6612.9
,,,,,,,,4881,52155.9,14899,7111.1
,,,,,,,,4882,54891.3,15679.2,7482.4
,,,,,,,,4883,57457.5,16412.4,7830.2
,,,,,,,,4884,59506.7,16995.2,8116.9
,,,,,,,,4885,60935.5,17404.1,8304.9
,,,,,,,,4886,62989.4,17991.6,8586.9
,,,,,,,,4887,64592.1,18447.5,8803.1
,,,,,,,,4888,65771.8,18785.9,8967.6
,,,,,,,,4889,66486.2,18988,9066.3
,,,,,,,,4890,66218.3,18912.8,9028.7
,,,,,,,,4891,64667.3,18471,8817.2
,,,,,,,,4892,63031.7,18001,8591.6
,,,,,,,,4893,63149.2,18033.9,8610.4
,,,,,,,,4894,60794.5,17361.8,8286.1
,,,,,,,,4895,55516.4,15853.1,7571.7
,,,,,,,,4896,50097.3,14306.8,6829.1
,,,,,,,,4897,46168.1,13183.5,6293.3
,,,,,,,,4898,43728.8,12487.9,5959.6
,,,,,,,,4899,42187.2,12050.8,5752.8
,,,,,,,,4900,41491.6,11848.7,5654.1
,,,,,,,,4901,41820.6,11942.7,5701.1
,,,,,,,,4902,43681.8,12478.5,5954.9
,,,,,,,,4903,47690.9,13620.6,6500.1
,,,,,,,,4904,53166.4,15185.7,7247.4
,,,,,,,,4905,57889.9,16534.6,7891.3
,,,,,,,,4906,61767.4,17643.8,8422.4
,,,,,,,,4907,65217.2,18626.1,8892.4
,,,,,,,,4908,67454.4,19265.3,9197.9
,,,,,,,,4909,69400.2,19819.9,9465.8
,,,,,,,,4910,71082.8,20299.3,9691.4
,,,,,,,,4911,71722,20482.6,9776
,,,,,,,,4912,71096.9,20304,9691.4
,,,,,,,,4913,69879.6,19960.9,9526.9
,,,,,,,,4914,68328.6,19514.4,9315.4
,,,,,,,,4915,65884.6,18814.1,8981.7
,,,,,,,,4916,63384.2,18104.4,8643.3
,,,,,,,,4917,62284.4,17789.5,8492.9
,,,,,,,,4918,58919.2,16830.7,8032.3
,,,,,,,,4919,52748.1,15063.5,7191
,,,,,,,,4920,46765,13357.4,6377.9
,,,,,,,,4921,42220.1,12055.5,5757.5
,,,,,,,,4922,39287.3,11218.9,5358
,,,,,,,,4923,37473.1,10701.9,5108.9
,,,,,,,,4924,36410.9,10401.1,4963.2
,,,,,,,,4925,36551.9,10438.7,4982
,,,,,,,,4926,38149.9,10899.3,5198.2
,,,,,,,,4927,42003.9,11999.1,5724.6
,,,,,,,,4928,46957.7,13413.8,6401.4
,,,,,,,,4929,50449.8,14405.5,6880.8
,,,,,,,,4930,52837.4,15091.7,7205.1
,,,,,,,,4931,54712.7,15627.5,7458.9
,,,,,,,,4932,55925.3,15970.6,7623.4
,,,,,,,,4933,56747.8,16210.3,7736.2
,,,,,,,,4934,57922.8,16544,7900.7
,,,,,,,,4935,58914.5,16826,8032.3
,,,,,,,,4936,59821.6,17084.5,8154.5
,,,,,,,,4937,60611.2,17310.1,8262.6
,,,,,,,,4938,60578.3,17300.7,8257.9
,,,,,,,,4939,58956.8,16835.4,8041.7
,,,,,,,,4940,56846.5,16238.5,7750.3
,,,,,,,,4941,56931.1,16262,7759.7
,,,,,,,,4942,54759.7,15636.9,7468.3
,,,,,,,,4943,49791.8,14217.5,6786.8
,,,,,,,,4944,44697,12765.2,6095.9
,,,,,,,,4945,41167.3,11759.4,5611.8
,,,,,,,,4946,38840.8,11092,5292.2
,,,,,,,,4947,37444.9,10692.5,5104.2
,,,,,,,,4948,36890.3,10537.4,5029
,,,,,,,,4949,37383.8,10678.4,5099.5
,,,,,,,,4950,39738.5,11350.5,5414.4
,,,,,,,,4951,44067.2,12586.6,6006.6
,,,,,,,,4952,48776.6,13930.8,6650.5
,,,,,,,,4953,51920.9,14833.2,7078.2
,,,,,,,,4954,54078.2,15444.2,7374.3
,,,,,,,,4955,55690.3,15904.8,7590.5
,,,,,,,,4956,56616.2,16172.7,7717.4
,,,,,,,,4957,57405.8,16398.3,7830.2
,,,,,,,,4958,59093.1,16882.4,8055.8
,,,,,,,,4959,60578.3,17305.4,8257.9
,,,,,,,,4960,61946,17695.5,8445.9
,,,,,,,,4961,63323.1,18085.6,8633.9
,,,,,,,,4962,64070.4,18297.1,8732.6
,,,,,,,,4963,63388.9,18104.4,8643.3
,,,,,,,,4964,62444.2,17836.5,8516.4
,,,,,,,,4965,61809.7,17653.2,8427.1
,,,,,,,,4966,58745.3,16779,8008.8
,,,,,,,,4967,53659.9,15322,7313.2
,,,,,,,,4968,48593.3,13879.1,6622.3
,,,,,,,,4969,44875.6,12816.9,6119.4
,,,,,,,,4970,42361.1,12097.8,5776.3
,,,,,,,,4971,40706.7,11627.8,5550.7
,,,,,,,,4972,39879.5,11392.8,5433.2
,,,,,,,,4973,40236.7,11491.5,5484.9
,,,,,,,,4974,42502.1,12140.1,5795.1
,,,,,,,,4975,46473.6,13277.5,6335.6
,,,,,,,,4976,51074.9,14588.8,6960.7
,,,,,,,,4977,54355.5,15524.1,7411.9
,,,,,,,,4978,57043.9,16290.2,7778.5
,,,,,,,,4979,59398.6,16967,8098.1
,,,,,,,,4980,61100,17451.1,8328.4
,,,,,,,,4981,62162.2,17751.9,8474.1
,,,,,,,,4982,62871.9,17958.7,8572.8
,,,,,,,,4983,62867.2,17958.7,8568.1
,,,,,,,,4984,62547.6,17864.7,8525.8
,,,,,,,,4985,62171.6,17756.6,8474.1
,,,,,,,,4986,61631.1,17606.2,8403.6
,,,,,,,,4987,60131.8,17173.8,8196.8
,,,,,,,,4988,58298.8,16652.1,7947.7
,,,,,,,,4989,57636.1,16459.4,7858.4
,,,,,,,,4990,55845.4,15951.8,7614
,,,,,,,,4991,51573.1,14729.8,7031.2
,,,,,,,,4992,46891.9,13395,6392
,,,,,,,,4993,43042.6,12290.5,5865.6
,,,,,,,,4994,40326,11515,5499
,,,,,,,,4995,38535.3,11007.4,5254.6
,,,,,,,,4996,37449.6,10697.2,5104.2
,,,,,,,,4997,37205.2,10626.7,5071.3
,,,,,,,,4998,37534.2,10720.7,5118.3
,,,,,,,,4999,38972.4,11134.3,5311
,,,,,,,,5000,42422.2,12116.6,5785.7
,,,,,,,,5001,46779.1,13362.1,6377.9
,,,,,,,,5002,50675.4,14476,6909
,,,,,,,,5003,53453.1,15265.6,7285
,,,,,,,,5004,54924.2,15683.9,7487.1
,,,,,,,,5005,55488.2,15843.7,7567
,,,,,,,,5006,55525.8,15857.8,7571.7
,,,,,,,,5007,55088.7,15730.9,7510.6
,,,,,,,,5008,53819.7,15373.7,7336.7
,,,,,,,,5009,52719.9,15058.8,7191
,,,,,,,,5010,52198.2,14908.4,7120.5
,,,,,,,,5011,51399.2,14678.1,7007.7
,,,,,,,,5012,50717.7,14480.7,6913.7
,,,,,,,,5013,50731.8,14490.1,6918.4
,,,,,,,,5014,48927,13973.1,6669.3
,,,,,,,,5015,45721.6,13056.6,6232.2
,,,,,,,,5016,42130.8,12032,5743.4
,,,,,,,,5017,39010,11139,5315.7
,,,,,,,,5018,36974.9,10560.9,5038.4
,,,,,,,,5019,35644.8,10180.2,4859.8
,,,,,,,,5020,34874,9959.3,4751.7
,,,,,,,,5021,34690.7,9907.6,4728.2
,,,,,,,,5022,34963.3,9982.8,4765.8
,,,,,,,,5023,35569.6,10156.7,4845.7
,,,,,,,,5024,37882,10819.4,5165.3
,,,,,,,,5025,41176.7,11759.4,5616.5
,,,,,,,,5026,44133,12605.4,6016
,,,,,,,,5027,46177.5,13188.2,6293.3
,,,,,,,,5028,47709.7,13625.3,6504.8
,,,,,,,,5029,48635.6,13888.5,6631.7
,,,,,,,,5030,48748.4,13921.4,6645.8
,,,,,,,,5031,48593.3,13879.1,6622.3
,,,,,,,,5032,48363,13813.3,6594.1
,,,,,,,,5033,48833,13949.6,6659.9
,,,,,,,,5034,49509.8,14142.3,6749.2
,,,,,,,,5035,49232.5,14057.7,6711.6
,,,,,,,,5036,48527.5,13860.3,6617.6
,,,,,,,,5037,49058.6,14010.7,6688.1
,,,,,,,,5038,47611,13597.1,6490.7
,,,,,,,,5039,44006.1,12572.5,6001.9
,,,,,,,,5040,40095.7,11449.2,5466.1
,,,,,,,,5041,37003.1,10570.3,5043.1
,,,,,,,,5042,35080.8,10020.4,4779.9
,,,,,,,,5043,33990.4,9705.5,4634.2
,,,,,,,,5044,33548.6,9578.6,4573.1
,,,,,,,,5045,34244.2,9780.7,4667.1
,,,,,,,,5046,36307.5,10372.9,4949.1
,,,,,,,,5047,40330.7,11519.7,5499
,,,,,,,,5048,45505.4,12995.5,6204
,,,,,,,,5049,49476.9,14128.2,6744.5
,,,,,,,,5050,52433.2,14974.2,7148.7
,,,,,,,,5051,55018.2,15712.1,7501.2
,,,,,,,,5052,56902.9,16252.6,7759.7
,,,,,,,,5053,58322.3,16656.8,7947.7
,,,,,,,,5054,59882.7,17103.3,8163.9
,,,,,,,,5055,60897.9,17394.7,8304.9
,,,,,,,,5056,61457.2,17554.5,8380.1
,,,,,,,,5057,61936.6,17690.8,8445.9
,,,,,,,,5058,61593.5,17587.4,8398.9
,,,,,,,,5059,59943.8,17117.4,8173.3
,,,,,,,,5060,57706.6,16478.2,7867.8
,,,,,,,,5061,57175.5,16332.5,7797.3
,,,,,,,,5062,54562.3,15585.2,7440.1
,,,,,,,,5063,49199.6,14053,6706.9
,,,,,,,,5064,43921.5,12544.3,5987.8
,,,,,,,,5065,40086.3,11449.2,5466.1
,,,,,,,,5066,37703.4,10767.7,5141.8
,,,,,,,,5067,36293.4,10363.5,4949.1
,,,,,,,,5068,35588.4,10166.1,4850.4
,,,,,,,,5069,36011.4,10288.3,4911.5
,,,,,,,,5070,38004.2,10852.3,5179.4
,,,,,,,,5071,41942.8,11980.3,5715.2
,,,,,,,,5072,46849.6,13380.9,6387.3
,,,,,,,,5073,50355.8,14382,6862
,,,,,,,,5074,52856.2,15096.4,7209.8
,,,,,,,,5075,55022.9,15716.8,7501.2
,,,,,,,,5076,56353,16097.5,7684.5
,,,,,,,,5077,57123.8,16313.7,7787.9
,,,,,,,,5078,57988.6,16562.8,7905.4
,,,,,,,,5079,57998,16567.5,7905.4
,,,,,,,,5080,57387,16388.9,7825.5
,,,,,,,,5081,56790.1,16219.7,7740.9
,,,,,,,,5082,56165,16041.1,7656.3
,,,,,,,,5083,55135.7,15749.7,7520
,,,,,,,,5084,54364.9,15528.8,7411.9
,,,,,,,,5085,54717.4,15627.5,7458.9
,,,,,,,,5086,52268.7,14927.2,7125.2
,,,,,,,,5087,47700.3,13625.3,6500.1
,,,,,,,,5088,43244.7,12351.6,5893.8
,,,,,,,,5089,39884.2,11392.8,5433.2
,,,,,,,,5090,37769.2,10786.5,5146.5
,,,,,,,,5091,36481.4,10419.9,4972.6
,,,,,,,,5092,35945.6,10264.8,4902.1
,,,,,,,,5093,36504.9,10429.3,4977.3
,,,,,,,,5094,38784.4,11077.9,5287.5
,,,,,,,,5095,42882.8,12248.2,5846.8
,,,,,,,,5096,47949.4,13695.8,6537.7
,,,,,,,,5097,51704.7,14767.4,7050
,,,,,,,,5098,54820.8,15655.7,7473
,,,,,,,,5099,57570.3,16445.3,7849
,,,,,,,,5100,59591.3,17018.7,8121.6
,,,,,,,,5101,61109.4,17451.1,8328.4
,,,,,,,,5102,62448.9,17836.5,8516.4
,,,,,,,,5103,62904.8,17963.4,8577.5
,,,,,,,,5104,62312.6,17798.9,8492.9
,,,,,,,,5105,61795.6,17653.2,8427.1
,,,,,,,,5106,61053,17437,8323.7
,,,,,,,,5107,59657.1,17037.5,8135.7
,,,,,,,,5108,58350.5,16666.2,7957.1
,,,,,,,,5109,58444.5,16689.7,7971.2
,,,,,,,,5110,56141.5,16031.7,7656.3
,,,,,,,,5111,51103.1,14593.5,6965.4
,,,,,,,,5112,46102.3,13164.7,6288.6
,,,,,,,,5113,42516.2,12144.8,5795.1
,,,,,,,,5114,40217.9,11486.8,5480.2
,,,,,,,,5115,38760.9,11068.5,5282.8
,,,,,,,,5116,38272.1,10927.5,5217
,,,,,,,,5117,38760.9,11068.5,5282.8
,,,,,,,,5118,41040.4,11721.8,5597.7
,,,,,,,,5119,45204.6,12910.9,6161.7
,,,,,,,,5120,50496.8,14424.3,6880.8
,,,,,,,,5121,54797.3,15651,7473
,,,,,,,,5122,58637.2,16746.1,7994.7
,,,,,,,,5123,62265.6,17784.8,8492.9
,,,,,,,,5124,65095,18593.2,8873.6
,,,,,,,,5125,67040.8,19147.8,9141.5
,,,,,,,,5126,68934.9,19688.3,9395.3
,,,,,,,,5127,70086.4,20017.3,9555.1
,,,,,,,,5128,70800.8,20224.1,9653.8
,,,,,,,,5129,71143.9,20318.1,9700.8
,,,,,,,,5130,70805.5,20224.1,9653.8
,,,,,,,,5131,69216.9,19768.2,9437.6
,,,,,,,,5132,67022,19138.4,9136.8
,,,,,,,,5133,66486.2,18988,9066.3
,,,,,,,,5134,63647.4,18174.9,8680.9
,,,,,,,,5135,57800.6,16506.4,7877.2
,,,,,,,,5136,52132.4,14889.6,7106.4
,,,,,,,,5137,47596.9,13592.4,6490.7
,,,,,,,,5138,44706.4,12765.2,6095.9
,,,,,,,,5139,42708.9,12196.5,5823.3
,,,,,,,,5140,41684.3,11905.1,5682.3
,,,,,,,,5141,41886.4,11961.5,5710.5
,,,,,,,,5142,43902.7,12539.6,5983.1
,,,,,,,,5143,47949.4,13695.8,6537.7
,,,,,,,,5144,53251,15209.2,7261.5
,,,,,,,,5145,58040.3,16576.9,7914.8
,,,,,,,,5146,62322,17798.9,8497.6
,,,,,,,,5147,66462.7,18983.3,9066.3
,,,,,,,,5148,69541.2,19862.2,9479.9
,,,,,,,,5149,71656.2,20463.8,9771.3
,,,,,,,,5150,73484.5,20990.2,10020.4
,,,,,,,,5151,74706.5,21338,10184.9
,,,,,,,,5152,75143.6,21460.2,10246
,,,,,,,,5153,75106,21446.1,10241.3
,,,,,,,,5154,74109.6,21164.1,10105
,,,,,,,,5155,71717.3,20482.6,9776
,,,,,,,,5156,69296.8,19791.7,9447
,,,,,,,,5157,68728.1,19627.2,9371.8
,,,,,,,,5158,66119.6,18879.9,9014.6
,,,,,,,,5159,60813.3,17366.5,8290.8
,,,,,,,,5160,55239.1,15773.2,7529.4
,,,,,,,,5161,50332.3,14372.6,6862
,,,,,,,,5162,47235,13489,6439
,,,,,,,,5163,44960.2,12840.4,6128.8
,,,,,,,,5164,43507.9,12426.8,5931.4
,,,,,,,,5165,42868.7,12243.5,5842.1
,,,,,,,,5166,43052,12295.2,5870.3
,,,,,,,,5167,44537.2,12718.2,6072.4
,,,,,,,,5168,48569.8,13869.7,6617.6
,,,,,,,,5169,53852.6,15378.4,7341.4
,,,,,,,,5170,58712.4,16769.6,8004.1
,,,,,,,,5171,62970.6,17986.9,8586.9
,,,,,,,,5172,66119.6,18879.9,9014.6
,,,,,,,,5173,68074.8,19443.9,9277.8
,,,,,,,,5174,69226.3,19772.9,9442.3
,,,,,,,,5175,69879.6,19960.9,9526.9
,,,,,,,,5176,69945.4,19975,9536.3
,,,,,,,,5177,69343.8,19801.1,9456.4
,,,,,,,,5178,68041.9,19434.5,9277.8
,,,,,,,,5179,65748.3,18776.5,8967.6
,,,,,,,,5180,63506.4,18137.3,8662.1
,,,,,,,,5181,63229.1,18057.4,8619.8
,,,,,,,,5182,60893.2,17390,8304.9
,,,,,,,,5183,56639.7,16172.7,7722.1
,,,,,,,,5184,52047.8,14866.1,7092.3
,,,,,,,,5185,48292.5,13794.5,6584.7
,,,,,,,,5186,45599.4,13023.7,6213.4
,,,,,,,,5187,43860.4,12525.5,5978.4
,,,,,,,,5188,42746.5,12210.6,5828
,,,,,,,,5189,42351.7,12097.8,5771.6
,,,,,,,,5190,42497.4,12140.1,5790.4
,,,,,,,,5191,43395.1,12393.9,5917.3
,,,,,,,,5192,46581.7,13305.7,6349.7
,,,,,,,,5193,51183,14621.7,6974.8
,,,,,,,,5194,56071,16012.9,7642.2
,,,,,,,,5195,60113,17169.1,8196.8
,,,,,,,,5196,63417.1,18113.8,8648
,,,,,,,,5197,65879.9,18814.1,8981.7
,,,,,,,,5198,67026.7,19143.1,9136.8
,,,,,,,,5199,67360.4,19237.1,9183.8
,,,,,,,,5200,67388.6,19246.5,9188.5
,,,,,,,,5201,66946.8,19119.6,9127.4
,,,,,,,,5202,65574.4,18729.5,8939.4
,,,,,,,,5203,64220.8,18339.4,8756.1
,,,,,,,,5204,63219.7,18057.4,8619.8
,,,,,,,,5205,62867.2,17954,8568.1
,,,,,,,,5206,60319.8,17225.5,8225
,,,,,,,,5207,55925.3,15970.6,7623.4
,,,,,,,,5208,51253.5,14640.5,6988.9
,,,,,,,,5209,47455.9,13554.8,6471.9
,,,,,,,,5210,45101.2,12878,6147.6
,,,,,,,,5211,43691.2,12478.5,5954.9
,,,,,,,,5212,43000.3,12281.1,5860.9
,,,,,,,,5213,43540.8,12436.2,5936.1
,,,,,,,,5214,45768.6,13070.7,6241.6
,,,,,,,,5215,49697.8,14194,6777.4
,,,,,,,,5216,55145.1,15749.7,7520
,,,,,,,,5217,59478.5,16985.8,8112.2
,,,,,,,,5218,62528.8,17860,8525.8
,,,,,,,,5219,64296,18362.9,8765.5
,,,,,,,,5220,65659,18753,8948.8
,,,,,,,,5221,66514.4,18997.4,9066.3
,,,,,,,,5222,67327.5,19232.4,9183.8
,,,,,,,,5223,67651.8,19321.7,9226.1
,,,,,,,,5224,67788.1,19359.3,9244.9
,,,,,,,,5225,67492,19279.4,9202.6
,,,,,,,,5226,66359.3,18950.4,9047.5
,,,,,,,,5227,63821.3,18226.6,8704.4
,,,,,,,,5228,61137.6,17460.5,8333.1
,,,,,,,,5229,60442,17258.4,8239.1
,,,,,,,,5230,57095.6,16304.3,7783.2
,,,,,,,,5231,51183,14617,6974.8
,,,,,,,,5232,45726.3,13056.6,6232.2
,,,,,,,,5233,41552.7,11867.5,5668.2
,,,,,,,,5234,38963,11129.6,5311
,,,,,,,,5235,37318,10659.6,5085.4
,,,,,,,,5236,36566,10443.4,4982
,,,,,,,,5237,36857.4,10528,5024.3
,,,,,,,,5238,38742.1,11063.8,5282.8
,,,,,,,,5239,42535,12144.8,5799.8
,,,,,,,,5240,47564,13583,6486
,,,,,,,,5241,51164.2,14612.3,6974.8
,,,,,,,,5242,54111.1,15453.6,7379
,,,,,,,,5243,56785.4,16219.7,7740.9
,,,,,,,,5244,58839.3,16807.2,8022.9
,,,,,,,,5245,60268.1,17211.4,8215.6
,,,,,,,,5246,61795.6,17648.5,8427.1
,,,,,,,,5247,62646.3,17892.9,8539.9
,,,,,,,,5248,63205.6,18052.7,8615.1
,,,,,,,,5249,63478.2,18127.9,8657.4
,,,,,,,,5250,62815.5,17939.9,8568.1
,,,,,,,,5251,60991.9,17418.2,8314.3
,,,,,,,,5252,59130.7,16887.1,8065.2
,,,,,,,,5253,59351.6,16948.2,8088.7
,,,,,,,,5254,56588,16163.3,7712.7
,,,,,,,,5255,51309.9,14654.6,6998.3
,,,,,,,,5256,46130.5,13174.1,6288.6
,,,,,,,,5257,42238.9,12064.9,5757.5
,,,,,,,,5258,39663.3,11327,5409.7
,,,,,,,,5259,37985.4,10847.6,5174.7
,,,,,,,,5260,37148.8,10612.6,5061.9
,,,,,,,,5261,37548.3,10725.4,5118.3
,,,,,,,,5262,39625.7,11317.6,5405
,,,,,,,,5263,43554.9,12440.9,5936.1
,,,,,,,,5264,48804.8,13935.5,6655.2
,,,,,,,,5265,53251,15209.2,7261.5
,,,,,,,,5266,57001.6,16280.8,7773.8
,,,,,,,,5267,60615.9,17310.1,8262.6
,,,,,,,,5268,63332.5,18085.6,8633.9
,,,,,,,,5269,65259.5,18640.2,8897.1
,,,,,,,,5270,67045.5,19147.8,9141.5
,,,,,,,,5271,68009,19420.4,9273.1
,,,,,,,,5272,68455.5,19552,9334.2
,,,,,,,,5273,68276.9,19500.3,9310.7
,,,,,,,,5274,67313.4,19227.7,9179.1
,,,,,,,,5275,65452.2,18691.9,8920.6
,,,,,,,,5276,63868.3,18240.7,8709.1
,,,,,,,,5277,64079.8,18301.8,8737.3
,,,,,,,,5278,60982.5,17418.2,8314.3
,,,,,,,,5279,55441.2,15834.3,7557.6
,,,,,,,,5280,49796.5,14222.2,6786.8
,,,,,,,,5281,45458.4,12981.4,6194.6
,,,,,,,,5282,42990.9,12281.1,5860.9
,,,,,,,,5283,41331.8,11806.4,5635.3
,,,,,,,,5284,40565.7,11585.5,5527.2
,,,,,,,,5285,40951.1,11698.3,5583.6
,,,,,,,,5286,43305.8,12370.4,5903.2
,,,,,,,,5287,47305.5,13512.5,6448.4
,,,,,,,,5288,52527.2,15002.4,7162.8
,,,,,,,,5289,57053.3,16294.9,7778.5
,,,,,,,,5290,61161.1,17465.2,8337.8
,,,,,,,,5291,65113.8,18597.9,8878.3
,,,,,,,,5292,68131.2,19458,9287.2
,,,,,,,,5293,70152.2,20031.4,9564.5
,,,,,,,,5294,71816,20510.8,9794.8
,,,,,,,,5295,72436.4,20689.4,9874.7
,,,,,,,,5296,72511.6,20712.9,9888.8
,,,,,,,,5297,72079.2,20581.3,9827.7
,,,,,,,,5298,70782,20214.7,9649.1
,,,,,,,,5299,68356.8,19519.1,9320.1
,,,,,,,,5300,66678.9,19044.4,9089.8
,,,,,,,,5301,66589.6,19016.2,9080.4
,,,,,,,,5302,63257.3,18066.8,8624.5
,,,,,,,,5303,57706.6,16478.2,7867.8
,,,,,,,,5304,52207.6,14908.4,7120.5
,,,,,,,,5305,48128,13747.5,6561.2
,,,,,,,,5306,45618.2,13028.4,6218.1
,,,,,,,,5307,43973.2,12558.4,5997.2
,,,,,,,,5308,43240,12351.6,5893.8
,,,,,,,,5309,43625.4,12459.7,5950.2
,,,,,,,,5310,45980.1,13131.8,6265.1
,,,,,,,,5311,50031.5,14288,6819.7
,,,,,,,,5312,55220.3,15773.2,7529.4
,,,,,,,,5313,59502,16995.2,8112.2
,,,,,,,,5314,62961.2,17982.2,8586.9
,,,,,,,,5315,65706,18762.4,8958.2
,,,,,,,,5316,67539,19288.8,9207.3
,,,,,,,,5317,67957.3,19406.3,9263.7
,,,,,,,,5318,67581.3,19302.9,9212
,,,,,,,,5319,66190.1,18903.4,9024
,,,,,,,,5320,64277.2,18358.2,8765.5
,,,,,,,,5321,63125.7,18029.2,8610.4
,,,,,,,,5322,61828.5,17657.9,8427.1
,,,,,,,,5323,60108.3,17164.4,8196.8
,,,,,,,,5324,58858.1,16807.2,8022.9
,,,,,,,,5325,58848.7,16807.2,8022.9
,,,,,,,,5326,56644.4,16177.4,7722.1
,,,,,,,,5327,52687,15044.7,7186.3
,,,,,,,,5328,48283.1,13789.8,6584.7
,,,,,,,,5329,44697,12760.5,6095.9
,,,,,,,,5330,42304.7,12083.7,5766.9
,,,,,,,,5331,40720.8,11627.8,5550.7
,,,,,,,,5332,39832.5,11374,5433.2
,,,,,,,,5333,39559.9,11298.8,5390.9
,,,,,,,,5334,40029.9,11430.4,5456.7
,,,,,,,,5335,41360,11815.8,5640
,,,,,,,,5336,44795.7,12793.4,6105.3
,,,,,,,,5337,49039.8,14006,6688.1
,,,,,,,,5338,52950.2,15119.9,7219.2
,,,,,,,,5339,56230.8,16055.2,7665.7
,,,,,,,,5340,58195.4,16619.2,7933.6
,,,,,,,,5341,59342.2,16948.2,8088.7
,,,,,,,,5342,60037.8,17145.6,8182.7
,,,,,,,,5343,60418.5,17253.7,8234.4
,,,,,,,,5344,60714.6,17338.3,8281.4
,,,,,,,,5345,60959,17408.8,8309.6
,,,,,,,,5346,60850.9,17375.9,8295.5
,,,,,,,,5347,59882.7,17103.3,8163.9
,,,,,,,,5348,58891,16821.3,8027.6
,,,,,,,,5349,59243.5,16920,8074.6
,,,,,,,,5350,57062.7,16294.9,7783.2
,,,,,,,,5351,53307.4,15223.3,7266.2
,,,,,,,,5352,49105.6,14024.8,6692.8
,,,,,,,,5353,45528.9,13000.2,6208.7
,,,,,,,,5354,43094.3,12309.3,5875
,,,,,,,,5355,41374.1,11815.8,5640
,,,,,,,,5356,40429.4,11543.2,5508.4
,,,,,,,,5357,40081.6,11444.5,5461.4
,,,,,,,,5358,40401.2,11533.8,5503.7
,,,,,,,,5359,41078,11731.2,5597.7
,,,,,,,,5360,43174.2,12332.8,5884.4
,,,,,,,,5361,46769.7,13357.4,6377.9
,,,,,,,,5362,50482.7,14414.9,6880.8
,,,,,,,,5363,53697.5,15336.1,7322.6
,,,,,,,,5364,56207.3,16050.5,7665.7
,,,,,,,,5365,58110.8,16595.7,7924.2
,,,,,,,,5366,59304.6,16938.8,8088.7
,,,,,,,,5367,60432.6,17258.4,8239.1
,,,,,,,,5368,61438.4,17545.1,8375.4
,,,,,,,,5369,62171.6,17756.6,8474.1
,,,,,,,,5370,62322,17798.9,8497.6
,,,,,,,,5371,61367.9,17521.6,8366
,,,,,,,,5372,60000.2,17136.2,8182.7
,,,,,,,,5373,60263.4,17206.7,8215.6
,,,,,,,,5374,57419.9,16398.3,7830.2
,,,,,,,,5375,52541.3,15002.4,7167.5
,,,,,,,,5376,47549.9,13583,6481.3
,,,,,,,,5377,43714.7,12483.2,5959.6
,,,,,,,,5378,41186.1,11764.1,5616.5
,,,,,,,,5379,39588.1,11303.5,5395.6
,,,,,,,,5380,38760.9,11068.5,5282.8
,,,,,,,,5381,39085.2,11162.5,5329.8
,,,,,,,,5382,41162.6,11754.7,5611.8
,,,,,,,,5383,44720.5,12774.6,6100.6
,,,,,,,,5384,49815.3,14226.9,6791.5
,,,,,,,,5385,54087.6,15444.2,7374.3
,,,,,,,,5386,57669,16468.8,7863.1
,,,,,,,,5387,60785.1,17357.1,8286.1
,,,,,,,,5388,62980,17986.9,8586.9
,,,,,,,,5389,64399.4,18391.1,8779.6
,,,,,,,,5390,65691.9,18762.4,8958.2
,,,,,,,,5391,66556.7,19006.8,9075.7
,,,,,,,,5392,66928,19114.9,9127.4
,,,,,,,,5393,67252.3,19208.9,9169.7
,,,,,,,,5394,66782.3,19067.9,9103.9
,,,,,,,,5395,64709.6,18480.4,8826.6
,,,,,,,,5396,62740.3,17916.4,8554
,,,,,,,,5397,62533.5,17860,8525.8
,,,,,,,,5398,58745.3,16779,8008.8
,,,,,,,,5399,52983.1,15134,7223.9
,,,,,,,,5400,47460.6,13554.8,6471.9
,,,,,,,,5401,43371.6,12384.5,5912.6
,,,,,,,,5402,40669.1,11613.7,5546
,,,,,,,,5403,38916,11110.8,5306.3
,,,,,,,,5404,38060.6,10871.1,5188.8
,,,,,,,,5405,38337.9,10946.3,5226.4
,,,,,,,,5406,40551.6,11580.8,5527.2
,,,,,,,,5407,44236.4,12633.6,6030.1
,,,,,,,,5408,49326.5,14085.9,6725.7
,,,,,,,,5409,53316.8,15228,7270.9
,,,,,,,,5410,56743.1,16205.6,7736.2
,,,,,,,,5411,59596,17018.7,8126.3
,,,,,,,,5412,61523,17568.6,8389.5
,,,,,,,,5413,62622.8,17888.2,8539.9
,,,,,,,,5414,63407.7,18109.1,8643.3
,,,,,,,,5415,63623.9,18170.2,8676.2
,,,,,,,,5416,63388.9,18104.4,8643.3
,,,,,,,,5417,63262,18066.8,8624.5
,,,,,,,,5418,62557,17869.4,8530.5
,,,,,,,,5419,61020.1,17422.9,8319
,,,,,,,,5420,60042.5,17145.6,8182.7
,,,,,,,,5421,60503.1,17281.9,8248.5
,,,,,,,,5422,57316.5,16370.1,7816.1
,,,,,,,,5423,52146.5,14894.3,7111.1
,,,,,,,,5424,47079.9,13446.7,6420.2
,,,,,,,,5425,43540.8,12431.5,5936.1
,,,,,,,,5426,41214.3,11768.8,5621.2
,,,,,,,,5427,39780.8,11359.9,5423.8
,,,,,,,,5428,39179.2,11190.7,5339.2
,,,,,,,,5429,39639.8,11322.3,5405
,,,,,,,,5430,42116.7,12027.3,5743.4
,,,,,,,,5431,46327.9,13230.5,6316.8
,,,,,,,,5432,50506.2,14424.3,6885.5
,,,,,,,,5433,53138.2,15176.3,7242.7
,,,,,,,,5434,55065.2,15726.2,7505.9
,,,,,,,,5435,57570.3,16440.6,7849
,,,,,,,,5436,60061.3,17155,8187.4
,,,,,,,,5437,61931.9,17686.1,8445.9
,,,,,,,,5438,63661.5,18179.6,8680.9
,,,,,,,,5439,64521.6,18428.7,8798.4
,,,,,,,,5440,64869.4,18527.4,8845.4
,,,,,,,,5441,64582.7,18442.8,8803.1
,,,,,,,,5442,63562.8,18151.4,8666.8
,,,,,,,,5443,61889.6,17676.7,8441.2
,,,,,,,,5444,61203.4,17479.3,8347.2
,,,,,,,,5445,61024.8,17422.9,8319
,,,,,,,,5446,57636.1,16459.4,7858.4
,,,,,,,,5447,52348.6,14950.7,7139.3
,,,,,,,,5448,47141,13465.5,6429.6
,,,,,,,,5449,43099,12309.3,5875
,,,,,,,,5450,40523.4,11571.4,5527.2
,,,,,,,,5451,38963,11129.6,5311
,,,,,,,,5452,38276.8,10932.2,5217
,,,,,,,,5453,38596.4,11021.5,5264
,,,,,,,,5454,40932.3,11693.6,5578.9
,,,,,,,,5455,44908.5,12826.3,6119.4
,,,,,,,,5456,49246.6,14062.4,6711.6
,,,,,,,,5457,52785.7,15077.6,7195.7
,,,,,,,,5458,56000.5,15994.1,7637.5
,,,,,,,,5459,58947.4,16835.4,8037
,,,,,,,,5460,61132.9,17460.5,8333.1
,,,,,,,,5461,62542.9,17864.7,8525.8
,,,,,,,,5462,63779,18217.2,8695
,,,,,,,,5463,64474.6,18409.9,8789
,,,,,,,,5464,64761.3,18494.5,8826.6
,,,,,,,,5465,64869.4,18527.4,8845.4
,,,,,,,,5466,64192.6,18334.7,8756.1
,,,,,,,,5467,62058.8,17723.7,8460
,,,,,,,,5468,60131.8,17173.8,8196.8
,,,,,,,,5469,59962.6,17122.1,8173.3
,,,,,,,,5470,56489.3,16130.4,7703.3
,,,,,,,,5471,51164.2,14612.3,6974.8
,,,,,,,,5472,45787.4,13075.4,6241.6
,,,,,,,,5473,41853.5,11956.8,5705.8
,,,,,,,,5474,39230.9,11204.8,5348.6
,,,,,,,,5475,37590.6,10734.8,5123
,,,,,,,,5476,36763.4,10499.8,5010.2
,,,,,,,,5477,37021.9,10575,5047.8
,,,,,,,,5478,39000.6,11139,5315.7
,,,,,,,,5479,42450.4,12126,5790.4
,,,,,,,,5480,47108.1,13456.1,6424.9
,,,,,,,,5481,51371,14668.7,7003
,,,,,,,,5482,54980.6,15702.7,7496.5
,,,,,,,,5483,58350.5,16666.2,7952.4
,,,,,,,,5484,60921.4,17399.4,8304.9
,,,,,,,,5485,63031.7,18005.7,8591.6
,,,,,,,,5486,65010.4,18565,8864.2
,,,,,,,,5487,66237.1,18917.5,9028.7
,,,,,,,,5488,66646,19035,9085.1
,,,,,,,,5489,66599,19020.9,9080.4
,,,,,,,,5490,65447.5,18691.9,8920.6
,,,,,,,,5491,62980,17986.9,8586.9
,,,,,,,,5492,61541.8,17573.3,8389.5
,,,,,,,,5493,61222.2,17484,8347.2
,,,,,,,,5494,57918.1,16544,7900.7
,,,,,,,,5495,52945.5,15119.9,7219.2
,,,,,,,,5496,47991.7,13705.2,6542.4
,,,,,,,,5497,43902.7,12539.6,5983.1
,,,,,,,,5498,41143.8,11750,5607.1
,,,,,,,,5499,39296.7,11223.6,5358
,,,,,,,,5500,38098.2,10875.8,5193.5
,,,,,,,,5501,37651.7,10753.6,5132.4
,,,,,,,,5502,38098.2,10880.5,5193.5
,,,,,,,,5503,39052.3,11153.1,5325.1
,,,,,,,,5504,41402.3,11825.2,5644.7
,,,,,,,,5505,44490.2,12708.8,6067.7
,,,,,,,,5506,46929.5,13404.4,6396.7
,,,,,,,,5507,48489.9,13846.2,6612.9
,,,,,,,,5508,49434.6,14118.8,6739.8
,,,,,,,,5509,49585,14161.1,6763.3
,,,,,,,,5510,49444,14123.5,6739.8
,,,,,,,,5511,49256,14067.1,6711.6
,,,,,,,,5512,49082.1,14015.4,6692.8
,,,,,,,,5513,49227.8,14057.7,6711.6
,,,,,,,,5514,49213.7,14057.7,6711.6
,,,,,,,,5515,48574.5,13869.7,6622.3
,,,,,,,,5516,47921.2,13686.4,6533
,,,,,,,,5517,48489.9,13846.2,6612.9
,,,,,,,,5518,46248,13207,6307.4
,,,,,,,,5519,42798.2,12220,5837.4
,,,,,,,,5520,39042.9,11153.1,5320.4
,,,,,,,,5521,35997.3,10283.6,4911.5
,,,,,,,,5522,33868.2,9672.6,4615.4
,,,,,,,,5523,32401.8,9254.3,4413.3
,,,,,,,,5524,31645.1,9038.1,4314.6
,,,,,,,,5525,31316.1,8944.1,4272.3
,,,,,,,,5526,31527.6,9005.2,4295.8
,,,,,,,,5527,31861.3,9099.2,4342.8
,,,,,,,,5528,34192.5,9766.6,4662.4
,,,,,,,,5529,37703.4,10767.7,5141.8
,,,,,,,,5530,40824.2,11656,5564.8
,,,,,,,,5531,42967.4,12271.7,5860.9
,,,,,,,,5532,44264.6,12643,6034.8
,,,,,,,,5533,44997.8,12849.8,6133.5
,,,,,,,,5534,45063.6,12868.6,6142.9
,,,,,,,,5535,45101.2,12878,6147.6
,,,,,,,,5536,45359.7,12953.2,6185.2
,,,,,,,,5537,46111.7,13169.4,6288.6
,,,,,,,,5538,46661.6,13324.5,6359.1
,,,,,,,,5539,46558.2,13296.3,6349.7
,,,,,,,,5540,46779.1,13362.1,6377.9
,,,,,,,,5541,47813.1,13653.5,6518.9
,,,,,,,,5542,45505.4,12995.5,6204
,,,,,,,,5543,41783,11933.3,5696.4
,,,,,,,,5544,38168.7,10899.3,5202.9
,,,,,,,,5545,35489.7,10133.2,4841
,,,,,,,,5546,33821.2,9658.5,4610.7
,,,,,,,,5547,32838.9,9376.5,4479.1
,,,,,,,,5548,32500.5,9282.5,4432.1
,,,,,,,,5549,33158.5,9470.5,4521.4
,,,,,,,,5550,35400.4,10109.7,4826.9
,,,,,,,,5551,39132.2,11176.6,5334.5
,,,,,,,,5552,43418.6,12403.3,5917.3
,,,,,,,,5553,46849.6,13380.9,6387.3
,,,,,,,,5554,49744.8,14208.1,6782.1
,,,,,,,,5555,52174.7,14899,7115.8
,,,,,,,,5556,53885.5,15387.8,7346.1
,,,,,,,,5557,54914.8,15683.9,7487.1
,,,,,,,,5558,55671.5,15900.1,7590.5
,,,,,,,,5559,55826.6,15942.4,7614
,,,,,,,,5560,55723.2,15914.2,7595.2
,,,,,,,,5561,55807.8,15937.7,7609.3
,,,,,,,,5562,55624.5,15886,7585.8
,,,,,,,,5563,54153.4,15467.7,7383.7
,,,,,,,,5564,53396.7,15251.5,7280.3
,,,,,,,,5565,53871.4,15383.1,7346.1
,,,,,,,,5566,50548.5,14433.7,6890.2
,,,,,,,,5567,45716.9,13056.6,6232.2
,,,,,,,,5568,41125,11745.3,5607.1
,,,,,,,,5569,37839.7,10805.3,5160.6
,,,,,,,,5570,35997.3,10283.6,4906.8
,,,,,,,,5571,34808.2,9940.5,4747
,,,,,,,,5572,34338.2,9804.2,4681.2
,,,,,,,,5573,34991.5,9992.2,4765.8
,,,,,,,,5574,37548.3,10725.4,5118.3
,,,,,,,,5575,41651.4,11895.7,5677.6
,,,,,,,,5576,45942.5,13122.4,6260.4
,,,,,,,,5577,49204.3,14053,6711.6
,,,,,,,,5578,51939.7,14833.2,7082.9
,,,,,,,,5579,54364.9,15524.1,7411.9
,,,,,,,,5580,55981.7,15984.7,7632.8
,,,,,,,,5581,57076.8,16299.6,7783.2
,,,,,,,,5582,58176.6,16619.2,7933.6
,,,,,,,,5583,58773.5,16783.7,8013.5
,,,,,,,,5584,58961.5,16840.1,8041.7
,,,,,,,,5585,58970.9,16840.1,8041.7
,,,,,,,,5586,58007.4,16567.5,7910.1
,,,,,,,,5587,56066.3,16008.2,7642.2
,,,,,,,,5588,54966.5,15698,7496.5
,,,,,,,,5589,55220.3,15773.2,7529.4
,,,,,,,,5590,51803.4,14795.6,7064.1
,,,,,,,,5591,46703.9,13338.6,6368.5
,,,,,,,,5592,41872.3,11961.5,5710.5
,,,,,,,,5593,38413.1,10969.8,5235.8
,,,,,,,,5594,36284,10358.8,4944.4
,,,,,,,,5595,34925.7,9973.4,4761.1
,,,,,,,,5596,34216,9771.3,4667.1
,,,,,,,,5597,34615.5,9884.1,4718.8
,,,,,,,,5598,36880.9,10532.7,5029
,,,,,,,,5599,40410.6,11538.5,5508.4
,,,,,,,,5600,45077.7,12878,6147.6
,,,,,,,,5601,48640.3,13888.5,6631.7
,,,,,,,,5602,51690.6,14762.7,7045.3
,,,,,,,,5603,54360.2,15524.1,7411.9
,,,,,,,,5604,56268.4,16069.3,7670.4
,,,,,,,,5605,57424.6,16403,7830.2
,,,,,,,,5606,58670.1,16755.5,7994.7
,,,,,,,,5607,59426.8,16976.4,8102.8
,,,,,,,,5608,59633.6,17032.8,8131
,,,,,,,,5609,59765.2,17065.7,8149.8
,,,,,,,,5610,59036.7,16858.9,8046.4
,,,,,,,,5611,57213.1,16337.2,7802
,,,,,,,,5612,55930,15975.3,7623.4
,,,,,,,,5613,56226.1,16055.2,7665.7
,,,,,,,,5614,52870.3,15101.1,7209.8
,,,,,,,,5615,47723.8,13630,6504.8
,,,,,,,,5616,42882.8,12248.2,5846.8
,,,,,,,,5617,39348.4,11237.7,5362.7
,,,,,,,,5618,37144.1,10607.9,5061.9
,,,,,,,,5619,35668.3,10184.9,4864.5
,,,,,,,,5620,35094.9,10025.1,4784.6
,,,,,,,,5621,35475.6,10128.5,4836.3
,,,,,,,,5622,37910.2,10828.8,5170
,,,,,,,,5623,41609.1,11886.3,5668.2
,,,,,,,,5624,46464.2,13272.8,6335.6
,,,,,,,,5625,50468.6,14414.9,6880.8
,,,,,,,,5626,53697.5,15336.1,7322.6
,,,,,,,,5627,56461.1,16125.7,7698.6
,,,,,,,,5628,58679.5,16760.2,7999.4
,,,,,,,,5629,60404.4,17253.7,8234.4
,,,,,,,,5630,62129.3,17747.2,8474.1
,,,,,,,,5631,62947.1,17977.5,8582.2
,,,,,,,,5632,63337.2,18090.3,8633.9
,,,,,,,,5633,63445.3,18123.2,8652.7
,,,,,,,,5634,62716.8,17911.7,8549.3
,,,,,,,,5635,60808.6,17366.5,8290.8
,,,,,,,,5636,59431.5,16976.4,8102.8
,,,,,,,,5637,59534.9,16999.9,8116.9
,,,,,,,,5638,56038.1,16003.5,7637.5
,,,,,,,,5639,50736.5,14490.1,6918.4
,,,,,,,,5640,45622.9,13028.4,6218.1
,,,,,,,,5641,41942.8,11980.3,5715.2
,,,,,,,,5642,39437.7,11261.2,5376.8
,,,,,,,,5643,37820.9,10800.6,5155.9
,,,,,,,,5644,36956.1,10556.2,5038.4
,,,,,,,,5645,37252.2,10640.8,5076
,,,,,,,,5646,39428.3,11261.2,5376.8
,,,,,,,,5647,42915.7,12257.6,5851.5
,,,,,,,,5648,47493.5,13564.2,6476.6
,,,,,,,,5649,51436.8,14692.2,7012.4
,,,,,,,,5650,54787.9,15646.3,7473
,,,,,,,,5651,57810,16511.1,7881.9
,,,,,,,,5652,60042.5,17145.6,8182.7
,,,,,,,,5653,61499.5,17563.9,8384.8
,,,,,,,,5654,62918.9,17968.1,8577.5
,,,,,,,,5655,63515.8,18142,8662.1
,,,,,,,,5656,63360.7,18099.7,8638.6
,,,,,,,,5657,63078.7,18015.1,8601
,,,,,,,,5658,61819.1,17657.9,8427.1
,,,,,,,,5659,59487.9,16990.5,8112.2
,,,,,,,,5660,58247.1,16638,7943
,,,,,,,,5661,57932.2,16548.7,7900.7
,,,,,,,,5662,54693.9,15618.1,7454.2
,,,,,,,,5663,50106.7,14311.5,6833.8
,,,,,,,,5664,45350.3,12948.5,6180.5
,,,,,,,,5665,41505.7,11853.4,5658.8
,,,,,,,,5666,39099.3,11167.2,5329.8
,,,,,,,,5667,37463.7,10701.9,5104.2
,,,,,,,,5668,36523.7,10429.3,4982
,,,,,,,,5669,36378,10387,4958.5
,,,,,,,,5670,37144.1,10607.9,5061.9
,,,,,,,,5671,38516.5,10998,5249.9
,,,,,,,,5672,41599.7,11881.6,5668.2
,,,,,,,,5673,45641.7,13033.1,6222.8
,,,,,,,,5674,49237.2,14062.4,6711.6
,,,,,,,,5675,51888,14819.1,7073.5
,,,,,,,,5676,53589.4,15303.2,7308.5
,,,,,,,,5677,54651.6,15608.7,7449.5
,,,,,,,,5678,55304.9,15796.7,7538.8
,,,,,,,,5679,55629.2,15890.7,7585.8
,,,,,,,,5680,55516.4,15853.1,7571.7
,,,,,,,,5681,55210.9,15768.5,7524.7
,,,,,,,,5682,54416.6,15538.2,7421.3
,,,,,,,,5683,52809.2,15082.3,7200.4
,,,,,,,,5684,52085.4,14880.2,7101.7
,,,,,,,,5685,51949.1,14837.9,7082.9
,,,,,,,,5686,49340.6,14090.6,6725.7
,,,,,,,,5687,45604.1,13023.7,6213.4
,,,,,,,,5688,41609.1,11886.3,5668.2
,,,,,,,,5689,38441.3,10979.2,5240.5
,,,,,,,,5690,36190,10335.3,4935
,,,,,,,,5691,34770.6,9931.1,4742.3
,,,,,,,,5692,33854.1,9667.9,4615.4
,,,,,,,,5693,33567.4,9583.3,4577.8
,,,,,,,,5694,33905.8,9682,4624.8
,,,,,,,,5695,34314.7,9799.5,4676.5
,,,,,,,,5696,36862.1,10528,5029
,,,,,,,,5697,40763.1,11641.9,5555.4
,,,,,,,,5698,44400.9,12680.6,6053.6
,,,,,,,,5699,47192.7,13479.6,6434.3
,,,,,,,,5700,49359.4,14100,6730.4
,,,,,,,,5701,51065.5,14584.1,6960.7
,,,,,,,,5702,52000.8,14852,7092.3
,,,,,,,,5703,52851.5,15096.4,7205.1
,,,,,,,,5704,53711.6,15340.8,7322.6
,,,,,,,,5705,54571.7,15585.2,7440.1
,,,,,,,,5706,55008.8,15707.4,7496.5
,,,,,,,,5707,54007.7,15420.7,7360.2
,,,,,,,,5708,53377.9,15246.8,7280.3
,,,,,,,,5709,53528.3,15289.1,7299.1
,,,,,,,,5710,50219.5,14339.7,6847.9
,,,,,,,,5711,45604.1,13023.7,6213.4
,,,,,,,,5712,41454,11839.3,5649.4
,,,,,,,,5713,38164,10899.3,5202.9
,,,,,,,,5714,36175.9,10335.3,4935
,,,,,,,,5715,34996.2,9996.9,4770.5
,,,,,,,,5716,34469.8,9841.8,4695.3
,,,,,,,,5717,35066.7,10015.7,4779.9
,,,,,,,,5718,37632.9,10748.9,5127.7
,,,,,,,,5719,41576.2,11876.9,5668.2
,,,,,,,,5720,46266.8,13211.7,6307.4
,,,,,,,,5721,50186.6,14335,6843.2
,,,,,,,,5722,53424.9,15256.2,7285
,,,,,,,,5723,56240.2,16059.9,7665.7
,,,,,,,,5724,58585.5,16732,7990
,,,,,,,,5725,60348,17234.9,8229.7
,,,,,,,,5726,62190.4,17761.3,8478.8
,,,,,,,,5727,63092.8,18019.8,8601
,,,,,,,,5728,63215,18057.4,8619.8
,,,,,,,,5729,63055.2,18010.4,8596.3
,,,,,,,,5730,62237.4,17775.4,8488.2
,,,,,,,,5731,60681.7,17328.9,8272
,,,,,,,,5732,60733.4,17347.7,8281.4
,,,,,,,,5733,60658.2,17324.2,8272
,,,,,,,,5734,57213.1,16337.2,7802
,,,,,,,,5735,52188.8,14903.7,7115.8
,,,,,,,,5736,47507.6,13568.9,6476.6
,,,,,,,,5737,44217.6,12628.9,6025.4
,,,,,,,,5738,42126.1,12027.3,5743.4
,,,,,,,,5739,40875.9,11674.8,5574.2
,,,,,,,,5740,40396.5,11533.8,5503.7
,,,,,,,,5741,41115.6,11745.3,5602.4
,,,,,,,,5742,44175.3,12614.8,6025.4
,,,,,,,,5743,49420.5,14114.1,6739.8
,,,,,,,,5744,53847.9,15378.4,7341.4
,,,,,,,,5745,56395.3,16106.9,7689.2
,,,,,,,,5746,58007.4,16567.5,7905.4
,,,,,,,,5747,59596,17018.7,8126.3
,,,,,,,,5748,61429,17545.1,8375.4
,,,,,,,,5749,62998.8,17991.6,8586.9
,,,,,,,,5750,64780.1,18503.9,8831.3
,,,,,,,,5751,65912.8,18823.5,8986.4
,,,,,,,,5752,66298.2,18931.6,9038.1
,,,,,,,,5753,66420.4,18969.2,9056.9
,,,,,,,,5754,65489.8,18701.3,8930
,,,,,,,,5755,62928.3,17972.8,8582.2
,,,,,,,,5756,61828.5,17657.9,8427.1
,,,,,,,,5757,61029.5,17427.6,8323.7
,,,,,,,,5758,56541,16149.2,7712.7
,,,,,,,,5759,50562.6,14438.4,6894.9
,,,,,,,,5760,45091.8,12878,6147.6
,,,,,,,,5761,40838.3,11660.7,5569.5
,,,,,,,,5762,38234.5,10922.8,5212.3
,,,,,,,,5763,36429.7,10405.8,4963.2
,,,,,,,,5764,35475.6,10128.5,4836.3
,,,,,,,,5765,35574.3,10161.4,4850.4
,,,,,,,,5766,37961.9,10842.9,5174.7
,,,,,,,,5767,41961.6,11985,5719.9
,,,,,,,,5768,45890.8,13108.3,6255.7
,,,,,,,,5769,48334.8,13803.9,6589.4
,,,,,,,,5770,50097.3,14306.8,6829.1
,,,,,,,,5771,51563.7,14725.1,7031.2
,,,,,,,,5772,52466.1,14983.6,7153.4
,,,,,,,,5773,53077.1,15162.2,7238
,,,,,,,,5774,53866.7,15383.1,7346.1
,,,,,,,,5775,54346.1,15519.4,7407.2
,,,,,,,,5776,54651.6,15608.7,7449.5
,,,,,,,,5777,55008.8,15707.4,7496.5
,,,,,,,,5778,54736.2,15632.2,7463.6
,,,,,,,,5779,53199.3,15195.1,7252.1
,,,,,,,,5780,52682.3,15044.7,7181.6
,,,,,,,,5781,52367.4,14955.4,7139.3
,,,,,,,,5782,48612.1,13883.8,6627
,,,,,,,,5783,43531.4,12431.5,5931.4
,,,,,,,,5784,38826.7,11087.3,5292.2
,,,,,,,,5785,35668.3,10189.6,4864.5
,,,,,,,,5786,33731.9,9630.3,4601.3
,,,,,,,,5787,32575.7,9301.3,4436.8
,,,,,,,,5788,32119.8,9174.4,4380.4
,,,,,,,,5789,32660.3,9324.8,4450.9
,,,,,,,,5790,35282.9,10076.8,4808.1
,,,,,,,,5791,39653.9,11322.3,5409.7
,,,,,,,,5792,43747.6,12497.3,5964.3
,,,,,,,,5793,46685.1,13333.9,6363.8
,,,,,,,,5794,49082.1,14020.1,6692.8
,,,,,,,,5795,51201.8,14621.7,6979.5
,,,,,,,,5796,52550.7,15011.8,7167.5
,,,,,,,,5797,53443.7,15260.9,7285
,,,,,,,,5798,54609.3,15594.6,7444.8
,,,,,,,,5799,55262.6,15782.6,7534.1
,,,,,,,,5800,55699.7,15909.5,7590.5
,,,,,,,,5801,56024,16003.5,7637.5
,,,,,,,,5802,55431.8,15829.6,7557.6
,,,,,,,,5803,53800.9,15364.3,7332
,,,,,,,,5804,53876.1,15387.8,7346.1
,,,,,,,,5805,53791.5,15364.3,7332
,,,,,,,,5806,50275.9,14358.5,6857.3
,,,,,,,,5807,45383.2,12962.6,6189.9
,,,,,,,,5808,40979.3,11703,5583.6
,,,,,,,,5809,37694,10763,5137.1
,,,,,,,,5810,35522.6,10142.6,4841
,,,,,,,,5811,34291.2,9790.1,4671.8
,,,,,,,,5812,33750.7,9639.7,4601.3
,,,,,,,,5813,34239.5,9780.7,4667.1
,,,,,,,,5814,36801,10509.2,5014.9
,,,,,,,,5815,40833.6,11660.7,5564.8
,,,,,,,,5816,45068.3,12873.3,6147.6
,,,,,,,,5817,48635.6,13888.5,6631.7
,,,,,,,,5818,51634.2,14748.6,7040.6
,,,,,,,,5819,54308.5,15514.7,7402.5
,,,,,,,,5820,56536.3,16149.2,7708
,,,,,,,,5821,58115.5,16595.7,7924.2
,,,,,,,,5822,59986.1,17136.2,8178
,,,,,,,,5823,61043.6,17437,8323.7
,,,,,,,,5824,61612.3,17596.8,8398.9
,,,,,,,,5825,61729.8,17629.7,8417.7
,,,,,,,,5826,61179.9,17469.9,8342.5
,,,,,,,,5827,59262.3,16929.4,8079.3
,,,,,,,,5828,58529.1,16713.2,7980.6
,,,,,,,,5829,58059.1,16581.6,7914.8
,,,,,,,,5830,54933.6,15688.6,7491.8
,,,,,,,,5831,50698.9,14480.7,6909
,,,,,,,,5832,46060,13155.3,6279.2
,,,,,,,,5833,41830,11947.4,5701.1
,,,,,,,,5834,39809,11369.3,5428.5
,,,,,,,,5835,38413.1,10969.8,5235.8
,,,,,,,,5836,37444.9,10692.5,5104.2
,,,,,,,,5837,36989,10565.6,5043.1
,,,,,,,,5838,37553,10725.4,5118.3
,,,,,,,,5839,38530.6,11002.7,5249.9
,,,,,,,,5840,41486.9,11848.7,5654.1
,,,,,,,,5841,45872,13103.6,6255.7
,,,,,,,,5842,49632,14175.2,6763.3
,,,,,,,,5843,52193.5,14903.7,7115.8
,,,,,,,,5844,53927.8,15401.9,7355.5
,,,,,,,,5845,54806.7,15655.7,7473
,,,,,,,,5846,54914.8,15683.9,7487.1
,,,,,,,,5847,54736.2,15632.2,7463.6
,,,,,,,,5848,54275.6,15500.6,7402.5
,,,,,,,,5849,53937.2,15406.6,7355.5
,,,,,,,,5850,53034.8,15148.1,7233.3
,,,,,,,,5851,51272.3,14645.2,6993.6
,,,,,,,,5852,50901,14537.1,6937.2
,,,,,,,,5853,50412.2,14396.1,6871.4
,,,,,,,,5854,47794.3,13653.5,6518.9
,,,,,,,,5855,44208.2,12624.2,6025.4
,,,,,,,,5856,40391.8,11533.8,5503.7
,,,,,,,,5857,37289.8,10650.2,5080.7
,,,,,,,,5858,35259.4,10072.1,4808.1
,,,,,,,,5859,33915.2,9686.7,4624.8
,,,,,,,,5860,33196.1,9484.6,4526.1
,,,,,,,,5861,32900,9395.3,4483.8
,,,,,,,,5862,33233.7,9489.3,4530.8
,,,,,,,,5863,33689.6,9625.6,4591.9
,,,,,,,,5864,35879.8,10246,4888
,,,,,,,,5865,39409.5,11251.8,5372.1
,,,,,,,,5866,42426.9,12116.6,5785.7
,,,,,,,,5867,44490.2,12708.8,6067.7
,,,,,,,,5868,45914.3,13113,6260.4
,,,,,,,,5869,47070.5,13442,6415.5
,,,,,,,,5870,47545.2,13583,6481.3
,,,,,,,,5871,47808.4,13653.5,6518.9
,,,,,,,,5872,47897.7,13677,6528.3
,,,,,,,,5873,47987,13705.2,6542.4
,,,,,,,,5874,48057.5,13724,6551.8
,,,,,,,,5875,47366.6,13531.3,6457.8
,,,,,,,,5876,47596.9,13597.1,6490.7
,,,,,,,,5877,47338.4,13521.9,6453.1
,,,,,,,,5878,45035.4,12859.2,6142.9
,,,,,,,,5879,41773.6,11933.3,5696.4
,,,,,,,,5880,38267.4,10927.5,5217
,,,,,,,,5881,35470.9,10128.5,4836.3
,,,,,,,,5882,33605,9597.4,4577.8
,,,,,,,,5883,32453.5,9273.1,4422.7
,,,,,,,,5884,31884.8,9108.6,4342.8
,,,,,,,,5885,31931.8,9122.7,4352.2
,,,,,,,,5886,32843.6,9381.2,4479.1
,,,,,,,,5887,33882.3,9672.6,4620.1
,,,,,,,,5888,35992.6,10278.9,4906.8
,,,,,,,,5889,39400.1,11251.8,5372.1
,,,,,,,,5890,42727.7,12201.2,5823.3
,,,,,,,,5891,45082.4,12878,6147.6
,,,,,,,,5892,46609.9,13310.4,6354.4
,,,,,,,,5893,47441.8,13550.1,6467.2
,,,,,,,,5894,47958.8,13700.5,6537.7
,,,,,,,,5895,48301.9,13794.5,6584.7
,,,,,,,,5896,48626.2,13888.5,6627
,,,,,,,,5897,49232.5,14057.7,6711.6
,,,,,,,,5898,49660.2,14184.6,6768
,,,,,,,,5899,49237.2,14062.4,6711.6
,,,,,,,,5900,50266.5,14358.5,6852.6
,,,,,,,,5901,50055,14292.7,6824.4
,,,,,,,,5902,46501.8,13282.2,6340.3
,,,,,,,,5903,41919.3,11975.6,5715.2
,,,,,,,,5904,37914.9,10828.8,5170
,,,,,,,,5905,35306.4,10081.5,4812.8
,,,,,,,,5906,33778.9,9649.1,4601.3
,,,,,,,,5907,33069.2,9442.3,4507.3
,,,,,,,,5908,32942.3,9409.4,4488.5
,,,,,,,,5909,33778.9,9649.1,4601.3
,,,,,,,,5910,37050.1,10584.4,5052.5
,,,,,,,,5911,42981.5,12276.4,5860.9
,,,,,,,,5912,47286.7,13507.8,6448.4
,,,,,,,,5913,49641.4,14175.2,6768
,,,,,,,,5914,51540.2,14720.4,7026.5
,,,,,,,,5915,53086.5,15162.2,7238
,,,,,,,,5916,53871.4,15387.8,7346.1
,,,,,,,,5917,54195.7,15481.8,7388.4
,,,,,,,,5918,54567,15585.2,7440.1
,,,,,,,,5919,54477.7,15561.7,7426
,,,,,,,,5920,54693.9,15622.8,7454.2
,,,,,,,,5921,55182.7,15759.1,7520
,,,,,,,,5922,55798.4,15937.7,7609.3
,,,,,,,,5923,55977,15984.7,7632.8
,,,,,,,,5924,56978.1,16271.4,7769.1
,,,,,,,,5925,56165,16041.1,7656.3
,,,,,,,,5926,52799.8,15082.3,7195.7
,,,,,,,,5927,48062.2,13724,6551.8
,,,,,,,,5928,43785.2,12502,5969
,,,,,,,,5929,40880.6,11674.8,5574.2
,,,,,,,,5930,39235.6,11204.8,5348.6
,,,,,,,,5931,38441.3,10979.2,5240.5
,,,,,,,,5932,38267.4,10927.5,5217
,,,,,,,,5933,39240.3,11204.8,5348.6
,,,,,,,,5934,42699.5,12191.8,5818.6
,,,,,,,,5935,49082.1,14020.1,6692.8
,,,,,,,,5936,53678.7,15331.4,7317.9
,,,,,,,,5937,56202.6,16050.5,7665.7
,,,,,,,,5938,58190.7,16619.2,7933.6
,,,,,,,,5939,59191.8,16905.9,8069.9
,,,,,,,,5940,59469.1,16985.8,8107.5
,,,,,,,,5941,59408,16967,8098.1
,,,,,,,,5942,59845.1,17093.9,8159.2
,,,,,,,,5943,60296.3,17220.8,8220.3
,,,,,,,,5944,60507.8,17281.9,8248.5
,,,,,,,,5945,61038.9,17432.3,8323.7
,,,,,,,,5946,60963.7,17408.8,8309.6
,,,,,,,,5947,59868.6,17098.6,8163.9
,,,,,,,,5948,60122.4,17169.1,8196.8
,,,,,,,,5949,58942.7,16830.7,8037
,,,,,,,,5950,54703.3,15622.8,7458.9
,,,,,,,,5951,49044.5,14006,6688.1
,,,,,,,,5952,43959.1,12553.7,5992.5
,,,,,,,,5953,40194.4,11477.4,5480.2
,,,,,,,,5954,37867.9,10814.7,5160.6
,,,,,,,,5955,36533.1,10434,4982
,,,,,,,,5956,35964.4,10269.5,4902.1
,,,,,,,,5957,36509.6,10429.3,4977.3
,,,,,,,,5958,39428.3,11261.2,5376.8
,,,,,,,,5959,44729.9,12774.6,6100.6
,,,,,,,,5960,48687.3,13907.3,6636.4
,,,,,,,,5961,50999.7,14565.3,6951.3
,,,,,,,,5962,52931.4,15115.2,7214.5
,,,,,,,,5963,54736.2,15632.2,7463.6
,,,,,,,,5964,55812.5,15937.7,7609.3
,,,,,,,,5965,56320.1,16083.4,7679.8
,,,,,,,,5966,57532.7,16431.2,7844.3
,,,,,,,,5967,58472.7,16699.1,7971.2
,,,,,,,,5968,58933.3,16830.7,8037
,,,,,,,,5969,58970.9,16844.8,8041.7
,,,,,,,,5970,58214.2,16623.9,7938.3
,,,,,,,,5971,57100.3,16309,7783.2
,,,,,,,,5972,58181.3,16619.2,7933.6
,,,,,,,,5973,57387,16388.9,7825.5
,,,,,,,,5974,53528.3,15289.1,7299.1
,,,,,,,,5975,48254.9,13780.4,6580
,,,,,,,,5976,43432.7,12403.3,5922
,,,,,,,,5977,40091,11449.2,5466.1
,,,,,,,,5978,38027.7,10861.7,5184.1
,,,,,,,,5979,36782.2,10504.5,5014.9
,,,,,,,,5980,36171.2,10335.3,4935
,,,,,,,,5981,36810.4,10513.9,5019.6
,,,,,,,,5982,39818.4,11369.3,5428.5
,,,,,,,,5983,45204.6,12910.9,6161.7
,,,,,,,,5984,49345.3,14095.3,6725.7
,,,,,,,,5985,52235.8,14917.8,7120.5
,,,,,,,,5986,54966.5,15702.7,7496.5
,,,,,,,,5987,57640.8,16464.1,7858.4
,,,,,,,,5988,60145.9,17178.5,8201.5
,,,,,,,,5989,61899,17676.7,8441.2
,,,,,,,,5990,63464.1,18127.9,8652.7
,,,,,,,,5991,64587.4,18447.5,8803.1
,,,,,,,,5992,65085.6,18588.5,8873.6
,,,,,,,,5993,65066.8,18583.8,8873.6
,,,,,,,,5994,63661.5,18179.6,8680.9
,,,,,,,,5995,61523,17568.6,8389.5
,,,,,,,,5996,61546.5,17578,8394.2
,,,,,,,,5997,60244.6,17206.7,8210.9
,,,,,,,,5998,56606.8,16168,7717.4
,,,,,,,,5999,51794,14790.9,7064.1
,,,,,,,,6000,46910.7,13395,6396.7
,,,,,,,,6001,43216.5,12342.2,5889.1
,,,,,,,,6002,40749,11637.2,5555.4
,,,,,,,,6003,39268.5,11214.2,5353.3
,,,,,,,,6004,38446,10979.2,5245.2
,,,,,,,,6005,38309.7,10941.6,5221.7
,,,,,,,,6006,39428.3,11261.2,5376.8
,,,,,,,,6007,41143.8,11750,5607.1
,,,,,,,,6008,44043.7,12577.2,6001.9
,,,,,,,,6009,48306.6,13794.5,6584.7
,,,,,,,,6010,51869.2,14814.4,7068.8
,,,,,,,,6011,54482.4,15561.7,7426
,,,,,,,,6012,55915.9,15965.9,7623.4
,,,,,,,,6013,56644.4,16177.4,7722.1
,,,,,,,,6014,56780.7,16219.7,7740.9
,,,,,,,,6015,56667.9,16182.1,7726.8
,,,,,,,,6016,56508.1,16135.1,7703.3
,,,,,,,,6017,56470.5,16125.7,7698.6
,,,,,,,,6018,56432.9,16116.3,7693.9
,,,,,,,,6019,56512.8,16139.8,7708
,,,,,,,,6020,56837.1,16229.1,7750.3
,,,,,,,,6021,55131,15745,7520
,,,,,,,,6022,51841,14805,7068.8
,,,,,,,,6023,47173.9,13470.2,6429.6
,,,,,,,,6024,42351.7,12097.8,5771.6
,,,,,,,,6025,38793.8,11077.9,5292.2
,,,,,,,,6026,36406.2,10396.4,4963.2
,,,,,,,,6027,34700.1,9912.3,4728.2
,,,,,,,,6028,33703.7,9625.6,4596.6
,,,,,,,,6029,33266.6,9498.7,4530.8
,,,,,,,,6030,33586.2,9592.7,4577.8
,,,,,,,,6031,34394.6,9823,4690.6
,,,,,,,,6032,36063.1,10297.7,4916.2
,,,,,,,,6033,38995.9,11134.3,5315.7
,,,,,,,,6034,41562.1,11867.5,5668.2
,,,,,,,,6035,43146,12323.4,5884.4
,,,,,,,,6036,44189.4,12619.5,6025.4
,,,,,,,,6037,44988.4,12849.8,6133.5
,,,,,,,,6038,45040.1,12863.9,6142.9
,,,,,,,,6039,45298.6,12934.4,6175.8
,,,,,,,,6040,45726.3,13061.3,6236.9
,,,,,,,,6041,46567.6,13301,6349.7
,,,,,,,,6042,47253.8,13493.7,6443.7
,,,,,,,,6043,47079.9,13446.7,6420.2
,,,,,,,,6044,48292.5,13794.5,6584.7
,,,,,,,,6045,47423,13540.7,6467.2
,,,,,,,,6046,44010.8,12572.5,6001.9
,,,,,,,,6047,39823.1,11369.3,5428.5
,,,,,,,,6048,36011.4,10288.3,4911.5
,,,,,,,,6049,33393.5,9536.3,4554.3
,,,,,,,,6050,31833.1,9089.8,4338.1
,,,,,,,,6051,30977.7,8850.1,4225.3
,,,,,,,,6052,30756.8,8784.3,4192.4
,,,,,,,,6053,31546.4,9009.9,4300.5
,,,,,,,,6054,34549.7,9865.3,4709.4
,,,,,,,,6055,39611.6,11312.9,5400.3
,,,,,,,,6056,43131.9,12318.7,5879.7
,,,,,,,,6057,45171.7,12901.5,6157
,,,,,,,,6058,46760.3,13357.4,6377.9
,,,,,,,,6059,48085.7,13733.4,6556.5
,,,,,,,,6060,48706.1,13912,6641.1
,,,,,,,,6061,48663.8,13897.9,6636.4
,,,,,,,,6062,48654.4,13893.2,6631.7
,,,,,,,,6063,48203.2,13766.3,6570.6
,,,,,,,,6064,47719.1,13630,6504.8
,,,,,,,,6065,47643.9,13606.5,6495.4
,,,,,,,,6066,47568.7,13583,6486
,,,,,,,,6067,47155.1,13465.5,6429.6
,,,,,,,,6068,48377.1,13818,6594.1
,,,,,,,,6069,47126.9,13460.8,6424.9
,,,,,,,,6070,43451.5,12408,5926.7
,,,,,,,,6071,38817.3,11087.3,5292.2
,,,,,,,,6072,34709.5,9912.3,4732.9
,,,,,,,,6073,32115.1,9174.4,4375.7
,,,,,,,,6074,30573.5,8732.6,4168.9
,,,,,,,,6075,29732.2,8492.9,4056.1
,,,,,,,,6076,29539.5,8436.5,4027.9
,,,,,,,,6077,30300.9,8652.7,4126.6
,,,,,,,,6078,33308.9,9512.8,4540.2
,,,,,,,,6079,38347.3,10951,5226.4
,,,,,,,,6080,41764.2,11928.6,5696.4
,,,,,,,,6081,43442.1,12403.3,5922
,,,,,,,,6082,44823.9,12802.8,6110
,,,,,,,,6083,46003.6,13136.5,6269.8
,,,,,,,,6084,46769.7,13357.4,6377.9
,,,,,,,,6085,47131.6,13460.8,6424.9
,,,,,,,,6086,47714.4,13630,6504.8
,,,,,,,,6087,47789.6,13648.8,6514.2
,,,,,,,,6088,47817.8,13658.2,6518.9
,,,,,,,,6089,48015.2,13714.6,6547.1
,,,,,,,,6090,48015.2,13714.6,6547.1
,,,,,,,,6091,47526.4,13573.6,6476.6
,,,,,,,,6092,48912.9,13968.4,6664.6
,,,,,,,,6093,47733.2,13630,6504.8
,,,,,,,,6094,43982.6,12563.1,5997.2
,,,,,,,,6095,39259.1,11209.5,5353.3
,,,,,,,,6096,35127.8,10029.8,4789.3
,,,,,,,,6097,32354.8,9240.2,4413.3
,,,,,,,,6098,30803.8,8798.4,4197.1
,,,,,,,,6099,30014.2,8568.1,4089
,,,,,,,,6100,29788.6,8507,4060.8
,,,,,,,,6101,30493.6,8709.1,4154.8
,,,,,,,,6102,33445.2,9555.1,4559
,,,,,,,,6103,38709.2,11054.4,5278.1
,,,,,,,,6104,42201.3,12050.8,5752.8
,,,,,,,,6105,43879.2,12530.2,5978.4
,,,,,,,,6106,45477.2,12990.8,6199.3
,,,,,,,,6107,47169.2,13470.2,6429.6
,,,,,,,,6108,48363,13813.3,6594.1
,,,,,,,,6109,48997.5,13991.9,6678.7
,,,,,,,,6110,49843.5,14236.3,6796.2
,,,,,,,,6111,50083.2,14302.1,6829.1
,,,,,,,,6112,50252.4,14353.8,6852.6
,,,,,,,,6113,50454.5,14405.5,6880.8
,,,,,,,,6114,50261.8,14353.8,6852.6
,,,,,,,,6115,49509.8,14142.3,6749.2
,,,,,,,,6116,50938.6,14546.5,6946.6
,,,,,,,,6117,49641.4,14175.2,6768
,,,,,,,,6118,45886.1,13103.6,6255.7
,,,,,,,,6119,41143.8,11750,5607.1
,,,,,,,,6120,36782.2,10504.5,5014.9
,,,,,,,,6121,33910.5,9682,4624.8
,,,,,,,,6122,32246.7,9207.3,4394.5
,,,,,,,,6123,31381.9,8962.9,4277
,,,,,,,,6124,31052.9,8868.9,4234.7
,,,,,,,,6125,31729.7,9061.6,4324
,,,,,,,,6126,34634.3,9888.8,4718.8
,,,,,,,,6127,39912.4,11397.5,5437.9
,,,,,,,,6128,43507.9,12426.8,5931.4
,,,,,,,,6129,45857.9,13094.2,6251
,,,,,,,,6130,47864.8,13672.3,6523.6
,,,,,,,,6131,49820,14226.9,6791.5
,,,,,,,,6132,51309.9,14654.6,6998.3
,,,,,,,,6133,52245.2,14922.5,7120.5
,,,,,,,,6134,53368.5,15242.1,7275.6
,,,,,,,,6135,53862,15383.1,7341.4
,,,,,,,,6136,54219.2,15486.5,7393.1
,,,,,,,,6137,54435.4,15547.6,7421.3
,,,,,,,,6138,53852.6,15378.4,7341.4
,,,,,,,,6139,52715.2,15054.1,7191
,,,,,,,,6140,53890.2,15392.5,7346.1
,,,,,,,,6141,52484.9,14993,7158.1
,,,,,,,,6142,48546.3,13865,6617.6
,,,,,,,,6143,43517.3,12431.5,5931.4
,,,,,,,,6144,38944.2,11120.2,5311
,,,,,,,,6145,35748.2,10208.4,4873.9
,,,,,,,,6146,33863.5,9672.6,4615.4
,,,,,,,,6147,32754.3,9353,4465
,,,,,,,,6148,32345.4,9235.5,4408.6
,,,,,,,,6149,32909.4,9400,4483.8
,,,,,,,,6150,35743.5,10208.4,4869.2
,,,,,,,,6151,40908.8,11684.2,5574.2
,,,,,,,,6152,44541.9,12722.9,6072.4
,,,,,,,,6153,47037.6,13437.3,6410.8
,,,,,,,,6154,49279.5,14076.5,6716.3
,,,,,,,,6155,51356.9,14664,6998.3
,,,,,,,,6156,52922,15115.2,7214.5
,,,,,,,,6157,53937.2,15401.9,7355.5
,,,,,,,,6158,55060.5,15726.2,7505.9
,,,,,,,,6159,55474.1,15843.7,7562.3
,,,,,,,,6160,55408.3,15820.2,7552.9
,,,,,,,,6161,54975.9,15702.7,7496.5
,,,,,,,,6162,53457.8,15265.6,7285
,,,,,,,,6163,51817.5,14800.3,7064.1
,,,,,,,,6164,52484.9,14993,7158.1
,,,,,,,,6165,50943.3,14546.5,6946.6
,,,,,,,,6166,47860.1,13667.6,6523.6
,,,,,,,,6167,43728.8,12487.9,5959.6
,,,,,,,,6168,39564.6,11298.8,5390.9
,,,,,,,,6169,36387.4,10391.7,4958.5
,,,,,,,,6170,34436.9,9837.1,4695.3
,,,,,,,,6171,33304.2,9508.1,4540.2
,,,,,,,,6172,32683.8,9334.2,4455.6
,,,,,,,,6173,32693.2,9338.9,4460.3
,,,,,,,,6174,33717.8,9625.6,4596.6
,,,,,,,,6175,35334.6,10090.9,4817.5
,,,,,,,,6176,37802.1,10795.9,5151.2
,,,,,,,,6177,40988.7,11703,5588.3
,,,,,,,,6178,43141.3,12318.7,5884.4
,,,,,,,,6179,44161.2,12614.8,6020.7
,,,,,,,,6180,44471.4,12699.4,6063
,,,,,,,,6181,44443.2,12690,6058.3
,,,,,,,,6182,44128.3,12600.7,6016
,,,,,,,,6183,43757,12497.3,5964.3
,,,,,,,,6184,43573.7,12445.6,5940.8
,,,,,,,,6185,43672.4,12473.8,5954.9
,,,,,,,,6186,43681.8,12478.5,5954.9
,,,,,,,,6187,43446.8,12408,5922
,,,,,,,,6188,44659.4,12755.8,6086.5
,,,,,,,,6189,43569,12445.6,5940.8
,,,,,,,,6190,41059.2,11721.8,5597.7
,,,,,,,,6191,37872.6,10814.7,5165.3
,,,,,,,,6192,34526.2,9860.6,4704.7
,,,,,,,,6193,31974.1,9132.1,4361.6
,,,,,,,,6194,30343.2,8662.1,4136
,,,,,,,,6195,29318.6,8375.4,3995
,,,,,,,,6196,28745.2,8210.9,3915.1
,,,,,,,,6197,28702.9,8196.8,3915.1
,,,,,,,,6198,29309.2,8370.7,3995
,,,,,,,,6199,30239.8,8638.6,4121.9
,,,,,,,,6200,32350.1,9240.2,4413.3
,,,,,,,,6201,35630.7,10175.5,4859.8
,,,,,,,,6202,38121.7,10889.9,5198.2
,,,,,,,,6203,39606.9,11312.9,5400.3
,,,,,,,,6204,40443.5,11547.9,5513.1
,,,,,,,,6205,41021.6,11712.4,5593
,,,,,,,,6206,40998.1,11707.7,5588.3
,,,,,,,,6207,40988.7,11707.7,5588.3
,,,,,,,,6208,41223.7,11768.8,5621.2
,,,,,,,,6209,41914.6,11970.9,5715.2
,,,,,,,,6210,42967.4,12271.7,5860.9
,,,,,,,,6211,43404.5,12393.9,5917.3
,,,,,,,,6212,45214,12910.9,6166.4
,,,,,,,,6213,43813.4,12511.4,5973.7
,,,,,,,,6214,40499.9,11566.7,5522.5
,,,,,,,,6215,36627.1,10457.5,4991.4
,,,,,,,,6216,33182,9475.2,4526.1
,,,,,,,,6217,30930.7,8831.3,4215.9
,,,,,,,,6218,29661.7,8474.1,4042
,,,,,,,,6219,28984.9,8276.7,3952.7
,,,,,,,,6220,28933.2,8262.6,3943.3
,,,,,,,,6221,29783.9,8507,4056.1
,,,,,,,,6222,32853,9385.9,4479.1
,,,,,,,,6223,37994.8,10852.3,5179.4
,,,,,,,,6224,41468.1,11844,5654.1
,,,,,,,,6225,43442.1,12403.3,5922
,,,,,,,,6226,45016.6,12854.5,6138.2
,,,,,,,,6227,46511.2,13282.2,6340.3
,,,,,,,,6228,47413.6,13540.7,6462.5
,,,,,,,,6229,47874.2,13677,6523.6
,,,,,,,,6230,48522.8,13860.3,6617.6
,,,,,,,,6231,48706.1,13912,6641.1
,,,,,,,,6232,48757.8,13926.1,6645.8
,,,,,,,,6233,48884.7,13959,6664.6
,,,,,,,,6234,48969.3,13982.5,6674
,,,,,,,,6235,48865.9,13959,6664.6
,,,,,,,,6236,50468.6,14410.2,6880.8
,,,,,,,,6237,48574.5,13869.7,6622.3
,,,,,,,,6238,44729.9,12774.6,6100.6
,,,,,,,,6239,39997,11421,5452
,,,,,,,,6240,35851.6,10241.3,4888
,,,,,,,,6241,33182,9479.9,4526.1
,,,,,,,,6242,31560.5,9014.6,4300.5
,,,,,,,,6243,30695.7,8765.5,4183
,,,,,,,,6244,30531.2,8718.5,4159.5
,,,,,,,,6245,31372.5,8962.9,4277
,,,,,,,,6246,34559.1,9870,4709.4
,,,,,,,,6247,40227.3,11486.8,5480.2
,,,,,,,,6248,44071.9,12586.6,6006.6
,,,,,,,,6249,46219.8,13202.3,6302.7
,,,,,,,,6250,47836.6,13662.9,6523.6
,,,,,,,,6251,49312.4,14081.2,6721
,,,,,,,,6252,50102,14311.5,6833.8
,,,,,,,,6253,50388.7,14391.4,6871.4
,,,,,,,,6254,50863.4,14527.7,6932.5
,,,,,,,,6255,50708.3,14480.7,6913.7
,,,,,,,,6256,50623.7,14457.2,6904.3
,,,,,,,,6257,51215.9,14626.4,6979.5
,,,,,,,,6258,52061.9,14870.8,7097
,,,,,,,,6259,52691.7,15049.4,7186.3
,,,,,,,,6260,53213.4,15199.8,7256.8
,,,,,,,,6261,51262.9,14640.5,6988.9
,,,,,,,,6262,47568.7,13583,6486
,,,,,,,,6263,42939.2,12262.3,5856.2
,,,,,,,,6264,38963,11129.6,5311
,,,,,,,,6265,36194.7,10335.3,4935
,,,,,,,,6266,34540.3,9865.3,4709.4
,,,,,,,,6267,33539.2,9578.6,4573.1
,,,,,,,,6268,33125.6,9461.1,4516.7
,,,,,,,,6269,33586.2,9592.7,4577.8
,,,,,,,,6270,36307.5,10372.9,4949.1
,,,,,,,,6271,41632.6,11891,5672.9
,,,,,,,,6272,44950.8,12835.7,6128.8
,,,,,,,,6273,46139.9,13178.8,6288.6
,,,,,,,,6274,46957.7,13413.8,6406.1
,,,,,,,,6275,47808.4,13653.5,6518.9
,,,,,,,,6276,48363,13813.3,6594.1
,,,,,,,,6277,48499.3,13850.9,6612.9
,,,,,,,,6278,48833,13944.9,6659.9
,,,,,,,,6279,48621.5,13888.5,6627
,,,,,,,,6280,48353.6,13808.6,6594.1
,,,,,,,,6281,48283.1,13789.8,6584.7
,,,,,,,,6282,47893,13677,6528.3
,,,,,,,,6283,47535.8,13578.3,6481.3
,,,,,,,,6284,49162,14038.9,6702.2
,,,,,,,,6285,47460.6,13554.8,6471.9
,,,,,,,,6286,43822.8,12516.1,5973.7
,,,,,,,,6287,39061.7,11157.8,5325.1
,,,,,,,,6288,34996.2,9996.9,4770.5
,,,,,,,,6289,32204.4,9197.9,4389.8
,,,,,,,,6290,30681.6,8760.8,4183
,,,,,,,,6291,29854.4,8521.1,4070.2
,,,,,,,,6292,29610,8455.3,4032.6
,,,,,,,,6293,30380.8,8676.2,4140.7
,,,,,,,,6294,33384.1,9531.6,4554.3
,,,,,,,,6295,38878.4,11106.1,5301.6
,,,,,,,,6296,42116.7,12027.3,5743.4
,,,,,,,,6297,43569,12440.9,5940.8
,,,,,,,,6298,44635.9,12746.4,6086.5
,,,,,,,,6299,45707.5,13051.9,6232.2
,,,,,,,,6300,46191.6,13192.9,6298
,,,,,,,,6301,46191.6,13192.9,6298
,,,,,,,,6302,46515.9,13286.9,6340.3
,,,,,,,,6303,46295,13221.1,6312.1
,,,,,,,,6304,45942.5,13117.7,6260.4
,,,,,,,,6305,45867.3,13098.9,6251
,,,,,,,,6306,45848.5,13089.5,6251
,,,,,,,,6307,46158.7,13183.5,6288.6
,,,,,,,,6308,48015.2,13714.6,6547.1
,,,,,,,,6309,46525.3,13286.9,6340.3
,,,,,,,,6310,43127.2,12314,5879.7
,,,,,,,,6311,38629.3,11030.9,5264
,,,,,,,,6312,34559.1,9870,4709.4
,,,,,,,,6313,31884.8,9108.6,4342.8
,,,,,,,,6314,30418.4,8685.6,4145.4
,,,,,,,,6315,29638.2,8464.7,4037.3
,,,,,,,,6316,29436.1,8403.6,4009.1
,,,,,,,,6317,30178.7,8615.1,4112.5
,,,,,,,,6318,33102.1,9456.4,4512
,,,,,,,,6319,38728,11063.8,5278.1
,,,,,,,,6320,42121.4,12027.3,5743.4
,,,,,,,,6321,43667.7,12473.8,5954.9
,,,,,,,,6322,44739.3,12779.3,6100.6
,,,,,,,,6323,45613.5,13028.4,6218.1
,,,,,,,,6324,45890.8,13108.3,6255.7
,,,,,,,,6325,45966,13127.1,6265.1
,,,,,,,,6326,46045.9,13150.6,6279.2
,,,,,,,,6327,45839.1,13089.5,6246.3
,,,,,,,,6328,45557.1,13009.6,6213.4
,,,,,,,,6329,45420.8,12972,6194.6
,,,,,,,,6330,45091.8,12878,6147.6
,,,,,,,,6331,45185.8,12901.5,6161.7
,,,,,,,,6332,46530,13291.6,6345
,,,,,,,,6333,45044.8,12863.9,6142.9
,,,,,,,,6334,42182.5,12046.1,5748.1
,,,,,,,,6335,38507.1,10993.3,5249.9
,,,,,,,,6336,34756.5,9926.4,4737.6
,,,,,,,,6337,32039.9,9150.9,4366.3
,,,,,,,,6338,30418.4,8685.6,4145.4
,,,,,,,,6339,29492.5,8422.4,4018.5
,,,,,,,,6340,29163.5,8328.4,3976.2
,,,,,,,,6341,29252.8,8356.6,3985.6
,,,,,,,,6342,30296.2,8652.7,4126.6
,,,,,,,,6343,32284.3,9221.4,4399.2
,,,,,,,,6344,34869.3,9959.3,4751.7
,,,,,,,,6345,38159.3,10899.3,5202.9
,,,,,,,,6346,40443.5,11552.6,5513.1
,,,,,,,,6347,41623.2,11886.3,5672.9
,,,,,,,,6348,41961.6,11985,5719.9
,,,,,,,,6349,41952.2,11980.3,5719.9
,,,,,,,,6350,41646.7,11895.7,5677.6
,,,,,,,,6351,41515.1,11858.1,5658.8
,,,,,,,,6352,41505.7,11853.4,5658.8
,,,,,,,,6353,41909.9,11970.9,5715.2
,,,,,,,,6354,42516.2,12144.8,5795.1
,,,,,,,,6355,43526.7,12431.5,5931.4
,,,,,,,,6356,44908.5,12826.3,6119.4
,,,,,,,,6357,43616,12455,5945.5
,,,,,,,,6358,41435.2,11834.6,5649.4
,,,,,,,,6359,38399,10965.1,5235.8
,,,,,,,,6360,35123.1,10029.8,4789.3
,,,,,,,,6361,32829.5,9376.5,4474.4
,,,,,,,,6362,31095.2,8878.3,4239.4
,,,,,,,,6363,30094.1,8591.6,4103.1
,,,,,,,,6364,29586.5,8450.6,4032.6
,,,,,,,,6365,29445.5,8408.3,4013.8
,,,,,,,,6366,30033,8577.5,4093.7
,,,,,,,,6367,31085.8,8878.3,4239.4
,,,,,,,,6368,32904.7,9395.3,4483.8
,,,,,,,,6369,35983.2,10278.9,4906.8
,,,,,,,,6370,38389.6,10965.1,5235.8
,,,,,,,,6371,39790.2,11364.6,5423.8
,,,,,,,,6372,40518.7,11571.4,5522.5
,,,,,,,,6373,40796,11651.3,5560.1
,,,,,,,,6374,40631.5,11604.3,5541.3
,,,,,,,,6375,40528.1,11576.1,5527.2
,,,,,,,,6376,40673.8,11613.7,5546
,,,,,,,,6377,41275.4,11787.6,5625.9
,,,,,,,,6378,42328.2,12088.4,5766.9
,,,,,,,,6379,43310.5,12370.4,5907.9
,,,,,,,,6380,45115.3,12882.7,6147.6
,,,,,,,,6381,43395.1,12393.9,5917.3
,,,,,,,,6382,40072.2,11444.5,5461.4
,,,,,,,,6383,36448.5,10410.5,4967.9
,,,,,,,,6384,32984.6,9418.8,4497.9
,,,,,,,,6385,30465.4,8699.7,4150.1
,,,,,,,,6386,29013.1,8286.1,3957.4
,,,,,,,,6387,28326.9,8088.7,3863.4
,,,,,,,,6388,28247,8065.2,3849.3
,,,,,,,,6389,29111.8,8314.3,3966.8
,,,,,,,,6390,32289,9221.4,4399.2
,,,,,,,,6391,38046.5,10866.4,5188.8
,,,,,,,,6392,41580.9,11876.9,5668.2
,,,,,,,,6393,43174.2,12332.8,5884.4
,,,,,,,,6394,44325.7,12661.8,6044.2
,,,,,,,,6395,45298.6,12939.1,6175.8
,,,,,,,,6396,45848.5,13094.2,6251
,,,,,,,,6397,45933.1,13117.7,6260.4
,,,,,,,,6398,46102.3,13164.7,6288.6
,,,,,,,,6399,45745.1,13066,6236.9
,,,,,,,,6400,45392.6,12962.6,6189.9
,,,,,,,,6401,45425.5,12972,6194.6
,,,,,,,,6402,45881.4,13103.6,6255.7
,,,,,,,,6403,46755.6,13352.7,6373.2
,,,,,,,,6404,48363,13813.3,6594.1
,,,,,,,,6405,46248,13207,6307.4
,,,,,,,,6406,42535,12144.8,5799.8
,,,,,,,,6407,37971.3,10842.9,5174.7
,,,,,,,,6408,34004.5,9710.2,4634.2
,,,,,,,,6409,31428.9,8977,4286.4
,,,,,,,,6410,30065.9,8586.9,4098.4
,,,,,,,,6411,29318.6,8375.4,3995
,,,,,,,,6412,29201.1,8337.8,3980.9
,,,,,,,,6413,30004.8,8568.1,4089
,,,,,,,,6414,33153.8,9465.8,4521.4
,,,,,,,,6415,39038.2,11148.4,5320.4
,,,,,,,,6416,42408.1,12111.9,5781
,,,,,,,,6417,43634.8,12459.7,5950.2
,,,,,,,,6418,44523.1,12713.5,6072.4
,,,,,,,,6419,45519.5,13000.2,6204
,,,,,,,,6420,45933.1,13117.7,6260.4
,,,,,,,,6421,46017.7,13141.2,6274.5
,,,,,,,,6422,46295,13221.1,6312.1
,,,,,,,,6423,46168.1,13183.5,6293.3
,,,,,,,,6424,45994.2,13136.5,6269.8
,,,,,,,,6425,46219.8,13202.3,6302.7
,,,,,,,,6426,46421.9,13258.7,6330.9
,,,,,,,,6427,47286.7,13507.8,6448.4
,,,,,,,,6428,48800.1,13935.5,6655.2
,,,,,,,,6429,46713.3,13343.3,6368.5
,,,,,,,,6430,43225.9,12342.2,5893.8
,,,,,,,,6431,38666.9,11040.3,5268.7
,,,,,,,,6432,34775.3,9931.1,4742.3
,,,,,,,,6433,32152.7,9179.1,4385.1
,,,,,,,,6434,30738,8779.6,4192.4
,,,,,,,,6435,30033,8577.5,4093.7
,,,,,,,,6436,29868.5,8530.5,4070.2
,,,,,,,,6437,30785,8793.7,4197.1
,,,,,,,,6438,33877.6,9672.6,4620.1
,,,,,,,,6439,39616.3,11312.9,5400.3
,,,,,,,,6440,43244.7,12351.6,5893.8
,,,,,,,,6441,45176.4,12901.5,6157
,,,,,,,,6442,46656.9,13324.5,6359.1
,,,,,,,,6443,47968.2,13700.5,6537.7
,,,,,,,,6444,48527.5,13860.3,6617.6
,,,,,,,,6445,48630.9,13888.5,6631.7
,,,,,,,,6446,48786,13935.5,6650.5
,,,,,,,,6447,48485.2,13846.2,6612.9
,,,,,,,,6448,48024.6,13719.3,6547.1
,,,,,,,,6449,48316,13799.2,6589.4
,,,,,,,,6450,49096.2,14020.1,6692.8
,,,,,,,,6451,50149,14320.9,6833.8
,,,,,,,,6452,50637.8,14461.9,6904.3
,,,,,,,,6453,48541.6,13865,6617.6
,,,,,,,,6454,45026,12859.2,6138.2
,,,,,,,,6455,40471.7,11557.3,5517.8
,,,,,,,,6456,36401.5,10396.4,4958.5
,,,,,,,,6457,33637.9,9606.8,4582.5
,,,,,,,,6458,32091.6,9165,4375.7
,,,,,,,,6459,31128.1,8892.4,4244.1
,,,,,,,,6460,30855.5,8812.5,4206.5
,,,,,,,,6461,31565.2,9014.6,4300.5
,,,,,,,,6462,34798.8,9935.8,4747
,,,,,,,,6463,40678.5,11618.4,5546
,,,,,,,,6464,44006.1,12572.5,6001.9
,,,,,,,,6465,45477.2,12986.1,6199.3
,,,,,,,,6466,46459.5,13272.8,6335.6
,,,,,,,,6467,47314.9,13512.5,6453.1
,,,,,,,,6468,47761.4,13639.4,6509.5
,,,,,,,,6469,47794.3,13653.5,6518.9
,,,,,,,,6470,47907.1,13681.7,6528.3
,,,,,,,,6471,47611,13597.1,6490.7
,,,,,,,,6472,47263.2,13498.4,6443.7
,,,,,,,,6473,47126.9,13460.8,6424.9
,,,,,,,,6474,46901.3,13395,6396.7
,,,,,,,,6475,47672.1,13615.9,6500.1
,,,,,,,,6476,48997.5,13991.9,6678.7
,,,,,,,,6477,47037.6,13432.6,6410.8
,,,,,,,,6478,43564.3,12440.9,5936.1
,,,,,,,,6479,39118.1,11171.9,5334.5
,,,,,,,,6480,35047.9,10006.3,4775.2
,,,,,,,,6481,32289,9221.4,4403.9
,,,,,,,,6482,30695.7,8765.5,4183
,,,,,,,,6483,29835.6,8521.1,4065.5
,,,,,,,,6484,29628.8,8460,4037.3
,,,,,,,,6485,30362,8671.5,4136
,,,,,,,,6486,33238.4,9494,4530.8
,,,,,,,,6487,39089.9,11162.5,5329.8
,,,,,,,,6488,42821.7,12229.4,5837.4
,,,,,,,,6489,44570.1,12732.3,6072.4
,,,,,,,,6490,45599.4,13019,6213.4
,,,,,,,,6491,46379.6,13249.3,6321.5
,,,,,,,,6492,46732.1,13348,6373.2
,,,,,,,,6493,46642.8,13324.5,6359.1
,,,,,,,,6494,46647.5,13324.5,6359.1
,,,,,,,,6495,46177.5,13188.2,6293.3
,,,,,,,,6496,45928.4,13113,6260.4
,,,,,,,,6497,46111.7,13169.4,6288.6
,,,,,,,,6498,46558.2,13301,6349.7
,,,,,,,,6499,47277.3,13503.1,6448.4
,,,,,,,,6500,47065.8,13442,6415.5
,,,,,,,,6501,45026,12859.2,6138.2
,,,,,,,,6502,42295.3,12079,5762.2
,,,,,,,,6503,38770.3,11073.2,5287.5
,,,,,,,,6504,35118.4,10029.8,4789.3
,,,,,,,,6505,32307.8,9226.1,4403.9
,,,,,,,,6506,30653.4,8756.1,4178.3
,,,,,,,,6507,29699.3,8478.8,4046.7
,,,,,,,,6508,29238.7,8351.9,3985.6
,,,,,,,,6509,29328,8375.4,3999.7
,,,,,,,,6510,30479.5,8704.4,4150.1
,,,,,,,,6511,32641.5,9320.1,4450.9
,,,,,,,,6512,35381.6,10105,4822.2
,,,,,,,,6513,38638.7,11035.6,5264
,,,,,,,,6514,40932.3,11688.9,5578.9
,,,,,,,,6515,42093.2,12022.6,5738.7
,,,,,,,,6516,42314.1,12083.7,5766.9
,,,,,,,,6517,42036.8,12008.5,5729.3
,,,,,,,,6518,41360,11815.8,5640
,,,,,,,,6519,40824.2,11656,5564.8
,,,,,,,,6520,40509.3,11566.7,5522.5
,,,,,,,,6521,40890,11674.8,5574.2
,,,,,,,,6522,41815.9,11942.7,5701.1
,,,,,,,,6523,43197.7,12337.5,5889.1
,,,,,,,,6524,43569,12445.6,5940.8
,,,,,,,,6525,42112,12027.3,5743.4
,,,,,,,,6526,39917.1,11397.5,5442.6
,,,,,,,,6527,36984.3,10560.9,5043.1
,,,,,,,,6528,33764.8,9644.4,4601.3
,,,,,,,,6529,31255,8925.3,4262.9
,,,,,,,,6530,29657,8469.4,4042
,,,,,,,,6531,28745.2,8210.9,3915.1
,,,,,,,,6532,28270.5,8074.6,3854
,,,,,,,,6533,28279.9,8074.6,3854
,,,,,,,,6534,28970.8,8272,3948
,,,,,,,,6535,30474.8,8704.4,4150.1
,,,,,,,,6536,32519.3,9287.2,4436.8
,,,,,,,,6537,35771.7,10217.8,4878.6
,,,,,,,,6538,38619.9,11030.9,5264
,,,,,,,,6539,40410.6,11538.5,5508.4
,,,,,,,,6540,41392.9,11820.5,5644.7
,,,,,,,,6541,41834.7,11947.4,5701.1
,,,,,,,,6542,41407,11825.2,5649.4
,,,,,,,,6543,41115.6,11740.6,5602.4
,,,,,,,,6544,40857.1,11670.1,5569.5
,,,,,,,,6545,41435.2,11834.6,5649.4
,,,,,,,,6546,42323.5,12088.4,5766.9
,,,,,,,,6547,44039,12577.2,6001.9
,,,,,,,,6548,45063.6,12868.6,6147.6
,,,,,,,,6549,43268.2,12356.3,5898.5
,,,,,,,,6550,40015.8,11425.7,5456.7
,,,,,,,,6551,36340.4,10382.3,4953.8
,,,,,,,,6552,32918.8,9400,4483.8
,,,,,,,,6553,30470.1,8704.4,4150.1
,,,,,,,,6554,29140,8323.7,3971.5
,,,,,,,,6555,28580.7,8163.9,3896.3
,,,,,,,,6556,28477.3,8131,3882.2
,,,,,,,,6557,29431.4,8403.6,4009.1
,,,,,,,,6558,32735.5,9348.3,4460.3
,,,,,,,,6559,38723.3,11059.1,5278.1
,,,,,,,,6560,42144.9,12036.7,5743.4
,,,,,,,,6561,43536.1,12431.5,5931.4
,,,,,,,,6562,44570.1,12727.6,6072.4
,,,,,,,,6563,45505.4,12995.5,6204
,,,,,,,,6564,45923.7,13113,6260.4
,,,,,,,,6565,45961.3,13127.1,6265.1
,,,,,,,,6566,45984.8,13136.5,6269.8
,,,,,,,,6567,45693.4,13047.2,6227.5
,,,,,,,,6568,45406.7,12967.3,6189.9
,,,,,,,,6569,45547.7,13004.9,6208.7
,,,,,,,,6570,46304.4,13225.8,6312.1
,,,,,,,,6571,48038.7,13719.3,6547.1
,,,,,,,,6572,48969.3,13982.5,6674
,,,,,,,,6573,46844.9,13376.2,6387.3
,,,,,,,,6574,43164.8,12328.1,5884.4
,,,,,,,,6575,38596.4,11021.5,5264
,,,,,,,,6576,34488.6,9851.2,4700
,,,,,,,,6577,31757.9,9066.3,4328.7
,,,,,,,,6578,30300.9,8652.7,4126.6
,,,,,,,,6579,29572.4,8445.9,4032.6
,,,,,,,,6580,29431.4,8403.6,4009.1
,,,,,,,,6581,30277.4,8648,4126.6
,,,,,,,,6582,33304.2,9508.1,4540.2
,,,,,,,,6583,39353.1,11237.7,5362.7
,,,,,,,,6584,42708.9,12196.5,5823.3
,,,,,,,,6585,44137.7,12605.4,6016
,,,,,,,,6586,45195.2,12906.2,6161.7
,,,,,,,,6587,46266.8,13211.7,6307.4
,,,,,,,,6588,46910.7,13395,6396.7
,,,,,,,,6589,46990.6,13418.5,6406.1
,,,,,,,,6590,47136.3,13465.5,6429.6
,,,,,,,,6591,46788.5,13362.1,6382.6
,,,,,,,,6592,46539.4,13291.6,6345
,,,,,,,,6593,46835.5,13376.2,6382.6
,,,,,,,,6594,47846,13662.9,6523.6
,,,,,,,,6595,49411.1,14109.4,6739.8
,,,,,,,,6596,49462.8,14123.5,6744.5
,,,,,,,,6597,47258.5,13493.7,6443.7
,,,,,,,,6598,43775.8,12502,5969
,,,,,,,,6599,39249.7,11209.5,5348.6
,,,,,,,,6600,35235.9,10062.7,4803.4
,,,,,,,,6601,32495.8,9277.8,4432.1
,,,,,,,,6602,31043.5,8868.9,4230
,,,,,,,,6603,30376.1,8676.2,4140.7
,,,,,,,,6604,30253.9,8638.6,4126.6
,,,,,,,,6605,31067,8873.6,4234.7
,,,,,,,,6606,34178.4,9761.9,4657.7
,,,,,,,,6607,40326,11515,5499
,,,,,,,,6608,44241.1,12633.6,6030.1
,,,,,,,,6609,45632.3,13033.1,6218.1
,,,,,,,,6610,46736.8,13348,6373.2
,,,,,,,,6611,47714.4,13630,6504.8
,,,,,,,,6612,48165.6,13756.9,6565.9
,,,,,,,,6613,48062.2,13724,6551.8
,,,,,,,,6614,48146.8,13747.5,6565.9
,,,,,,,,6615,47836.6,13662.9,6523.6
,,,,,,,,6616,47639.2,13606.5,6495.4
,,,,,,,,6617,47949.4,13695.8,6537.7
,,,,,,,,6618,48922.3,13973.1,6669.3
,,,,,,,,6619,50473.3,14414.9,6880.8
,,,,,,,,6620,50402.8,14396.1,6871.4
,,,,,,,,6621,48508.7,13855.6,6612.9
,,,,,,,,6622,44833.3,12807.5,6114.7
,,,,,,,,6623,40575.1,11585.5,5527.2
,,,,,,,,6624,36481.4,10419.9,4972.6
,,,,,,,,6625,33459.3,9555.1,4559
,,,,,,,,6626,31819,9085.1,4338.1
,,,,,,,,6627,31001.2,8854.8,4225.3
,,,,,,,,6628,30785,8793.7,4197.1
,,,,,,,,6629,31522.9,9005.2,4295.8
,,,,,,,,6630,34615.5,9884.1,4718.8
,,,,,,,,6631,40843,11665.4,5569.5
,,,,,,,,6632,44809.8,12798.1,6110
,,,,,,,,6633,46332.6,13230.5,6316.8
,,,,,,,,6634,47423,13545.4,6467.2
,,,,,,,,6635,48334.8,13803.9,6589.4
,,,,,,,,6636,48748.4,13921.4,6645.8
,,,,,,,,6637,48626.2,13888.5,6627
,,,,,,,,6638,48536.9,13865,6617.6
,,,,,,,,6639,48034,13719.3,6547.1
,,,,,,,,6640,47672.1,13615.9,6500.1
,,,,,,,,6641,47944.7,13695.8,6537.7
,,,,,,,,6642,48861.2,13954.3,6664.6
,,,,,,,,6643,50332.3,14372.6,6862
,,,,,,,,6644,50149,14320.9,6833.8
,,,,,,,,6645,48151.5,13752.2,6565.9
,,,,,,,,6646,44828.6,12802.8,6110
,,,,,,,,6647,40485.8,11557.3,5517.8
,,,,,,,,6648,36274.6,10358.8,4944.4
,,,,,,,,6649,33426.4,9545.7,4554.3
,,,,,,,,6650,31786.1,9080.4,4333.4
,,,,,,,,6651,30855.5,8812.5,4206.5
,,,,,,,,6652,30611.1,8742,4173.6
,,,,,,,,6653,31325.5,8944.1,4272.3
,,,,,,,,6654,34112.6,9743.1,4648.3
,,,,,,,,6655,39832.5,11374,5433.2
,,,,,,,,6656,43352.8,12384.5,5907.9
,,,,,,,,6657,45007.2,12854.5,6138.2
,,,,,,,,6658,46492.4,13277.5,6335.6
,,,,,,,,6659,47846,13667.6,6523.6
,,,,,,,,6660,48569.8,13869.7,6617.6
,,,,,,,,6661,48696.7,13907.3,6641.1
,,,,,,,,6662,48903.5,13963.7,6664.6
,,,,,,,,6663,48696.7,13907.3,6641.1
,,,,,,,,6664,48381.8,13818,6594.1
,,,,,,,,6665,48005.8,13709.9,6547.1
,,,,,,,,6666,47399.5,13536,6462.5
,,,,,,,,6667,48419.4,13827.4,6598.8
,,,,,,,,6668,48818.9,13940.2,6655.2
,,,,,,,,6669,46859,13380.9,6387.3
,,,,,,,,6670,44067.2,12586.6,6006.6
,,,,,,,,6671,40424.7,11543.2,5508.4
,,,,,,,,6672,36627.1,10457.5,4991.4
,,,,,,,,6673,33675.5,9616.2,4591.9
,,,,,,,,6674,31772,9075.7,4333.4
,,,,,,,,6675,30691,8765.5,4183
,,,,,,,,6676,30206.9,8624.5,4117.2
,,,,,,,,6677,30221,8633.9,4121.9
,,,,,,,,6678,31175.1,8901.8,4248.8
,,,,,,,,6679,33271.3,9503.4,4535.5
,,,,,,,,6680,35677.7,10189.6,4864.5
,,,,,,,,6681,39052.3,11153.1,5325.1
,,,,,,,,6682,41519.8,11858.1,5658.8
,,,,,,,,6683,42887.5,12248.2,5846.8
,,,,,,,,6684,43569,12445.6,5940.8
,,,,,,,,6685,43625.4,12459.7,5950.2
,,,,,,,,6686,43296.4,12365.7,5903.2
,,,,,,,,6687,43000.3,12281.1,5860.9
,,,,,,,,6688,42835.8,12234.1,5837.4
,,,,,,,,6689,43207.1,12337.5,5889.1
,,,,,,,,6690,44034.3,12572.5,6001.9
,,,,,,,,6691,44903.8,12826.3,6119.4
,,,,,,,,6692,44447.9,12690,6058.3
,,,,,,,,6693,42596.1,12163.6,5809.2
,,,,,,,,6694,40297.8,11510.3,5494.3
,,,,,,,,6695,37130,10603.2,5061.9
,,,,,,,,6696,33882.3,9672.6,4620.1
,,,,,,,,6697,31283.2,8934.7,4267.6
,,,,,,,,6698,29661.7,8474.1,4042
,,,,,,,,6699,28740.5,8206.2,3915.1
,,,,,,,,6700,28326.9,8088.7,3863.4
,,,,,,,,6701,28331.6,8093.4,3863.4
,,,,,,,,6702,28942.6,8262.6,3943.3
,,,,,,,,6703,30315,8657.4,4131.3
,,,,,,,,6704,32223.2,9202.6,4389.8
,,,,,,,,6705,35306.4,10081.5,4812.8
,,,,,,,,6706,37506,10711.3,5113.6
,,,,,,,,6707,38704.5,11054.4,5273.4
,,,,,,,,6708,39306.1,11228.3,5358
,,,,,,,,6709,39729.1,11345.8,5414.4
,,,,,,,,6710,39705.6,11341.1,5409.7
,,,,,,,,6711,39715,11341.1,5414.4
,,,,,,,,6712,39893.6,11392.8,5437.9
,,,,,,,,6713,40626.8,11604.3,5536.6
,,,,,,,,6714,41656.1,11895.7,5677.6
,,,,,,,,6715,43808.7,12511.4,5973.7
,,,,,,,,6716,43691.2,12478.5,5954.9
,,,,,,,,6717,42027.4,12003.8,5729.3
,,,,,,,,6718,39371.9,11242.4,5367.4
,,,,,,,,6719,36194.7,10335.3,4935
,,,,,,,,6720,33055.1,9437.6,4507.3
,,,,,,,,6721,30681.6,8760.8,4183
,,,,,,,,6722,29281,8361.3,3990.3
,,,,,,,,6723,28623,8173.3,3901
,,,,,,,,6724,28538.4,8149.8,3886.9
,,,,,,,,6725,29257.5,8356.6,3985.6
,,,,,,,,6726,31438.3,8977,4286.4
,,,,,,,,6727,35226.5,10058,4803.4
,,,,,,,,6728,38502.4,10993.3,5249.9
,,,,,,,,6729,41153.2,11754.7,5611.8
,,,,,,,,6730,42943.9,12267,5856.2
,,,,,,,,6731,43982.6,12563.1,5997.2
,,,,,,,,6732,44316.3,12657.1,6044.2
,,,,,,,,6733,44039,12577.2,6001.9
,,,,,,,,6734,43822.8,12516.1,5973.7
,,,,,,,,6735,43526.7,12431.5,5931.4
,,,,,,,,6736,43249.4,12351.6,5893.8
,,,,,,,,6737,43818.1,12516.1,5973.7
,,,,,,,,6738,45406.7,12972,6194.6
,,,,,,,,6739,48024.6,13714.6,6547.1
,,,,,,,,6740,48203.2,13766.3,6570.6
,,,,,,,,6741,46069.4,13155.3,6279.2
,,,,,,,,6742,42525.6,12144.8,5795.1
,,,,,,,,6743,38154.6,10899.3,5198.2
,,,,,,,,6744,34258.3,9785.4,4671.8
,,,,,,,,6745,31574.6,9014.6,4305.2
,,,,,,,,6746,30136.4,8605.7,4107.8
,,,,,,,,6747,29473.7,8417.7,4018.5
,,,,,,,,6748,29379.7,8389.5,4004.4
,,,,,,,,6749,30272.7,8643.3,4126.6
,,,,,,,,6750,33506.3,9569.2,4568.4
,,,,,,,,6751,39832.5,11374,5433.2
,,,,,,,,6752,43573.7,12445.6,5940.8
,,,,,,,,6753,44715.8,12769.9,6095.9
,,,,,,,,6754,45420.8,12972,6194.6
,,,,,,,,6755,45975.4,13131.8,6265.1
,,,,,,,,6756,46210.4,13197.6,6298
,,,,,,,,6757,46036.5,13145.9,6274.5
,,,,,,,,6758,45984.8,13136.5,6269.8
,,,,,,,,6759,45566.5,13014.3,6213.4
,,,,,,,,6760,45284.5,12929.7,6171.1
,,,,,,,,6761,45688.7,13047.2,6227.5
,,,,,,,,6762,47028.2,13432.6,6410.8
,,,,,,,,6763,49354.7,14095.3,6730.4
,,,,,,,,6764,49265.4,14071.8,6716.3
,,,,,,,,6765,47056.4,13442,6415.5
,,,,,,,,6766,43390.4,12389.2,5912.6
,,,,,,,,6767,38779.7,11073.2,5287.5
,,,,,,,,6768,34690.7,9907.6,4728.2
,,,,,,,,6769,32068.1,9155.6,4371
,,,,,,,,6770,30629.9,8746.7,4173.6
,,,,,,,,6771,29924.9,8544.6,4079.6
,,,,,,,,6772,29755.7,8497.6,4056.1
,,,,,,,,6773,30578.2,8732.6,4168.9
,,,,,,,,6774,33689.6,9625.6,4591.9
,,,,,,,,6775,39954.7,11411.6,5447.3
,,,,,,,,6776,43879.2,12530.2,5978.4
,,,,,,,,6777,44993.1,12849.8,6133.5
,,,,,,,,6778,45712.2,13056.6,6232.2
,,,,,,,,6779,46384.3,13249.3,6321.5
,,,,,,,,6780,46694.5,13338.6,6363.8
,,,,,,,,6781,46624,13315.1,6359.1
,,,,,,,,6782,46628.7,13319.8,6359.1
,,,,,,,,6783,46360.8,13239.9,6321.5
,,,,,,,,6784,46201,13192.9,6298
,,,,,,,,6785,46703.9,13338.6,6368.5
,,,,,,,,6786,47766.1,13639.4,6514.2
,,,,,,,,6787,49556.8,14151.7,6758.6
,,,,,,,,6788,49411.1,14109.4,6739.8
,,,,,,,,6789,47206.8,13484.3,6434.3
,,,,,,,,6790,43630.1,12459.7,5950.2
,,,,,,,,6791,39061.7,11157.8,5325.1
,,,,,,,,6792,34921,9973.4,4761.1
,,,,,,,,6793,32185.6,9193.2,4389.8
,,,,,,,,6794,30728.6,8774.9,4187.7
,,,,,,,,6795,29929.6,8544.6,4079.6
,,,,,,,,6796,29854.4,8525.8,4070.2
,,,,,,,,6797,30738,8779.6,4192.4
,,,,,,,,6798,33905.8,9682,4624.8
,,,,,,,,6799,40152.1,11468,5475.5
,,,,,,,,6800,43460.9,12412.7,5926.7
,,,,,,,,6801,44368,12671.2,6048.9
,,,,,,,,6802,44791,12793.4,6105.3
,,,,,,,,6803,45021.3,12854.5,6138.2
,,,,,,,,6804,44979,12845.1,6133.5
,,,,,,,,6805,44692.3,12760.5,6095.9
,,,,,,,,6806,44584.2,12737,6077.1
,,,,,,,,6807,44034.3,12572.5,6001.9
,,,,,,,,6808,43695.9,12478.5,5954.9
,,,,,,,,6809,43860.4,12525.5,5978.4
,,,,,,,,6810,44852.1,12807.5,6114.7
,,,,,,,,6811,47714.4,13630,6504.8
,,,,,,,,6812,48518.1,13855.6,6617.6
,,,,,,,,6813,46788.5,13362.1,6382.6
,,,,,,,,6814,43432.7,12403.3,5922
,,,,,,,,6815,39348.4,11237.7,5362.7
,,,,,,,,6816,35400.4,10109.7,4826.9
,,,,,,,,6817,32519.3,9287.2,4436.8
,,,,,,,,6818,31024.7,8859.5,4230
,,,,,,,,6819,30263.3,8643.3,4126.6
,,,,,,,,6820,30122.3,8601,4103.1
,,,,,,,,6821,30902.5,8826.6,4211.2
,,,,,,,,6822,34046.8,9724.3,4643.6
,,,,,,,,6823,40180.3,11472.7,5480.2
,,,,,,,,6824,43611.3,12455,5945.5
,,,,,,,,6825,44626.5,12741.7,6081.8
,,,,,,,,6826,45519.5,13000.2,6204
,,,,,,,,6827,46266.8,13211.7,6307.4
,,,,,,,,6828,46421.9,13254,6330.9
,,,,,,,,6829,45989.5,13136.5,6269.8
,,,,,,,,6830,45604.1,13023.7,6213.4
,,,,,,,,6831,44668.8,12760.5,6091.2
,,,,,,,,6832,43973.2,12558.4,5997.2
,,,,,,,,6833,44039,12577.2,6001.9
,,,,,,,,6834,45002.5,12854.5,6133.5
,,,,,,,,6835,47493.5,13564.2,6476.6
,,,,,,,,6836,47775.5,13644.1,6514.2
,,,,,,,,6837,46158.7,13183.5,6293.3
,,,,,,,,6838,43695.9,12478.5,5954.9
,,,,,,,,6839,40142.7,11463.3,5475.5
,,,,,,,,6840,36547.2,10438.7,4982
,,,,,,,,6841,33797.7,9653.8,4606
,,,,,,,,6842,32331.3,9235.5,4408.6
,,,,,,,,6843,31602.8,9024,4309.9
,,,,,,,,6844,31330.2,8944.1,4272.3
,,,,,,,,6845,31715.6,9056.9,4324
,,,,,,,,6846,33106.8,9456.4,4512
,,,,,,,,6847,35583.7,10161.4,4850.4
,,,,,,,,6848,38262.7,10927.5,5217
,,,,,,,,6849,41049.8,11721.8,5597.7
,,,,,,,,6850,42304.7,12083.7,5766.9
,,,,,,,,6851,42483.3,12135.4,5790.4
,,,,,,,,6852,41909.9,11966.2,5715.2
,,,,,,,,6853,41021.6,11717.1,5593
,,,,,,,,6854,40058.1,11439.8,5461.4
,,,,,,,,6855,39296.7,11223.6,5358
,,,,,,,,6856,39085.2,11162.5,5329.8
,,,,,,,,6857,39733.8,11345.8,5414.4
,,,,,,,,6858,41407,11825.2,5649.4
,,,,,,,,6859,44513.7,12708.8,6067.7
,,,,,,,,6860,44593.6,12737,6077.1
,,,,,,,,6861,43263.5,12356.3,5898.5
,,,,,,,,6862,41087.4,11735.9,5597.7
,,,,,,,,6863,38140.5,10894.6,5198.2
,,,,,,,,6864,35024.4,10001.6,4775.2
,,,,,,,,6865,32495.8,9277.8,4432.1
,,,,,,,,6866,30775.6,8789,4197.1
,,,,,,,,6867,29929.6,8544.6,4079.6
,,,,,,,,6868,29473.7,8417.7,4018.5
,,,,,,,,6869,29478.4,8417.7,4018.5
,,,,,,,,6870,30230.4,8633.9,4121.9
,,,,,,,,6871,31851.9,9099.2,4338.1
,,,,,,,,6872,34093.8,9738.4,4648.3
,,,,,,,,6873,37256.9,10640.8,5076
,,,,,,,,6874,39870.1,11388.1,5433.2
,,,,,,,,6875,41355.3,11811.1,5640
,,,,,,,,6876,42177.8,12046.1,5748.1
,,,,,,,,6877,42356.4,12097.8,5776.3
,,,,,,,,6878,41848.8,11952.1,5705.8
,,,,,,,,6879,41186.1,11764.1,5616.5
,,,,,,,,6880,40871.2,11674.8,5574.2
,,,,,,,,6881,41402.3,11825.2,5644.7
,,,,,,,,6882,42718.3,12201.2,5823.3
,,,,,,,,6883,45439.6,12976.7,6194.6
,,,,,,,,6884,45632.3,13033.1,6218.1
,,,,,,,,6885,43860.4,12525.5,5978.4
,,,,,,,,6886,40485.8,11557.3,5517.8
,,,,,,,,6887,36763.4,10499.8,5010.2
,,,,,,,,6888,33407.6,9541,4554.3
,,,,,,,,6889,31062.3,8873.6,4234.7
,,,,,,,,6890,29892,8535.2,4074.9
,,,,,,,,6891,29379.7,8389.5,4004.4
,,,,,,,,6892,29360.9,8384.8,4004.4
,,,,,,,,6893,30300.9,8652.7,4126.6
,,,,,,,,6894,33595.6,9597.4,4577.8
,,,,,,,,6895,39851.3,11378.7,5433.2
,,,,,,,,6896,43484.4,12417.4,5931.4
,,,,,,,,6897,44654.7,12755.8,6086.5
,,,,,,,,6898,46017.7,13141.2,6274.5
,,,,,,,,6899,46948.3,13409.1,6401.4
,,,,,,,,6900,47343.1,13521.9,6453.1
,,,,,,,,6901,47277.3,13503.1,6448.4
,,,,,,,,6902,47333.7,13517.2,6453.1
,,,,,,,,6903,46901.3,13395,6392
,,,,,,,,6904,46572.3,13301,6349.7
,,,,,,,,6905,46863.7,13385.6,6387.3
,,,,,,,,6906,48273.7,13789.8,6580
,,,,,,,,6907,50642.5,14461.9,6904.3
,,,,,,,,6908,49928.1,14259.8,6810.3
,,,,,,,,6909,47502.9,13564.2,6476.6
,,,,,,,,6910,43794.6,12506.7,5969
,,,,,,,,6911,39249.7,11209.5,5348.6
,,,,,,,,6912,35292.3,10076.8,4812.8
,,,,,,,,6913,32585.1,9306,4441.5
,,,,,,,,6914,31024.7,8859.5,4230
,,,,,,,,6915,30145.8,8610.4,4107.8
,,,,,,,,6916,29798,8507,4060.8
,,,,,,,,6917,30376.1,8676.2,4140.7
,,,,,,,,6918,33247.8,9494,4530.8
,,,,,,,,6919,39292,11223.6,5358
,,,,,,,,6920,43028.5,12285.8,5865.6
,,,,,,,,6921,43733.5,12492.6,5959.6
,,,,,,,,6922,44245.8,12638.3,6030.1
,,,,,,,,6923,44870.9,12812.2,6119.4
,,,,,,,,6924,45021.3,12854.5,6138.2
,,,,,,,,6925,44701.7,12765.2,6095.9
,,,,,,,,6926,44570.1,12727.6,6072.4
,,,,,,,,6927,43996.7,12567.8,6001.9
,,,,,,,,6928,43634.8,12459.7,5950.2
,,,,,,,,6929,44043.7,12577.2,6001.9
,,,,,,,,6930,45411.4,12972,6194.6
,,,,,,,,6931,48555.7,13865,6617.6
,,,,,,,,6932,48626.2,13888.5,6627
,,,,,,,,6933,46694.5,13333.9,6363.8
,,,,,,,,6934,43122.5,12314,5879.7
,,,,,,,,6935,39136.9,11176.6,5339.2
,,,,,,,,6936,35367.5,10100.3,4822.2
,,,,,,,,6937,32472.3,9273.1,4427.4
,,,,,,,,6938,31095.2,8878.3,4239.4
,,,,,,,,6939,30498.3,8709.1,4154.8
,,,,,,,,6940,30446.6,8695,4150.1
,,,,,,,,6941,31428.9,8977,4286.4
,,,,,,,,6942,34747.1,9926.4,4737.6
,,,,,,,,6943,41242.5,11778.2,5621.2
,,,,,,,,6944,44635.9,12746.4,6086.5
,,,,,,,,6945,45237.5,12920.3,6166.4
,,,,,,,,6946,45261,12925,6166.4
,,,,,,,,6947,45383.2,12962.6,6189.9
,,,,,,,,6948,45199.9,12906.2,6161.7
,,,,,,,,6949,44875.6,12816.9,6119.4
,,,,,,,,6950,44767.5,12784,6100.6
,,,,,,,,6951,44316.3,12657.1,6044.2
,,,,,,,,6952,43982.6,12558.4,5997.2
,,,,,,,,6953,44161.2,12614.8,6020.7
,,,,,,,,6954,45467.8,12986.1,6199.3
,,,,,,,,6955,48626.2,13888.5,6627
,,,,,,,,6956,48593.3,13879.1,6622.3
,,,,,,,,6957,46685.1,13333.9,6363.8
,,,,,,,,6958,43301.1,12365.7,5903.2
,,,,,,,,6959,38666.9,11040.3,5268.7
,,,,,,,,6960,34836.4,9949.9,4747
,,,,,,,,6961,32237.3,9202.6,4394.5
,,,,,,,,6962,30869.6,8817.2,4206.5
,,,,,,,,6963,30282.1,8648,4126.6
,,,,,,,,6964,30136.4,8605.7,4107.8
,,,,,,,,6965,31081.1,8873.6,4239.4
,,,,,,,,6966,34338.2,9808.9,4681.2
,,,,,,,,6967,40843,11665.4,5569.5
,,,,,,,,6968,44353.9,12666.5,6048.9
,,,,,,,,6969,44950.8,12835.7,6128.8
,,,,,,,,6970,45195.2,12906.2,6161.7
,,,,,,,,6971,45505.4,12995.5,6204
,,,,,,,,6972,43399.8,12393.9,5917.3
,,,,,,,,6973,44245.8,12638.3,6030.1
,,,,,,,,6974,44212.9,12624.2,6025.4
,,,,,,,,6975,45364.4,12953.2,6185.2
,,,,,,,,6976,42600.8,12168.3,5809.2
,,,,,,,,6977,44513.7,12708.8,6067.7
,,,,,,,,6978,45561.8,13014.3,6213.4
,,,,,,,,6979,48457,13841.5,6603.5
,,,,,,,,6980,48433.5,13832.1,6603.5
,,,,,,,,6981,46468.9,13272.8,6335.6
,,,,,,,,6982,43155.4,12323.4,5884.4
,,,,,,,,6983,38807.9,11082.6,5292.2
,,,,,,,,6984,34808.2,9940.5,4747
,,,,,,,,6985,32082.2,9160.3,4371
,,,,,,,,6986,30601.7,8737.3,4173.6
,,,,,,,,6987,29901.4,8539.9,4074.9
,,,,,,,,6988,29741.6,8492.9,4056.1
,,,,,,,,6989,30540.6,8723.2,4164.2
,,,,,,,,6990,33543.9,9578.6,4573.1
,,,,,,,,6991,39644.5,11322.3,5405
,,,,,,,,6992,43752.3,12497.3,5964.3
,,,,,,,,6993,45195.2,12906.2,6161.7
,,,,,,,,6994,46219.8,13202.3,6302.7
,,,,,,,,6995,47065.8,13442,6415.5
,,,,,,,,6996,47291.4,13507.8,6448.4
,,,,,,,,6997,47037.6,13432.6,6410.8
,,,,,,,,6998,46985.9,13418.5,6406.1
,,,,,,,,6999,46586.4,13305.7,6354.4
,,,,,,,,7000,46323.2,13230.5,6312.1
,,,,,,,,7001,46685.1,13333.9,6363.8
,,,,,,,,7002,47846,13662.9,6523.6
,,,,,,,,7003,48959.9,13982.5,6674
,,,,,,,,7004,47766.1,13639.4,6514.2
,,,,,,,,7005,45862.6,13098.9,6251
,,,,,,,,7006,43169.5,12328.1,5884.4
,,,,,,,,7007,39564.6,11298.8,5390.9
,,,,,,,,7008,35781.1,10217.8,4878.6
,,,,,,,,7009,32942.3,9409.4,4488.5
,,,,,,,,7010,31311.4,8944.1,4272.3
,,,,,,,,7011,30357.3,8666.8,4136
,,,,,,,,7012,29939,8549.3,4079.6
,,,,,,,,7013,30061.2,8586.9,4098.4
,,,,,,,,7014,31062.3,8873.6,4234.7
,,,,,,,,7015,33379.4,9531.6,4549.6
,,,,,,,,7016,36110.1,10311.8,4920.9
,,,,,,,,7017,39230.9,11204.8,5348.6
,,,,,,,,7018,41646.7,11891,5677.6
,,,,,,,,7019,42845.2,12238.8,5842.1
,,,,,,,,7020,43164.8,12328.1,5884.4
,,,,,,,,7021,42831.1,12229.4,5837.4
,,,,,,,,7022,42126.1,12027.3,5743.4
,,,,,,,,7023,41280.1,11792.3,5625.9
,,,,,,,,7024,40753.7,11637.2,5555.4
,,,,,,,,7025,40871.2,11674.8,5574.2
,,,,,,,,7026,41745.4,11923.9,5691.7
,,,,,,,,7027,44274,12643,6034.8
,,,,,,,,7028,43705.3,12478.5,5954.9
,,,,,,,,7029,42116.7,12027.3,5743.4
,,,,,,,,7030,39827.8,11374,5433.2
,,,,,,,,7031,36824.5,10518.6,5019.6
,,,,,,,,7032,33689.6,9620.9,4591.9
,,,,,,,,7033,31109.3,8883,4244.1
,,,,,,,,7034,29440.8,8403.6,4009.1
,,,,,,,,7035,28547.8,8154.5,3886.9
,,,,,,,,7036,28068.4,8018.2,3825.8
,,,,,,,,7037,28101.3,8027.6,3830.5
,,,,,,,,7038,28782.8,8220.3,3924.5
,,,,,,,,7039,30394.9,8680.9,4145.4
,,,,,,,,7040,32265.5,9212,4399.2
,,,,,,,,7041,35203,10053.3,4798.7
,,,,,,,,7042,37501.3,10711.3,5113.6
,,,,,,,,7043,38615.2,11026.2,5264
,,,,,,,,7044,39207.4,11195.4,5343.9
,,,,,,,,7045,39418.9,11256.5,5372.1
,,,,,,,,7046,39165.1,11181.3,5339.2
,,,,,,,,7047,38967.7,11129.6,5311
,,,,,,,,7048,39075.8,11157.8,5325.1
,,,,,,,,7049,40034.6,11435.1,5456.7
,,,,,,,,7050,41900.5,11966.2,5715.2
,,,,,,,,7051,45143.5,12892.1,6152.3
,,,,,,,,7052,44358.6,12666.5,6048.9
,,,,,,,,7053,42812.3,12224.7,5837.4
,,,,,,,,7054,39616.3,11312.9,5400.3
,,,,,,,,7055,35865.7,10241.3,4888
,,,,,,,,7056,32491.1,9277.8,4432.1
,,,,,,,,7057,30141.1,8605.7,4107.8
,,,,,,,,7058,28952,8267.3,3943.3
,,,,,,,,7059,28467.9,8131,3882.2
,,,,,,,,7060,28496.1,8140.4,3886.9
,,,,,,,,7061,29440.8,8408.3,4009.1
,,,,,,,,7062,32754.3,9353,4465
,,,,,,,,7063,39179.2,11186,5339.2
,,,,,,,,7064,42676,12191.8,5818.6
,,,,,,,,7065,43550.2,12436.2,5936.1
,,,,,,,,7066,44377.4,12671.2,6053.6
,,,,,,,,7067,45101.2,12878,6147.6
,,,,,,,,7068,45364.4,12953.2,6185.2
,,,,,,,,7069,45157.6,12896.8,6157
,,,,,,,,7070,45101.2,12878,6147.6
,,,,,,,,7071,44645.3,12751.1,6086.5
,,,,,,,,7072,44297.5,12652.4,6039.5
,,,,,,,,7073,44584.2,12737,6077.1
,,,,,,,,7074,45994.2,13136.5,6269.8
,,,,,,,,7075,49115,14029.5,6692.8
,,,,,,,,7076,48583.9,13874.4,6622.3
,,,,,,,,7077,46168.1,13183.5,6293.3
,,,,,,,,7078,42586.7,12163.6,5804.5
,,,,,,,,7079,38328.5,10946.3,5221.7
,,,,,,,,7080,34422.8,9832.4,4695.3
,,,,,,,,7081,31560.5,9014.6,4300.5
,,,,,,,,7082,30065.9,8586.9,4098.4
,,,,,,,,7083,29323.3,8375.4,3995
,,,,,,,,7084,29243.4,8351.9,3985.6
,,,,,,,,7085,30004.8,8568.1,4089
,,,,,,,,7086,33351.2,9526.9,4544.9
,,,,,,,,7087,39780.8,11359.9,5423.8
,,,,,,,,7088,43183.6,12337.5,5884.4
,,,,,,,,7089,43865.1,12525.5,5978.4
,,,,,,,,7090,44311.6,12657.1,6039.5
,,,,,,,,7091,44814.5,12798.1,6110
,,,,,,,,7092,45030.7,12859.2,6138.2
,,,,,,,,7093,44889.7,12821.6,6119.4
,,,,,,,,7094,44950.8,12835.7,6128.8
,,,,,,,,7095,44523.1,12713.5,6072.4
,,,,,,,,7096,44231.7,12633.6,6030.1
,,,,,,,,7097,44650,12755.8,6086.5
,,,,,,,,7098,46436,13263.4,6330.9
,,,,,,,,7099,49378.2,14100,6730.4
,,,,,,,,7100,48551,13865,6617.6
,,,,,,,,7101,46276.2,13216.4,6312.1
,,,,,,,,7102,42812.3,12224.7,5837.4
,,,,,,,,7103,38295.6,10936.9,5217
,,,,,,,,7104,34357,9813.6,4681.2
,,,,,,,,7105,31800.2,9085.1,4338.1
,,,,,,,,7106,30413.7,8685.6,4145.4
,,,,,,,,7107,29694.6,8478.8,4046.7
,,,,,,,,7108,29520.7,8427.1,4023.2
,,,,,,,,7109,30362,8671.5,4136
,,,,,,,,7110,33529.8,9578.6,4573.1
,,,,,,,,7111,40062.8,11439.8,5461.4
,,,,,,,,7112,43757,12497.3,5964.3
,,,,,,,,7113,44499.6,12708.8,6067.7
,,,,,,,,7114,45007.2,12854.5,6138.2
,,,,,,,,7115,45369.1,12957.9,6185.2
,,,,,,,,7116,45406.7,12967.3,6189.9
,,,,,,,,7117,45246.9,12920.3,6166.4
,,,,,,,,7118,45152.9,12896.8,6157
,,,,,,,,7119,44664.1,12755.8,6091.2
,,,,,,,,7120,44325.7,12661.8,6044.2
,,,,,,,,7121,44828.6,12802.8,6110
,,,,,,,,7122,46732.1,13348,6373.2
,,,,,,,,7123,49312.4,14081.2,6721
,,,,,,,,7124,48555.7,13865,6617.6
,,,,,,,,7125,46431.3,13258.7,6330.9
,,,,,,,,7126,43113.1,12314,5879.7
,,,,,,,,7127,38516.5,10998,5249.9
,,,,,,,,7128,34629.6,9888.8,4718.8
,,,,,,,,7129,31988.2,9132.1,4361.6
,,,,,,,,7130,30601.7,8737.3,4173.6
,,,,,,,,7131,29939,8549.3,4079.6
,,,,,,,,7132,29854.4,8525.8,4070.2
,,,,,,,,7133,30681.6,8760.8,4183
,,,,,,,,7134,33957.5,9696.1,4629.5
,,,,,,,,7135,40420,11543.2,5508.4
,,,,,,,,7136,43841.6,12525.5,5978.4
,,,,,,,,7137,44325.7,12661.8,6044.2
,,,,,,,,7138,44791,12788.7,6105.3
,,,,,,,,7139,45204.6,12906.2,6161.7
,,,,,,,,7140,45246.9,12920.3,6166.4
,,,,,,,,7141,44950.8,12835.7,6128.8
,,,,,,,,7142,44838,12807.5,6114.7
,,,,,,,,7143,44321,12657.1,6044.2
,,,,,,,,7144,43945,12549,5992.5
,,,,,,,,7145,44231.7,12633.6,6030.1
,,,,,,,,7146,45834.4,13089.5,6246.3
,,,,,,,,7147,48809.5,13935.5,6655.2
,,,,,,,,7148,48297.2,13794.5,6584.7
,,,,,,,,7149,46374.9,13244.6,6321.5
,,,,,,,,7150,43141.3,12318.7,5884.4
,,,,,,,,7151,38765.6,11068.5,5287.5
,,,,,,,,7152,34784.7,9935.8,4742.3
,,,,,,,,7153,32124.5,9174.4,4380.4
,,,,,,,,7154,30611.1,8742,4173.6
,,,,,,,,7155,29896.7,8539.9,4074.9
,,,,,,,,7156,29788.6,8507,4060.8
,,,,,,,,7157,30564.1,8727.9,4164.2
,,,,,,,,7158,33689.6,9620.9,4591.9
,,,,,,,,7159,39860.7,11383.4,5433.2
,,,,,,,,7160,43432.7,12403.3,5922
,,,,,,,,7161,44245.8,12638.3,6030.1
,,,,,,,,7162,44960.2,12840.4,6128.8
,,,,,,,,7163,45477.2,12986.1,6199.3
,,,,,,,,7164,45519.5,12995.5,6204
,,,,,,,,7165,45152.9,12896.8,6157
,,,,,,,,7166,44899.1,12821.6,6119.4
,,,,,,,,7167,44382.1,12675.9,6053.6
,,,,,,,,7168,43916.8,12544.3,5987.8
,,,,,,,,7169,43869.8,12525.5,5978.4
,,,,,,,,7170,44955.5,12840.4,6128.8
,,,,,,,,7171,47136.3,13465.5,6429.6
,,,,,,,,7172,46111.7,13169.4,6288.6
,,,,,,,,7173,44292.8,12647.7,6039.5
,,,,,,,,7174,41660.8,11900.4,5677.6
,,,,,,,,7175,38121.7,10885.2,5198.2
,,,,,,,,7176,34479.2,9846.5,4700
,,,,,,,,7177,31767.3,9071,4328.7
,,,,,,,,7178,30159.9,8615.1,4112.5
,,,,,,,,7179,29276.3,8361.3,3990.3
,,,,,,,,7180,28853.3,8239.1,3933.9
,,,,,,,,7181,29031.9,8290.8,3957.4
,,,,,,,,7182,30230.4,8633.9,4121.9
,,,,,,,,7183,32721.4,9348.3,4460.3
,,,,,,,,7184,35395.7,10105,4822.2
,,,,,,,,7185,38366.1,10955.7,5231.1
,,,,,,,,7186,40391.8,11533.8,5503.7
,,,,,,,,7187,41298.9,11792.3,5630.6
,,,,,,,,7188,41313,11797,5630.6
,,,,,,,,7189,41026.3,11717.1,5593
,,,,,,,,7190,40457.6,11557.3,5513.1
,,,,,,,,7191,39832.5,11374,5433.2
,,,,,,,,7192,39541.1,11294.1,5390.9
,,,,,,,,7193,39959.4,11411.6,5447.3
,,,,,,,,7194,41909.9,11970.9,5715.2
,,,,,,,,7195,44551.3,12722.9,6072.4
,,,,,,,,7196,43573.7,12445.6,5940.8
,,,,,,,,7197,41952.2,11980.3,5715.2
,,,,,,,,7198,39691.5,11336.4,5409.7
,,,,,,,,7199,36838.6,10523.3,5024.3
,,,,,,,,7200,33769.5,9644.4,4601.3
,,,,,,,,7201,31320.8,8944.1,4272.3
,,,,,,,,7202,29708.7,8483.5,4051.4
,,,,,,,,7203,28735.8,8206.2,3915.1
,,,,,,,,7204,28270.5,8074.6,3854
,,,,,,,,7205,28261.1,8074.6,3849.3
,,,,,,,,7206,28984.9,8276.7,3952.7
,,,,,,,,7207,30695.7,8765.5,4183
,,,,,,,,7208,33064.5,9442.3,4507.3
,,,,,,,,7209,36171.2,10335.3,4935
,,,,,,,,7210,38944.2,11120.2,5311
,,,,,,,,7211,40542.2,11580.8,5527.2
,,,,,,,,7212,41505.7,11853.4,5658.8
,,,,,,,,7213,42088.5,12022.6,5738.7
,,,,,,,,7214,42003.9,11999.1,5724.6
,,,,,,,,7215,41858.2,11956.8,5705.8
,,,,,,,,7216,41933.4,11975.6,5715.2
,,,,,,,,7217,43070.8,12299.9,5870.3
,,,,,,,,7218,45543,13004.9,6208.7
,,,,,,,,7219,47606.3,13597.1,6490.7
,,,,,,,,7220,46544.1,13291.6,6345
,,,,,,,,7221,44344.5,12661.8,6048.9
,,,,,,,,7222,41327.1,11801.7,5635.3
,,,,,,,,7223,37863.2,10814.7,5160.6
,,,,,,,,7224,34512.1,9855.9,4704.7
,,,,,,,,7225,31725,9061.6,4324
,,,,,,,,7226,30127,8605.7,4103.1
,,,,,,,,7227,29290.4,8366,3990.3
,,,,,,,,7228,29093,8309.6,3962.1
,,,,,,,,7229,29793.3,8507,4060.8
,,,,,,,,7230,32453.5,9268.4,4422.7
,,,,,,,,7231,36998.4,10570.3,5043.1
,,,,,,,,7232,40678.5,11618.4,5546
,,,,,,,,7233,43310.5,12370.4,5907.9
,,,,,,,,7234,45547.7,13004.9,6208.7
,,,,,,,,7235,46802.6,13366.8,6382.6
,,,,,,,,7236,47126.9,13460.8,6424.9
,,,,,,,,7237,46530,13291.6,6345
,,,,,,,,7238,45561.8,13009.6,6213.4
,,,,,,,,7239,43569,12440.9,5940.8
,,,,,,,,7240,41496.3,11848.7,5658.8
,,,,,,,,7241,40452.9,11552.6,5513.1
,,,,,,,,7242,40556.3,11580.8,5527.2
,,,,,,,,7243,39404.8,11251.8,5372.1
,,,,,,,,7244,36608.3,10452.8,4991.4
,,,,,,,,7245,34187.8,9766.6,4662.4
,,,,,,,,7246,31894.2,9108.6,4347.5
,,,,,,,,7247,29342.1,8380.1,3999.7
,,,,,,,,7248,27001.5,7712.7,3680.1
,,,,,,,,7249,25361.2,7242.7,3459.2
,,,,,,,,7250,24472.9,6988.9,3337
,,,,,,,,7251,23993.5,6847.9,3271.2
,,,,,,,,7252,23960.6,6843.2,3266.5
,,,,,,,,7253,24656.2,7040.6,3360.5
,,,,,,,,7254,26752.4,7642.2,3647.2
,,,,,,,,7255,30686.3,8760.8,4183
,,,,,,,,7256,34046.8,9719.6,4643.6
,,,,,,,,7257,36152.4,10325.9,4930.3
,,,,,,,,7258,37816.2,10800.6,5155.9
,,,,,,,,7259,39169.8,11181.3,5339.2
,,,,,,,,7260,39851.3,11378.7,5433.2
,,,,,,,,7261,40222.6,11486.8,5480.2
,,,,,,,,7262,40340.1,11519.7,5499
,,,,,,,,7263,40020.5,11430.4,5456.7
,,,,,,,,7264,40053.4,11439.8,5456.7
,,,,,,,,7265,40922.9,11684.2,5578.9
,,,,,,,,7266,43174.2,12332.8,5884.4
,,,,,,,,7267,44584.2,12732.3,6077.1
,,,,,,,,7268,43404.5,12393.9,5917.3
,,,,,,,,7269,41519.8,11858.1,5663.5
,,,,,,,,7270,38328.5,10946.3,5221.7
,,,,,,,,7271,34808.2,9940.5,4747
,,,,,,,,7272,31616.9,9028.7,4309.9
,,,,,,,,7273,29487.8,8422.4,4018.5
,,,,,,,,7274,28279.9,8074.6,3854
,,,,,,,,7275,27617.2,7886.6,3764.7
,,,,,,,,7276,27490.3,7849,3745.9
,,,,,,,,7277,28209.4,8055.8,3844.6
,,,,,,,,7278,30982.4,8850.1,4225.3
,,,,,,,,7279,36490.8,10424.6,4977.3
,,,,,,,,7280,40100.4,11449.2,5466.1
,,,,,,,,7281,40988.7,11703,5588.3
,,,,,,,,7282,41830,11947.4,5701.1
,,,,,,,,7283,42535,12144.8,5799.8
,,,,,,,,7284,42793.5,12220,5837.4
,,,,,,,,7285,42657.2,12182.4,5813.9
,,,,,,,,7286,42572.6,12158.9,5804.5
,,,,,,,,7287,42220.1,12055.5,5757.5
,,,,,,,,7288,42060.3,12008.5,5734
,,,,,,,,7289,42558.5,12154.2,5804.5
,,,,,,,,7290,43752.3,12497.3,5964.3
,,,,,,,,7291,44593.6,12737,6077.1
,,,,,,,,7292,43672.4,12473.8,5954.9
,,,,,,,,7293,42596.1,12168.3,5809.2
,,,,,,,,7294,40152.1,11463.3,5475.5
,,,,,,,,7295,36448.5,10405.8,4967.9
,,,,,,,,7296,32984.6,9418.8,4497.9
,,,,,,,,7297,30719.2,8774.9,4187.7
,,,,,,,,7298,29520.7,8427.1,4023.2
,,,,,,,,7299,28862.7,8239.1,3933.9
,,,,,,,,7300,28717,8201.5,3915.1
,,,,,,,,7301,29553.6,8436.5,4027.9
,,,,,,,,7302,32528.7,9291.9,4436.8
,,,,,,,,7303,38347.3,10951,5226.4
,,,,,,,,7304,41909.9,11970.9,5715.2
,,,,,,,,7305,42525.6,12144.8,5795.1
,,,,,,,,7306,43052,12295.2,5870.3
,,,,,,,,7307,43437.4,12403.3,5922
,,,,,,,,7308,43418.6,12398.6,5917.3
,,,,,,,,7309,43155.4,12323.4,5884.4
,,,,,,,,7310,43014.4,12285.8,5860.9
,,,,,,,,7311,42610.2,12168.3,5809.2
,,,,,,,,7312,42473.9,12130.7,5790.4
,,,,,,,,7313,43230.6,12346.9,5893.8
,,,,,,,,7314,45674.6,13042.5,6227.5
,,,,,,,,7315,47775.5,13644.1,6514.2
,,,,,,,,7316,46981.2,13418.5,6406.1
,,,,,,,,7317,45096.5,12878,6147.6
,,,,,,,,7318,42022.7,11999.1,5729.3
,,,,,,,,7319,37933.7,10828.8,5170
,,,,,,,,7320,34277.1,9790.1,4671.8
,,,,,,,,7321,31729.7,9061.6,4324
,,,,,,,,7322,30324.4,8662.1,4131.3
,,,,,,,,7323,29553.6,8441.2,4027.9
,,,,,,,,7324,29398.5,8394.2,4009.1
,,,,,,,,7325,30188.1,8619.8,4112.5
,,,,,,,,7326,33191.4,9479.9,4526.1
,,,,,,,,7327,39066.4,11157.8,5325.1
,,,,,,,,7328,42882.8,12243.5,5846.8
,,,,,,,,7329,43611.3,12450.3,5945.5
,,,,,,,,7330,44100.1,12596,6011.3
,,,,,,,,7331,44457.3,12694.7,6058.3
,,,,,,,,7332,44109.5,12596,6011.3
,,,,,,,,7333,43733.5,12487.9,5959.6
,,,,,,,,7334,43667.7,12473.8,5954.9
,,,,,,,,7335,43240,12346.9,5893.8
,,,,,,,,7336,42990.9,12276.4,5860.9
,,,,,,,,7337,43695.9,12478.5,5954.9
,,,,,,,,7338,45702.8,13051.9,6232.2
,,,,,,,,7339,47296.1,13507.8,6448.4
,,,,,,,,7340,46168.1,13183.5,6293.3
,,,,,,,,7341,44443.2,12690,6058.3
,,,,,,,,7342,41989.8,11989.7,5724.6
,,,,,,,,7343,38657.5,11040.3,5268.7
,,,,,,,,7344,35207.7,10053.3,4798.7
,,,,,,,,7345,32585.1,9306,4441.5
,,,,,,,,7346,30968.3,8845.4,4225.3
,,,,,,,,7347,30192.8,8619.8,4117.2
,,,,,,,,7348,29826.2,8521.1,4065.5
,,,,,,,,7349,30070.6,8586.9,4098.4
,,,,,,,,7350,31240.9,8920.6,4258.2
,,,,,,,,7351,33689.6,9620.9,4591.9
,,,,,,,,7352,36331,10377.6,4953.8
,,,,,,,,7353,38916,11110.8,5306.3
,,,,,,,,7354,40730.2,11627.8,5550.7
,,,,,,,,7355,41322.4,11801.7,5635.3
,,,,,,,,7356,41115.6,11740.6,5602.4
,,,,,,,,7357,40579.8,11590.2,5531.9
,,,,,,,,7358,39860.7,11383.4,5433.2
,,,,,,,,7359,39301.4,11223.6,5358
,,,,,,,,7360,39085.2,11157.8,5329.8
,,,,,,,,7361,40029.9,11430.4,5456.7
,,,,,,,,7362,42624.3,12173,5809.2
,,,,,,,,7363,44969.6,12840.4,6128.8
,,,,,,,,7364,44015.5,12572.5,6001.9
,,,,,,,,7365,42666.6,12187.1,5813.9
,,,,,,,,7366,40683.2,11618.4,5546
,,,,,,,,7367,38018.3,10857,5184.1
,,,,,,,,7368,35221.8,10058,4798.7
,,,,,,,,7369,32660.3,9324.8,4450.9
,,,,,,,,7370,30582.9,8732.6,4168.9
,,,,,,,,7371,29675.8,8474.1,4046.7
,,,,,,,,7372,29628.8,8460,4037.3
,,,,,,,,7373,30145.8,8610.4,4107.8
,,,,,,,,7374,31428.9,8977,4286.4
,,,,,,,,7375,33252.5,9494,4530.8
,,,,,,,,7376,35908,10255.4,4892.7
,,,,,,,,7377,38549.4,11007.4,5254.6
,,,,,,,,7378,39841.9,11374,5433.2
,,,,,,,,7379,39997,11421,5452
,,,,,,,,7380,39860.7,11383.4,5433.2
,,,,,,,,7381,39611.6,11312.9,5400.3
,,,,,,,,7382,39320.2,11228.3,5358
,,,,,,,,7383,39207.4,11200.1,5343.9
,,,,,,,,7384,39912.4,11397.5,5437.9
,,,,,,,,7385,43639.5,12459.7,5950.2
,,,,,,,,7386,46985.9,13418.5,6406.1
,,,,,,,,7387,47094,13446.7,6420.2
,,,,,,,,7388,45651.1,13037.8,6222.8
,,,,,,,,7389,44118.9,12596,6016
,,,,,,,,7390,40208.5,11482.1,5480.2
,,,,,,,,7391,36448.5,10410.5,4967.9
,,,,,,,,7392,33285.4,9508.1,4535.5
,,,,,,,,7393,31875.4,9103.9,4342.8
,,,,,,,,7394,30930.7,8831.3,4215.9
,,,,,,,,7395,30573.5,8732.6,4168.9
,,,,,,,,7396,30785,8789,4197.1
,,,,,,,,7397,32086.9,9165,4375.7
,,,,,,,,7398,35926.8,10260.1,4897.4
,,,,,,,,7399,42262.4,12069.6,5762.2
,,,,,,,,7400,45665.2,13042.5,6222.8
,,,,,,,,7401,46487.7,13277.5,6335.6
,,,,,,,,7402,46873.1,13390.3,6392
,,,,,,,,7403,46976.5,13418.5,6406.1
,,,,,,,,7404,46807.3,13371.5,6382.6
,,,,,,,,7405,46412.5,13254,6326.2
,,,,,,,,7406,46083.5,13160,6283.9
,,,,,,,,7407,45303.3,12939.1,6175.8
,,,,,,,,7408,45669.9,13042.5,6227.5
,,,,,,,,7409,49021,14001.3,6683.4
,,,,,,,,7410,53077.1,15157.5,7238
,,,,,,,,7411,52818.6,15087,7200.4
,,,,,,,,7412,51371,14668.7,7003
,,,,,,,,7413,49157.3,14038.9,6702.2
,,,,,,,,7414,45712.2,13056.6,6232.2
,,,,,,,,7415,41543.3,11867.5,5663.5
,,,,,,,,7416,37778.6,10786.5,5146.5
,,,,,,,,7417,35480.3,10133.2,4836.3
,,,,,,,,7418,34357,9813.6,4681.2
,,,,,,,,7419,33971.6,9700.8,4629.5
,,,,,,,,7420,34131.4,9743.1,4648.3
,,,,,,,,7421,35339.3,10095.6,4817.5
,,,,,,,,7422,39113.4,11167.2,5334.5
,,,,,,,,7423,44480.8,12704.1,6063
,,,,,,,,7424,47141,13465.5,6429.6
,,,,,,,,7425,47620.4,13601.8,6495.4
,,,,,,,,7426,47559.3,13583,6481.3
,,,,,,,,7427,47408.9,13536,6462.5
,,,,,,,,7428,47112.8,13456.1,6424.9
,,,,,,,,7429,46562.9,13301,6349.7
,,,,,,,,7430,46186.9,13188.2,6298
,,,,,,,,7431,45787.4,13075.4,6241.6
,,,,,,,,7432,45928.4,13113,6260.4
,,,,,,,,7433,48757.8,13921.4,6645.8
,,,,,,,,7434,53180.5,15185.7,7252.1
,,,,,,,,7435,53232.2,15204.5,7261.5
,,,,,,,,7436,52188.8,14903.7,7115.8
,,,,,,,,7437,50087.9,14306.8,6829.1
,,,,,,,,7438,46812,13371.5,6382.6
,,,,,,,,7439,42713.6,12196.5,5823.3
,,,,,,,,7440,39183.9,11190.7,5339.2
,,,,,,,,7441,37346.2,10664.3,5090.1
,,,,,,,,7442,35832.8,10231.9,4888
,,,,,,,,7443,34836.4,9949.9,4747
,,,,,,,,7444,34573.2,9874.7,4714.1
,,,,,,,,7445,35917.4,10260.1,4897.4
,,,,,,,,7446,39230.9,11204.8,5348.6
,,,,,,,,7447,45242.2,12920.3,6166.4
,,,,,,,,7448,48076.3,13728.7,6551.8
,,,,,,,,7449,49176.1,14043.6,6706.9
,,,,,,,,7450,49815.3,14226.9,6791.5
,,,,,,,,7451,50290,14363.2,6857.3
,,,,,,,,7452,50680.1,14476,6909
,,,,,,,,7453,50675.4,14471.3,6909
,,,,,,,,7454,50882.2,14527.7,6937.2
,,,,,,,,7455,51060.8,14579.4,6960.7
,,,,,,,,7456,52099.5,14880.2,7101.7
,,,,,,,,7457,54562.3,15585.2,7440.1
,,,,,,,,7458,57048.6,16290.2,7778.5
,,,,,,,,7459,56870,16243.2,7755
,,,,,,,,7460,54665.7,15608.7,7449.5
,,,,,,,,7461,52630.6,15030.6,7176.9
,,,,,,,,7462,48452.3,13836.8,6603.5
,,,,,,,,7463,43714.7,12483.2,5959.6
,,,,,,,,7464,39832.5,11374,5433.2
,,,,,,,,7465,37087.7,10593.8,5052.5
,,,,,,,,7466,35790.5,10222.5,4878.6
,,,,,,,,7467,35127.8,10029.8,4789.3
,,,,,,,,7468,35137.2,10029.8,4789.3
,,,,,,,,7469,36171.2,10330.6,4935
,,,,,,,,7470,39559.9,11298.8,5390.9
,,,,,,,,7471,45007.2,12854.5,6138.2
,,,,,,,,7472,48311.3,13794.5,6589.4
,,,,,,,,7473,49754.2,14208.1,6786.8
,,,,,,,,7474,50196,14335,6843.2
,,,,,,,,7475,50637.8,14457.2,6904.3
,,,,,,,,7476,50722.4,14485.4,6913.7
,,,,,,,,7477,50280.6,14363.2,6857.3
,,,,,,,,7478,50139.6,14316.2,6833.8
,,,,,,,,7479,49702.5,14194,6777.4
,,,,,,,,7480,50026.8,14288,6819.7
,,,,,,,,7481,52687,15044.7,7186.3
,,,,,,,,7482,54957.1,15698,7496.5
,,,,,,,,7483,54228.6,15486.5,7393.1
,,,,,,,,7484,52795.1,15077.6,7195.7
,,,,,,,,7485,50553.2,14438.4,6890.2
,,,,,,,,7486,46807.3,13366.8,6382.6
,,,,,,,,7487,42351.7,12097.8,5771.6
,,,,,,,,7488,38309.7,10941.6,5221.7
,,,,,,,,7489,35889.2,10250.7,4892.7
,,,,,,,,7490,34535.6,9865.3,4709.4
,,,,,,,,7491,33811.8,9653.8,4606
,,,,,,,,7492,33760.1,9644.4,4601.3
,,,,,,,,7493,34836.4,9949.9,4747
,,,,,,,,7494,38262.7,10927.5,5217
,,,,,,,,7495,43851,12525.5,5978.4
,,,,,,,,7496,46591.1,13305.7,6354.4
,,,,,,,,7497,47075.2,13442,6420.2
,,,,,,,,7498,47023.5,13427.9,6410.8
,,,,,,,,7499,46943.6,13404.4,6401.4
,,,,,,,,7500,46520.6,13286.9,6340.3
,,,,,,,,7501,45698.1,13051.9,6232.2
,,,,,,,,7502,45270.4,12925,6171.1
,,,,,,,,7503,44762.8,12784,6100.6
,,,,,,,,7504,44748.7,12779.3,6100.6
,,,,,,,,7505,47253.8,13493.7,6443.7
,,,,,,,,7506,50543.8,14433.7,6890.2
,,,,,,,,7507,49876.4,14241,6800.9
,,,,,,,,7508,48287.8,13794.5,6584.7
,,,,,,,,7509,46459.5,13268.1,6335.6
,,,,,,,,7510,43827.5,12516.1,5978.4
,,,,,,,,7511,40420,11543.2,5508.4
,,,,,,,,7512,37003.1,10570.3,5043.1
,,,,,,,,7513,34361.7,9813.6,4685.9
,,,,,,,,7514,32970.5,9414.1,4493.2
,,,,,,,,7515,32166.8,9183.8,4385.1
,,,,,,,,7516,31880.1,9108.6,4342.8
,,,,,,,,7517,32298.4,9226.1,4403.9
,,,,,,,,7518,33689.6,9620.9,4591.9
,,,,,,,,7519,35870.4,10241.3,4888
,,,,,,,,7520,38450.7,10979.2,5245.2
,,,,,,,,7521,41012.2,11712.4,5593
,,,,,,,,7522,42196.6,12050.8,5752.8
,,,,,,,,7523,42281.2,12074.3,5762.2
,,,,,,,,7524,41778.3,11933.3,5696.4
,,,,,,,,7525,41021.6,11712.4,5593
,,,,,,,,7526,40227.3,11486.8,5480.2
,,,,,,,,7527,39757.3,11355.2,5419.1
,,,,,,,,7528,40081.6,11444.5,5461.4
,,,,,,,,7529,43235.3,12346.9,5893.8
,,,,,,,,7530,46703.9,13338.6,6368.5
,,,,,,,,7531,46083.5,13160,6283.9
,,,,,,,,7532,44734.6,12774.6,6100.6
,,,,,,,,7533,43207.1,12337.5,5889.1
,,,,,,,,7534,41068.6,11726.5,5597.7
,,,,,,,,7535,38300.3,10936.9,5217
,,,,,,,,7536,35344,10095.6,4817.5
,,,,,,,,7537,33102.1,9451.7,4512
,,,,,,,,7538,31626.3,9033.4,4309.9
,,,,,,,,7539,30803.8,8798.4,4197.1
,,,,,,,,7540,30441.9,8690.3,4150.1
,,,,,,,,7541,30629.9,8746.7,4173.6
,,,,,,,,7542,31457.1,8986.4,4291.1
,,,,,,,,7543,32942.3,9409.4,4488.5
,,,,,,,,7544,35137.2,10029.8,4789.3
,,,,,,,,7545,37971.3,10842.9,5174.7
,,,,,,,,7546,39616.3,11312.9,5400.3
,,,,,,,,7547,40227.3,11486.8,5480.2
,,,,,,,,7548,40387.1,11533.8,5503.7
,,,,,,,,7549,40307.2,11510.3,5494.3
,,,,,,,,7550,39771.4,11359.9,5423.8
,,,,,,,,7551,39310.8,11228.3,5358
,,,,,,,,7552,39470.6,11275.3,5381.5
,,,,,,,,7553,42727.7,12201.2,5823.3
,,,,,,,,7554,46511.2,13282.2,6340.3
,,,,,,,,7555,45923.7,13113,6260.4
,,,,,,,,7556,44391.5,12675.9,6053.6
,,,,,,,,7557,42473.9,12130.7,5790.4
,,,,,,,,7558,39729.1,11345.8,5414.4
,,,,,,,,7559,36504.9,10429.3,4977.3
,,,,,,,,7560,33511,9569.2,4568.4
,,,,,,,,7561,31410.1,8967.6,4281.7
,,,,,,,,7562,30221,8629.2,4121.9
,,,,,,,,7563,29657,8469.4,4042
,,,,,,,,7564,29680.5,8474.1,4046.7
,,,,,,,,7565,30601.7,8737.3,4173.6
,,,,,,,,7566,33417,9541,4554.3
,,,,,,,,7567,37642.3,10753.6,5132.4
,,,,,,,,7568,40979.3,11703,5588.3
,,,,,,,,7569,43164.8,12328.1,5884.4
,,,,,,,,7570,44400.9,12680.6,6053.6
,,,,,,,,7571,45134.1,12887.4,6152.3
,,,,,,,,7572,45298.6,12939.1,6175.8
,,,,,,,,7573,45091.8,12878,6147.6
,,,,,,,,7574,44885,12816.9,6119.4
,,,,,,,,7575,44546.6,12722.9,6072.4
,,,,,,,,7576,44588.9,12737,6077.1
,,,,,,,,7577,47766.1,13644.1,6514.2
,,,,,,,,7578,51126.6,14598.2,6970.1
,,,,,,,,7579,50299.4,14363.2,6857.3
,,,,,,,,7580,48513.4,13855.6,6612.9
,,,,,,,,7581,46083.5,13160,6283.9
,,,,,,,,7582,42469.2,12126,5790.4
,,,,,,,,7583,38192.2,10908.7,5207.6
,,,,,,,,7584,34592,9879.4,4718.8
,,,,,,,,7585,32077.5,9160.3,4371
,,,,,,,,7586,30667.5,8756.1,4178.3
,,,,,,,,7587,29920.2,8544.6,4079.6
,,,,,,,,7588,29859.1,8525.8,4070.2
,,,,,,,,7589,30756.8,8779.6,4192.4
,,,,,,,,7590,34079.7,9733.7,4648.3
,,,,,,,,7591,40025.2,11430.4,5456.7
,,,,,,,,7592,43559.6,12440.9,5936.1
,,,,,,,,7593,44541.9,12718.2,6072.4
,,,,,,,,7594,45261,12925,6166.4
,,,,,,,,7595,45966,13127.1,6265.1
,,,,,,,,7596,46210.4,13197.6,6298
,,,,,,,,7597,46130.5,13174.1,6288.6
,,,,,,,,7598,46158.7,13183.5,6293.3
,,,,,,,,7599,45933.1,13117.7,6260.4
,,,,,,,,7600,46393.7,13249.3,6326.2
,,,,,,,,7601,49110.3,14029.5,6692.8
,,,,,,,,7602,52071.3,14875.5,7097
,,,,,,,,7603,51610.7,14739.2,7035.9
,,,,,,,,7604,50191.3,14335,6843.2
,,,,,,,,7605,48076.3,13728.7,6551.8
,,,,,,,,7606,44786.3,12788.7,6105.3
,,,,,,,,7607,40462.3,11557.3,5517.8
,,,,,,,,7608,36702.3,10481,5005.5
,,,,,,,,7609,34305.3,9794.8,4676.5
,,,,,,,,7610,33012.8,9428.2,4502.6
,,,,,,,,7611,32477,9273.1,4427.4
,,,,,,,,7612,32538.1,9291.9,4436.8
,,,,,,,,7613,33708.4,9625.6,4596.6
,,,,,,,,7614,37393.2,10678.4,5099.5
,,,,,,,,7615,43620.7,12455,5945.5
,,,,,,,,7616,46600.5,13310.4,6354.4
,,,,,,,,7617,46948.3,13409.1,6401.4
,,,,,,,,7618,46788.5,13362.1,6382.6
,,,,,,,,7619,46680.4,13329.2,6363.8
,,,,,,,,7620,46295,13221.1,6312.1
,,,,,,,,7621,45763.9,13066,6241.6
,,,,,,,,7622,45402,12967.3,6189.9
,,,,,,,,7623,45157.6,12896.8,6157
,,,,,,,,7624,45641.7,13037.8,6222.8
,,,,,,,,7625,48912.9,13968.4,6664.6
,,,,,,,,7626,52893.8,15105.8,7214.5
,,,,,,,,7627,52715.2,15054.1,7191
,,,,,,,,7628,51507.3,14711,7021.8
,,,,,,,,7629,49632,14175.2,6763.3
,,,,,,,,7630,46365.5,13239.9,6321.5
,,,,,,,,7631,42140.2,12032,5743.4
,,,,,,,,7632,38281.5,10932.2,5217
,,,,,,,,7633,35738.8,10208.4,4869.2
,,,,,,,,7634,34469.8,9841.8,4695.3
,,,,,,,,7635,33882.3,9672.6,4620.1
,,,,,,,,7636,34028,9719.6,4638.9
,,,,,,,,7637,35141.9,10034.5,4794
,,,,,,,,7638,38619.9,11030.9,5264
,,,,,,,,7639,44781.6,12788.7,6105.3
,,,,,,,,7640,47878.9,13677,6523.6
,,,,,,,,7641,48367.7,13813.3,6594.1
,,,,,,,,7642,48400.6,13822.7,6598.8
,,,,,,,,7643,48278.4,13789.8,6580
,,,,,,,,7644,47813.1,13653.5,6518.9
,,,,,,,,7645,47164.5,13470.2,6429.6
,,,,,,,,7646,46934.2,13404.4,6401.4
,,,,,,,,7647,46553.5,13296.3,6345
,,,,,,,,7648,47112.8,13456.1,6424.9
,,,,,,,,7649,50562.6,14438.4,6894.9
,,,,,,,,7650,53627,15317.3,7308.5
,,,,,,,,7651,53321.5,15228,7270.9
,,,,,,,,7652,52071.3,14870.8,7097
,,,,,,,,7653,50073.8,14297.4,6829.1
,,,,,,,,7654,46718,13343.3,6368.5
,,,,,,,,7655,42450.4,12126,5790.4
,,,,,,,,7656,38525.9,11002.7,5249.9
,,,,,,,,7657,36044.3,10293,4911.5
,,,,,,,,7658,34728.3,9917,4732.9
,,,,,,,,7659,34042.1,9719.6,4638.9
,,,,,,,,7660,34093.8,9738.4,4648.3
,,,,,,,,7661,35118.4,10029.8,4789.3
,,,,,,,,7662,38535.3,11002.7,5254.6
,,,,,,,,7663,44415,12685.3,6053.6
,,,,,,,,7664,47455.9,13554.8,6471.9
,,,,,,,,7665,48034,13719.3,6547.1
,,,,,,,,7666,47888.3,13677,6528.3
,,,,,,,,7667,47695.6,13620.6,6500.1
,,,,,,,,7668,47103.4,13451.4,6424.9
,,,,,,,,7669,46487.7,13277.5,6335.6
,,,,,,,,7670,46248,13207,6307.4
,,,,,,,,7671,45872,13098.9,6255.7
,,,,,,,,7672,46060,13155.3,6279.2
,,,,,,,,7673,49077.4,14015.4,6692.8
,,,,,,,,7674,51761.1,14786.2,7054.7
,,,,,,,,7675,51060.8,14579.4,6960.7
,,,,,,,,7676,49585,14161.1,6763.3
,,,,,,,,7677,47930.6,13686.4,6533
,,,,,,,,7678,45406.7,12972,6194.6
,,,,,,,,7679,42144.9,12036.7,5743.4
,,,,,,,,7680,38662.2,11040.3,5268.7
,,,,,,,,7681,35973.8,10274.2,4906.8
,,,,,,,,7682,34483.9,9846.5,4700
,,,,,,,,7683,33793,9653.8,4606
,,,,,,,,7684,33614.4,9602.1,4582.5
,,,,,,,,7685,33990.4,9705.5,4634.2
,,,,,,,,7686,35461.5,10123.8,4836.3
,,,,,,,,7687,37820.9,10805.3,5155.9
,,,,,,,,7688,40363.6,11529.1,5503.7
,,,,,,,,7689,42661.9,12182.4,5813.9
,,,,,,,,7690,43766.4,12497.3,5964.3
,,,,,,,,7691,43705.3,12483.2,5954.9
,,,,,,,,7692,43150.7,12323.4,5884.4
,,,,,,,,7693,42300,12079,5766.9
,,,,,,,,7694,41411.7,11825.2,5649.4
,,,,,,,,7695,40847.7,11665.4,5569.5
,,,,,,,,7696,41331.8,11806.4,5635.3
,,,,,,,,7697,44791,12788.7,6105.3
,,,,,,,,7698,48264.3,13785.1,6580
,,,,,,,,7699,47766.1,13639.4,6514.2
,,,,,,,,7700,46468.9,13272.8,6335.6
,,,,,,,,7701,45077.7,12873.3,6147.6
,,,,,,,,7702,43028.5,12285.8,5865.6
,,,,,,,,7703,40462.3,11557.3,5513.1
,,,,,,,,7704,37590.6,10734.8,5123
,,,,,,,,7705,35287.6,10076.8,4812.8
,,,,,,,,7706,33957.5,9696.1,4629.5
,,,,,,,,7707,33313.6,9512.8,4540.2
,,,,,,,,7708,33088,9447,4507.3
,,,,,,,,7709,33374.7,9531.6,4549.6
,,,,,,,,7710,34469.8,9841.8,4695.3
,,,,,,,,7711,36213.5,10340,4935
,,,,,,,,7712,38337.9,10946.3,5226.4
,,,,,,,,7713,40753.7,11637.2,5555.4
,,,,,,,,7714,42013.3,11999.1,5729.3
,,,,,,,,7715,42323.5,12088.4,5766.9
,,,,,,,,7716,42281.2,12074.3,5762.2
,,,,,,,,7717,41933.4,11975.6,5715.2
,,,,,,,,7718,41477.5,11844,5654.1
,,,,,,,,7719,41270.7,11787.6,5625.9
,,,,,,,,7720,42234.2,12060.2,5757.5
,,,,,,,,7721,46332.6,13230.5,6316.8
,,,,,,,,7722,49965.7,14269.2,6810.3
,,,,,,,,7723,49744.8,14203.4,6782.1
,,,,,,,,7724,48428.8,13832.1,6603.5
,,,,,,,,7725,46703.9,13338.6,6368.5
,,,,,,,,7726,43658.3,12469.1,5954.9
,,,,,,,,7727,40086.3,11449.2,5466.1
,,,,,,,,7728,36899.7,10537.4,5029
,,,,,,,,7729,34808.2,9940.5,4747
,,,,,,,,7730,33769.5,9644.4,4601.3
,,,,,,,,7731,33426.4,9545.7,4554.3
,,,,,,,,7732,33633.2,9606.8,4582.5
,,,,,,,,7733,34906.9,9968.7,4756.4
,,,,,,,,7734,38558.8,11012.1,5259.3
,,,,,,,,7735,44870.9,12812.2,6119.4
,,,,,,,,7736,48076.3,13728.7,6551.8
,,,,,,,,7737,48583.9,13874.4,6622.3
,,,,,,,,7738,48363,13813.3,6594.1
,,,,,,,,7739,48132.7,13747.5,6561.2
,,,,,,,,7740,47658,13611.2,6500.1
,,,,,,,,7741,46901.3,13395,6396.7
,,,,,,,,7742,46487.7,13277.5,6335.6
,,,,,,,,7743,45994.2,13136.5,6269.8
,,,,,,,,7744,46342,13235.2,6316.8
,,,,,,,,7745,49838.8,14236.3,6796.2
,,,,,,,,7746,53471.9,15270.3,7289.7
,,,,,,,,7747,53251,15209.2,7261.5
,,,,,,,,7748,52038.4,14861.4,7092.3
,,,,,,,,7749,50087.9,14306.8,6829.1
,,,,,,,,7750,46666.3,13329.2,6359.1
,,,,,,,,7751,42426.9,12116.6,5785.7
,,,,,,,,7752,38460.1,10983.9,5245.2
,,,,,,,,7753,35917.4,10260.1,4897.4
,,,,,,,,7754,34610.8,9884.1,4718.8
,,,,,,,,7755,34164.3,9757.2,4657.7
,,,,,,,,7756,34267.7,9785.4,4671.8
,,,,,,,,7757,35438,10119.1,4831.6
,,,,,,,,7758,39122.8,11171.9,5334.5
,,,,,,,,7759,45124.7,12887.4,6152.3
,,,,,,,,7760,47972.9,13700.5,6542.4
,,,,,,,,7761,48334.8,13803.9,6589.4
,,,,,,,,7762,48034,13719.3,6547.1
,,,,,,,,7763,47667.4,13611.2,6500.1
,,,,,,,,7764,47150.4,13465.5,6429.6
,,,,,,,,7765,46591.1,13305.7,6354.4
,,,,,,,,7766,46238.6,13207,6307.4
,,,,,,,,7767,45787.4,13075.4,6241.6
,,,,,,,,7768,46149.3,13183.5,6288.6
,,,,,,,,7769,49763.6,14212.8,6786.8
,,,,,,,,7770,52837.4,15091.7,7205.1
,,,,,,,,7771,52588.3,15016.5,7167.5
,,,,,,,,7772,51347.5,14664,6998.3
,,,,,,,,7773,49401.7,14109.4,6735.1
,,,,,,,,7774,46342,13235.2,6316.8
,,,,,,,,7775,42046.2,12008.5,5734
,,,,,,,,7776,38041.8,10866.4,5184.1
,,,,,,,,7777,35348.7,10095.6,4817.5
,,,,,,,,7778,33905.8,9682,4624.8
,,,,,,,,7779,33210.2,9484.6,4526.1
,,,,,,,,7780,33130.3,9461.1,4516.7
,,,,,,,,7781,34140.8,9747.8,4653
,,,,,,,,7782,37360.3,10669,5094.8
,,,,,,,,7783,42812.3,12224.7,5837.4
,,,,,,,,7784,46130.5,13174.1,6288.6
,,,,,,,,7785,47296.1,13507.8,6448.4
,,,,,,,,7786,47761.4,13639.4,6509.5
,,,,,,,,7787,47813.1,13653.5,6518.9
,,,,,,,,7788,47470,13559.5,6471.9
,,,,,,,,7789,46708.6,13343.3,6368.5
,,,,,,,,7790,46360.8,13239.9,6321.5
,,,,,,,,7791,45900.2,13108.3,6260.4
,,,,,,,,7792,45759.2,13066,6241.6
,,,,,,,,7793,48837.7,13944.9,6659.9
,,,,,,,,7794,51897.4,14823.8,7073.5
,,,,,,,,7795,51206.5,14621.7,6979.5
,,,,,,,,7796,49744.8,14208.1,6782.1
,,,,,,,,7797,47766.1,13644.1,6514.2
,,,,,,,,7798,44922.6,12831,6124.1
,,,,,,,,7799,41223.7,11768.8,5621.2
,,,,,,,,7800,37388.5,10678.4,5099.5
,,,,,,,,7801,34498,9851.2,4700
,,,,,,,,7802,32824.8,9371.8,4474.4
,,,,,,,,7803,31875.4,9103.9,4342.8
,,,,,,,,7804,31541.7,9009.9,4300.5
,,,,,,,,7805,31875.4,9103.9,4342.8
,,,,,,,,7806,33393.5,9536.3,4554.3
,,,,,,,,7807,35663.6,10184.9,4864.5
,,,,,,,,7808,38441.3,10974.5,5240.5
,,,,,,,,7809,41524.5,11858.1,5663.5
,,,,,,,,7810,43554.9,12436.2,5936.1
,,,,,,,,7811,44429.1,12690,6053.6
,,,,,,,,7812,44419.7,12685.3,6053.6
,,,,,,,,7813,42887.5,12248.2,5846.8
,,,,,,,,7814,40410.6,11538.5,5508.4
,,,,,,,,7815,38206.3,10913.4,5207.6
,,,,,,,,7816,37087.7,10593.8,5052.5
,,,,,,,,7817,38502.4,10993.3,5245.2
,,,,,,,,7818,40152.1,11463.3,5475.5
,,,,,,,,7819,40175.6,11472.7,5480.2
,,,,,,,,7820,40100.4,11449.2,5466.1
,,,,,,,,7821,39912.4,11397.5,5437.9
,,,,,,,,7822,38826.7,11087.3,5292.2
,,,,,,,,7823,37144.1,10607.9,5061.9
,,,,,,,,7824,34827,9945.2,4747
,,,,,,,,7825,32754.3,9353,4465
,,,,,,,,7826,31626.3,9033.4,4314.6
,,,,,,,,7827,31208,8915.9,4253.5
,,,,,,,,7828,31161,8897.1,4244.1
,,,,,,,,7829,31898.9,9108.6,4347.5
,,,,,,,,7830,33778.9,9649.1,4601.3
,,,,,,,,7831,36241.7,10354.1,4939.7
,,,,,,,,7832,38337.9,10946.3,5226.4
,,,,,,,,7833,40377.7,11533.8,5503.7
,,,,,,,,7834,41599.7,11881.6,5668.2
,,,,,,,,7835,41985.1,11989.7,5724.6
,,,,,,,,7836,41792.4,11933.3,5696.4
,,,,,,,,7837,41172,11759.4,5611.8
,,,,,,,,7838,40490.5,11562,5522.5
,,,,,,,,7839,40123.9,11458.6,5470.8
,,,,,,,,7840,40556.3,11580.8,5527.2
,,,,,,,,7841,44274,12643,6034.8
,,,,,,,,7842,47075.2,13442,6420.2
,,,,,,,,7843,46318.5,13230.5,6312.1
,,,,,,,,7844,44870.9,12812.2,6119.4
,,,,,,,,7845,43207.1,12337.5,5889.1
,,,,,,,,7846,40979.3,11703,5588.3
,,,,,,,,7847,38041.8,10866.4,5184.1
,,,,,,,,7848,34789.4,9935.8,4742.3
,,,,,,,,7849,32298.4,9226.1,4403.9
,,,,,,,,7850,30756.8,8784.3,4192.4
,,,,,,,,7851,29971.9,8558.7,4084.3
,,,,,,,,7852,29657,8469.4,4042
,,,,,,,,7853,29948.4,8554,4079.6
,,,,,,,,7854,31179.8,8901.8,4248.8
,,,,,,,,7855,33374.7,9531.6,4549.6
,,,,,,,,7856,35879.8,10246,4888
,,,,,,,,7857,39122.8,11171.9,5334.5
,,,,,,,,7858,41341.2,11806.4,5635.3
,,,,,,,,7859,42102.6,12027.3,5743.4
,,,,,,,,7860,42234.2,12060.2,5757.5
,,,,,,,,7861,42032.1,12003.8,5729.3
,,,,,,,,7862,41529.2,11862.8,5663.5
,,,,,,,,7863,41378.8,11815.8,5644.7
,,,,,,,,7864,42107.3,12027.3,5743.4
,,,,,,,,7865,45937.8,13117.7,6260.4
,,,,,,,,7866,48833,13944.9,6659.9
,,,,,,,,7867,48438.2,13836.8,6603.5
,,,,,,,,7868,47296.1,13507.8,6448.4
,,,,,,,,7869,45984.8,13136.5,6269.8
,,,,,,,,7870,43987.3,12563.1,5997.2
,,,,,,,,7871,41143.8,11750,5607.1
,,,,,,,,7872,38088.8,10875.8,5193.5
,,,,,,,,7873,35626,10170.8,4855.1
,,,,,,,,7874,34103.2,9743.1,4648.3
,,,,,,,,7875,33337.1,9522.2,4544.9
,,,,,,,,7876,33073.9,9442.3,4507.3
,,,,,,,,7877,33374.7,9531.6,4549.6
,,,,,,,,7878,34352.3,9813.6,4681.2
,,,,,,,,7879,35898.6,10250.7,4892.7
,,,,,,,,7880,37797.4,10795.9,5151.2
,,,,,,,,7881,40838.3,11660.7,5569.5
,,,,,,,,7882,43094.3,12309.3,5875
,,,,,,,,7883,44452.6,12694.7,6058.3
,,,,,,,,7884,45129.4,12887.4,6152.3
,,,,,,,,7885,45185.8,12901.5,6161.7
,,,,,,,,7886,44720.5,12769.9,6100.6
,,,,,,,,7887,44687.6,12760.5,6095.9
,,,,,,,,7888,45580.6,13019,6213.4
,,,,,,,,7889,49674.3,14189.3,6772.7
,,,,,,,,7890,52781,15072.9,7195.7
,,,,,,,,7891,52376.8,14960.1,7139.3
,,,,,,,,7892,50976.2,14555.9,6951.3
,,,,,,,,7893,49251.3,14067.1,6711.6
,,,,,,,,7894,45594.7,13019,6213.4
,,,,,,,,7895,41627.9,11886.3,5672.9
,,,,,,,,7896,38055.9,10866.4,5188.8
,,,,,,,,7897,35677.7,10189.6,4864.5
,,,,,,,,7898,34436.9,9837.1,4695.3
,,,,,,,,7899,33924.6,9686.7,4624.8
,,,,,,,,7900,33948.1,9696.1,4624.8
,,,,,,,,7901,35203,10048.6,4798.7
,,,,,,,,7902,38775,11073.2,5287.5
,,,,,,,,7903,45073,12873.3,6147.6
,,,,,,,,7904,48259.6,13780.4,6580
,,,,,,,,7905,48532.2,13860.3,6617.6
,,,,,,,,7906,48616.8,13883.8,6627
,,,,,,,,7907,48551,13865,6617.6
,,,,,,,,7908,48269,13785.1,6580
,,,,,,,,7909,47878.9,13677,6523.6
,,,,,,,,7910,47531.1,13573.6,6476.6
,,,,,,,,7911,47042.3,13437.3,6410.8
,,,,,,,,7912,47545.2,13583,6481.3
,,,,,,,,7913,51465,14696.9,7017.1
,,,,,,,,7914,55337.8,15801.4,7543.5
,,,,,,,,7915,55267.3,15782.6,7534.1
,,,,,,,,7916,54087.6,15444.2,7374.3
,,,,,,,,7917,51958.5,14837.9,7082.9
,,,,,,,,7918,48447.6,13836.8,6603.5
,,,,,,,,7919,43832.2,12520.8,5978.4
,,,,,,,,7920,39691.5,11336.4,5409.7
,,,,,,,,7921,37125.3,10603.2,5061.9
,,,,,,,,7922,35781.1,10217.8,4878.6
,,,,,,,,7923,35141.9,10034.5,4794
,,,,,,,,7924,35109,10029.8,4784.6
,,,,,,,,7925,36185.3,10335.3,4935
,,,,,,,,7926,39611.6,11312.9,5400.3
,,,,,,,,7927,45876.7,13098.9,6255.7
,,,,,,,,7928,49213.7,14057.7,6711.6
,,,,,,,,7929,50022.1,14288,6819.7
,,,,,,,,7930,50379.3,14386.7,6866.7
,,,,,,,,7931,50769.4,14499.5,6923.1
,,,,,,,,7932,50924.5,14546.5,6941.9
,,,,,,,,7933,50854,14523,6932.5
,,,,,,,,7934,50811.7,14508.9,6927.8
,,,,,,,,7935,50525,14429,6885.5
,,,,,,,,7936,51173.6,14617,6974.8
,,,,,,,,7937,54684.5,15618.1,7454.2
,,,,,,,,7938,57006.3,16280.8,7773.8
,,,,,,,,7939,56569.2,16153.9,7712.7
,,,,,,,,7940,55055.8,15726.2,7505.9
,,,,,,,,7941,52672.9,15044.7,7181.6
,,,,,,,,7942,48861.2,13954.3,6664.6
,,,,,,,,7943,44100.1,12596,6011.3
,,,,,,,,7944,39837.2,11374,5433.2
,,,,,,,,7945,37059.5,10584.4,5052.5
,,,,,,,,7946,35583.7,10161.4,4850.4
,,,,,,,,7947,34982.1,9987.5,4765.8
,,,,,,,,7948,34972.7,9987.5,4765.8
,,,,,,,,7949,36072.5,10302.4,4916.2
,,,,,,,,7950,39555.2,11298.8,5390.9
,,,,,,,,7951,45919,13113,6260.4
,,,,,,,,7952,49279.5,14076.5,6716.3
,,,,,,,,7953,49650.8,14179.9,6768
,,,,,,,,7954,49735.4,14203.4,6782.1
,,,,,,,,7955,49881.1,14241,6800.9
,,,,,,,,7956,49491,14132.9,6744.5
,,,,,,,,7957,48884.7,13959,6664.6
,,,,,,,,7958,48739,13916.7,6645.8
,,,,,,,,7959,48612.1,13883.8,6627
,,,,,,,,7960,49326.5,14085.9,6725.7
,,,,,,,,7961,53185.2,15185.7,7252.1
,,,,,,,,7962,56268.4,16074,7670.4
,,,,,,,,7963,55958.2,15980,7628.1
,,,,,,,,7964,54722.1,15627.5,7458.9
,,,,,,,,7965,52757.5,15063.5,7191
,,,,,,,,7966,49392.3,14104.7,6735.1
,,,,,,,,7967,44805.1,12793.4,6110
,,,,,,,,7968,40608,11599.6,5536.6
,,,,,,,,7969,37900.8,10824.1,5170
,,,,,,,,7970,36551.9,10438.7,4982
,,,,,,,,7971,35983.2,10278.9,4906.8
,,,,,,,,7972,35983.2,10278.9,4906.8
,,,,,,,,7973,37017.2,10570.3,5047.8
,,,,,,,,7974,40598.6,11594.9,5531.9
,,,,,,,,7975,47000,13423.2,6406.1
,,,,,,,,7976,50003.3,14278.6,6815
,,,,,,,,7977,49993.9,14278.6,6815
,,,,,,,,7978,49641.4,14175.2,6768
,,,,,,,,7979,49462.8,14123.5,6744.5
,,,,,,,,7980,49091.5,14020.1,6692.8
,,,,,,,,7981,48353.6,13808.6,6594.1
,,,,,,,,7982,48109.2,13738.1,6556.5
,,,,,,,,7983,47681.5,13615.9,6500.1
,,,,,,,,7984,48245.5,13775.7,6575.3
,,,,,,,,7985,51958.5,14837.9,7082.9
,,,,,,,,7986,55309.6,15796.7,7543.5
,,,,,,,,7987,55525.8,15857.8,7571.7
,,,,,,,,7988,54435.4,15547.6,7421.3
,,,,,,,,7989,52306.3,14941.3,7129.9
,,,,,,,,7990,48856.5,13954.3,6659.9
,,,,,,,,7991,44194.1,12619.5,6025.4
,,,,,,,,7992,39907.7,11392.8,5437.9
,,,,,,,,7993,37134.7,10607.9,5061.9
,,,,,,,,7994,35734.1,10203.7,4869.2
,,,,,,,,7995,35047.9,10006.3,4775.2
,,,,,,,,7996,35090.2,10020.4,4784.6
,,,,,,,,7997,36218.2,10344.7,4935
,,,,,,,,7998,39813.7,11369.3,5428.5
,,,,,,,,7999,46092.9,13160,6283.9
,,,,,,,,8000,49288.9,14076.5,6716.3
,,,,,,,,8001,50073.8,14302.1,6829.1
,,,,,,,,8002,50299.4,14363.2,6857.3
,,,,,,,,8003,50120.8,14316.2,6833.8
,,,,,,,,8004,49730.7,14203.4,6782.1
,,,,,,,,8005,49251.3,14067.1,6711.6
,,,,,,,,8006,49110.3,14029.5,6692.8
,,,,,,,,8007,48950.5,13982.5,6674
,,,,,,,,8008,49707.2,14194,6777.4
,,,,,,,,8009,53537.7,15289.1,7299.1
,,,,,,,,8010,55563.4,15867.2,7571.7
,,,,,,,,8011,54693.9,15618.1,7454.2
,,,,,,,,8012,53293.3,15218.6,7266.2
,,,,,,,,8013,51530.8,14715.7,7021.8
,,,,,,,,8014,48842.4,13949.6,6659.9
,,,,,,,,8015,45063.6,12868.6,6147.6
,,,,,,,,8016,41143.8,11750,5607.1
,,,,,,,,8017,38173.4,10899.3,5202.9
,,,,,,,,8018,36439.1,10405.8,4967.9
,,,,,,,,8019,35611.9,10170.8,4855.1
,,,,,,,,8020,35334.6,10090.9,4817.5
,,,,,,,,8021,35658.9,10184.9,4864.5
,,,,,,,,8022,36998.4,10565.6,5043.1
,,,,,,,,8023,39705.6,11341.1,5409.7
,,,,,,,,8024,42727.7,12201.2,5823.3
,,,,,,,,8025,46036.5,13145.9,6274.5
,,,,,,,,8026,48207.9,13771,6570.6
,,,,,,,,8027,49213.7,14057.7,6711.6
,,,,,,,,8028,49331.2,14085.9,6725.7
,,,,,,,,8029,49115,14029.5,6692.8
,,,,,,,,8030,48645,13888.5,6631.7
,,,,,,,,8031,48316,13799.2,6589.4
,,,,,,,,8032,48917.6,13968.4,6669.3
,,,,,,,,8033,52188.8,14903.7,7115.8
,,,,,,,,8034,53608.2,15307.9,7308.5
,,,,,,,,8035,52724.6,15058.8,7191
,,,,,,,,8036,51009.1,14570,6951.3
,,,,,,,,8037,49256,14067.1,6711.6
,,,,,,,,8038,46835.5,13376.2,6382.6
,,,,,,,,8039,43489.1,12422.1,5931.4
,,,,,,,,8040,39823.1,11369.3,5428.5
,,,,,,,,8041,36970.2,10556.2,5038.4
,,,,,,,,8042,35179.5,10048.6,4794
,,,,,,,,8043,34117.3,9743.1,4648.3
,,,,,,,,8044,33628.5,9606.8,4582.5
,,,,,,,,8045,33670.8,9616.2,4591.9
,,,,,,,,8046,34488.6,9846.5,4700
,,,,,,,,8047,36227.6,10344.7,4935
,,,,,,,,8048,38455.4,10983.9,5245.2
,,,,,,,,8049,41482.2,11844,5654.1
,,,,,,,,8050,43691.2,12478.5,5954.9
,,,,,,,,8051,44687.6,12760.5,6095.9
,,,,,,,,8052,45011.9,12854.5,6138.2
,,,,,,,,8053,45040.1,12863.9,6142.9
,,,,,,,,8054,44546.6,12722.9,6072.4
,,,,,,,,8055,44104.8,12596,6011.3
,,,,,,,,8056,44739.3,12779.3,6100.6
,,,,,,,,8057,49133.8,14029.5,6697.5
,,,,,,,,8058,51822.2,14800.3,7068.8
,,,,,,,,8059,51234.7,14631.1,6984.2
,,,,,,,,8060,49791.8,14217.5,6786.8
,,,,,,,,8061,47629.8,13601.8,6495.4
,,,,,,,,8062,44170.6,12614.8,6020.7
,,,,,,,,8063,39903,11392.8,5437.9
,,,,,,,,8064,35964.4,10269.5,4902.1
,,,,,,,,8065,33346.5,9522.2,4544.9
,,,,,,,,8066,31941.2,9122.7,4352.2
,,,,,,,,8067,31217.4,8915.9,4253.5
,,,,,,,,8068,31283.2,8934.7,4267.6
,,,,,,,,8069,32467.6,9273.1,4427.4
,,,,,,,,8070,36072.5,10302.4,4916.2
,,,,,,,,8071,42492.7,12135.4,5790.4
,,,,,,,,8072,45552.4,13009.6,6213.4
,,,,,,,,8073,45947.2,13122.4,6260.4
,,,,,,,,8074,46149.3,13178.8,6288.6
,,,,,,,,8075,46313.8,13230.5,6312.1
,,,,,,,,8076,46102.3,13164.7,6288.6
,,,,,,,,8077,45768.6,13070.7,6241.6
,,,,,,,,8078,45524.2,13000.2,6208.7
,,,,,,,,8079,45157.6,12896.8,6157
,,,,,,,,8080,45538.3,13004.9,6208.7
,,,,,,,,8081,49622.6,14170.5,6763.3
,,,,,,,,8082,53481.3,15275,7289.7
,,,,,,,,8083,53279.2,15213.9,7261.5
,,,,,,,,8084,52029,14856.7,7092.3
,,,,,,,,8085,49956.3,14264.5,6810.3
,,,,,,,,8086,46506.5,13282.2,6340.3
,,,,,,,,8087,41867.6,11961.5,5710.5
,,,,,,,,8088,37684.6,10758.3,5137.1
,,,,,,,,8089,34831.7,9945.2,4747
,,,,,,,,8090,33440.5,9550.4,4554.3
,,,,,,,,8091,32890.6,9390.6,4483.8
,,,,,,,,8092,32834.2,9376.5,4474.4
,,,,,,,,8093,33981,9705.5,4629.5
,,,,,,,,8094,37562.4,10725.4,5123
,,,,,,,,8095,43888.6,12530.2,5983.1
,,,,,,,,8096,47329,13512.5,6453.1
,,,,,,,,8097,48071.6,13728.7,6551.8
,,,,,,,,8098,48466.4,13841.5,6608.2
,,,,,,,,8099,48739,13916.7,6645.8
,,,,,,,,8100,48724.9,13912,6645.8
,,,,,,,,8101,48457,13841.5,6603.5
,,,,,,,,8102,48226.7,13771,6575.3
,,,,,,,,8103,47799,13653.5,6518.9
,,,,,,,,8104,48231.4,13771,6575.3
,,,,,,,,8105,51953.8,14837.9,7082.9
,,,,,,,,8106,54496.5,15561.7,7426
,,,,,,,,8107,53956,15411.3,7355.5
,,,,,,,,8108,52320.4,14946,7134.6
,,,,,,,,8109,50012.7,14283.3,6819.7
,,,,,,,,8110,46356.1,13239.9,6321.5
,,,,,,,,8111,41284.8,11792.3,5625.9
,,,,,,,,8112,36777.5,10504.5,5014.9
,,,,,,,,8113,33924.6,9686.7,4624.8
,,,,,,,,8114,32331.3,9230.8,4408.6
,,,,,,,,8115,31377.2,8962.9,4277
,,,,,,,,8116,31156.3,8897.1,4244.1
,,,,,,,,8117,32068.1,9155.6,4371
,,,,,,,,8118,35391,10105,4822.2
,,,,,,,,8119,41670.2,11900.4,5682.3
,,,,,,,,8120,44946.1,12835.7,6124.1
,,,,,,,,8121,45467.8,12986.1,6199.3
,,,,,,,,8122,45632.3,13033.1,6218.1
,,,,,,,,8123,45820.3,13089.5,6246.3
,,,,,,,,8124,45796.8,13080.1,6241.6
,,,,,,,,8125,45627.6,13028.4,6218.1
,,,,,,,,8126,45726.3,13061.3,6236.9
,,,,,,,,8127,45646.4,13037.8,6222.8
,,,,,,,,8128,46412.5,13254,6326.2
,,,,,,,,8129,50858.7,14527.7,6932.5
,,,,,,,,8130,54435.4,15547.6,7421.3
,,,,,,,,8131,54440.1,15547.6,7421.3
,,,,,,,,8132,53396.7,15251.5,7280.3
,,,,,,,,8133,51587.2,14734.5,7031.2
,,,,,,,,8134,48207.9,13771,6570.6
,,,,,,,,8135,43620.7,12455,5945.5
,,,,,,,,8136,39362.5,11242.4,5362.7
,,,,,,,,8137,36768.1,10499.8,5010.2
,,,,,,,,8138,35499.1,10137.9,4841
,,,,,,,,8139,34953.9,9982.8,4765.8
,,,,,,,,8140,35005.6,9996.9,4770.5
,,,,,,,,8141,36284,10358.8,4944.4
,,,,,,,,8142,40100.4,11449.2,5466.1
,,,,,,,,8143,46675.7,13329.2,6363.8
,,,,,,,,8144,49791.8,14217.5,6786.8
,,,,,,,,8145,49965.7,14269.2,6810.3
,,,,,,,,8146,49815.3,14226.9,6791.5
,,,,,,,,8147,49580.3,14161.1,6763.3
,,,,,,,,8148,48978.7,13987.2,6678.7
,,,,,,,,8149,48297.2,13794.5,6584.7
,,,,,,,,8150,47921.2,13686.4,6533
,,,,,,,,8151,47578.1,13587.7,6486
,,,,,,,,8152,48231.4,13771,6575.3
,,,,,,,,8153,52917.3,15115.2,7214.5
,,,,,,,,8154,56531.6,16149.2,7708
,,,,,,,,8155,56550.4,16149.2,7712.7
,,,,,,,,8156,55601,15876.6,7581.1
,,,,,,,,8157,53810.3,15369,7336.7
,,,,,,,,8158,50548.5,14433.7,6890.2
,,,,,,,,8159,45839.1,13089.5,6246.3
,,,,,,,,8160,41350.6,11811.1,5640
,,,,,,,,8161,38497.7,10993.3,5245.2
,,,,,,,,8162,37059.5,10584.4,5052.5
,,,,,,,,8163,36321.6,10372.9,4953.8
,,,,,,,,8164,36260.5,10354.1,4944.4
,,,,,,,,8165,37303.9,10654.9,5085.4
,,,,,,,,8166,40716.1,11627.8,5550.7
,,,,,,,,8167,46953,13409.1,6401.4
,,,,,,,,8168,50233.6,14344.4,6847.9
,,,,,,,,8169,50769.4,14499.5,6923.1
,,,,,,,,8170,50670.7,14471.3,6904.3
,,,,,,,,8171,50534.4,14429,6890.2
,,,,,,,,8172,49937.5,14264.5,6810.3
,,,,,,,,8173,49185.5,14048.3,6706.9
,,,,,,,,8174,49025.7,14001.3,6683.4
,,,,,,,,8175,48776.6,13930.8,6650.5
,,,,,,,,8176,49303,14076.5,6721
,,,,,,,,8177,52978.4,15129.3,7223.9
,,,,,,,,8178,54463.6,15557,7426
,,,,,,,,8179,53500.1,15275,7294.4
,,,,,,,,8180,51770.5,14786.2,7059.4
,,,,,,,,8181,49773,14217.5,6786.8
,,,,,,,,8182,47014.1,13427.9,6406.1
,,,,,,,,8183,43080.2,12304.6,5875
,,,,,,,,8184,38812.6,11087.3,5292.2
,,,,,,,,8185,35673,10189.6,4864.5
,,,,,,,,8186,33840,9663.2,4610.7
,,,,,,,,8187,32773.1,9362.4,4465
,,,,,,,,8188,32401.8,9254.3,4413.3
,,,,,,,,8189,32650.9,9324.8,4450.9
,,,,,,,,8190,33948.1,9696.1,4624.8
,,,,,,,,8191,36443.8,10405.8,4967.9
,,,,,,,,8192,39465.9,11270.6,5381.5
,,,,,,,,8193,42784.1,12220,5832.7
,,,,,,,,8194,45016.6,12854.5,6138.2
,,,,,,,,8195,46092.9,13160,6283.9
,,,,,,,,8196,46158.7,13183.5,6293.3
,,,,,,,,8197,45674.6,13042.5,6227.5
,,,,,,,,8198,45011.9,12854.5,6138.2
,,,,,,,,8199,44711.1,12769.9,6095.9
,,,,,,,,8200,45246.9,12920.3,6166.4
,,,,,,,,8201,48715.5,13912,6641.1
,,,,,,,,8202,50572,14443.1,6894.9
,,,,,,,,8203,49636.7,14175.2,6768
,,,,,,,,8204,48010.5,13709.9,6547.1
,,,,,,,,8205,46379.6,13249.3,6321.5
,,,,,,,,8206,44104.8,12596,6011.3
,,,,,,,,8207,40951.1,11698.3,5583.6
,,,,,,,,8208,37299.2,10650.2,5085.4
,,,,,,,,8209,34432.2,9832.4,4695.3
,,,,,,,,8210,32589.8,9306,4441.5
,,,,,,,,8211,31616.9,9033.4,4309.9
,,,,,,,,8212,31189.2,8906.5,4248.8
,,,,,,,,8213,31438.3,8977,4286.4
,,,,,,,,8214,32354.8,9240.2,4413.3
,,,,,,,,8215,34220.7,9771.3,4667.1
,,,,,,,,8216,36180.6,10335.3,4935
,,,,,,,,8217,39146.3,11181.3,5339.2
,,,,,,,,8218,41425.8,11829.9,5649.4
,,,,,,,,8219,42624.3,12173,5809.2
,,,,,,,,8220,43277.6,12356.3,5898.5
,,,,,,,,8221,43512.6,12426.8,5931.4
,,,,,,,,8222,43277.6,12356.3,5898.5
,,,,,,,,8223,43037.9,12290.5,5865.6
,,,,,,,,8224,44194.1,12619.5,6025.4
,,,,,,,,8225,49359.4,14095.3,6730.4
,,,,,,,,8226,52292.2,14936.6,7129.9
,,,,,,,,8227,52000.8,14852,7092.3
,,,,,,,,8228,50792.9,14504.2,6927.8
,,,,,,,,8229,48818.9,13940.2,6655.2
,,,,,,,,8230,45557.1,13009.6,6213.4
,,,,,,,,8231,41214.3,11768.8,5621.2
,,,,,,,,8232,37101.8,10593.8,5057.2
,,,,,,,,8233,34394.6,9823,4690.6
,,,,,,,,8234,33022.2,9432.9,4502.6
,,,,,,,,8235,32411.2,9254.3,4418
,,,,,,,,8236,32340.7,9235.5,4408.6
,,,,,,,,8237,33482.8,9559.8,4563.7
,,,,,,,,8238,36937.3,10546.8,5033.7
,,,,,,,,8239,43169.5,12328.1,5884.4
,,,,,,,,8240,47258.5,13498.4,6443.7
,,,,,,,,8241,48189.1,13761.6,6570.6
,,,,,,,,8242,48833,13944.9,6659.9
,,,,,,,,8243,49350,14095.3,6730.4
,,,,,,,,8244,49425.2,14114.1,6739.8
,,,,,,,,8245,49288.9,14076.5,6716.3
,,,,,,,,8246,49223.1,14057.7,6711.6
,,,,,,,,8247,48809.5,13940.2,6655.2
,,,,,,,,8248,49580.3,14161.1,6763.3
,,,,,,,,8249,53246.3,15209.2,7261.5
,,,,,,,,8250,55441.2,15834.3,7557.6
,,,,,,,,8251,54764.4,15641.6,7468.3
,,,,,,,,8252,53119.4,15171.6,7242.7
,,,,,,,,8253,50750.6,14494.8,6918.4
,,,,,,,,8254,46985.9,13418.5,6406.1
,,,,,,,,8255,42309.4,12083.7,5766.9
,,,,,,,,8256,37642.3,10748.9,5132.4
,,,,,,,,8257,34300.6,9794.8,4671.8
,,,,,,,,8258,32514.6,9287.2,4432.1
,,,,,,,,8259,31616.9,9028.7,4309.9
,,,,,,,,8260,31457.1,8986.4,4291.1
,,,,,,,,8261,32345.4,9235.5,4408.6
,,,,,,,,8262,35889.2,10250.7,4892.7
,,,,,,,,8263,42379.9,12102.5,5776.3
,,,,,,,,8264,46219.8,13202.3,6302.7
,,,,,,,,8265,47047,13437.3,6415.5
,,,,,,,,8266,47277.3,13503.1,6448.4
,,,,,,,,8267,47267.9,13498.4,6443.7
,,,,,,,,8268,47131.6,13460.8,6424.9
,,,,,,,,8269,46694.5,13338.6,6363.8
,,,,,,,,8270,46609.9,13310.4,6354.4
,,,,,,,,8271,46436,13263.4,6330.9
,,,,,,,,8272,47253.8,13493.7,6443.7
,,,,,,,,8273,51831.6,14805,7068.8
,,,,,,,,8274,55478.8,15843.7,7567
,,,,,,,,8275,55450.6,15839,7562.3
,,,,,,,,8276,54393.1,15538.2,7416.6
,,,,,,,,8277,52517.8,14997.7,7162.8
,,,,,,,,8278,49152.6,14034.2,6702.2
,,,,,,,,8279,44292.8,12647.7,6039.5
,,,,,,,,8280,39771.4,11359.9,5423.8
,,,,,,,,8281,36937.3,10546.8,5033.7
,,,,,,,,8282,35569.6,10156.7,4845.7
,,,,,,,,8283,34958.6,9982.8,4765.8
,,,,,,,,8284,35005.6,9996.9,4770.5
,,,,,,,,8285,36246.4,10354.1,4939.7
,,,,,,,,8286,39935.9,11402.2,5442.6
,,,,,,,,8287,46553.5,13296.3,6345
,,,,,,,,8288,50003.3,14278.6,6815
,,,,,,,,8289,50200.7,14335,6843.2
,,,,,,,,8290,49993.9,14278.6,6815
,,,,,,,,8291,49754.2,14208.1,6786.8
,,,,,,,,8292,49411.1,14109.4,6739.8
,,,,,,,,8293,48809.5,13940.2,6655.2
,,,,,,,,8294,48645,13888.5,6631.7
,,,,,,,,8295,48283.1,13789.8,6580
,,,,,,,,8296,49162,14038.9,6702.2
,,,,,,,,8297,53824.4,15373.7,7336.7
,,,,,,,,8298,57255.4,16351.3,7806.7
,,,,,,,,8299,57025.1,16290.2,7778.5
,,,,,,,,8300,55991.1,15989.4,7632.8
,,,,,,,,8301,54082.9,15444.2,7374.3
,,,,,,,,8302,50821.1,14513.6,6927.8
,,,,,,,,8303,45966,13127.1,6265.1
,,,,,,,,8304,41308.3,11797,5630.6
,,,,,,,,8305,38178.1,10904,5202.9
,,,,,,,,8306,36584.8,10448.1,4986.7
,,,,,,,,8307,35926.8,10260.1,4897.4
,,,,,,,,8308,35992.6,10278.9,4906.8
,,,,,,,,8309,37087.7,10593.8,5052.5
,,,,,,,,8310,40702,11623.1,5550.7
,,,,,,,,8311,47225.6,13489,6439
,,,,,,,,8312,50529.7,14429,6885.5
,,,,,,,,8313,50698.9,14480.7,6909
,,,,,,,,8314,49998.6,14278.6,6815
,,,,,,,,8315,49345.3,14095.3,6725.7
,,,,,,,,8316,48673.2,13897.9,6636.4
,,,,,,,,8317,47944.7,13695.8,6537.7
,,,,,,,,8318,47629.8,13606.5,6495.4
,,,,,,,,8319,47286.7,13507.8,6448.4
,,,,,,,,8320,47930.6,13686.4,6533
,,,,,,,,8321,52367.4,14955.4,7139.3
,,,,,,,,8322,56432.9,16116.3,7693.9
,,,,,,,,8323,56489.3,16130.4,7703.3
,,,,,,,,8324,55605.7,15881.3,7581.1
,,,,,,,,8325,53876.1,15387.8,7346.1
,,,,,,,,8326,50708.3,14480.7,6913.7
,,,,,,,,8327,45951.9,13122.4,6260.4
,,,,,,,,8328,41350.6,11811.1,5640
,,,,,,,,8329,38305,10941.6,5221.7
,,,,,,,,8330,36824.5,10518.6,5019.6
,,,,,,,,8331,36161.8,10330.6,4930.3
,,,,,,,,8332,36161.8,10330.6,4930.3
,,,,,,,,8333,37252.2,10640.8,5076
,,,,,,,,8334,40810.1,11651.3,5564.8
,,,,,,,,8335,47178.6,13474.9,6429.6
,,,,,,,,8336,50501.5,14424.3,6880.8
,,,,,,,,8337,50637.8,14461.9,6904.3
,,,,,,,,8338,50059.7,14297.4,6824.4
,,,,,,,,8339,49538,14147,6753.9
,,,,,,,,8340,48833,13944.9,6659.9
,,,,,,,,8341,47864.8,13672.3,6523.6
,,,,,,,,8342,47206.8,13484.3,6434.3
,,,,,,,,8343,46854.3,13380.9,6387.3
,,,,,,,,8344,47380.7,13531.3,6457.8
,,,,,,,,8345,51681.2,14758,7045.3
,,,,,,,,8346,54726.8,15632.2,7458.9
,,,,,,,,8347,54054.7,15439.5,7369.6
,,,,,,,,8348,52734,15063.5,7191
,,,,,,,,8349,51070.2,14584.1,6960.7
,,,,,,,,8350,48645,13893.2,6631.7
,,,,,,,,8351,44814.5,12798.1,6110
,,,,,,,,8352,40589.2,11590.2,5531.9
,,,,,,,,8353,37393.2,10678.4,5099.5
,,,,,,,,8354,35522.6,10142.6,4841
,,,,,,,,8355,34709.5,9912.3,4732.9
,,,,,,,,8356,34446.3,9837.1,4695.3
,,,,,,,,8357,34850.5,9954.6,4747
,,,,,,,,8358,36331,10377.6,4953.8
,,,,,,,,8359,39141.6,11181.3,5339.2
,,,,,,,,8360,42003.9,11994.4,5724.6
,,,,,,,,8361,44739.3,12779.3,6100.6
,,,,,,,,8362,46121.1,13169.4,6288.6
,,,,,,,,8363,46342,13235.2,6316.8
,,,,,,,,8364,45839.1,13089.5,6246.3
,,,,,,,,8365,44927.3,12831,6124.1
,,,,,,,,8366,44029.6,12572.5,6001.9
,,,,,,,,8367,43681.8,12478.5,5954.9
,,,,,,,,8368,44443.2,12690,6058.3
,,,,,,,,8369,49298.3,14076.5,6721
,,,,,,,,8370,52588.3,15016.5,7167.5
,,,,,,,,8371,52179.4,14899,7115.8
,,,,,,,,8372,50915.1,14541.8,6941.9
,,,,,,,,8373,49641.4,14175.2,6768
,,,,,,,,8374,47540.5,13578.3,6481.3
,,,,,,,,8375,44415,12685.3,6053.6
,,,,,,,,8376,40673.8,11613.7,5546
,,,,,,,,8377,37609.4,10739.5,5123
,,,,,,,,8378,35738.8,10208.4,4869.2
,,,,,,,,8379,34737.7,9921.7,4737.6
,,,,,,,,8380,34300.6,9794.8,4671.8
,,,,,,,,8381,34422.8,9827.7,4695.3
,,,,,,,,8382,35320.5,10086.2,4817.5
,,,,,,,,8383,37247.5,10640.8,5076
,,,,,,,,8384,39700.9,11336.4,5409.7
,,,,,,,,8385,43240,12346.9,5893.8
,,,,,,,,8386,46092.9,13160,6283.9
,,,,,,,,8387,47625.1,13601.8,6495.4
,,,,,,,,8388,48546.3,13865,6617.6
,,,,,,,,8389,49256,14067.1,6711.6
,,,,,,,,8390,49486.3,14132.9,6744.5
,,,,,,,,8391,49566.2,14151.7,6758.6
,,,,,,,,8392,50656.6,14466.6,6904.3
,,,,,,,,8393,54397.8,15538.2,7416.6
,,,,,,,,8394,56287.2,16074,7675.1
,,,,,,,,8395,55826.6,15942.4,7614
,,,,,,,,8396,54289.7,15505.3,7402.5
,,,,,,,,8397,52221.7,14913.1,7120.5
,,,,,,,,8398,49288.9,14076.5,6716.3
,,,,,,,,8399,44993.1,12849.8,6133.5
,,,,,,,,8400,40650.3,11609,5541.3
,,,,,,,,8401,37459,10697.2,5104.2
,,,,,,,,8402,35607.2,10170.8,4855.1
,,,,,,,,8403,34921,9973.4,4761.1
,,,,,,,,8404,34836.4,9949.9,4747
,,,,,,,,8405,35992.6,10278.9,4906.8
,,,,,,,,8406,39376.6,11247.1,5367.4
,,,,,,,,8407,45533.6,13000.2,6208.7
,,,,,,,,8408,49791.8,14217.5,6786.8
,,,,,,,,8409,51079.6,14588.8,6965.4
,,,,,,,,8410,51582.5,14734.5,7031.2
,,,,,,,,8411,52094.8,14880.2,7101.7
,,,,,,,,8412,52174.7,14899,7115.8
,,,,,,,,8413,51850.4,14805,7068.8
,,,,,,,,8414,51643.6,14748.6,7040.6
,,,,,,,,8415,51281.7,14640.5,6993.6
,,,,,,,,8416,51967.9,14842.6,7087.6
,,,,,,,,8417,55859.5,15951.8,7618.7
,,,,,,,,8418,58082.6,16591,7919.5
,,,,,,,,8419,57509.2,16426.5,7839.6
,,,,,,,,8420,56066.3,16008.2,7642.2
,,,,,,,,8421,53852.6,15378.4,7341.4
,,,,,,,,8422,50102,14311.5,6833.8
,,,,,,,,8423,45030.7,12859.2,6138.2
,,,,,,,,8424,40189.7,11477.4,5480.2
,,,,,,,,8425,36876.2,10532.7,5029
,,,,,,,,8426,35245.3,10067.4,4803.4
,,,,,,,,8427,34342.9,9808.9,4681.2
,,,,,,,,8428,34169,9757.2,4657.7
,,,,,,,,8429,35047.9,10006.3,4775.2
,,,,,,,,8430,38337.9,10946.3,5226.4
,,,,,,,,8431,44471.4,12699.4,6063
,,,,,,,,8432,48405.3,13822.7,6598.8
,,,,,,,,8433,49039.8,14006,6688.1
,,,,,,,,8434,49265.4,14071.8,6716.3
,,,,,,,,8435,49561.5,14151.7,6758.6
,,,,,,,,8436,49472.2,14128.2,6744.5
,,,,,,,,8437,48945.8,13982.5,6674
,,,,,,,,8438,48720.2,13912,6645.8
,,,,,,,,8439,48348.9,13808.6,6594.1
,,,,,,,,8440,48945.8,13977.8,6669.3
,,,,,,,,8441,52734,15063.5,7191
,,,,,,,,8442,55530.5,15857.8,7571.7
,,,,,,,,8443,55173.3,15754.4,7520
,,,,,,,,8444,53904.3,15397.2,7350.8
,,,,,,,,8445,51873.9,14814.4,7068.8
,,,,,,,,8446,48447.6,13836.8,6603.5
,,,,,,,,8447,43658.3,12469.1,5954.9
,,,,,,,,8448,38948.9,11124.9,5311
,,,,,,,,8449,35583.7,10161.4,4850.4
,,,,,,,,8450,33905.8,9682,4624.8
,,,,,,,,8451,33210.2,9484.6,4526.1
,,,,,,,,8452,33200.8,9484.6,4526.1
,,,,,,,,8453,34333.5,9804.2,4681.2
,,,,,,,,8454,37788,10791.2,5151.2
,,,,,,,,8455,44161.2,12610.1,6020.7
,,,,,,,,8456,47883.6,13677,6528.3
,,,,,,,,8457,48419.4,13827.4,6598.8
,,,,,,,,8458,48504,13850.9,6612.9
,,,,,,,,8459,48522.8,13860.3,6617.6
,,,,,,,,8460,48283.1,13789.8,6580
,,,,,,,,8461,47841.3,13662.9,6523.6
,,,,,,,,8462,47897.7,13677,6528.3
,,,,,,,,8463,47850.7,13667.6,6523.6
,,,,,,,,8464,48508.7,13855.6,6612.9
,,,,,,,,8465,52691.7,15049.4,7186.3
,,,,,,,,8466,56047.5,16008.2,7637.5
,,,,,,,,8467,55864.2,15951.8,7618.7
,,,,,,,,8468,54717.4,15627.5,7458.9
,,,,,,,,8469,52926.7,15115.2,7214.5
,,,,,,,,8470,49688.4,14194,6772.7
,,,,,,,,8471,44903.8,12826.3,6119.4
,,,,,,,,8472,40081.6,11444.5,5461.4
,,,,,,,,8473,36890.3,10537.4,5029
,,,,,,,,8474,35137.2,10034.5,4789.3
,,,,,,,,8475,34394.6,9823,4690.6
,,,,,,,,8476,34399.3,9823,4690.6
,,,,,,,,8477,35555.5,10152,4845.7
,,,,,,,,8478,39179.2,11186,5339.2
,,,,,,,,8479,45651.1,13037.8,6222.8
,,,,,,,,8480,48988.1,13991.9,6678.7
,,,,,,,,8481,49462.8,14123.5,6739.8
,,,,,,,,8482,49288.9,14076.5,6716.3
,,,,,,,,8483,48997.5,13991.9,6678.7
,,,,,,,,8484,48485.2,13846.2,6612.9
,,,,,,,,8485,47766.1,13644.1,6514.2
,,,,,,,,8486,47672.1,13615.9,6500.1
,,,,,,,,8487,47836.6,13662.9,6523.6
,,,,,,,,8488,48903.5,13963.7,6664.6
,,,,,,,,8489,52978.4,15129.3,7223.9
,,,,,,,,8490,55878.3,15961.2,7618.7
,,,,,,,,8491,55549.3,15867.2,7571.7
,,,,,,,,8492,54491.8,15561.7,7426
,,,,,,,,8493,52950.2,15119.9,7219.2
,,,,,,,,8494,49777.7,14217.5,6786.8
,,,,,,,,8495,45007.2,12854.5,6138.2
,,,,,,,,8496,40349.5,11524.4,5503.7
,,,,,,,,8497,37054.8,10584.4,5052.5
,,,,,,,,8498,35188.9,10048.6,4794
,,,,,,,,8499,34286.5,9790.1,4671.8
,,,,,,,,8500,34272.4,9790.1,4671.8
,,,,,,,,8501,35123.1,10029.8,4789.3
,,,,,,,,8502,38239.2,10922.8,5212.3
,,,,,,,,8503,44043.7,12577.2,6001.9
,,,,,,,,8504,48269,13785.1,6580
,,,,,,,,8505,49679,14189.3,6772.7
,,,,,,,,8506,50374.6,14386.7,6866.7
,,,,,,,,8507,50637.8,14461.9,6904.3
,,,,,,,,8508,50440.4,14405.5,6876.1
,,,,,,,,8509,49519.2,14142.3,6749.2
,,,,,,,,8510,48809.5,13940.2,6655.2
,,,,,,,,8511,47846,13662.9,6523.6
,,,,,,,,8512,47596.9,13592.4,6490.7
,,,,,,,,8513,51042,14574.7,6956
,,,,,,,,8514,53556.5,15298.5,7303.8
,,,,,,,,8515,52715.2,15054.1,7191
,,,,,,,,8516,51244.1,14635.8,6984.2
,,,,,,,,8517,49491,14132.9,6744.5
,,,,,,,,8518,47018.8,13427.9,6410.8
,,,,,,,,8519,43395.1,12393.9,5917.3
,,,,,,,,8520,39216.8,11200.1,5343.9
,,,,,,,,8521,36138.3,10321.2,4925.6
,,,,,,,,8522,34300.6,9794.8,4671.8
,,,,,,,,8523,33280.7,9508.1,4535.5
,,,,,,,,8524,32998.7,9423.5,4497.9
,,,,,,,,8525,33318.3,9512.8,4540.2
,,,,,,,,8526,34483.9,9846.5,4700
,,,,,,,,8527,37050.1,10579.7,5052.5
,,,,,,,,8528,39973.5,11416.3,5452
,,,,,,,,8529,43301.1,12365.7,5903.2
,,,,,,,,8530,45486.6,12990.8,6199.3
,,,,,,,,8531,46201,13192.9,6298
,,,,,,,,8532,46365.5,13244.6,6321.5
,,,,,,,,8533,46050.6,13150.6,6279.2
,,,,,,,,8534,45693.4,13047.2,6227.5
,,,,,,,,8535,45632.3,13033.1,6218.1
,,,,,,,,8536,46412.5,13254,6326.2
,,,,,,,,8537,50482.7,14414.9,6880.8
,,,,,,,,8538,53711.6,15340.8,7322.6
,,,,,,,,8539,53551.8,15293.8,7303.8
,,,,,,,,8540,52423.8,14969.5,7148.7
,,,,,,,,8541,51065.5,14584.1,6960.7
,,,,,,,,8542,49082.1,14015.4,6692.8
,,,,,,,,8543,45829.7,13089.5,6246.3
,,,,,,,,8544,41971,11985,5719.9
,,,,,,,,8545,38789.1,11077.9,5287.5
,,,,,,,,8546,36763.4,10499.8,5010.2
,,,,,,,,8547,35687.1,10194.3,4864.5
,,,,,,,,8548,35188.9,10048.6,4794
,,,,,,,,8549,35273.5,10076.8,4808.1
,,,,,,,,8550,36232.3,10349.4,4939.7
,,,,,,,,8551,38182.8,10904,5202.9
,,,,,,,,8552,40288.4,11505.6,5489.6
,,,,,,,,8553,43037.9,12290.5,5865.6
,,,,,,,,8554,44833.3,12807.5,6114.7
,,,,,,,,8555,45444.3,12976.7,6194.6
,,,,,,,,8556,45839.1,13089.5,6246.3
,,,,,,,,8557,45984.8,13131.8,6265.1
,,,,,,,,8558,45674.6,13042.5,6227.5
,,,,,,,,8559,45317.4,12943.8,6175.8
,,,,,,,,8560,45604.1,13023.7,6213.4
,,,,,,,,8561,49707.2,14194,6777.4
,,,,,,,,8562,53175.8,15185.7,7252.1
,,,,,,,,8563,53138.2,15176.3,7242.7
,,,,,,,,8564,52165.3,14899,7111.1
,,,,,,,,8565,50877.5,14527.7,6937.2
,,,,,,,,8566,48466.4,13841.5,6608.2
,,,,,,,,8567,45021.3,12854.5,6138.2
,,,,,,,,8568,40951.1,11693.6,5578.9
,,,,,,,,8569,37694,10763,5137.1
,,,,,,,,8570,35809.3,10227.2,4883.3
,,,,,,,,8571,34841.1,9949.9,4747
,,,,,,,,8572,34662.5,9898.2,4723.5
,,,,,,,,8573,35428.6,10119.1,4831.6
,,,,,,,,8574,37501.3,10711.3,5113.6
,,,,,,,,8575,40734.9,11632.5,5550.7
,,,,,,,,8576,43601.9,12450.3,5945.5
,,,,,,,,8577,46139.9,13178.8,6288.6
,,,,,,,,8578,47554.6,13583,6481.3
,,,,,,,,8579,48034,13719.3,6547.1
,,,,,,,,8580,47803.7,13653.5,6518.9
,,,,,,,,8581,47032.9,13432.6,6410.8
,,,,,,,,8582,46412.5,13254,6330.9
,,,,,,,,8583,46295,13221.1,6312.1
,,,,,,,,8584,46755.6,13352.7,6373.2
,,,,,,,,8585,50398.1,14391.4,6871.4
,,,,,,,,8586,52386.2,14960.1,7139.3
,,,,,,,,8587,50327.6,14372.6,6857.3
,,,,,,,,8588,48273.7,13785.1,6580
,,,,,,,,8589,46953,13409.1,6401.4
,,,,,,,,8590,45707.5,13051.9,6232.2
,,,,,,,,8591,43653.6,12469.1,5954.9
,,,,,,,,8592,40744.3,11632.5,5550.7
,,,,,,,,8593,37736.3,10777.1,5146.5
,,,,,,,,8594,35574.3,10156.7,4850.4
,,,,,,,,8595,34333.5,9804.2,4681.2
,,,,,,,,8596,33985.7,9705.5,4629.5
,,,,,,,,8597,34225.4,9771.3,4667.1
,,,,,,,,8598,35325.2,10086.2,4817.5
,,,,,,,,8599,37402.6,10683.1,5099.5
,,,,,,,,8600,40081.6,11444.5,5461.4
,,,,,,,,8601,43131.9,12318.7,5879.7
,,,,,,,,8602,45298.6,12934.4,6175.8
,,,,,,,,8603,46149.3,13183.5,6288.6
,,,,,,,,8604,46501.8,13277.5,6340.3
,,,,,,,,8605,46121.1,13169.4,6288.6
,,,,,,,,8606,44960.2,12840.4,6128.8
,,,,,,,,8607,43611.3,12455,5945.5
,,,,,,,,8608,43178.9,12332.8,5884.4
,,,,,,,,8609,45641.7,13033.1,6222.8
,,,,,,,,8610,47700.3,13625.3,6500.1
,,,,,,,,8611,47658,13611.2,6500.1
,,,,,,,,8612,47432.4,13545.4,6467.2
,,,,,,,,8613,46976.5,13418.5,6406.1
,,,,,,,,8614,45510.1,12995.5,6204
,,,,,,,,8615,42671.3,12187.1,5813.9
,,,,,,,,8616,39470.6,11275.3,5381.5
,,,,,,,,8617,37106.5,10593.8,5057.2
,,,,,,,,8618,35818.7,10231.9,4883.3
,,,,,,,,8619,35245.3,10067.4,4803.4
,,,,,,,,8620,35419.2,10114.4,4826.9
,,,,,,,,8621,36439.1,10405.8,4967.9
,,,,,,,,8622,39071.1,11157.8,5325.1
,,,,,,,,8623,43352.8,12384.5,5907.9
,,,,,,,,8624,46642.8,13319.8,6359.1
,,,,,,,,8625,48847.1,13949.6,6659.9
,,,,,,,,8626,50233.6,14344.4,6847.9
,,,,,,,,8627,50943.3,14546.5,6946.6
,,,,,,,,8628,51178.3,14617,6974.8
,,,,,,,,8629,50966.8,14555.9,6951.3
,,,,,,,,8630,50844.6,14523,6927.8
,,,,,,,,8631,50703.6,14480.7,6913.7
,,,,,,,,8632,51465,14696.9,7017.1
,,,,,,,,8633,55210.9,15768.5,7524.7
,,,,,,,,8634,57462.2,16407.7,7834.9
,,,,,,,,8635,56865.3,16243.2,7755
,,,,,,,,8636,55347.2,15806.1,7543.5
,,,,,,,,8637,53302.7,15223.3,7266.2
,,,,,,,,8638,50050.3,14292.7,6824.4
,,,,,,,,8639,45848.5,13089.5,6251
,,,,,,,,8640,41609.1,11886.3,5672.9
,,,,,,,,8641,38535.3,11007.4,5254.6
,,,,,,,,8642,36843.3,10523.3,5024.3
,,,,,,,,8643,35964.4,10269.5,4902.1
,,,,,,,,8644,35419.2,10114.4,4826.9
,,,,,,,,8645,36316.9,10372.9,4953.8
,,,,,,,,8646,38681,11045,5273.4
,,,,,,,,8647,42323.5,12088.4,5766.9
,,,,,,,,8648,45763.9,13066,6241.6
,,,,,,,,8649,47972.9,13700.5,6542.4
,,,,,,,,8650,49984.5,14273.9,6815
,,,,,,,,8651,51262.9,14640.5,6988.9
,,,,,,,,8652,51826.9,14805,7068.8
,,,,,,,,8653,51634.2,14748.6,7040.6
,,,,,,,,8654,51309.9,14654.6,6998.3
,,,,,,,,8655,50821.1,14513.6,6927.8
,,,,,,,,8656,51178.3,14617,6974.8
,,,,,,,,8657,54346.1,15519.4,7407.2
,,,,,,,,8658,57029.8,16290.2,7778.5
,,,,,,,,8659,56287.2,16078.7,7675.1
,,,,,,,,8660,54628.1,15604,7449.5
,,,,,,,,8661,52475.5,14988.3,7153.4
,,,,,,,,8662,49260.7,14067.1,6711.6
,,,,,,,,8663,45054.2,12868.6,6142.9
,,,,,,,,8664,41049.8,11721.8,5597.7
,,,,,,,,8665,38196.9,10908.7,5207.6
,,,,,,,,8666,36707,10485.7,5005.5
,,,,,,,,8667,35983.2,10274.2,4906.8
,,,,,,,,8668,35908,10255.4,4892.7
,,,,,,,,8669,36796.3,10509.2,5014.9
,,,,,,,,8670,39362.5,11242.4,5362.7
,,,,,,,,8671,43465.6,12412.7,5926.7
,,,,,,,,8672,46544.1,13291.6,6345
,,,,,,,,8673,48630.9,13888.5,6631.7
,,,,,,,,8674,49815.3,14226.9,6791.5
,,,,,,,,8675,50196,14335,6843.2
,,,,,,,,8676,49881.1,14245.7,6800.9
,,,,,,,,8677,49157.3,14038.9,6702.2
,,,,,,,,8678,48546.3,13865,6617.6
,,,,,,,,8679,48029.3,13719.3,6547.1
,,,,,,,,8680,48165.6,13756.9,6565.9
,,,,,,,,8681,51822.2,14800.3,7068.8
,,,,,,,,8682,55445.9,15834.3,7557.6
,,,,,,,,8683,54896,15679.2,7482.4
,,,,,,,,8684,53401.4,15251.5,7280.3
,,,,,,,,8685,51648.3,14753.3,7040.6
,,,,,,,,8686,48969.3,13982.5,6674
,,,,,,,,8687,45420.8,12972,6194.6
,,,,,,,,8688,41566.8,11872.2,5668.2
,,,,,,,,8689,38732.7,11063.8,5278.1
,,,,,,,,8690,37036,10575,5052.5
,,,,,,,,8691,36204.1,10340,4935
,,,,,,,,8692,35790.5,10222.5,4878.6
,,,,,,,,8693,36002,10283.6,4911.5
,,,,,,,,8694,37209.9,10626.7,5076
,,,,,,,,8695,39362.5,11242.4,5362.7
,,,,,,,,8696,41759.5,11928.6,5696.4
,,,,,,,,8697,44701.7,12765.2,6095.9
,,,,,,,,8698,47023.5,13427.9,6410.8
,,,,,,,,8699,48203.2,13766.3,6570.6
,,,,,,,,8700,48405.3,13822.7,6598.8
,,,,,,,,8701,48419.4,13827.4,6598.8
,,,,,,,,8702,48301.9,13794.5,6584.7
,,,,,,,,8703,48358.3,13813.3,6594.1
,,,,,,,,8704,49303,14076.5,6721
,,,,,,,,8705,52907.9,15110.5,7214.5
,,,,,,,,8706,55319,15796.7,7543.5
,,,,,,,,8707,54849,15665.1,7477.7
,,,,,,,,8708,53161.7,15185.7,7247.4
,,,,,,,,8709,51098.4,14593.5,6965.4
,,,,,,,,8710,48424.1,13832.1,6598.8
,,,,,,,,8711,44922.6,12831,6124.1
,,,,,,,,8712,41298.9,11792.3,5630.6
,,,,,,,,8713,38441.3,10979.2,5240.5
,,,,,,,,8714,36603.6,10452.8,4991.4
,,,,,,,,8715,35729.4,10203.7,4869.2
,,,,,,,,8716,35344,10095.6,4817.5
,,,,,,,,8717,35569.6,10156.7,4845.7
,,,,,,,,8718,36580.1,10448.1,4986.7
,,,,,,,,8719,38281.5,10932.2,5217
,,,,,,,,8720,40020.5,11430.4,5456.7
,,,,,,,,8721,42647.8,12177.7,5813.9
,,,,,,,,8722,44908.5,12826.3,6119.4
,,,,,,,,8723,46421.9,13254,6330.9
,,,,,,,,8724,47385.4,13536,6457.8
,,,,,,,,8725,47756.7,13639.4,6509.5
,,,,,,,,8726,47399.5,13536,6462.5
,,,,,,,,8727,47009.4,13423.2,6406.1
,,,,,,,,8728,47404.2,13536,6462.5
,,,,,,,,8729,51681.2,14758,7045.3
,,,,,,,,8730,55539.9,15862.5,7571.7
,,,,,,,,8731,55351.9,15806.1,7543.5
,,,,,,,,8732,53984.2,15420.7,7360.2
,,,,,,,,8733,52461.4,14983.6,7153.4
,,,,,,,,8734,49834.1,14231.6,6791.5
,,,,,,,,8735,46365.5,13244.6,6321.5
,,,,,,,,8736,42723,12201.2,5823.3
,,,,,,,,8737,40025.2,11430.4,5456.7
,,,,,,,,8738,38511.8,10998,5249.9
,,,,,,,,8739,37731.6,10777.1,5146.5
,,,,,,,,8740,37609.4,10739.5,5123
,,,,,,,,8741,38295.6,10936.9,5217
,,,,,,,,8742,40368.3,11529.1,5503.7
,,,,,,,,8743,43827.5,12516.1,5978.4
,,,,,,,,8744,46548.8,13296.3,6345
,,,,,,,,8745,48880,13959,6664.6
,,,,,,,,8746,50623.7,14457.2,6904.3
,,,,,,,,8747,51408.6,14682.8,7007.7
,,,,,,,,8748,51262.9,14640.5,6988.9
,,,,,,,,8749,50431,14400.8,6876.1
,,,,,,,,8750,49585,14161.1,6763.3
,,,,,,,,8751,49058.6,14010.7,6688.1
,,,,,,,,8752,49204.3,14053,6706.9
,,,,,,,,8753,52771.6,15068.2,7195.7
,,,,,,,,8754,55967.6,15984.7,7632.8
,,,,,,,,8755,54341.4,15519.4,7407.2
,,,,,,,,8756,46638.1,17845.9,6293.3
,,,,,,,,8757,44466.7,17018.7,6001.9
,,,,,,,,8758,42384.6,16224.4,5719.9
,,,,,,,,8759,40189.7,15420.7,5423.8
,,,,,,,,8760,38018.3,14598.2,5132.4